M,N,K
55,2048,3072
74,2048,3072
79,2048,3072
83,2048,3072
87,2048,3072
90,2048,3072
91,2048,3072
92,2048,3072
93,2048,3072
100,2048,3072
102,2048,3072
114,2048,3072
122,2048,3072
124,2048,3072
135,2048,3072
137,2048,3072
145,2048,3072
158,2048,3072
171,2048,3072
179,2048,3072
185,2048,3072
187,2048,3072
202,2048,3072
210,2048,3072
214,2048,3072
228,2048,3072
231,2048,3072
233,2048,3072
234,2048,3072
243,2048,3072
244,2048,3072
267,2048,3072
273,2048,3072
289,2048,3072
290,2048,3072
302,2048,3072
306,2048,3072
333,2048,3072
354,2048,3072
359,2048,3072
372,2048,3072
387,2048,3072
443,2048,3072
470,2048,3072
517,2048,3072
608,2048,3072
663,2048,3072
668,2048,3072
730,2048,3072
769,2048,3072
810,2048,3072
843,2048,3072
918,2048,3072
969,2048,3072
997,2048,3072
1091,2048,3072
1108,2048,3072
1132,2048,3072
1171,2048,3072
1172,2048,3072
1210,2048,3072
1227,2048,3072
1247,2048,3072
1307,2048,3072
1310,2048,3072
1374,2048,3072
1383,2048,3072
1399,2048,3072
1418,2048,3072
1443,2048,3072
1446,2048,3072
1464,2048,3072
1478,2048,3072
1505,2048,3072
1542,2048,3072
1546,2048,3072
1554,2048,3072
1585,2048,3072
1604,2048,3072
1625,2048,3072
1627,2048,3072
1628,2048,3072
1638,2048,3072
1641,2048,3072
1679,2048,3072
1681,2048,3072
1688,2048,3072
1690,2048,3072
1691,2048,3072
1709,2048,3072
1710,2048,3072
1725,2048,3072
1732,2048,3072
1765,2048,3072
1766,2048,3072
1799,2048,3072
1807,2048,3072
1840,2048,3072
1862,2048,3072
1868,2048,3072
1887,2048,3072
1900,2048,3072
1918,2048,3072
1927,2048,3072
1936,2048,3072
1957,2048,3072
1958,2048,3072
1991,2048,3072
1995,2048,3072
2009,2048,3072
2011,2048,3072
2014,2048,3072
2034,2048,3072
2052,2048,3072
2085,2048,3072
2103,2048,3072
2120,2048,3072
2126,2048,3072
2161,2048,3072
2226,2048,3072
2241,2048,3072
2270,2048,3072
2277,2048,3072
2308,2048,3072
2318,2048,3072
2328,2048,3072
2340,2048,3072
2357,2048,3072
2361,2048,3072
2364,2048,3072
2375,2048,3072
2385,2048,3072
2388,2048,3072
2418,2048,3072
2421,2048,3072
2428,2048,3072
2446,2048,3072
2460,2048,3072
2466,2048,3072
2474,2048,3072
2490,2048,3072
2491,2048,3072
2492,2048,3072
2525,2048,3072
2526,2048,3072
2532,2048,3072
2535,2048,3072
2551,2048,3072
2553,2048,3072
2570,2048,3072
2598,2048,3072
2623,2048,3072
2629,2048,3072
2638,2048,3072
2640,2048,3072
2658,2048,3072
2727,2048,3072
2732,2048,3072
2746,2048,3072
2764,2048,3072
2789,2048,3072
2826,2048,3072
2834,2048,3072
2842,2048,3072
2856,2048,3072
2870,2048,3072
2886,2048,3072
2887,2048,3072
2889,2048,3072
2900,2048,3072
2918,2048,3072
2949,2048,3072
2953,2048,3072
2963,2048,3072
2965,2048,3072
2969,2048,3072
2974,2048,3072
2985,2048,3072
2988,2048,3072
3009,2048,3072
3021,2048,3072
3038,2048,3072
3057,2048,3072
3069,2048,3072
3080,2048,3072
3082,2048,3072
3109,2048,3072
3116,2048,3072
3135,2048,3072
3137,2048,3072
3140,2048,3072
3150,2048,3072
3164,2048,3072
3177,2048,3072
3182,2048,3072
3186,2048,3072
3209,2048,3072
3232,2048,3072
3233,2048,3072
3236,2048,3072
3239,2048,3072
3242,2048,3072
3257,2048,3072
3279,2048,3072
3284,2048,3072
3299,2048,3072
3320,2048,3072
3329,2048,3072
3341,2048,3072
3381,2048,3072
3447,2048,3072
3455,2048,3072
3464,2048,3072
3485,2048,3072
3490,2048,3072
3499,2048,3072
3511,2048,3072
3534,2048,3072
3542,2048,3072
3545,2048,3072
3566,2048,3072
3570,2048,3072
3606,2048,3072
3630,2048,3072
3637,2048,3072
3638,2048,3072
3642,2048,3072
3682,2048,3072
3683,2048,3072
3726,2048,3072
3730,2048,3072
3742,2048,3072
3763,2048,3072
3799,2048,3072
3803,2048,3072
3807,2048,3072
3825,2048,3072
3831,2048,3072
3846,2048,3072
3861,2048,3072
3886,2048,3072
3903,2048,3072
3907,2048,3072
3909,2048,3072
3910,2048,3072
3912,2048,3072
3917,2048,3072
3927,2048,3072
3931,2048,3072
3933,2048,3072
3970,2048,3072
3971,2048,3072
3981,2048,3072
3990,2048,3072
3995,2048,3072
4021,2048,3072
4022,2048,3072
4045,2048,3072
4054,2048,3072
4059,2048,3072
4095,2048,3072
4131,2048,3072
4138,2048,3072
4154,2048,3072
4181,2048,3072
4198,2048,3072
4208,2048,3072
4211,2048,3072
4220,2048,3072
4233,2048,3072
4235,2048,3072
4237,2048,3072
4243,2048,3072
4246,2048,3072
4254,2048,3072
4261,2048,3072
4272,2048,3072
4274,2048,3072
4282,2048,3072
4292,2048,3072
4343,2048,3072
4345,2048,3072
4375,2048,3072
4406,2048,3072
4407,2048,3072
4420,2048,3072
4422,2048,3072
4449,2048,3072
4479,2048,3072
4518,2048,3072
4529,2048,3072
4535,2048,3072
4539,2048,3072
4544,2048,3072
4602,2048,3072
4604,2048,3072
4632,2048,3072
4641,2048,3072
4646,2048,3072
4667,2048,3072
4685,2048,3072
4713,2048,3072
4728,2048,3072
4731,2048,3072
4743,2048,3072
4772,2048,3072
4779,2048,3072
4786,2048,3072
4793,2048,3072
4806,2048,3072
4811,2048,3072
4817,2048,3072
4819,2048,3072
4820,2048,3072
4859,2048,3072
4865,2048,3072
4867,2048,3072
4875,2048,3072
4928,2048,3072
4937,2048,3072
4949,2048,3072
5055,2048,3072
5068,2048,3072
5077,2048,3072
5113,2048,3072
5144,2048,3072
5165,2048,3072
5187,2048,3072
5190,2048,3072
5198,2048,3072
5245,2048,3072
5319,2048,3072
5321,2048,3072
5329,2048,3072
5366,2048,3072
5373,2048,3072
5377,2048,3072
5387,2048,3072
5398,2048,3072
5399,2048,3072
5408,2048,3072
5440,2048,3072
5448,2048,3072
5490,2048,3072
5557,2048,3072
5558,2048,3072
5736,2048,3072
5789,2048,3072
5855,2048,3072
5878,2048,3072
5880,2048,3072
5908,2048,3072
5911,2048,3072
5925,2048,3072
5942,2048,3072
5949,2048,3072
5972,2048,3072
6005,2048,3072
6048,2048,3072
6077,2048,3072
6137,2048,3072
6148,2048,3072
6150,2048,3072
6198,2048,3072
6202,2048,3072
6238,2048,3072
6241,2048,3072
6308,2048,3072
6327,2048,3072
6337,2048,3072
6344,2048,3072
6357,2048,3072
6372,2048,3072
6380,2048,3072
6453,2048,3072
6478,2048,3072
6507,2048,3072
6588,2048,3072
6590,2048,3072
6598,2048,3072
6613,2048,3072
6638,2048,3072
6648,2048,3072
6664,2048,3072
6702,2048,3072
6795,2048,3072
6862,2048,3072
6873,2048,3072
6976,2048,3072
6986,2048,3072
7056,2048,3072
7060,2048,3072
7062,2048,3072
7116,2048,3072
7131,2048,3072
7150,2048,3072
7156,2048,3072
7170,2048,3072
7216,2048,3072
7226,2048,3072
7282,2048,3072
7298,2048,3072
7380,2048,3072
7413,2048,3072
7426,2048,3072
7443,2048,3072
7538,2048,3072
7555,2048,3072
7627,2048,3072
7639,2048,3072
7703,2048,3072
7748,2048,3072
7758,2048,3072
7770,2048,3072
7783,2048,3072
7799,2048,3072
7851,2048,3072
7871,2048,3072
7954,2048,3072
7987,2048,3072
7991,2048,3072
7999,2048,3072
8001,2048,3072
8018,2048,3072
8065,2048,3072
8085,2048,3072
8112,2048,3072
8171,2048,3072
8174,2048,3072
8216,2048,3072
8226,2048,3072
8427,2048,3072
8450,2048,3072
8495,2048,3072
8498,2048,3072
8503,2048,3072
8560,2048,3072
8601,2048,3072
8630,2048,3072
8656,2048,3072
8665,2048,3072
8685,2048,3072
8710,2048,3072
8731,2048,3072
8747,2048,3072
8838,2048,3072
8848,2048,3072
8860,2048,3072
8890,2048,3072
8896,2048,3072
8913,2048,3072
8951,2048,3072
8978,2048,3072
9007,2048,3072
9011,2048,3072
9033,2048,3072
9037,2048,3072
9114,2048,3072
9169,2048,3072
9188,2048,3072
9192,2048,3072
9199,2048,3072
9218,2048,3072
9242,2048,3072
9265,2048,3072
9281,2048,3072
9315,2048,3072
9359,2048,3072
9382,2048,3072
9391,2048,3072
9399,2048,3072
9409,2048,3072
9412,2048,3072
9425,2048,3072
9444,2048,3072
9468,2048,3072
9505,2048,3072
9508,2048,3072
9528,2048,3072
9559,2048,3072
9566,2048,3072
9570,2048,3072
9575,2048,3072
9595,2048,3072
9604,2048,3072
9624,2048,3072
9656,2048,3072
9662,2048,3072
9668,2048,3072
9676,2048,3072
9678,2048,3072
9687,2048,3072
9694,2048,3072
9702,2048,3072
9703,2048,3072
9725,2048,3072
9731,2048,3072
9733,2048,3072
9743,2048,3072
9744,2048,3072
9751,2048,3072
9752,2048,3072
9754,2048,3072
9757,2048,3072
9762,2048,3072
9781,2048,3072
9782,2048,3072
9791,2048,3072
9800,2048,3072
9808,2048,3072
9839,2048,3072
9844,2048,3072
9853,2048,3072
9855,2048,3072
9857,2048,3072
9868,2048,3072
9872,2048,3072
9878,2048,3072
9891,2048,3072
9899,2048,3072
9911,2048,3072
9913,2048,3072
9925,2048,3072
9938,2048,3072
9941,2048,3072
9949,2048,3072
9962,2048,3072
9969,2048,3072
10010,2048,3072
10015,2048,3072
10026,2048,3072
10049,2048,3072
10056,2048,3072
10073,2048,3072
10083,2048,3072
10087,2048,3072
10090,2048,3072
10097,2048,3072
10100,2048,3072
10106,2048,3072
10107,2048,3072
10120,2048,3072
10141,2048,3072
10151,2048,3072
10153,2048,3072
10158,2048,3072
10163,2048,3072
10164,2048,3072
10171,2048,3072
10179,2048,3072
10187,2048,3072
10194,2048,3072
10196,2048,3072
10215,2048,3072
10220,2048,3072
10222,2048,3072
10230,2048,3072
10231,2048,3072
10247,2048,3072
10272,2048,3072
10282,2048,3072
10297,2048,3072
10299,2048,3072
10316,2048,3072
10325,2048,3072
10333,2048,3072
10342,2048,3072
10346,2048,3072
10348,2048,3072
10369,2048,3072
10377,2048,3072
10388,2048,3072
10395,2048,3072
10397,2048,3072
10418,2048,3072
10424,2048,3072
10431,2048,3072
10451,2048,3072
10454,2048,3072
10485,2048,3072
10489,2048,3072
10490,2048,3072
10508,2048,3072
10563,2048,3072
10565,2048,3072
10587,2048,3072
10594,2048,3072
10606,2048,3072
10611,2048,3072
10614,2048,3072
10622,2048,3072
10633,2048,3072
10666,2048,3072
10674,2048,3072
10677,2048,3072
10710,2048,3072
10712,2048,3072
10726,2048,3072
10730,2048,3072
10746,2048,3072
10780,2048,3072
10787,2048,3072
10817,2048,3072
10823,2048,3072
10824,2048,3072
10861,2048,3072
10884,2048,3072
10887,2048,3072
10889,2048,3072
10923,2048,3072
10934,2048,3072
10942,2048,3072
10943,2048,3072
10953,2048,3072
10964,2048,3072
10980,2048,3072
11004,2048,3072
11006,2048,3072
11094,2048,3072
11097,2048,3072
11100,2048,3072
11107,2048,3072
11116,2048,3072
11117,2048,3072
11119,2048,3072
11129,2048,3072
11131,2048,3072
11132,2048,3072
11138,2048,3072
11161,2048,3072
11206,2048,3072
11213,2048,3072
11215,2048,3072
11216,2048,3072
11217,2048,3072
11258,2048,3072
11272,2048,3072
11273,2048,3072
11279,2048,3072
11292,2048,3072
11309,2048,3072
11311,2048,3072
11320,2048,3072
11342,2048,3072
11345,2048,3072
11349,2048,3072
11354,2048,3072
11355,2048,3072
11362,2048,3072
11370,2048,3072
11373,2048,3072
11376,2048,3072
11419,2048,3072
11452,2048,3072
11460,2048,3072
11473,2048,3072
11497,2048,3072
11519,2048,3072
11530,2048,3072
11540,2048,3072
11549,2048,3072
11555,2048,3072
11582,2048,3072
11608,2048,3072
11625,2048,3072
11636,2048,3072
11638,2048,3072
11647,2048,3072
11653,2048,3072
11655,2048,3072
11665,2048,3072
11701,2048,3072
11702,2048,3072
11722,2048,3072
11727,2048,3072
11756,2048,3072
11761,2048,3072
11809,2048,3072
11822,2048,3072
11825,2048,3072
11830,2048,3072
11860,2048,3072
11862,2048,3072
11872,2048,3072
11875,2048,3072
11886,2048,3072
11901,2048,3072
11913,2048,3072
11916,2048,3072
11919,2048,3072
11944,2048,3072
11945,2048,3072
11947,2048,3072
11964,2048,3072
11973,2048,3072
11991,2048,3072
11996,2048,3072
12009,2048,3072
12059,2048,3072
12080,2048,3072
12087,2048,3072
12104,2048,3072
12132,2048,3072
12162,2048,3072
12192,2048,3072
12259,2048,3072
12266,2048,3072
12270,2048,3072
12290,2048,3072
12307,2048,3072
12331,2048,3072
12365,2048,3072
12386,2048,3072
12430,2048,3072
12434,2048,3072
12447,2048,3072
12451,2048,3072
12470,2048,3072
12479,2048,3072
12514,2048,3072
12536,2048,3072
12583,2048,3072
12615,2048,3072
12729,2048,3072
12744,2048,3072
12778,2048,3072
12804,2048,3072
12816,2048,3072
12845,2048,3072
13032,2048,3072
13072,2048,3072
13098,2048,3072
13121,2048,3072
13136,2048,3072
13137,2048,3072
13141,2048,3072
13253,2048,3072
13303,2048,3072
13306,2048,3072
13341,2048,3072
13355,2048,3072
13407,2048,3072
13431,2048,3072
13452,2048,3072
13462,2048,3072
13529,2048,3072
13551,2048,3072
13579,2048,3072
13632,2048,3072
13634,2048,3072
13682,2048,3072
13715,2048,3072
13717,2048,3072
13745,2048,3072
13750,2048,3072
13844,2048,3072
13850,2048,3072
13886,2048,3072
13942,2048,3072
13954,2048,3072
14017,2048,3072
14033,2048,3072
14048,2048,3072
14054,2048,3072
14214,2048,3072
14218,2048,3072
14219,2048,3072
14224,2048,3072
14234,2048,3072
14295,2048,3072
14341,2048,3072
14352,2048,3072
14442,2048,3072
14447,2048,3072
14489,2048,3072
14494,2048,3072
14512,2048,3072
14518,2048,3072
14526,2048,3072
14558,2048,3072
14560,2048,3072
14600,2048,3072
14704,2048,3072
14714,2048,3072
14736,2048,3072
14748,2048,3072
14813,2048,3072
14857,2048,3072
14869,2048,3072
14937,2048,3072
15089,2048,3072
15160,2048,3072
15192,2048,3072
15258,2048,3072
15262,2048,3072
15320,2048,3072
15347,2048,3072
15388,2048,3072
15403,2048,3072
15435,2048,3072
15446,2048,3072
15479,2048,3072
15504,2048,3072
15557,2048,3072
15694,2048,3072
15812,2048,3072
15841,2048,3072
15882,2048,3072
15918,2048,3072
15925,2048,3072
15940,2048,3072
15949,2048,3072
15958,2048,3072
15966,2048,3072
15970,2048,3072
15991,2048,3072
15992,2048,3072
16004,2048,3072
16054,2048,3072
16076,2048,3072
16111,2048,3072
16115,2048,3072
16155,2048,3072
16183,2048,3072
16212,2048,3072
16224,2048,3072
16232,2048,3072
16247,2048,3072
16323,2048,3072
16327,2048,3072
16360,2048,3072
16373,2048,3072
16397,2048,3072
16450,2048,3072
16458,2048,3072
16460,2048,3072
16488,2048,3072
16529,2048,3072
16638,2048,3072
16702,2048,3072
16741,2048,3072
16748,2048,3072
16765,2048,3072
16772,2048,3072
16777,2048,3072
16779,2048,3072
16799,2048,3072
16811,2048,3072
16834,2048,3072
16884,2048,3072
16963,2048,3072
16970,2048,3072
17002,2048,3072
17023,2048,3072
17036,2048,3072
17037,2048,3072
17079,2048,3072
17101,2048,3072
17112,2048,3072
17162,2048,3072
17168,2048,3072
17176,2048,3072
17217,2048,3072
17218,2048,3072
17224,2048,3072
17238,2048,3072
17247,2048,3072
17250,2048,3072
17302,2048,3072
17353,2048,3072
17366,2048,3072
17375,2048,3072
17422,2048,3072
17447,2048,3072
17511,2048,3072
17538,2048,3072
17541,2048,3072
17627,2048,3072
17663,2048,3072
17683,2048,3072
17702,2048,3072
17722,2048,3072
17723,2048,3072
17752,2048,3072
17764,2048,3072
17772,2048,3072
17819,2048,3072
17844,2048,3072
17883,2048,3072
17925,2048,3072
17926,2048,3072
17966,2048,3072
17973,2048,3072
17992,2048,3072
18031,2048,3072
18059,2048,3072
18080,2048,3072
18104,2048,3072
18137,2048,3072
18160,2048,3072
18232,2048,3072
18256,2048,3072
18264,2048,3072
18283,2048,3072
18323,2048,3072
18332,2048,3072
18380,2048,3072
18409,2048,3072
18411,2048,3072
18427,2048,3072
18438,2048,3072
18454,2048,3072
18468,2048,3072
18479,2048,3072
18491,2048,3072
18539,2048,3072
18553,2048,3072
18605,2048,3072
18608,2048,3072
18642,2048,3072
18685,2048,3072
18692,2048,3072
18722,2048,3072
18736,2048,3072
18759,2048,3072
18797,2048,3072
18804,2048,3072
18819,2048,3072
18846,2048,3072
18855,2048,3072
18932,2048,3072
18957,2048,3072
18967,2048,3072
19004,2048,3072
19086,2048,3072
19134,2048,3072
19145,2048,3072
19146,2048,3072
19175,2048,3072
19208,2048,3072
19229,2048,3072
19270,2048,3072
19281,2048,3072
19333,2048,3072
19354,2048,3072
19395,2048,3072
19437,2048,3072
19460,2048,3072
19573,2048,3072
19577,2048,3072
19583,2048,3072
19611,2048,3072
19631,2048,3072
19648,2048,3072
19649,2048,3072
19669,2048,3072
19707,2048,3072
19718,2048,3072
19778,2048,3072
19839,2048,3072
19878,2048,3072
19925,2048,3072
19959,2048,3072
19996,2048,3072
20051,2048,3072
20077,2048,3072
20082,2048,3072
20091,2048,3072
20122,2048,3072
20126,2048,3072
20146,2048,3072
20148,2048,3072
20204,2048,3072
20227,2048,3072
20234,2048,3072
20243,2048,3072
20298,2048,3072
20300,2048,3072
20311,2048,3072
20354,2048,3072
20491,2048,3072
20515,2048,3072
20536,2048,3072
20559,2048,3072
20563,2048,3072
20574,2048,3072
20585,2048,3072
20620,2048,3072
20647,2048,3072
20678,2048,3072
20688,2048,3072
20701,2048,3072
20727,2048,3072
20746,2048,3072
20748,2048,3072
20776,2048,3072
20794,2048,3072
20805,2048,3072
20806,2048,3072
20884,2048,3072
20901,2048,3072
20914,2048,3072
21021,2048,3072
21111,2048,3072
21117,2048,3072
21173,2048,3072
21188,2048,3072
21189,2048,3072
21210,2048,3072
21219,2048,3072
21220,2048,3072
21338,2048,3072
21353,2048,3072
21400,2048,3072
21415,2048,3072
21484,2048,3072
21488,2048,3072
21528,2048,3072
21532,2048,3072
21563,2048,3072
21583,2048,3072
21622,2048,3072
21679,2048,3072
21723,2048,3072
21745,2048,3072
21754,2048,3072
21807,2048,3072
21822,2048,3072
21825,2048,3072
21911,2048,3072
21916,2048,3072
21923,2048,3072
21924,2048,3072
21973,2048,3072
21984,2048,3072
21994,2048,3072
22037,2048,3072
22050,2048,3072
22084,2048,3072
22085,2048,3072
22096,2048,3072
22167,2048,3072
22209,2048,3072
22315,2048,3072
22318,2048,3072
22319,2048,3072
22435,2048,3072
22543,2048,3072
22573,2048,3072
22579,2048,3072
22601,2048,3072
22607,2048,3072
22627,2048,3072
22648,2048,3072
22655,2048,3072
22674,2048,3072
22702,2048,3072
22742,2048,3072
22761,2048,3072
22773,2048,3072
22805,2048,3072
22819,2048,3072
23013,2048,3072
23031,2048,3072
23042,2048,3072
23065,2048,3072
23097,2048,3072
23143,2048,3072
23210,2048,3072
23236,2048,3072
23358,2048,3072
23364,2048,3072
23396,2048,3072
23422,2048,3072
23433,2048,3072
23468,2048,3072
23479,2048,3072
23533,2048,3072
23547,2048,3072
23696,2048,3072
23732,2048,3072
23738,2048,3072
23801,2048,3072
23810,2048,3072
23834,2048,3072
23865,2048,3072
23868,2048,3072
23902,2048,3072
23908,2048,3072
24045,2048,3072
24082,2048,3072
24344,2048,3072
24352,2048,3072
24404,2048,3072
24437,2048,3072
24484,2048,3072
24603,2048,3072
24604,2048,3072
24638,2048,3072
24663,2048,3072
24736,2048,3072
24914,2048,3072
24950,2048,3072
25001,2048,3072
25002,2048,3072
25080,2048,3072
25113,2048,3072
25120,2048,3072
25295,2048,3072
25552,2048,3072
25553,2048,3072
25683,2048,3072
25782,2048,3072
25824,2048,3072
25847,2048,3072
25868,2048,3072
25898,2048,3072
25899,2048,3072
25927,2048,3072
25941,2048,3072
25956,2048,3072
25963,2048,3072
25975,2048,3072
25979,2048,3072
26105,2048,3072
26121,2048,3072
26130,2048,3072
26152,2048,3072
26187,2048,3072
26219,2048,3072
26237,2048,3072
26288,2048,3072
26301,2048,3072
26317,2048,3072
26333,2048,3072
26383,2048,3072
26412,2048,3072
26482,2048,3072
26503,2048,3072
26596,2048,3072
26638,2048,3072
26653,2048,3072
26672,2048,3072
26700,2048,3072
26716,2048,3072
26732,2048,3072
26736,2048,3072
26745,2048,3072
26833,2048,3072
26917,2048,3072
26945,2048,3072
27069,2048,3072
27122,2048,3072
27148,2048,3072
27156,2048,3072
27175,2048,3072
27185,2048,3072
27189,2048,3072
27233,2048,3072
27243,2048,3072
27329,2048,3072
27368,2048,3072
27369,2048,3072
27401,2048,3072
27446,2048,3072
27449,2048,3072
27495,2048,3072
27553,2048,3072
27665,2048,3072
27690,2048,3072
27691,2048,3072
27722,2048,3072
27728,2048,3072
27766,2048,3072
27817,2048,3072
27925,2048,3072
27984,2048,3072
27985,2048,3072
28079,2048,3072
28111,2048,3072
28140,2048,3072
28163,2048,3072
28241,2048,3072
28252,2048,3072
28272,2048,3072
28298,2048,3072
28347,2048,3072
28447,2048,3072
28468,2048,3072
28553,2048,3072
28638,2048,3072
28654,2048,3072
28694,2048,3072
28695,2048,3072
28766,2048,3072
28815,2048,3072
28893,2048,3072
28965,2048,3072
28976,2048,3072
28985,2048,3072
29196,2048,3072
29341,2048,3072
29355,2048,3072
29406,2048,3072
29428,2048,3072
29455,2048,3072
29459,2048,3072
29460,2048,3072
29462,2048,3072
29464,2048,3072
29505,2048,3072
29509,2048,3072
29551,2048,3072
29563,2048,3072
29578,2048,3072
29602,2048,3072
29879,2048,3072
29905,2048,3072
29960,2048,3072
30033,2048,3072
30102,2048,3072
30131,2048,3072
30146,2048,3072
30189,2048,3072
30204,2048,3072
30214,2048,3072
30220,2048,3072
30391,2048,3072
30483,2048,3072
30509,2048,3072
30520,2048,3072
30576,2048,3072
30594,2048,3072
30628,2048,3072
30666,2048,3072
30721,2048,3072
30800,2048,3072
30889,2048,3072
30944,2048,3072
31018,2048,3072
31019,2048,3072
31061,2048,3072
31071,2048,3072
31195,2048,3072
31204,2048,3072
31249,2048,3072
31279,2048,3072
31351,2048,3072
31413,2048,3072
31489,2048,3072
31508,2048,3072
31523,2048,3072
31556,2048,3072
31585,2048,3072
31593,2048,3072
31721,2048,3072
31764,2048,3072
31776,2048,3072
31816,2048,3072
31831,2048,3072
31842,2048,3072
31970,2048,3072
32135,2048,3072
32292,2048,3072
32733,2048,3072
32878,2048,3072
32957,2048,3072
32979,2048,3072
17,3072,3072
26,3072,3072
44,3072,3072
69,3072,3072
97,3072,3072
99,3072,3072
109,3072,3072
111,3072,3072
121,3072,3072
125,3072,3072
126,3072,3072
129,3072,3072
147,3072,3072
151,3072,3072
158,3072,3072
167,3072,3072
171,3072,3072
174,3072,3072
179,3072,3072
182,3072,3072
190,3072,3072
203,3072,3072
205,3072,3072
206,3072,3072
222,3072,3072
231,3072,3072
234,3072,3072
241,3072,3072
243,3072,3072
258,3072,3072
259,3072,3072
267,3072,3072
280,3072,3072
302,3072,3072
312,3072,3072
313,3072,3072
321,3072,3072
325,3072,3072
340,3072,3072
357,3072,3072
360,3072,3072
373,3072,3072
391,3072,3072
417,3072,3072
439,3072,3072
452,3072,3072
453,3072,3072
600,3072,3072
743,3072,3072
757,3072,3072
789,3072,3072
817,3072,3072
858,3072,3072
914,3072,3072
933,3072,3072
978,3072,3072
993,3072,3072
1047,3072,3072
1118,3072,3072
1130,3072,3072
1158,3072,3072
1199,3072,3072
1229,3072,3072
1264,3072,3072
1271,3072,3072
1279,3072,3072
1324,3072,3072
1330,3072,3072
1390,3072,3072
1393,3072,3072
1399,3072,3072
1420,3072,3072
1421,3072,3072
1427,3072,3072
1435,3072,3072
1438,3072,3072
1443,3072,3072
1447,3072,3072
1453,3072,3072
1460,3072,3072
1470,3072,3072
1503,3072,3072
1505,3072,3072
1509,3072,3072
1529,3072,3072
1532,3072,3072
1539,3072,3072
1543,3072,3072
1544,3072,3072
1547,3072,3072
1570,3072,3072
1593,3072,3072
1597,3072,3072
1624,3072,3072
1639,3072,3072
1656,3072,3072
1675,3072,3072
1694,3072,3072
1731,3072,3072
1732,3072,3072
1736,3072,3072
1743,3072,3072
1758,3072,3072
1761,3072,3072
1771,3072,3072
1778,3072,3072
1804,3072,3072
1824,3072,3072
1829,3072,3072
1857,3072,3072
1867,3072,3072
1874,3072,3072
1878,3072,3072
1898,3072,3072
1912,3072,3072
1916,3072,3072
1929,3072,3072
1932,3072,3072
1937,3072,3072
1948,3072,3072
1969,3072,3072
1983,3072,3072
2007,3072,3072
2019,3072,3072
2031,3072,3072
2037,3072,3072
2040,3072,3072
2042,3072,3072
2051,3072,3072
2065,3072,3072
2069,3072,3072
2071,3072,3072
2097,3072,3072
2101,3072,3072
2126,3072,3072
2130,3072,3072
2136,3072,3072
2145,3072,3072
2152,3072,3072
2188,3072,3072
2204,3072,3072
2215,3072,3072
2242,3072,3072
2244,3072,3072
2249,3072,3072
2269,3072,3072
2301,3072,3072
2308,3072,3072
2311,3072,3072
2312,3072,3072
2329,3072,3072
2331,3072,3072
2335,3072,3072
2339,3072,3072
2352,3072,3072
2412,3072,3072
2443,3072,3072
2452,3072,3072
2461,3072,3072
2471,3072,3072
2475,3072,3072
2491,3072,3072
2503,3072,3072
2527,3072,3072
2533,3072,3072
2554,3072,3072
2571,3072,3072
2573,3072,3072
2595,3072,3072
2600,3072,3072
2624,3072,3072
2634,3072,3072
2640,3072,3072
2649,3072,3072
2650,3072,3072
2654,3072,3072
2674,3072,3072
2678,3072,3072
2690,3072,3072
2694,3072,3072
2705,3072,3072
2708,3072,3072
2713,3072,3072
2746,3072,3072
2747,3072,3072
2764,3072,3072
2767,3072,3072
2769,3072,3072
2814,3072,3072
2824,3072,3072
2831,3072,3072
2832,3072,3072
2833,3072,3072
2834,3072,3072
2868,3072,3072
2882,3072,3072
2885,3072,3072
2887,3072,3072
2889,3072,3072
2899,3072,3072
2905,3072,3072
2942,3072,3072
2948,3072,3072
2957,3072,3072
2968,3072,3072
2980,3072,3072
2988,3072,3072
2992,3072,3072
3004,3072,3072
3009,3072,3072
3012,3072,3072
3033,3072,3072
3044,3072,3072
3047,3072,3072
3048,3072,3072
3050,3072,3072
3054,3072,3072
3058,3072,3072
3076,3072,3072
3091,3072,3072
3092,3072,3072
3099,3072,3072
3123,3072,3072
3151,3072,3072
3171,3072,3072
3172,3072,3072
3198,3072,3072
3203,3072,3072
3205,3072,3072
3225,3072,3072
3246,3072,3072
3247,3072,3072
3257,3072,3072
3268,3072,3072
3292,3072,3072
3301,3072,3072
3307,3072,3072
3308,3072,3072
3317,3072,3072
3324,3072,3072
3327,3072,3072
3329,3072,3072
3336,3072,3072
3342,3072,3072
3349,3072,3072
3351,3072,3072
3362,3072,3072
3367,3072,3072
3373,3072,3072
3393,3072,3072
3401,3072,3072
3407,3072,3072
3412,3072,3072
3417,3072,3072
3420,3072,3072
3422,3072,3072
3431,3072,3072
3437,3072,3072
3451,3072,3072
3452,3072,3072
3526,3072,3072
3533,3072,3072
3546,3072,3072
3556,3072,3072
3560,3072,3072
3568,3072,3072
3589,3072,3072
3596,3072,3072
3597,3072,3072
3601,3072,3072
3603,3072,3072
3635,3072,3072
3647,3072,3072
3694,3072,3072
3702,3072,3072
3714,3072,3072
3717,3072,3072
3774,3072,3072
3779,3072,3072
3789,3072,3072
3791,3072,3072
3800,3072,3072
3808,3072,3072
3815,3072,3072
3817,3072,3072
3834,3072,3072
3836,3072,3072
3867,3072,3072
3901,3072,3072
3904,3072,3072
3907,3072,3072
3918,3072,3072
3921,3072,3072
3923,3072,3072
3942,3072,3072
3988,3072,3072
3996,3072,3072
4010,3072,3072
4019,3072,3072
4033,3072,3072
4038,3072,3072
4039,3072,3072
4048,3072,3072
4077,3072,3072
4091,3072,3072
4093,3072,3072
4129,3072,3072
4150,3072,3072
4158,3072,3072
4175,3072,3072
4192,3072,3072
4198,3072,3072
4212,3072,3072
4304,3072,3072
4320,3072,3072
4351,3072,3072
4353,3072,3072
4356,3072,3072
4364,3072,3072
4378,3072,3072
4389,3072,3072
4398,3072,3072
4415,3072,3072
4421,3072,3072
4427,3072,3072
4428,3072,3072
4449,3072,3072
4450,3072,3072
4485,3072,3072
4501,3072,3072
4519,3072,3072
4546,3072,3072
4549,3072,3072
4551,3072,3072
4560,3072,3072
4572,3072,3072
4579,3072,3072
4614,3072,3072
4620,3072,3072
4640,3072,3072
4673,3072,3072
4675,3072,3072
4703,3072,3072
4718,3072,3072
4724,3072,3072
4753,3072,3072
4766,3072,3072
4772,3072,3072
4801,3072,3072
4824,3072,3072
4839,3072,3072
4948,3072,3072
4968,3072,3072
4978,3072,3072
5005,3072,3072
5037,3072,3072
5070,3072,3072
5116,3072,3072
5123,3072,3072
5149,3072,3072
5154,3072,3072
5170,3072,3072
5172,3072,3072
5175,3072,3072
5185,3072,3072
5195,3072,3072
5197,3072,3072
5211,3072,3072
5218,3072,3072
5263,3072,3072
5315,3072,3072
5363,3072,3072
5394,3072,3072
5481,3072,3072
5497,3072,3072
5517,3072,3072
5528,3072,3072
5583,3072,3072
5607,3072,3072
5613,3072,3072
5622,3072,3072
5625,3072,3072
5637,3072,3072
5649,3072,3072
5734,3072,3072
5736,3072,3072
5768,3072,3072
5775,3072,3072
5797,3072,3072
5829,3072,3072
5839,3072,3072
5850,3072,3072
5878,3072,3072
5900,3072,3072
5910,3072,3072
5937,3072,3072
5941,3072,3072
5968,3072,3072
5979,3072,3072
5982,3072,3072
5983,3072,3072
6022,3072,3072
6034,3072,3072
6040,3072,3072
6053,3072,3072
6058,3072,3072
6068,3072,3072
6078,3072,3072
6109,3072,3072
6150,3072,3072
6156,3072,3072
6167,3072,3072
6169,3072,3072
6190,3072,3072
6222,3072,3072
6227,3072,3072
6267,3072,3072
6292,3072,3072
6330,3072,3072
6334,3072,3072
6369,3072,3072
6388,3072,3072
6401,3072,3072
6409,3072,3072
6414,3072,3072
6429,3072,3072
6472,3072,3072
6495,3072,3072
6501,3072,3072
6504,3072,3072
6527,3072,3072
6534,3072,3072
6551,3072,3072
6570,3072,3072
6574,3072,3072
6587,3072,3072
6601,3072,3072
6703,3072,3072
6769,3072,3072
6783,3072,3072
6785,3072,3072
6796,3072,3072
6800,3072,3072
6886,3072,3072
6926,3072,3072
6933,3072,3072
6951,3072,3072
6979,3072,3072
6982,3072,3072
6996,3072,3072
7015,3072,3072
7037,3072,3072
7076,3072,3072
7100,3072,3072
7155,3072,3072
7172,3072,3072
7190,3072,3072
7193,3072,3072
7196,3072,3072
7295,3072,3072
7385,3072,3072
7396,3072,3072
7398,3072,3072
7407,3072,3072
7423,3072,3072
7428,3072,3072
7500,3072,3072
7515,3072,3072
7516,3072,3072
7557,3072,3072
7558,3072,3072
7584,3072,3072
7588,3072,3072
7649,3072,3072
7688,3072,3072
7712,3072,3072
7742,3072,3072
7749,3072,3072
7760,3072,3072
7766,3072,3072
7804,3072,3072
7836,3072,3072
7853,3072,3072
7911,3072,3072
7915,3072,3072
7947,3072,3072
7960,3072,3072
7968,3072,3072
7969,3072,3072
7996,3072,3072
8055,3072,3072
8121,3072,3072
8143,3072,3072
8200,3072,3072
8204,3072,3072
8226,3072,3072
8248,3072,3072
8298,3072,3072
8302,3072,3072
8322,3072,3072
8351,3072,3072
8401,3072,3072
8427,3072,3072
8437,3072,3072
8441,3072,3072
8466,3072,3072
8478,3072,3072
8520,3072,3072
8528,3072,3072
8539,3072,3072
8549,3072,3072
8553,3072,3072
8562,3072,3072
8577,3072,3072
8590,3072,3072
8596,3072,3072
8637,3072,3072
8645,3072,3072
8688,3072,3072
8713,3072,3072
8718,3072,3072
8775,3072,3072
8779,3072,3072
8782,3072,3072
8796,3072,3072
8814,3072,3072
8820,3072,3072
8843,3072,3072
8845,3072,3072
8858,3072,3072
8862,3072,3072
8880,3072,3072
8906,3072,3072
8914,3072,3072
8930,3072,3072
8942,3072,3072
8961,3072,3072
8968,3072,3072
8977,3072,3072
8983,3072,3072
8985,3072,3072
8994,3072,3072
9032,3072,3072
9034,3072,3072
9047,3072,3072
9049,3072,3072
9056,3072,3072
9085,3072,3072
9125,3072,3072
9135,3072,3072
9144,3072,3072
9163,3072,3072
9166,3072,3072
9185,3072,3072
9193,3072,3072
9198,3072,3072
9199,3072,3072
9207,3072,3072
9212,3072,3072
9220,3072,3072
9229,3072,3072
9264,3072,3072
9269,3072,3072
9291,3072,3072
9297,3072,3072
9306,3072,3072
9337,3072,3072
9364,3072,3072
9384,3072,3072
9409,3072,3072
9411,3072,3072
9431,3072,3072
9437,3072,3072
9440,3072,3072
9450,3072,3072
9452,3072,3072
9460,3072,3072
9465,3072,3072
9475,3072,3072
9478,3072,3072
9487,3072,3072
9496,3072,3072
9505,3072,3072
9514,3072,3072
9517,3072,3072
9537,3072,3072
9539,3072,3072
9543,3072,3072
9547,3072,3072
9561,3072,3072
9578,3072,3072
9592,3072,3072
9608,3072,3072
9622,3072,3072
9624,3072,3072
9632,3072,3072
9637,3072,3072
9644,3072,3072
9645,3072,3072
9651,3072,3072
9666,3072,3072
9671,3072,3072
9684,3072,3072
9706,3072,3072
9713,3072,3072
9720,3072,3072
9727,3072,3072
9733,3072,3072
9737,3072,3072
9739,3072,3072
9740,3072,3072
9751,3072,3072
9810,3072,3072
9816,3072,3072
9828,3072,3072
9832,3072,3072
9835,3072,3072
9847,3072,3072
9848,3072,3072
9858,3072,3072
9873,3072,3072
9881,3072,3072
9885,3072,3072
9899,3072,3072
9908,3072,3072
9910,3072,3072
9913,3072,3072
9921,3072,3072
9923,3072,3072
9929,3072,3072
9931,3072,3072
9941,3072,3072
9983,3072,3072
9986,3072,3072
10022,3072,3072
10027,3072,3072
10059,3072,3072
10071,3072,3072
10078,3072,3072
10090,3072,3072
10097,3072,3072
10122,3072,3072
10145,3072,3072
10160,3072,3072
10184,3072,3072
10192,3072,3072
10219,3072,3072
10234,3072,3072
10239,3072,3072
10244,3072,3072
10267,3072,3072
10306,3072,3072
10342,3072,3072
10369,3072,3072
10376,3072,3072
10377,3072,3072
10398,3072,3072
10407,3072,3072
10415,3072,3072
10417,3072,3072
10431,3072,3072
10435,3072,3072
10437,3072,3072
10440,3072,3072
10446,3072,3072
10459,3072,3072
10481,3072,3072
10483,3072,3072
10490,3072,3072
10494,3072,3072
10520,3072,3072
10572,3072,3072
10611,3072,3072
10614,3072,3072
10625,3072,3072
10629,3072,3072
10636,3072,3072
10662,3072,3072
10663,3072,3072
10664,3072,3072
10685,3072,3072
10689,3072,3072
10734,3072,3072
10741,3072,3072
10773,3072,3072
10796,3072,3072
10802,3072,3072
10814,3072,3072
10819,3072,3072
10831,3072,3072
10832,3072,3072
10835,3072,3072
10856,3072,3072
10874,3072,3072
10882,3072,3072
10897,3072,3072
10912,3072,3072
10914,3072,3072
10921,3072,3072
10923,3072,3072
10939,3072,3072
10952,3072,3072
10954,3072,3072
10955,3072,3072
10963,3072,3072
11002,3072,3072
11017,3072,3072
11037,3072,3072
11041,3072,3072
11044,3072,3072
11064,3072,3072
11066,3072,3072
11075,3072,3072
11087,3072,3072
11088,3072,3072
11089,3072,3072
11093,3072,3072
11094,3072,3072
11103,3072,3072
11105,3072,3072
11106,3072,3072
11110,3072,3072
11114,3072,3072
11131,3072,3072
11132,3072,3072
11135,3072,3072
11161,3072,3072
11208,3072,3072
11209,3072,3072
11214,3072,3072
11219,3072,3072
11241,3072,3072
11257,3072,3072
11261,3072,3072
11310,3072,3072
11312,3072,3072
11325,3072,3072
11333,3072,3072
11341,3072,3072
11345,3072,3072
11387,3072,3072
11388,3072,3072
11399,3072,3072
11433,3072,3072
11442,3072,3072
11454,3072,3072
11469,3072,3072
11474,3072,3072
11491,3072,3072
11523,3072,3072
11540,3072,3072
11547,3072,3072
11552,3072,3072
11560,3072,3072
11578,3072,3072
11580,3072,3072
11591,3072,3072
11599,3072,3072
11611,3072,3072
11612,3072,3072
11615,3072,3072
11621,3072,3072
11649,3072,3072
11653,3072,3072
11657,3072,3072
11663,3072,3072
11678,3072,3072
11686,3072,3072
11701,3072,3072
11710,3072,3072
11713,3072,3072
11722,3072,3072
11723,3072,3072
11745,3072,3072
11748,3072,3072
11753,3072,3072
11784,3072,3072
11786,3072,3072
11788,3072,3072
11800,3072,3072
11807,3072,3072
11817,3072,3072
11846,3072,3072
11856,3072,3072
11865,3072,3072
11893,3072,3072
11903,3072,3072
11907,3072,3072
11926,3072,3072
11947,3072,3072
11955,3072,3072
11993,3072,3072
11999,3072,3072
12021,3072,3072
12027,3072,3072
12029,3072,3072
12038,3072,3072
12052,3072,3072
12059,3072,3072
12064,3072,3072
12074,3072,3072
12080,3072,3072
12086,3072,3072
12124,3072,3072
12125,3072,3072
12130,3072,3072
12137,3072,3072
12142,3072,3072
12161,3072,3072
12166,3072,3072
12183,3072,3072
12210,3072,3072
12221,3072,3072
12222,3072,3072
12271,3072,3072
12287,3072,3072
12296,3072,3072
12297,3072,3072
12306,3072,3072
12330,3072,3072
12346,3072,3072
12412,3072,3072
12424,3072,3072
12467,3072,3072
12481,3072,3072
12482,3072,3072
12487,3072,3072
12528,3072,3072
12542,3072,3072
12627,3072,3072
12683,3072,3072
12722,3072,3072
12732,3072,3072
12738,3072,3072
12771,3072,3072
12793,3072,3072
12812,3072,3072
12824,3072,3072
12830,3072,3072
12873,3072,3072
12887,3072,3072
12905,3072,3072
12940,3072,3072
12958,3072,3072
12973,3072,3072
12981,3072,3072
12990,3072,3072
13006,3072,3072
13036,3072,3072
13043,3072,3072
13049,3072,3072
13119,3072,3072
13127,3072,3072
13137,3072,3072
13150,3072,3072
13174,3072,3072
13177,3072,3072
13190,3072,3072
13195,3072,3072
13201,3072,3072
13212,3072,3072
13285,3072,3072
13318,3072,3072
13329,3072,3072
13351,3072,3072
13353,3072,3072
13370,3072,3072
13425,3072,3072
13447,3072,3072
13518,3072,3072
13556,3072,3072
13573,3072,3072
13612,3072,3072
13615,3072,3072
13634,3072,3072
13695,3072,3072
13738,3072,3072
13750,3072,3072
13778,3072,3072
13797,3072,3072
13804,3072,3072
13816,3072,3072
13821,3072,3072
13889,3072,3072
13891,3072,3072
13892,3072,3072
13904,3072,3072
13931,3072,3072
13953,3072,3072
13984,3072,3072
13997,3072,3072
14013,3072,3072
14042,3072,3072
14060,3072,3072
14078,3072,3072
14114,3072,3072
14149,3072,3072
14158,3072,3072
14240,3072,3072
14300,3072,3072
14302,3072,3072
14344,3072,3072
14359,3072,3072
14362,3072,3072
14384,3072,3072
14395,3072,3072
14426,3072,3072
14510,3072,3072
14545,3072,3072
14585,3072,3072
14590,3072,3072
14627,3072,3072
14641,3072,3072
14670,3072,3072
14700,3072,3072
14809,3072,3072
14811,3072,3072
14835,3072,3072
14858,3072,3072
14911,3072,3072
14930,3072,3072
15052,3072,3072
15066,3072,3072
15081,3072,3072
15182,3072,3072
15193,3072,3072
15327,3072,3072
15497,3072,3072
15499,3072,3072
15525,3072,3072
15614,3072,3072
15686,3072,3072
15688,3072,3072
15710,3072,3072
15755,3072,3072
15847,3072,3072
15916,3072,3072
15936,3072,3072
15999,3072,3072
16004,3072,3072
16017,3072,3072
16022,3072,3072
16028,3072,3072
16040,3072,3072
16074,3072,3072
16135,3072,3072
16160,3072,3072
16291,3072,3072
16372,3072,3072
16404,3072,3072
16408,3072,3072
16517,3072,3072
16538,3072,3072
16594,3072,3072
16595,3072,3072
16610,3072,3072
16675,3072,3072
16696,3072,3072
16698,3072,3072
16702,3072,3072
16765,3072,3072
16771,3072,3072
16828,3072,3072
16839,3072,3072
16856,3072,3072
16876,3072,3072
16878,3072,3072
16879,3072,3072
16886,3072,3072
16903,3072,3072
16910,3072,3072
16914,3072,3072
16977,3072,3072
16998,3072,3072
17058,3072,3072
17088,3072,3072
17124,3072,3072
17143,3072,3072
17144,3072,3072
17165,3072,3072
17167,3072,3072
17177,3072,3072
17202,3072,3072
17219,3072,3072
17252,3072,3072
17294,3072,3072
17327,3072,3072
17335,3072,3072
17352,3072,3072
17385,3072,3072
17409,3072,3072
17413,3072,3072
17460,3072,3072
17480,3072,3072
17493,3072,3072
17535,3072,3072
17545,3072,3072
17598,3072,3072
17616,3072,3072
17628,3072,3072
17662,3072,3072
17675,3072,3072
17707,3072,3072
17721,3072,3072
17722,3072,3072
17730,3072,3072
17744,3072,3072
17748,3072,3072
17757,3072,3072
17791,3072,3072
17819,3072,3072
17830,3072,3072
17832,3072,3072
17835,3072,3072
17839,3072,3072
17876,3072,3072
17895,3072,3072
17933,3072,3072
17984,3072,3072
17990,3072,3072
18007,3072,3072
18042,3072,3072
18050,3072,3072
18055,3072,3072
18059,3072,3072
18092,3072,3072
18103,3072,3072
18107,3072,3072
18145,3072,3072
18151,3072,3072
18173,3072,3072
18199,3072,3072
18228,3072,3072
18230,3072,3072
18245,3072,3072
18300,3072,3072
18301,3072,3072
18322,3072,3072
18335,3072,3072
18347,3072,3072
18359,3072,3072
18366,3072,3072
18367,3072,3072
18370,3072,3072
18425,3072,3072
18474,3072,3072
18510,3072,3072
18526,3072,3072
18570,3072,3072
18622,3072,3072
18631,3072,3072
18641,3072,3072
18724,3072,3072
18730,3072,3072
18748,3072,3072
18778,3072,3072
18784,3072,3072
18788,3072,3072
18799,3072,3072
18812,3072,3072
18847,3072,3072
18900,3072,3072
18906,3072,3072
18927,3072,3072
19000,3072,3072
19048,3072,3072
19056,3072,3072
19124,3072,3072
19152,3072,3072
19159,3072,3072
19256,3072,3072
19275,3072,3072
19285,3072,3072
19300,3072,3072
19302,3072,3072
19327,3072,3072
19361,3072,3072
19393,3072,3072
19394,3072,3072
19423,3072,3072
19507,3072,3072
19602,3072,3072
19608,3072,3072
19610,3072,3072
19617,3072,3072
19627,3072,3072
19651,3072,3072
19674,3072,3072
19685,3072,3072
19738,3072,3072
19762,3072,3072
19776,3072,3072
19829,3072,3072
19838,3072,3072
19852,3072,3072
19853,3072,3072
19887,3072,3072
19905,3072,3072
19943,3072,3072
20038,3072,3072
20045,3072,3072
20073,3072,3072
20089,3072,3072
20092,3072,3072
20120,3072,3072
20132,3072,3072
20139,3072,3072
20163,3072,3072
20186,3072,3072
20197,3072,3072
20285,3072,3072
20307,3072,3072
20342,3072,3072
20384,3072,3072
20400,3072,3072
20419,3072,3072
20432,3072,3072
20435,3072,3072
20470,3072,3072
20485,3072,3072
20518,3072,3072
20521,3072,3072
20598,3072,3072
20627,3072,3072
20700,3072,3072
20716,3072,3072
20734,3072,3072
20756,3072,3072
20776,3072,3072
20782,3072,3072
20832,3072,3072
20922,3072,3072
20940,3072,3072
21031,3072,3072
21101,3072,3072
21107,3072,3072
21109,3072,3072
21126,3072,3072
21138,3072,3072
21148,3072,3072
21199,3072,3072
21245,3072,3072
21250,3072,3072
21289,3072,3072
21314,3072,3072
21319,3072,3072
21350,3072,3072
21353,3072,3072
21369,3072,3072
21419,3072,3072
21466,3072,3072
21497,3072,3072
21525,3072,3072
21545,3072,3072
21557,3072,3072
21661,3072,3072
21665,3072,3072
21724,3072,3072
21943,3072,3072
21947,3072,3072
21953,3072,3072
22027,3072,3072
22068,3072,3072
22107,3072,3072
22129,3072,3072
22198,3072,3072
22254,3072,3072
22264,3072,3072
22267,3072,3072
22268,3072,3072
22296,3072,3072
22381,3072,3072
22472,3072,3072
22479,3072,3072
22583,3072,3072
22645,3072,3072
22648,3072,3072
22662,3072,3072
22672,3072,3072
22690,3072,3072
22709,3072,3072
22807,3072,3072
22844,3072,3072
22849,3072,3072
22888,3072,3072
22958,3072,3072
22966,3072,3072
22978,3072,3072
23009,3072,3072
23135,3072,3072
23218,3072,3072
23225,3072,3072
23250,3072,3072
23253,3072,3072
23260,3072,3072
23300,3072,3072
23306,3072,3072
23315,3072,3072
23433,3072,3072
23451,3072,3072
23457,3072,3072
23468,3072,3072
23485,3072,3072
23508,3072,3072
23644,3072,3072
23757,3072,3072
23767,3072,3072
23802,3072,3072
23840,3072,3072
23894,3072,3072
23941,3072,3072
23965,3072,3072
23993,3072,3072
24013,3072,3072
24087,3072,3072
24122,3072,3072
24205,3072,3072
24240,3072,3072
24317,3072,3072
24344,3072,3072
24407,3072,3072
24480,3072,3072
24491,3072,3072
24533,3072,3072
24575,3072,3072
24646,3072,3072
24723,3072,3072
24756,3072,3072
24864,3072,3072
24870,3072,3072
24902,3072,3072
24904,3072,3072
24906,3072,3072
24942,3072,3072
24966,3072,3072
25057,3072,3072
25095,3072,3072
25098,3072,3072
25151,3072,3072
25175,3072,3072
25179,3072,3072
25339,3072,3072
25452,3072,3072
25466,3072,3072
25537,3072,3072
25555,3072,3072
25556,3072,3072
25597,3072,3072
25687,3072,3072
25717,3072,3072
25813,3072,3072
25864,3072,3072
25873,3072,3072
25912,3072,3072
25977,3072,3072
26005,3072,3072
26014,3072,3072
26016,3072,3072
26026,3072,3072
26037,3072,3072
26054,3072,3072
26071,3072,3072
26122,3072,3072
26149,3072,3072
26338,3072,3072
26502,3072,3072
26516,3072,3072
26662,3072,3072
26684,3072,3072
26778,3072,3072
26799,3072,3072
26810,3072,3072
26863,3072,3072
26913,3072,3072
26934,3072,3072
26948,3072,3072
26958,3072,3072
26965,3072,3072
26985,3072,3072
27001,3072,3072
27074,3072,3072
27093,3072,3072
27103,3072,3072
27132,3072,3072
27180,3072,3072
27263,3072,3072
27268,3072,3072
27282,3072,3072
27305,3072,3072
27314,3072,3072
27447,3072,3072
27518,3072,3072
27559,3072,3072
27571,3072,3072
27572,3072,3072
27590,3072,3072
27617,3072,3072
27618,3072,3072
27676,3072,3072
27798,3072,3072
27811,3072,3072
27852,3072,3072
27901,3072,3072
28031,3072,3072
28073,3072,3072
28091,3072,3072
28206,3072,3072
28290,3072,3072
28348,3072,3072
28484,3072,3072
28592,3072,3072
28596,3072,3072
28617,3072,3072
28624,3072,3072
28686,3072,3072
28688,3072,3072
28709,3072,3072
28732,3072,3072
28802,3072,3072
28807,3072,3072
28856,3072,3072
28874,3072,3072
28885,3072,3072
28920,3072,3072
28989,3072,3072
29028,3072,3072
29065,3072,3072
29267,3072,3072
29291,3072,3072
29305,3072,3072
29316,3072,3072
29469,3072,3072
29481,3072,3072
29486,3072,3072
29487,3072,3072
29545,3072,3072
29578,3072,3072
29680,3072,3072
29712,3072,3072
29747,3072,3072
29764,3072,3072
29815,3072,3072
29856,3072,3072
29889,3072,3072
29994,3072,3072
30010,3072,3072
30028,3072,3072
30059,3072,3072
30113,3072,3072
30141,3072,3072
30157,3072,3072
30229,3072,3072
30260,3072,3072
30276,3072,3072
30297,3072,3072
30333,3072,3072
30412,3072,3072
30491,3072,3072
30494,3072,3072
30523,3072,3072
30590,3072,3072
30608,3072,3072
30639,3072,3072
30677,3072,3072
30774,3072,3072
30855,3072,3072
30874,3072,3072
30895,3072,3072
30906,3072,3072
30911,3072,3072
31087,3072,3072
31244,3072,3072
31290,3072,3072
31371,3072,3072
31385,3072,3072
31428,3072,3072
31460,3072,3072
31483,3072,3072
31493,3072,3072
31574,3072,3072
31579,3072,3072
31615,3072,3072
31657,3072,3072
31666,3072,3072
31897,3072,3072
31914,3072,3072
31958,3072,3072
32364,3072,3072
32394,3072,3072
32437,3072,3072
32478,3072,3072
32545,3072,3072
32673,3072,3072
32742,3072,3072
32764,3072,3072
20,3072,6144
38,3072,6144
41,3072,6144
58,3072,6144
61,3072,6144
78,3072,6144
81,3072,6144
85,3072,6144
87,3072,6144
90,3072,6144
98,3072,6144
123,3072,6144
125,3072,6144
129,3072,6144
142,3072,6144
146,3072,6144
151,3072,6144
158,3072,6144
189,3072,6144
194,3072,6144
197,3072,6144
198,3072,6144
211,3072,6144
214,3072,6144
215,3072,6144
217,3072,6144
222,3072,6144
226,3072,6144
241,3072,6144
251,3072,6144
257,3072,6144
258,3072,6144
268,3072,6144
269,3072,6144
270,3072,6144
279,3072,6144
286,3072,6144
293,3072,6144
296,3072,6144
297,3072,6144
298,3072,6144
306,3072,6144
308,3072,6144
316,3072,6144
318,3072,6144
335,3072,6144
341,3072,6144
392,3072,6144
396,3072,6144
397,3072,6144
625,3072,6144
721,3072,6144
741,3072,6144
798,3072,6144
814,3072,6144
826,3072,6144
858,3072,6144
877,3072,6144
878,3072,6144
897,3072,6144
912,3072,6144
1033,3072,6144
1068,3072,6144
1074,3072,6144
1132,3072,6144
1165,3072,6144
1184,3072,6144
1259,3072,6144
1283,3072,6144
1340,3072,6144
1342,3072,6144
1393,3072,6144
1472,3072,6144
1483,3072,6144
1533,3072,6144
1543,3072,6144
1546,3072,6144
1564,3072,6144
1628,3072,6144
1649,3072,6144
1652,3072,6144
1670,3072,6144
1688,3072,6144
1711,3072,6144
1715,3072,6144
1741,3072,6144
1752,3072,6144
1755,3072,6144
1794,3072,6144
1796,3072,6144
1808,3072,6144
1820,3072,6144
1827,3072,6144
1878,3072,6144
1880,3072,6144
1886,3072,6144
1904,3072,6144
1934,3072,6144
1939,3072,6144
1943,3072,6144
1946,3072,6144
1957,3072,6144
1960,3072,6144
1963,3072,6144
1967,3072,6144
1974,3072,6144
1976,3072,6144
1982,3072,6144
2017,3072,6144
2035,3072,6144
2051,3072,6144
2069,3072,6144
2106,3072,6144
2116,3072,6144
2126,3072,6144
2129,3072,6144
2130,3072,6144
2135,3072,6144
2136,3072,6144
2139,3072,6144
2148,3072,6144
2172,3072,6144
2199,3072,6144
2213,3072,6144
2221,3072,6144
2223,3072,6144
2236,3072,6144
2238,3072,6144
2268,3072,6144
2285,3072,6144
2341,3072,6144
2377,3072,6144
2388,3072,6144
2390,3072,6144
2394,3072,6144
2415,3072,6144
2417,3072,6144
2424,3072,6144
2437,3072,6144
2441,3072,6144
2457,3072,6144
2461,3072,6144
2469,3072,6144
2478,3072,6144
2484,3072,6144
2499,3072,6144
2507,3072,6144
2527,3072,6144
2529,3072,6144
2553,3072,6144
2556,3072,6144
2576,3072,6144
2587,3072,6144
2590,3072,6144
2614,3072,6144
2615,3072,6144
2621,3072,6144
2624,3072,6144
2638,3072,6144
2640,3072,6144
2646,3072,6144
2711,3072,6144
2724,3072,6144
2733,3072,6144
2747,3072,6144
2749,3072,6144
2755,3072,6144
2757,3072,6144
2759,3072,6144
2766,3072,6144
2780,3072,6144
2782,3072,6144
2794,3072,6144
2807,3072,6144
2809,3072,6144
2817,3072,6144
2836,3072,6144
2847,3072,6144
2856,3072,6144
2862,3072,6144
2872,3072,6144
2884,3072,6144
2886,3072,6144
2887,3072,6144
2892,3072,6144
2899,3072,6144
2900,3072,6144
2916,3072,6144
2917,3072,6144
2940,3072,6144
2980,3072,6144
2987,3072,6144
2988,3072,6144
2990,3072,6144
3032,3072,6144
3049,3072,6144
3088,3072,6144
3090,3072,6144
3093,3072,6144
3098,3072,6144
3124,3072,6144
3133,3072,6144
3148,3072,6144
3175,3072,6144
3204,3072,6144
3233,3072,6144
3252,3072,6144
3254,3072,6144
3286,3072,6144
3292,3072,6144
3327,3072,6144
3347,3072,6144
3350,3072,6144
3378,3072,6144
3387,3072,6144
3401,3072,6144
3403,3072,6144
3417,3072,6144
3420,3072,6144
3437,3072,6144
3439,3072,6144
3447,3072,6144
3451,3072,6144
3454,3072,6144
3502,3072,6144
3554,3072,6144
3559,3072,6144
3573,3072,6144
3684,3072,6144
3688,3072,6144
3695,3072,6144
3721,3072,6144
3729,3072,6144
3737,3072,6144
3785,3072,6144
3857,3072,6144
3861,3072,6144
3885,3072,6144
3945,3072,6144
3957,3072,6144
4029,3072,6144
4045,3072,6144
4048,3072,6144
4078,3072,6144
4084,3072,6144
4124,3072,6144
4169,3072,6144
4209,3072,6144
4216,3072,6144
4236,3072,6144
4241,3072,6144
4242,3072,6144
4261,3072,6144
4297,3072,6144
4305,3072,6144
4318,3072,6144
4344,3072,6144
4428,3072,6144
4434,3072,6144
4449,3072,6144
4458,3072,6144
4471,3072,6144
4510,3072,6144
4561,3072,6144
4565,3072,6144
4601,3072,6144
4680,3072,6144
4697,3072,6144
4733,3072,6144
4751,3072,6144
4793,3072,6144
4820,3072,6144
4833,3072,6144
4878,3072,6144
4895,3072,6144
4937,3072,6144
4970,3072,6144
4991,3072,6144
4997,3072,6144
5067,3072,6144
5069,3072,6144
5070,3072,6144
5077,3072,6144
5085,3072,6144
5086,3072,6144
5095,3072,6144
5162,3072,6144
5169,3072,6144
5197,3072,6144
5272,3072,6144
5298,3072,6144
5310,3072,6144
5312,3072,6144
5416,3072,6144
5425,3072,6144
5428,3072,6144
5444,3072,6144
5453,3072,6144
5462,3072,6144
5467,3072,6144
5526,3072,6144
5543,3072,6144
5544,3072,6144
5566,3072,6144
5607,3072,6144
5654,3072,6144
5657,3072,6144
5692,3072,6144
5700,3072,6144
5729,3072,6144
5751,3072,6144
5795,3072,6144
5812,3072,6144
5830,3072,6144
5832,3072,6144
5882,3072,6144
5949,3072,6144
5964,3072,6144
5988,3072,6144
6011,3072,6144
6062,3072,6144
6080,3072,6144
6085,3072,6144
6160,3072,6144
6165,3072,6144
6193,3072,6144
6202,3072,6144
6206,3072,6144
6331,3072,6144
6370,3072,6144
6399,3072,6144
6479,3072,6144
6569,3072,6144
6596,3072,6144
6614,3072,6144
6641,3072,6144
6646,3072,6144
6680,3072,6144
6720,3072,6144
6723,3072,6144
6750,3072,6144
6752,3072,6144
6828,3072,6144
6895,3072,6144
6913,3072,6144
6915,3072,6144
7003,3072,6144
7004,3072,6144
7014,3072,6144
7026,3072,6144
7036,3072,6144
7102,3072,6144
7184,3072,6144
7324,3072,6144
7368,3072,6144
7466,3072,6144
7483,3072,6144
7490,3072,6144
7508,3072,6144
7514,3072,6144
7560,3072,6144
7588,3072,6144
7595,3072,6144
7599,3072,6144
7615,3072,6144
7652,3072,6144
7735,3072,6144
7775,3072,6144
7797,3072,6144
7856,3072,6144
7867,3072,6144
7949,3072,6144
8046,3072,6144
8115,3072,6144
8153,3072,6144
8154,3072,6144
8162,3072,6144
8179,3072,6144
8256,3072,6144
8318,3072,6144
8334,3072,6144
8395,3072,6144
8399,3072,6144
8560,3072,6144
8596,3072,6144
8654,3072,6144
8669,3072,6144
8672,3072,6144
8692,3072,6144
8699,3072,6144
8708,3072,6144
8735,3072,6144
8738,3072,6144
8744,3072,6144
8746,3072,6144
8763,3072,6144
8841,3072,6144
8846,3072,6144
8856,3072,6144
8877,3072,6144
8889,3072,6144
8931,3072,6144
8942,3072,6144
8973,3072,6144
8986,3072,6144
9003,3072,6144
9061,3072,6144
9072,3072,6144
9104,3072,6144
9109,3072,6144
9154,3072,6144
9158,3072,6144
9162,3072,6144
9190,3072,6144
9195,3072,6144
9197,3072,6144
9220,3072,6144
9234,3072,6144
9237,3072,6144
9263,3072,6144
9267,3072,6144
9268,3072,6144
9275,3072,6144
9291,3072,6144
9293,3072,6144
9310,3072,6144
9316,3072,6144
9335,3072,6144
9364,3072,6144
9365,3072,6144
9368,3072,6144
9376,3072,6144
9377,3072,6144
9381,3072,6144
9384,3072,6144
9390,3072,6144
9392,3072,6144
9403,3072,6144
9424,3072,6144
9446,3072,6144
9451,3072,6144
9489,3072,6144
9525,3072,6144
9543,3072,6144
9546,3072,6144
9552,3072,6144
9569,3072,6144
9572,3072,6144
9581,3072,6144
9595,3072,6144
9596,3072,6144
9598,3072,6144
9606,3072,6144
9608,3072,6144
9612,3072,6144
9622,3072,6144
9623,3072,6144
9639,3072,6144
9644,3072,6144
9670,3072,6144
9678,3072,6144
9693,3072,6144
9705,3072,6144
9710,3072,6144
9717,3072,6144
9740,3072,6144
9771,3072,6144
9794,3072,6144
9821,3072,6144
9836,3072,6144
9837,3072,6144
9851,3072,6144
9853,3072,6144
9863,3072,6144
9867,3072,6144
9895,3072,6144
9900,3072,6144
9906,3072,6144
9912,3072,6144
9924,3072,6144
9930,3072,6144
9933,3072,6144
9938,3072,6144
9941,3072,6144
9945,3072,6144
9953,3072,6144
9963,3072,6144
9997,3072,6144
9998,3072,6144
10004,3072,6144
10032,3072,6144
10070,3072,6144
10072,3072,6144
10082,3072,6144
10087,3072,6144
10091,3072,6144
10108,3072,6144
10118,3072,6144
10123,3072,6144
10143,3072,6144
10169,3072,6144
10171,3072,6144
10174,3072,6144
10176,3072,6144
10206,3072,6144
10213,3072,6144
10215,3072,6144
10232,3072,6144
10233,3072,6144
10255,3072,6144
10275,3072,6144
10279,3072,6144
10281,3072,6144
10282,3072,6144
10296,3072,6144
10299,3072,6144
10309,3072,6144
10310,3072,6144
10334,3072,6144
10356,3072,6144
10367,3072,6144
10369,3072,6144
10383,3072,6144
10390,3072,6144
10392,3072,6144
10395,3072,6144
10412,3072,6144
10424,3072,6144
10447,3072,6144
10450,3072,6144
10452,3072,6144
10464,3072,6144
10492,3072,6144
10500,3072,6144
10505,3072,6144
10510,3072,6144
10517,3072,6144
10518,3072,6144
10525,3072,6144
10541,3072,6144
10543,3072,6144
10570,3072,6144
10571,3072,6144
10576,3072,6144
10592,3072,6144
10595,3072,6144
10598,3072,6144
10601,3072,6144
10603,3072,6144
10612,3072,6144
10659,3072,6144
10661,3072,6144
10663,3072,6144
10675,3072,6144
10677,3072,6144
10685,3072,6144
10712,3072,6144
10741,3072,6144
10754,3072,6144
10758,3072,6144
10768,3072,6144
10773,3072,6144
10795,3072,6144
10822,3072,6144
10823,3072,6144
10833,3072,6144
10838,3072,6144
10850,3072,6144
10853,3072,6144
10866,3072,6144
10881,3072,6144
10884,3072,6144
10887,3072,6144
10888,3072,6144
10895,3072,6144
10901,3072,6144
10937,3072,6144
10941,3072,6144
10946,3072,6144
10952,3072,6144
10970,3072,6144
10982,3072,6144
10994,3072,6144
11024,3072,6144
11033,3072,6144
11044,3072,6144
11047,3072,6144
11057,3072,6144
11059,3072,6144
11070,3072,6144
11083,3072,6144
11084,3072,6144
11089,3072,6144
11096,3072,6144
11099,3072,6144
11116,3072,6144
11135,3072,6144
11151,3072,6144
11155,3072,6144
11184,3072,6144
11202,3072,6144
11211,3072,6144
11270,3072,6144
11290,3072,6144
11293,3072,6144
11325,3072,6144
11328,3072,6144
11345,3072,6144
11351,3072,6144
11354,3072,6144
11374,3072,6144
11399,3072,6144
11416,3072,6144
11427,3072,6144
11434,3072,6144
11442,3072,6144
11445,3072,6144
11479,3072,6144
11512,3072,6144
11528,3072,6144
11529,3072,6144
11539,3072,6144
11548,3072,6144
11558,3072,6144
11575,3072,6144
11581,3072,6144
11591,3072,6144
11600,3072,6144
11605,3072,6144
11615,3072,6144
11631,3072,6144
11656,3072,6144
11661,3072,6144
11669,3072,6144
11680,3072,6144
11696,3072,6144
11700,3072,6144
11716,3072,6144
11727,3072,6144
11750,3072,6144
11757,3072,6144
11778,3072,6144
11806,3072,6144
11835,3072,6144
11849,3072,6144
11856,3072,6144
11876,3072,6144
11892,3072,6144
11895,3072,6144
11924,3072,6144
11931,3072,6144
11937,3072,6144
11959,3072,6144
11965,3072,6144
11976,3072,6144
12020,3072,6144
12040,3072,6144
12044,3072,6144
12084,3072,6144
12091,3072,6144
12108,3072,6144
12122,3072,6144
12128,3072,6144
12131,3072,6144
12136,3072,6144
12172,3072,6144
12182,3072,6144
12201,3072,6144
12245,3072,6144
12252,3072,6144
12266,3072,6144
12267,3072,6144
12290,3072,6144
12308,3072,6144
12332,3072,6144
12341,3072,6144
12346,3072,6144
12351,3072,6144
12382,3072,6144
12385,3072,6144
12398,3072,6144
12447,3072,6144
12458,3072,6144
12461,3072,6144
12464,3072,6144
12491,3072,6144
12510,3072,6144
12518,3072,6144
12531,3072,6144
12600,3072,6144
12643,3072,6144
12651,3072,6144
12653,3072,6144
12671,3072,6144
12813,3072,6144
12824,3072,6144
12905,3072,6144
12917,3072,6144
13042,3072,6144
13101,3072,6144
13105,3072,6144
13166,3072,6144
13207,3072,6144
13248,3072,6144
13265,3072,6144
13340,3072,6144
13480,3072,6144
13497,3072,6144
13539,3072,6144
13589,3072,6144
13697,3072,6144
13715,3072,6144
13850,3072,6144
13889,3072,6144
14045,3072,6144
14156,3072,6144
14173,3072,6144
14211,3072,6144
14216,3072,6144
14329,3072,6144
14351,3072,6144
14378,3072,6144
14389,3072,6144
14462,3072,6144
14484,3072,6144
14527,3072,6144
14698,3072,6144
14733,3072,6144
14777,3072,6144
14809,3072,6144
14826,3072,6144
14902,3072,6144
14947,3072,6144
15003,3072,6144
15060,3072,6144
15096,3072,6144
15119,3072,6144
15144,3072,6144
15145,3072,6144
15152,3072,6144
15170,3072,6144
15215,3072,6144
15234,3072,6144
15263,3072,6144
15265,3072,6144
15312,3072,6144
15361,3072,6144
15373,3072,6144
15382,3072,6144
15481,3072,6144
15585,3072,6144
15710,3072,6144
15756,3072,6144
15764,3072,6144
15776,3072,6144
15805,3072,6144
15832,3072,6144
15837,3072,6144
15888,3072,6144
15894,3072,6144
15942,3072,6144
15956,3072,6144
16015,3072,6144
16054,3072,6144
16067,3072,6144
16075,3072,6144
16080,3072,6144
16165,3072,6144
16168,3072,6144
16171,3072,6144
16173,3072,6144
16229,3072,6144
16258,3072,6144
16269,3072,6144
16270,3072,6144
16279,3072,6144
16306,3072,6144
16307,3072,6144
16320,3072,6144
16347,3072,6144
16448,3072,6144
16494,3072,6144
16510,3072,6144
16553,3072,6144
16596,3072,6144
16611,3072,6144
16641,3072,6144
16770,3072,6144
16795,3072,6144
16797,3072,6144
16879,3072,6144
16892,3072,6144
16916,3072,6144
16964,3072,6144
17034,3072,6144
17065,3072,6144
17077,3072,6144
17099,3072,6144
17252,3072,6144
17262,3072,6144
17273,3072,6144
17297,3072,6144
17310,3072,6144
17415,3072,6144
17416,3072,6144
17430,3072,6144
17500,3072,6144
17521,3072,6144
17578,3072,6144
17608,3072,6144
17623,3072,6144
17683,3072,6144
17705,3072,6144
17766,3072,6144
17774,3072,6144
17830,3072,6144
17851,3072,6144
17889,3072,6144
17913,3072,6144
17915,3072,6144
17924,3072,6144
17957,3072,6144
17959,3072,6144
17972,3072,6144
17996,3072,6144
18039,3072,6144
18040,3072,6144
18041,3072,6144
18063,3072,6144
18158,3072,6144
18170,3072,6144
18200,3072,6144
18218,3072,6144
18277,3072,6144
18280,3072,6144
18305,3072,6144
18307,3072,6144
18320,3072,6144
18399,3072,6144
18405,3072,6144
18451,3072,6144
18466,3072,6144
18496,3072,6144
18508,3072,6144
18521,3072,6144
18527,3072,6144
18536,3072,6144
18591,3072,6144
18603,3072,6144
18609,3072,6144
18664,3072,6144
18701,3072,6144
18717,3072,6144
18806,3072,6144
18906,3072,6144
18926,3072,6144
18935,3072,6144
18955,3072,6144
19013,3072,6144
19014,3072,6144
19015,3072,6144
19144,3072,6144
19214,3072,6144
19261,3072,6144
19275,3072,6144
19292,3072,6144
19297,3072,6144
19300,3072,6144
19326,3072,6144
19330,3072,6144
19335,3072,6144
19358,3072,6144
19363,3072,6144
19369,3072,6144
19391,3072,6144
19423,3072,6144
19427,3072,6144
19451,3072,6144
19459,3072,6144
19469,3072,6144
19626,3072,6144
19645,3072,6144
19715,3072,6144
19729,3072,6144
19734,3072,6144
19746,3072,6144
19783,3072,6144
19785,3072,6144
19798,3072,6144
19863,3072,6144
19934,3072,6144
19945,3072,6144
19956,3072,6144
20042,3072,6144
20054,3072,6144
20068,3072,6144
20120,3072,6144
20129,3072,6144
20155,3072,6144
20157,3072,6144
20201,3072,6144
20240,3072,6144
20403,3072,6144
20412,3072,6144
20494,3072,6144
20508,3072,6144
20523,3072,6144
20560,3072,6144
20569,3072,6144
20572,3072,6144
20603,3072,6144
20635,3072,6144
20641,3072,6144
20691,3072,6144
20693,3072,6144
20718,3072,6144
20747,3072,6144
20809,3072,6144
20810,3072,6144
20881,3072,6144
20911,3072,6144
20936,3072,6144
20971,3072,6144
21056,3072,6144
21150,3072,6144
21196,3072,6144
21274,3072,6144
21303,3072,6144
21328,3072,6144
21348,3072,6144
21351,3072,6144
21365,3072,6144
21370,3072,6144
21380,3072,6144
21468,3072,6144
21590,3072,6144
21616,3072,6144
21662,3072,6144
21678,3072,6144
21691,3072,6144
21768,3072,6144
21778,3072,6144
21785,3072,6144
22049,3072,6144
22055,3072,6144
22074,3072,6144
22165,3072,6144
22183,3072,6144
22230,3072,6144
22241,3072,6144
22297,3072,6144
22342,3072,6144
22407,3072,6144
22408,3072,6144
22453,3072,6144
22468,3072,6144
22567,3072,6144
22637,3072,6144
22703,3072,6144
22816,3072,6144
22824,3072,6144
22848,3072,6144
22860,3072,6144
22882,3072,6144
23005,3072,6144
23068,3072,6144
23125,3072,6144
23178,3072,6144
23282,3072,6144
23338,3072,6144
23438,3072,6144
23461,3072,6144
23593,3072,6144
23757,3072,6144
23760,3072,6144
23876,3072,6144
23957,3072,6144
23987,3072,6144
24045,3072,6144
24063,3072,6144
24149,3072,6144
24169,3072,6144
24174,3072,6144
24210,3072,6144
24221,3072,6144
24226,3072,6144
24342,3072,6144
24385,3072,6144
24393,3072,6144
24404,3072,6144
24426,3072,6144
24487,3072,6144
24512,3072,6144
24525,3072,6144
24613,3072,6144
24628,3072,6144
24658,3072,6144
24676,3072,6144
24750,3072,6144
24783,3072,6144
24789,3072,6144
24918,3072,6144
25056,3072,6144
25130,3072,6144
25141,3072,6144
25158,3072,6144
25165,3072,6144
25169,3072,6144
25177,3072,6144
25213,3072,6144
25304,3072,6144
25403,3072,6144
25451,3072,6144
25463,3072,6144
25552,3072,6144
25565,3072,6144
25633,3072,6144
25655,3072,6144
25696,3072,6144
25794,3072,6144
25809,3072,6144
25821,3072,6144
25854,3072,6144
25905,3072,6144
25912,3072,6144
25954,3072,6144
25964,3072,6144
26074,3072,6144
26144,3072,6144
26177,3072,6144
26264,3072,6144
26306,3072,6144
26313,3072,6144
26367,3072,6144
26381,3072,6144
26403,3072,6144
26407,3072,6144
26459,3072,6144
26542,3072,6144
26584,3072,6144
26629,3072,6144
26761,3072,6144
26793,3072,6144
26846,3072,6144
26870,3072,6144
26984,3072,6144
27098,3072,6144
27132,3072,6144
27270,3072,6144
27299,3072,6144
27311,3072,6144
27364,3072,6144
27365,3072,6144
27383,3072,6144
27616,3072,6144
27620,3072,6144
27657,3072,6144
27671,3072,6144
27688,3072,6144
27696,3072,6144
27842,3072,6144
27895,3072,6144
27906,3072,6144
27935,3072,6144
27976,3072,6144
27983,3072,6144
28053,3072,6144
28093,3072,6144
28163,3072,6144
28189,3072,6144
28448,3072,6144
28469,3072,6144
28508,3072,6144
28513,3072,6144
28538,3072,6144
28571,3072,6144
28596,3072,6144
28756,3072,6144
28801,3072,6144
28830,3072,6144
28838,3072,6144
28927,3072,6144
28978,3072,6144
29165,3072,6144
29194,3072,6144
29377,3072,6144
29407,3072,6144
29516,3072,6144
29526,3072,6144
29532,3072,6144
29597,3072,6144
29642,3072,6144
29753,3072,6144
29777,3072,6144
29857,3072,6144
29876,3072,6144
29938,3072,6144
29989,3072,6144
30046,3072,6144
30088,3072,6144
30141,3072,6144
30234,3072,6144
30316,3072,6144
30341,3072,6144
30392,3072,6144
30461,3072,6144
30507,3072,6144
30547,3072,6144
30585,3072,6144
30634,3072,6144
30816,3072,6144
30854,3072,6144
31106,3072,6144
31242,3072,6144
31259,3072,6144
31264,3072,6144
31290,3072,6144
31301,3072,6144
31402,3072,6144
31500,3072,6144
31572,3072,6144
31638,3072,6144
31674,3072,6144
31690,3072,6144
31751,3072,6144
31849,3072,6144
31925,3072,6144
31942,3072,6144
31969,3072,6144
32020,3072,6144
32029,3072,6144
32079,3072,6144
32084,3072,6144
32173,3072,6144
32409,3072,6144
32439,3072,6144
32499,3072,6144
32528,3072,6144
14,4096,3072
15,4096,3072
21,4096,3072
49,4096,3072
55,4096,3072
68,4096,3072
71,4096,3072
89,4096,3072
90,4096,3072
95,4096,3072
98,4096,3072
108,4096,3072
115,4096,3072
118,4096,3072
124,4096,3072
127,4096,3072
129,4096,3072
134,4096,3072
135,4096,3072
140,4096,3072
147,4096,3072
153,4096,3072
156,4096,3072
158,4096,3072
159,4096,3072
180,4096,3072
189,4096,3072
196,4096,3072
198,4096,3072
204,4096,3072
205,4096,3072
206,4096,3072
210,4096,3072
215,4096,3072
221,4096,3072
225,4096,3072
226,4096,3072
234,4096,3072
236,4096,3072
238,4096,3072
241,4096,3072
242,4096,3072
243,4096,3072
247,4096,3072
251,4096,3072
264,4096,3072
268,4096,3072
276,4096,3072
280,4096,3072
296,4096,3072
307,4096,3072
310,4096,3072
365,4096,3072
379,4096,3072
402,4096,3072
424,4096,3072
598,4096,3072
790,4096,3072
815,4096,3072
846,4096,3072
856,4096,3072
995,4096,3072
1025,4096,3072
1054,4096,3072
1058,4096,3072
1081,4096,3072
1084,4096,3072
1088,4096,3072
1102,4096,3072
1157,4096,3072
1191,4096,3072
1203,4096,3072
1263,4096,3072
1294,4096,3072
1304,4096,3072
1338,4096,3072
1347,4096,3072
1373,4096,3072
1374,4096,3072
1394,4096,3072
1414,4096,3072
1431,4096,3072
1440,4096,3072
1447,4096,3072
1467,4096,3072
1487,4096,3072
1500,4096,3072
1502,4096,3072
1507,4096,3072
1515,4096,3072
1549,4096,3072
1551,4096,3072
1554,4096,3072
1591,4096,3072
1619,4096,3072
1621,4096,3072
1627,4096,3072
1645,4096,3072
1662,4096,3072
1679,4096,3072
1717,4096,3072
1736,4096,3072
1737,4096,3072
1758,4096,3072
1776,4096,3072
1805,4096,3072
1826,4096,3072
1916,4096,3072
1921,4096,3072
1944,4096,3072
2020,4096,3072
2063,4096,3072
2069,4096,3072
2091,4096,3072
2133,4096,3072
2135,4096,3072
2138,4096,3072
2151,4096,3072
2206,4096,3072
2212,4096,3072
2224,4096,3072
2264,4096,3072
2275,4096,3072
2287,4096,3072
2299,4096,3072
2342,4096,3072
2346,4096,3072
2347,4096,3072
2355,4096,3072
2376,4096,3072
2383,4096,3072
2388,4096,3072
2394,4096,3072
2397,4096,3072
2405,4096,3072
2415,4096,3072
2425,4096,3072
2427,4096,3072
2488,4096,3072
2492,4096,3072
2495,4096,3072
2502,4096,3072
2505,4096,3072
2534,4096,3072
2538,4096,3072
2545,4096,3072
2567,4096,3072
2590,4096,3072
2598,4096,3072
2612,4096,3072
2627,4096,3072
2649,4096,3072
2654,4096,3072
2666,4096,3072
2679,4096,3072
2697,4096,3072
2702,4096,3072
2721,4096,3072
2725,4096,3072
2728,4096,3072
2730,4096,3072
2764,4096,3072
2765,4096,3072
2773,4096,3072
2807,4096,3072
2810,4096,3072
2826,4096,3072
2830,4096,3072
2856,4096,3072
2866,4096,3072
2868,4096,3072
2876,4096,3072
2894,4096,3072
2895,4096,3072
2905,4096,3072
2909,4096,3072
2911,4096,3072
2925,4096,3072
2961,4096,3072
2962,4096,3072
2963,4096,3072
2969,4096,3072
2984,4096,3072
2996,4096,3072
3010,4096,3072
3023,4096,3072
3032,4096,3072
3033,4096,3072
3035,4096,3072
3055,4096,3072
3071,4096,3072
3073,4096,3072
3076,4096,3072
3079,4096,3072
3101,4096,3072
3111,4096,3072
3121,4096,3072
3157,4096,3072
3165,4096,3072
3172,4096,3072
3174,4096,3072
3179,4096,3072
3207,4096,3072
3218,4096,3072
3221,4096,3072
3226,4096,3072
3227,4096,3072
3233,4096,3072
3266,4096,3072
3296,4096,3072
3301,4096,3072
3303,4096,3072
3305,4096,3072
3323,4096,3072
3325,4096,3072
3341,4096,3072
3353,4096,3072
3361,4096,3072
3376,4096,3072
3397,4096,3072
3420,4096,3072
3443,4096,3072
3464,4096,3072
3478,4096,3072
3479,4096,3072
3502,4096,3072
3507,4096,3072
3513,4096,3072
3521,4096,3072
3538,4096,3072
3539,4096,3072
3542,4096,3072
3553,4096,3072
3567,4096,3072
3575,4096,3072
3578,4096,3072
3582,4096,3072
3600,4096,3072
3612,4096,3072
3619,4096,3072
3620,4096,3072
3625,4096,3072
3628,4096,3072
3648,4096,3072
3667,4096,3072
3669,4096,3072
3696,4096,3072
3751,4096,3072
3775,4096,3072
3777,4096,3072
3820,4096,3072
3821,4096,3072
3832,4096,3072
3836,4096,3072
3843,4096,3072
3906,4096,3072
3911,4096,3072
3949,4096,3072
3951,4096,3072
3961,4096,3072
3990,4096,3072
3991,4096,3072
4003,4096,3072
4012,4096,3072
4013,4096,3072
4017,4096,3072
4033,4096,3072
4043,4096,3072
4053,4096,3072
4062,4096,3072
4086,4096,3072
4110,4096,3072
4113,4096,3072
4117,4096,3072
4140,4096,3072
4152,4096,3072
4165,4096,3072
4208,4096,3072
4210,4096,3072
4223,4096,3072
4231,4096,3072
4233,4096,3072
4238,4096,3072
4261,4096,3072
4308,4096,3072
4315,4096,3072
4324,4096,3072
4355,4096,3072
4359,4096,3072
4371,4096,3072
4386,4096,3072
4388,4096,3072
4398,4096,3072
4429,4096,3072
4432,4096,3072
4451,4096,3072
4530,4096,3072
4549,4096,3072
4553,4096,3072
4595,4096,3072
4644,4096,3072
4649,4096,3072
4663,4096,3072
4706,4096,3072
4725,4096,3072
4732,4096,3072
4738,4096,3072
4741,4096,3072
4760,4096,3072
4766,4096,3072
4786,4096,3072
4790,4096,3072
4794,4096,3072
4802,4096,3072
4818,4096,3072
4828,4096,3072
4833,4096,3072
4847,4096,3072
4877,4096,3072
4887,4096,3072
4892,4096,3072
4901,4096,3072
4947,4096,3072
4950,4096,3072
4968,4096,3072
4976,4096,3072
4979,4096,3072
4997,4096,3072
5060,4096,3072
5068,4096,3072
5092,4096,3072
5122,4096,3072
5142,4096,3072
5148,4096,3072
5149,4096,3072
5172,4096,3072
5180,4096,3072
5247,4096,3072
5254,4096,3072
5263,4096,3072
5265,4096,3072
5276,4096,3072
5322,4096,3072
5370,4096,3072
5381,4096,3072
5413,4096,3072
5485,4096,3072
5505,4096,3072
5529,4096,3072
5534,4096,3072
5540,4096,3072
5565,4096,3072
5584,4096,3072
5607,4096,3072
5620,4096,3072
5635,4096,3072
5661,4096,3072
5686,4096,3072
5705,4096,3072
5769,4096,3072
5777,4096,3072
5796,4096,3072
5809,4096,3072
5818,4096,3072
5851,4096,3072
5858,4096,3072
5896,4096,3072
5939,4096,3072
5959,4096,3072
5968,4096,3072
5974,4096,3072
5985,4096,3072
6020,4096,3072
6056,4096,3072
6058,4096,3072
6068,4096,3072
6069,4096,3072
6084,4096,3072
6108,4096,3072
6111,4096,3072
6151,4096,3072
6165,4096,3072
6252,4096,3072
6288,4096,3072
6376,4096,3072
6409,4096,3072
6439,4096,3072
6453,4096,3072
6470,4096,3072
6492,4096,3072
6510,4096,3072
6547,4096,3072
6553,4096,3072
6586,4096,3072
6659,4096,3072
6668,4096,3072
6671,4096,3072
6701,4096,3072
6710,4096,3072
6723,4096,3072
6772,4096,3072
6821,4096,3072
6851,4096,3072
6969,4096,3072
7042,4096,3072
7063,4096,3072
7084,4096,3072
7089,4096,3072
7092,4096,3072
7141,4096,3072
7185,4096,3072
7188,4096,3072
7216,4096,3072
7239,4096,3072
7257,4096,3072
7330,4096,3072
7350,4096,3072
7361,4096,3072
7389,4096,3072
7412,4096,3072
7427,4096,3072
7431,4096,3072
7459,4096,3072
7469,4096,3072
7495,4096,3072
7549,4096,3072
7584,4096,3072
7596,4096,3072
7621,4096,3072
7622,4096,3072
7663,4096,3072
7669,4096,3072
7745,4096,3072
7779,4096,3072
7791,4096,3072
7884,4096,3072
7887,4096,3072
7909,4096,3072
7929,4096,3072
7978,4096,3072
7990,4096,3072
8035,4096,3072
8056,4096,3072
8096,4096,3072
8103,4096,3072
8139,4096,3072
8142,4096,3072
8143,4096,3072
8148,4096,3072
8160,4096,3072
8180,4096,3072
8187,4096,3072
8217,4096,3072
8218,4096,3072
8289,4096,3072
8305,4096,3072
8314,4096,3072
8374,4096,3072
8379,4096,3072
8409,4096,3072
8428,4096,3072
8442,4096,3072
8454,4096,3072
8478,4096,3072
8500,4096,3072
8501,4096,3072
8524,4096,3072
8525,4096,3072
8578,4096,3072
8599,4096,3072
8604,4096,3072
8607,4096,3072
8611,4096,3072
8626,4096,3072
8655,4096,3072
8668,4096,3072
8753,4096,3072
8765,4096,3072
8774,4096,3072
8794,4096,3072
8795,4096,3072
8817,4096,3072
8844,4096,3072
8856,4096,3072
8868,4096,3072
8871,4096,3072
8882,4096,3072
8885,4096,3072
8888,4096,3072
8937,4096,3072
8941,4096,3072
8973,4096,3072
8977,4096,3072
9056,4096,3072
9092,4096,3072
9100,4096,3072
9122,4096,3072
9127,4096,3072
9144,4096,3072
9158,4096,3072
9177,4096,3072
9184,4096,3072
9188,4096,3072
9229,4096,3072
9249,4096,3072
9269,4096,3072
9270,4096,3072
9278,4096,3072
9286,4096,3072
9288,4096,3072
9289,4096,3072
9319,4096,3072
9328,4096,3072
9331,4096,3072
9337,4096,3072
9340,4096,3072
9359,4096,3072
9369,4096,3072
9372,4096,3072
9390,4096,3072
9405,4096,3072
9428,4096,3072
9433,4096,3072
9434,4096,3072
9444,4096,3072
9460,4096,3072
9464,4096,3072
9474,4096,3072
9489,4096,3072
9515,4096,3072
9520,4096,3072
9521,4096,3072
9537,4096,3072
9544,4096,3072
9560,4096,3072
9564,4096,3072
9575,4096,3072
9581,4096,3072
9583,4096,3072
9588,4096,3072
9602,4096,3072
9612,4096,3072
9626,4096,3072
9627,4096,3072
9639,4096,3072
9641,4096,3072
9646,4096,3072
9649,4096,3072
9662,4096,3072
9667,4096,3072
9677,4096,3072
9680,4096,3072
9682,4096,3072
9684,4096,3072
9699,4096,3072
9700,4096,3072
9725,4096,3072
9746,4096,3072
9747,4096,3072
9768,4096,3072
9774,4096,3072
9779,4096,3072
9783,4096,3072
9790,4096,3072
9792,4096,3072
9795,4096,3072
9803,4096,3072
9808,4096,3072
9809,4096,3072
9823,4096,3072
9829,4096,3072
9850,4096,3072
9852,4096,3072
9855,4096,3072
9871,4096,3072
9872,4096,3072
9882,4096,3072
9900,4096,3072
9904,4096,3072
9905,4096,3072
9911,4096,3072
9916,4096,3072
9917,4096,3072
9925,4096,3072
9929,4096,3072
9930,4096,3072
9937,4096,3072
9941,4096,3072
9948,4096,3072
9956,4096,3072
9967,4096,3072
9995,4096,3072
9996,4096,3072
10015,4096,3072
10018,4096,3072
10023,4096,3072
10039,4096,3072
10042,4096,3072
10044,4096,3072
10059,4096,3072
10094,4096,3072
10096,4096,3072
10098,4096,3072
10111,4096,3072
10117,4096,3072
10118,4096,3072
10139,4096,3072
10150,4096,3072
10153,4096,3072
10159,4096,3072
10192,4096,3072
10207,4096,3072
10211,4096,3072
10271,4096,3072
10307,4096,3072
10327,4096,3072
10340,4096,3072
10378,4096,3072
10399,4096,3072
10402,4096,3072
10451,4096,3072
10452,4096,3072
10474,4096,3072
10521,4096,3072
10531,4096,3072
10616,4096,3072
10630,4096,3072
10644,4096,3072
10645,4096,3072
10682,4096,3072
10685,4096,3072
10693,4096,3072
10696,4096,3072
10727,4096,3072
10733,4096,3072
10735,4096,3072
10739,4096,3072
10744,4096,3072
10748,4096,3072
10786,4096,3072
10824,4096,3072
10862,4096,3072
10874,4096,3072
10877,4096,3072
10919,4096,3072
10930,4096,3072
10960,4096,3072
10973,4096,3072
10976,4096,3072
10983,4096,3072
10988,4096,3072
11016,4096,3072
11034,4096,3072
11069,4096,3072
11077,4096,3072
11092,4096,3072
11098,4096,3072
11153,4096,3072
11162,4096,3072
11173,4096,3072
11185,4096,3072
11196,4096,3072
11207,4096,3072
11213,4096,3072
11218,4096,3072
11222,4096,3072
11238,4096,3072
11242,4096,3072
11258,4096,3072
11263,4096,3072
11269,4096,3072
11286,4096,3072
11299,4096,3072
11301,4096,3072
11321,4096,3072
11330,4096,3072
11348,4096,3072
11364,4096,3072
11429,4096,3072
11450,4096,3072
11455,4096,3072
11460,4096,3072
11475,4096,3072
11476,4096,3072
11491,4096,3072
11492,4096,3072
11513,4096,3072
11528,4096,3072
11536,4096,3072
11552,4096,3072
11554,4096,3072
11555,4096,3072
11567,4096,3072
11611,4096,3072
11637,4096,3072
11644,4096,3072
11667,4096,3072
11683,4096,3072
11687,4096,3072
11707,4096,3072
11716,4096,3072
11720,4096,3072
11730,4096,3072
11733,4096,3072
11742,4096,3072
11745,4096,3072
11764,4096,3072
11782,4096,3072
11801,4096,3072
11809,4096,3072
11824,4096,3072
11831,4096,3072
11832,4096,3072
11833,4096,3072
11860,4096,3072
11861,4096,3072
11873,4096,3072
11906,4096,3072
11926,4096,3072
11937,4096,3072
11948,4096,3072
11954,4096,3072
11987,4096,3072
12003,4096,3072
12101,4096,3072
12156,4096,3072
12171,4096,3072
12190,4096,3072
12195,4096,3072
12261,4096,3072
12279,4096,3072
12292,4096,3072
12300,4096,3072
12334,4096,3072
12340,4096,3072
12368,4096,3072
12372,4096,3072
12392,4096,3072
12397,4096,3072
12402,4096,3072
12422,4096,3072
12426,4096,3072
12451,4096,3072
12457,4096,3072
12465,4096,3072
12498,4096,3072
12501,4096,3072
12516,4096,3072
12536,4096,3072
12545,4096,3072
12593,4096,3072
12599,4096,3072
12620,4096,3072
12661,4096,3072
12687,4096,3072
12734,4096,3072
12742,4096,3072
12754,4096,3072
12755,4096,3072
12757,4096,3072
12776,4096,3072
12807,4096,3072
12821,4096,3072
12841,4096,3072
12939,4096,3072
12948,4096,3072
13011,4096,3072
13026,4096,3072
13028,4096,3072
13034,4096,3072
13036,4096,3072
13051,4096,3072
13052,4096,3072
13102,4096,3072
13111,4096,3072
13112,4096,3072
13128,4096,3072
13131,4096,3072
13146,4096,3072
13151,4096,3072
13159,4096,3072
13171,4096,3072
13229,4096,3072
13239,4096,3072
13278,4096,3072
13298,4096,3072
13338,4096,3072
13342,4096,3072
13366,4096,3072
13382,4096,3072
13422,4096,3072
13444,4096,3072
13456,4096,3072
13498,4096,3072
13524,4096,3072
13529,4096,3072
13560,4096,3072
13614,4096,3072
13700,4096,3072
13717,4096,3072
13739,4096,3072
13747,4096,3072
13786,4096,3072
13798,4096,3072
13801,4096,3072
13852,4096,3072
13954,4096,3072
13963,4096,3072
14036,4096,3072
14046,4096,3072
14068,4096,3072
14094,4096,3072
14107,4096,3072
14125,4096,3072
14175,4096,3072
14250,4096,3072
14270,4096,3072
14393,4096,3072
14395,4096,3072
14418,4096,3072
14468,4096,3072
14503,4096,3072
14564,4096,3072
14620,4096,3072
14622,4096,3072
14637,4096,3072
14641,4096,3072
14646,4096,3072
14655,4096,3072
14675,4096,3072
14698,4096,3072
14711,4096,3072
14730,4096,3072
14745,4096,3072
14776,4096,3072
14805,4096,3072
14836,4096,3072
14884,4096,3072
14910,4096,3072
14914,4096,3072
14918,4096,3072
14923,4096,3072
14932,4096,3072
14942,4096,3072
14948,4096,3072
14958,4096,3072
14961,4096,3072
15071,4096,3072
15109,4096,3072
15119,4096,3072
15146,4096,3072
15172,4096,3072
15200,4096,3072
15282,4096,3072
15295,4096,3072
15318,4096,3072
15332,4096,3072
15334,4096,3072
15363,4096,3072
15388,4096,3072
15399,4096,3072
15464,4096,3072
15486,4096,3072
15511,4096,3072
15513,4096,3072
15518,4096,3072
15563,4096,3072
15595,4096,3072
15635,4096,3072
15690,4096,3072
15798,4096,3072
15901,4096,3072
15994,4096,3072
15995,4096,3072
16017,4096,3072
16038,4096,3072
16083,4096,3072
16097,4096,3072
16106,4096,3072
16110,4096,3072
16124,4096,3072
16161,4096,3072
16172,4096,3072
16177,4096,3072
16206,4096,3072
16214,4096,3072
16237,4096,3072
16244,4096,3072
16310,4096,3072
16325,4096,3072
16335,4096,3072
16342,4096,3072
16354,4096,3072
16404,4096,3072
16417,4096,3072
16424,4096,3072
16428,4096,3072
16504,4096,3072
16532,4096,3072
16548,4096,3072
16549,4096,3072
16556,4096,3072
16595,4096,3072
16610,4096,3072
16611,4096,3072
16625,4096,3072
16638,4096,3072
16672,4096,3072
16679,4096,3072
16734,4096,3072
16776,4096,3072
16811,4096,3072
16823,4096,3072
16842,4096,3072
16850,4096,3072
16851,4096,3072
16932,4096,3072
16937,4096,3072
16941,4096,3072
16978,4096,3072
16983,4096,3072
16991,4096,3072
17044,4096,3072
17059,4096,3072
17063,4096,3072
17113,4096,3072
17122,4096,3072
17172,4096,3072
17174,4096,3072
17194,4096,3072
17274,4096,3072
17291,4096,3072
17300,4096,3072
17359,4096,3072
17432,4096,3072
17481,4096,3072
17490,4096,3072
17535,4096,3072
17568,4096,3072
17595,4096,3072
17605,4096,3072
17666,4096,3072
17694,4096,3072
17716,4096,3072
17720,4096,3072
17721,4096,3072
17744,4096,3072
17765,4096,3072
17772,4096,3072
17776,4096,3072
17829,4096,3072
17877,4096,3072
17879,4096,3072
17889,4096,3072
17907,4096,3072
17909,4096,3072
17972,4096,3072
17977,4096,3072
17980,4096,3072
17994,4096,3072
18013,4096,3072
18061,4096,3072
18089,4096,3072
18116,4096,3072
18120,4096,3072
18174,4096,3072
18181,4096,3072
18182,4096,3072
18200,4096,3072
18213,4096,3072
18228,4096,3072
18277,4096,3072
18278,4096,3072
18282,4096,3072
18303,4096,3072
18308,4096,3072
18422,4096,3072
18435,4096,3072
18462,4096,3072
18470,4096,3072
18511,4096,3072
18525,4096,3072
18526,4096,3072
18555,4096,3072
18572,4096,3072
18582,4096,3072
18585,4096,3072
18619,4096,3072
18628,4096,3072
18633,4096,3072
18655,4096,3072
18657,4096,3072
18711,4096,3072
18721,4096,3072
18722,4096,3072
18763,4096,3072
18771,4096,3072
18787,4096,3072
18797,4096,3072
18900,4096,3072
18917,4096,3072
18975,4096,3072
19000,4096,3072
19025,4096,3072
19065,4096,3072
19094,4096,3072
19097,4096,3072
19124,4096,3072
19165,4096,3072
19180,4096,3072
19185,4096,3072
19204,4096,3072
19226,4096,3072
19243,4096,3072
19282,4096,3072
19284,4096,3072
19292,4096,3072
19326,4096,3072
19334,4096,3072
19347,4096,3072
19367,4096,3072
19398,4096,3072
19464,4096,3072
19491,4096,3072
19515,4096,3072
19535,4096,3072
19547,4096,3072
19552,4096,3072
19587,4096,3072
19593,4096,3072
19603,4096,3072
19658,4096,3072
19663,4096,3072
19704,4096,3072
19812,4096,3072
19820,4096,3072
19925,4096,3072
19938,4096,3072
19947,4096,3072
20094,4096,3072
20103,4096,3072
20114,4096,3072
20117,4096,3072
20144,4096,3072
20209,4096,3072
20215,4096,3072
20226,4096,3072
20236,4096,3072
20238,4096,3072
20268,4096,3072
20305,4096,3072
20313,4096,3072
20345,4096,3072
20428,4096,3072
20430,4096,3072
20433,4096,3072
20518,4096,3072
20583,4096,3072
20630,4096,3072
20662,4096,3072
20676,4096,3072
20742,4096,3072
20766,4096,3072
20901,4096,3072
20932,4096,3072
20934,4096,3072
20945,4096,3072
20953,4096,3072
20960,4096,3072
21001,4096,3072
21059,4096,3072
21061,4096,3072
21116,4096,3072
21142,4096,3072
21149,4096,3072
21158,4096,3072
21183,4096,3072
21208,4096,3072
21258,4096,3072
21263,4096,3072
21456,4096,3072
21468,4096,3072
21540,4096,3072
21567,4096,3072
21596,4096,3072
21642,4096,3072
21658,4096,3072
21669,4096,3072
21709,4096,3072
21719,4096,3072
21721,4096,3072
21740,4096,3072
21778,4096,3072
21801,4096,3072
21827,4096,3072
21883,4096,3072
21901,4096,3072
21909,4096,3072
21959,4096,3072
21985,4096,3072
22063,4096,3072
22086,4096,3072
22094,4096,3072
22155,4096,3072
22170,4096,3072
22186,4096,3072
22192,4096,3072
22245,4096,3072
22338,4096,3072
22340,4096,3072
22418,4096,3072
22493,4096,3072
22538,4096,3072
22568,4096,3072
22575,4096,3072
22617,4096,3072
22625,4096,3072
22628,4096,3072
22735,4096,3072
22885,4096,3072
22894,4096,3072
22922,4096,3072
22950,4096,3072
22952,4096,3072
23055,4096,3072
23142,4096,3072
23156,4096,3072
23200,4096,3072
23361,4096,3072
23370,4096,3072
23391,4096,3072
23398,4096,3072
23425,4096,3072
23441,4096,3072
23448,4096,3072
23452,4096,3072
23623,4096,3072
23636,4096,3072
23725,4096,3072
23985,4096,3072
24007,4096,3072
24111,4096,3072
24121,4096,3072
24188,4096,3072
24198,4096,3072
24199,4096,3072
24264,4096,3072
24294,4096,3072
24330,4096,3072
24383,4096,3072
24413,4096,3072
24503,4096,3072
24538,4096,3072
24611,4096,3072
24615,4096,3072
24730,4096,3072
24732,4096,3072
24739,4096,3072
24742,4096,3072
24761,4096,3072
24782,4096,3072
24793,4096,3072
24876,4096,3072
24937,4096,3072
24941,4096,3072
24977,4096,3072
24978,4096,3072
25163,4096,3072
25283,4096,3072
25284,4096,3072
25316,4096,3072
25351,4096,3072
25392,4096,3072
25427,4096,3072
25556,4096,3072
25639,4096,3072
25679,4096,3072
25683,4096,3072
25684,4096,3072
25727,4096,3072
25782,4096,3072
25809,4096,3072
25822,4096,3072
25910,4096,3072
25912,4096,3072
25972,4096,3072
26088,4096,3072
26150,4096,3072
26172,4096,3072
26192,4096,3072
26302,4096,3072
26311,4096,3072
26323,4096,3072
26363,4096,3072
26372,4096,3072
26389,4096,3072
26393,4096,3072
26459,4096,3072
26483,4096,3072
26504,4096,3072
26641,4096,3072
26662,4096,3072
26770,4096,3072
26800,4096,3072
26819,4096,3072
26912,4096,3072
26929,4096,3072
26951,4096,3072
27023,4096,3072
27028,4096,3072
27051,4096,3072
27065,4096,3072
27066,4096,3072
27148,4096,3072
27231,4096,3072
27251,4096,3072
27258,4096,3072
27371,4096,3072
27464,4096,3072
27467,4096,3072
27535,4096,3072
27582,4096,3072
27584,4096,3072
27607,4096,3072
27618,4096,3072
27630,4096,3072
27659,4096,3072
27716,4096,3072
27761,4096,3072
27781,4096,3072
27845,4096,3072
27878,4096,3072
27946,4096,3072
27958,4096,3072
27968,4096,3072
27973,4096,3072
27992,4096,3072
28028,4096,3072
28034,4096,3072
28086,4096,3072
28147,4096,3072
28173,4096,3072
28185,4096,3072
28250,4096,3072
28282,4096,3072
28312,4096,3072
28314,4096,3072
28361,4096,3072
28384,4096,3072
28445,4096,3072
28499,4096,3072
28555,4096,3072
28621,4096,3072
28635,4096,3072
28684,4096,3072
28702,4096,3072
28719,4096,3072
28733,4096,3072
28734,4096,3072
28845,4096,3072
28884,4096,3072
28966,4096,3072
28986,4096,3072
29121,4096,3072
29164,4096,3072
29215,4096,3072
29261,4096,3072
29290,4096,3072
29326,4096,3072
29366,4096,3072
29376,4096,3072
29399,4096,3072
29418,4096,3072
29481,4096,3072
29521,4096,3072
29529,4096,3072
29532,4096,3072
29559,4096,3072
29603,4096,3072
29615,4096,3072
29701,4096,3072
29707,4096,3072
29732,4096,3072
29756,4096,3072
29765,4096,3072
29768,4096,3072
29772,4096,3072
29794,4096,3072
29801,4096,3072
29816,4096,3072
29884,4096,3072
30057,4096,3072
30062,4096,3072
30095,4096,3072
30115,4096,3072
30204,4096,3072
30222,4096,3072
30359,4096,3072
30445,4096,3072
30463,4096,3072
30494,4096,3072
30504,4096,3072
30513,4096,3072
30531,4096,3072
30547,4096,3072
30580,4096,3072
30658,4096,3072
30684,4096,3072
30747,4096,3072
30788,4096,3072
30821,4096,3072
30837,4096,3072
30886,4096,3072
30998,4096,3072
31037,4096,3072
31076,4096,3072
31083,4096,3072
31160,4096,3072
31249,4096,3072
31258,4096,3072
31277,4096,3072
31387,4096,3072
31408,4096,3072
31457,4096,3072
31505,4096,3072
31506,4096,3072
31529,4096,3072
31603,4096,3072
31628,4096,3072
31658,4096,3072
31775,4096,3072
31798,4096,3072
31799,4096,3072
31815,4096,3072
31876,4096,3072
31937,4096,3072
32073,4096,3072
32120,4096,3072
32194,4096,3072
32228,4096,3072
32246,4096,3072
32255,4096,3072
32265,4096,3072
32276,4096,3072
32338,4096,3072
32379,4096,3072
32448,4096,3072
32517,4096,3072
32523,4096,3072
32757,4096,3072
7,8192,3072
20,8192,3072
23,8192,3072
38,8192,3072
43,8192,3072
59,8192,3072
70,8192,3072
74,8192,3072
76,8192,3072
77,8192,3072
86,8192,3072
93,8192,3072
103,8192,3072
107,8192,3072
113,8192,3072
117,8192,3072
123,8192,3072
124,8192,3072
125,8192,3072
126,8192,3072
130,8192,3072
131,8192,3072
134,8192,3072
139,8192,3072
146,8192,3072
150,8192,3072
170,8192,3072
174,8192,3072
185,8192,3072
191,8192,3072
193,8192,3072
196,8192,3072
212,8192,3072
261,8192,3072
271,8192,3072
287,8192,3072
289,8192,3072
324,8192,3072
356,8192,3072
392,8192,3072
403,8192,3072
410,8192,3072
568,8192,3072
589,8192,3072
643,8192,3072
683,8192,3072
731,8192,3072
753,8192,3072
784,8192,3072
839,8192,3072
914,8192,3072
923,8192,3072
934,8192,3072
945,8192,3072
961,8192,3072
962,8192,3072
965,8192,3072
1079,8192,3072
1099,8192,3072
1101,8192,3072
1145,8192,3072
1178,8192,3072
1182,8192,3072
1198,8192,3072
1204,8192,3072
1249,8192,3072
1260,8192,3072
1278,8192,3072
1286,8192,3072
1295,8192,3072
1317,8192,3072
1337,8192,3072
1348,8192,3072
1395,8192,3072
1412,8192,3072
1435,8192,3072
1436,8192,3072
1457,8192,3072
1467,8192,3072
1470,8192,3072
1489,8192,3072
1511,8192,3072
1521,8192,3072
1537,8192,3072
1588,8192,3072
1616,8192,3072
1617,8192,3072
1626,8192,3072
1644,8192,3072
1649,8192,3072
1653,8192,3072
1685,8192,3072
1693,8192,3072
1711,8192,3072
1729,8192,3072
1737,8192,3072
1745,8192,3072
1762,8192,3072
1766,8192,3072
1778,8192,3072
1782,8192,3072
1801,8192,3072
1811,8192,3072
1820,8192,3072
1823,8192,3072
1838,8192,3072
1844,8192,3072
1870,8192,3072
1878,8192,3072
1901,8192,3072
1905,8192,3072
1910,8192,3072
1958,8192,3072
1996,8192,3072
2005,8192,3072
2034,8192,3072
2042,8192,3072
2084,8192,3072
2120,8192,3072
2129,8192,3072
2140,8192,3072
2145,8192,3072
2146,8192,3072
2151,8192,3072
2158,8192,3072
2159,8192,3072
2179,8192,3072
2195,8192,3072
2221,8192,3072
2223,8192,3072
2243,8192,3072
2261,8192,3072
2263,8192,3072
2307,8192,3072
2308,8192,3072
2314,8192,3072
2318,8192,3072
2322,8192,3072
2328,8192,3072
2342,8192,3072
2353,8192,3072
2364,8192,3072
2376,8192,3072
2379,8192,3072
2386,8192,3072
2418,8192,3072
2425,8192,3072
2429,8192,3072
2444,8192,3072
2471,8192,3072
2474,8192,3072
2481,8192,3072
2489,8192,3072
2509,8192,3072
2535,8192,3072
2538,8192,3072
2565,8192,3072
2569,8192,3072
2571,8192,3072
2582,8192,3072
2601,8192,3072
2612,8192,3072
2614,8192,3072
2617,8192,3072
2627,8192,3072
2631,8192,3072
2640,8192,3072
2660,8192,3072
2673,8192,3072
2693,8192,3072
2695,8192,3072
2696,8192,3072
2698,8192,3072
2734,8192,3072
2760,8192,3072
2762,8192,3072
2786,8192,3072
2802,8192,3072
2809,8192,3072
2823,8192,3072
2836,8192,3072
2844,8192,3072
2846,8192,3072
2855,8192,3072
2863,8192,3072
2881,8192,3072
2914,8192,3072
2927,8192,3072
2937,8192,3072
2938,8192,3072
3006,8192,3072
3017,8192,3072
3022,8192,3072
3041,8192,3072
3100,8192,3072
3108,8192,3072
3122,8192,3072
3156,8192,3072
3175,8192,3072
3191,8192,3072
3192,8192,3072
3198,8192,3072
3245,8192,3072
3249,8192,3072
3254,8192,3072
3293,8192,3072
3302,8192,3072
3316,8192,3072
3336,8192,3072
3337,8192,3072
3359,8192,3072
3383,8192,3072
3416,8192,3072
3450,8192,3072
3458,8192,3072
3459,8192,3072
3466,8192,3072
3486,8192,3072
3487,8192,3072
3493,8192,3072
3507,8192,3072
3517,8192,3072
3554,8192,3072
3563,8192,3072
3566,8192,3072
3589,8192,3072
3603,8192,3072
3605,8192,3072
3627,8192,3072
3635,8192,3072
3636,8192,3072
3646,8192,3072
3660,8192,3072
3667,8192,3072
3691,8192,3072
3693,8192,3072
3697,8192,3072
3723,8192,3072
3732,8192,3072
3748,8192,3072
3759,8192,3072
3764,8192,3072
3785,8192,3072
3788,8192,3072
3799,8192,3072
3808,8192,3072
3862,8192,3072
3875,8192,3072
3879,8192,3072
3891,8192,3072
3902,8192,3072
3912,8192,3072
3915,8192,3072
3918,8192,3072
3919,8192,3072
3945,8192,3072
3946,8192,3072
3953,8192,3072
3989,8192,3072
3993,8192,3072
3998,8192,3072
4005,8192,3072
4031,8192,3072
4080,8192,3072
4087,8192,3072
4102,8192,3072
4106,8192,3072
4112,8192,3072
4115,8192,3072
4121,8192,3072
4125,8192,3072
4127,8192,3072
4153,8192,3072
4212,8192,3072
4215,8192,3072
4218,8192,3072
4222,8192,3072
4227,8192,3072
4231,8192,3072
4239,8192,3072
4242,8192,3072
4263,8192,3072
4272,8192,3072
4317,8192,3072
4331,8192,3072
4340,8192,3072
4346,8192,3072
4370,8192,3072
4376,8192,3072
4411,8192,3072
4420,8192,3072
4431,8192,3072
4556,8192,3072
4557,8192,3072
4564,8192,3072
4625,8192,3072
4630,8192,3072
4657,8192,3072
4666,8192,3072
4682,8192,3072
4688,8192,3072
4730,8192,3072
4751,8192,3072
4774,8192,3072
4778,8192,3072
4801,8192,3072
4831,8192,3072
4881,8192,3072
4894,8192,3072
4910,8192,3072
4938,8192,3072
4942,8192,3072
4952,8192,3072
4980,8192,3072
4994,8192,3072
4996,8192,3072
5086,8192,3072
5104,8192,3072
5107,8192,3072
5143,8192,3072
5186,8192,3072
5187,8192,3072
5205,8192,3072
5271,8192,3072
5306,8192,3072
5339,8192,3072
5371,8192,3072
5384,8192,3072
5399,8192,3072
5417,8192,3072
5430,8192,3072
5459,8192,3072
5498,8192,3072
5501,8192,3072
5515,8192,3072
5519,8192,3072
5525,8192,3072
5542,8192,3072
5546,8192,3072
5555,8192,3072
5575,8192,3072
5578,8192,3072
5605,8192,3072
5606,8192,3072
5613,8192,3072
5625,8192,3072
5628,8192,3072
5641,8192,3072
5644,8192,3072
5649,8192,3072
5695,8192,3072
5707,8192,3072
5718,8192,3072
5726,8192,3072
5739,8192,3072
5772,8192,3072
5783,8192,3072
5797,8192,3072
5905,8192,3072
5910,8192,3072
5917,8192,3072
5919,8192,3072
5990,8192,3072
6001,8192,3072
6018,8192,3072
6020,8192,3072
6044,8192,3072
6088,8192,3072
6126,8192,3072
6152,8192,3072
6159,8192,3072
6166,8192,3072
6181,8192,3072
6196,8192,3072
6206,8192,3072
6215,8192,3072
6225,8192,3072
6314,8192,3072
6324,8192,3072
6328,8192,3072
6342,8192,3072
6359,8192,3072
6365,8192,3072
6375,8192,3072
6381,8192,3072
6389,8192,3072
6414,8192,3072
6423,8192,3072
6426,8192,3072
6450,8192,3072
6488,8192,3072
6501,8192,3072
6523,8192,3072
6532,8192,3072
6540,8192,3072
6551,8192,3072
6588,8192,3072
6592,8192,3072
6608,8192,3072
6612,8192,3072
6613,8192,3072
6628,8192,3072
6647,8192,3072
6678,8192,3072
6680,8192,3072
6691,8192,3072
6693,8192,3072
6694,8192,3072
6708,8192,3072
6735,8192,3072
6764,8192,3072
6771,8192,3072
6814,8192,3072
6829,8192,3072
6866,8192,3072
6868,8192,3072
6926,8192,3072
6966,8192,3072
6976,8192,3072
7073,8192,3072
7078,8192,3072
7082,8192,3072
7104,8192,3072
7197,8192,3072
7210,8192,3072
7335,8192,3072
7361,8192,3072
7399,8192,3072
7456,8192,3072
7541,8192,3072
7553,8192,3072
7588,8192,3072
7593,8192,3072
7691,8192,3072
7693,8192,3072
7713,8192,3072
7731,8192,3072
7768,8192,3072
7769,8192,3072
7797,8192,3072
7817,8192,3072
7840,8192,3072
7855,8192,3072
7878,8192,3072
7895,8192,3072
7987,8192,3072
7989,8192,3072
7992,8192,3072
8010,8192,3072
8033,8192,3072
8078,8192,3072
8150,8192,3072
8212,8192,3072
8234,8192,3072
8255,8192,3072
8266,8192,3072
8329,8192,3072
8338,8192,3072
8364,8192,3072
8375,8192,3072
8388,8192,3072
8415,8192,3072
8416,8192,3072
8430,8192,3072
8447,8192,3072
8475,8192,3072
8478,8192,3072
8525,8192,3072
8526,8192,3072
8543,8192,3072
8548,8192,3072
8577,8192,3072
8578,8192,3072
8602,8192,3072
8607,8192,3072
8622,8192,3072
8632,8192,3072
8644,8192,3072
8645,8192,3072
8646,8192,3072
8648,8192,3072
8663,8192,3072
8699,8192,3072
8744,8192,3072
8749,8192,3072
8759,8192,3072
8780,8192,3072
8788,8192,3072
8793,8192,3072
8794,8192,3072
8802,8192,3072
8810,8192,3072
8820,8192,3072
8828,8192,3072
8845,8192,3072
8880,8192,3072
8882,8192,3072
8924,8192,3072
8927,8192,3072
8958,8192,3072
8959,8192,3072
8966,8192,3072
8975,8192,3072
8984,8192,3072
8992,8192,3072
9017,8192,3072
9034,8192,3072
9037,8192,3072
9045,8192,3072
9047,8192,3072
9068,8192,3072
9076,8192,3072
9086,8192,3072
9098,8192,3072
9104,8192,3072
9118,8192,3072
9145,8192,3072
9152,8192,3072
9176,8192,3072
9178,8192,3072
9179,8192,3072
9181,8192,3072
9187,8192,3072
9190,8192,3072
9192,8192,3072
9226,8192,3072
9232,8192,3072
9247,8192,3072
9258,8192,3072
9263,8192,3072
9264,8192,3072
9279,8192,3072
9304,8192,3072
9305,8192,3072
9308,8192,3072
9312,8192,3072
9323,8192,3072
9328,8192,3072
9336,8192,3072
9352,8192,3072
9358,8192,3072
9388,8192,3072
9417,8192,3072
9426,8192,3072
9444,8192,3072
9455,8192,3072
9467,8192,3072
9482,8192,3072
9485,8192,3072
9496,8192,3072
9497,8192,3072
9519,8192,3072
9540,8192,3072
9546,8192,3072
9547,8192,3072
9554,8192,3072
9570,8192,3072
9575,8192,3072
9576,8192,3072
9607,8192,3072
9625,8192,3072
9627,8192,3072
9639,8192,3072
9647,8192,3072
9649,8192,3072
9654,8192,3072
9661,8192,3072
9662,8192,3072
9671,8192,3072
9678,8192,3072
9681,8192,3072
9704,8192,3072
9714,8192,3072
9716,8192,3072
9718,8192,3072
9724,8192,3072
9733,8192,3072
9741,8192,3072
9749,8192,3072
9760,8192,3072
9766,8192,3072
9798,8192,3072
9806,8192,3072
9827,8192,3072
9829,8192,3072
9831,8192,3072
9838,8192,3072
9840,8192,3072
9843,8192,3072
9845,8192,3072
9849,8192,3072
9850,8192,3072
9853,8192,3072
9855,8192,3072
9870,8192,3072
9871,8192,3072
9879,8192,3072
9883,8192,3072
9890,8192,3072
9892,8192,3072
9894,8192,3072
9898,8192,3072
9920,8192,3072
9956,8192,3072
9960,8192,3072
9965,8192,3072
9978,8192,3072
9979,8192,3072
9981,8192,3072
10007,8192,3072
10012,8192,3072
10027,8192,3072
10044,8192,3072
10058,8192,3072
10062,8192,3072
10068,8192,3072
10071,8192,3072
10078,8192,3072
10093,8192,3072
10094,8192,3072
10101,8192,3072
10104,8192,3072
10116,8192,3072
10132,8192,3072
10138,8192,3072
10139,8192,3072
10140,8192,3072
10141,8192,3072
10156,8192,3072
10160,8192,3072
10164,8192,3072
10165,8192,3072
10186,8192,3072
10187,8192,3072
10191,8192,3072
10201,8192,3072
10211,8192,3072
10218,8192,3072
10232,8192,3072
10233,8192,3072
10235,8192,3072
10236,8192,3072
10243,8192,3072
10246,8192,3072
10247,8192,3072
10257,8192,3072
10266,8192,3072
10267,8192,3072
10268,8192,3072
10276,8192,3072
10277,8192,3072
10285,8192,3072
10306,8192,3072
10319,8192,3072
10329,8192,3072
10338,8192,3072
10339,8192,3072
10341,8192,3072
10343,8192,3072
10360,8192,3072
10362,8192,3072
10379,8192,3072
10383,8192,3072
10441,8192,3072
10445,8192,3072
10454,8192,3072
10466,8192,3072
10474,8192,3072
10494,8192,3072
10502,8192,3072
10505,8192,3072
10517,8192,3072
10518,8192,3072
10519,8192,3072
10521,8192,3072
10525,8192,3072
10529,8192,3072
10530,8192,3072
10533,8192,3072
10543,8192,3072
10554,8192,3072
10561,8192,3072
10565,8192,3072
10588,8192,3072
10590,8192,3072
10592,8192,3072
10598,8192,3072
10609,8192,3072
10614,8192,3072
10630,8192,3072
10650,8192,3072
10657,8192,3072
10666,8192,3072
10675,8192,3072
10682,8192,3072
10692,8192,3072
10723,8192,3072
10728,8192,3072
10735,8192,3072
10740,8192,3072
10751,8192,3072
10763,8192,3072
10795,8192,3072
10813,8192,3072
10824,8192,3072
10856,8192,3072
10861,8192,3072
10890,8192,3072
10895,8192,3072
10899,8192,3072
10908,8192,3072
10936,8192,3072
10948,8192,3072
10959,8192,3072
10975,8192,3072
10986,8192,3072
10991,8192,3072
11010,8192,3072
11015,8192,3072
11028,8192,3072
11039,8192,3072
11047,8192,3072
11048,8192,3072
11065,8192,3072
11066,8192,3072
11067,8192,3072
11072,8192,3072
11080,8192,3072
11086,8192,3072
11097,8192,3072
11105,8192,3072
11109,8192,3072
11110,8192,3072
11120,8192,3072
11139,8192,3072
11148,8192,3072
11164,8192,3072
11190,8192,3072
11200,8192,3072
11208,8192,3072
11214,8192,3072
11221,8192,3072
11230,8192,3072
11236,8192,3072
11248,8192,3072
11253,8192,3072
11258,8192,3072
11283,8192,3072
11284,8192,3072
11301,8192,3072
11316,8192,3072
11317,8192,3072
11320,8192,3072
11352,8192,3072
11353,8192,3072
11359,8192,3072
11368,8192,3072
11373,8192,3072
11407,8192,3072
11408,8192,3072
11409,8192,3072
11420,8192,3072
11433,8192,3072
11436,8192,3072
11438,8192,3072
11446,8192,3072
11449,8192,3072
11466,8192,3072
11467,8192,3072
11469,8192,3072
11475,8192,3072
11476,8192,3072
11486,8192,3072
11492,8192,3072
11506,8192,3072
11507,8192,3072
11510,8192,3072
11517,8192,3072
11519,8192,3072
11526,8192,3072
11555,8192,3072
11566,8192,3072
11616,8192,3072
11622,8192,3072
11638,8192,3072
11641,8192,3072
11647,8192,3072
11673,8192,3072
11682,8192,3072
11697,8192,3072
11701,8192,3072
11707,8192,3072
11724,8192,3072
11736,8192,3072
11766,8192,3072
11773,8192,3072
11774,8192,3072
11781,8192,3072
11792,8192,3072
11815,8192,3072
11821,8192,3072
11828,8192,3072
11871,8192,3072
11877,8192,3072
11890,8192,3072
11902,8192,3072
11925,8192,3072
11931,8192,3072
11960,8192,3072
11978,8192,3072
11979,8192,3072
11989,8192,3072
11991,8192,3072
12010,8192,3072
12022,8192,3072
12025,8192,3072
12044,8192,3072
12055,8192,3072
12072,8192,3072
12074,8192,3072
12084,8192,3072
12095,8192,3072
12117,8192,3072
12134,8192,3072
12143,8192,3072
12144,8192,3072
12197,8192,3072
12250,8192,3072
12311,8192,3072
12325,8192,3072
12338,8192,3072
12342,8192,3072
12350,8192,3072
12365,8192,3072
12372,8192,3072
12410,8192,3072
12430,8192,3072
12439,8192,3072
12442,8192,3072
12444,8192,3072
12464,8192,3072
12466,8192,3072
12481,8192,3072
12496,8192,3072
12540,8192,3072
12541,8192,3072
12567,8192,3072
12569,8192,3072
12571,8192,3072
12584,8192,3072
12619,8192,3072
12647,8192,3072
12661,8192,3072
12675,8192,3072
12756,8192,3072
12759,8192,3072
12768,8192,3072
12788,8192,3072
12873,8192,3072
12899,8192,3072
12969,8192,3072
13019,8192,3072
13060,8192,3072
13076,8192,3072
13083,8192,3072
13084,8192,3072
13098,8192,3072
13111,8192,3072
13125,8192,3072
13182,8192,3072
13219,8192,3072
13230,8192,3072
13234,8192,3072
13259,8192,3072
13282,8192,3072
13283,8192,3072
13285,8192,3072
13300,8192,3072
13303,8192,3072
13307,8192,3072
13427,8192,3072
13438,8192,3072
13461,8192,3072
13463,8192,3072
13484,8192,3072
13500,8192,3072
13538,8192,3072
13582,8192,3072
13607,8192,3072
13669,8192,3072
13677,8192,3072
13706,8192,3072
13711,8192,3072
13722,8192,3072
13728,8192,3072
13730,8192,3072
13733,8192,3072
13747,8192,3072
13762,8192,3072
13856,8192,3072
13869,8192,3072
13899,8192,3072
13954,8192,3072
14020,8192,3072
14063,8192,3072
14064,8192,3072
14098,8192,3072
14101,8192,3072
14143,8192,3072
14176,8192,3072
14179,8192,3072
14215,8192,3072
14237,8192,3072
14245,8192,3072
14277,8192,3072
14328,8192,3072
14335,8192,3072
14354,8192,3072
14358,8192,3072
14359,8192,3072
14379,8192,3072
14382,8192,3072
14398,8192,3072
14405,8192,3072
14449,8192,3072
14511,8192,3072
14559,8192,3072
14575,8192,3072
14596,8192,3072
14643,8192,3072
14663,8192,3072
14664,8192,3072
14669,8192,3072
14680,8192,3072
14711,8192,3072
14716,8192,3072
14719,8192,3072
14762,8192,3072
14770,8192,3072
14857,8192,3072
14858,8192,3072
14860,8192,3072
14866,8192,3072
14871,8192,3072
14885,8192,3072
14924,8192,3072
14969,8192,3072
14970,8192,3072
14981,8192,3072
15003,8192,3072
15018,8192,3072
15032,8192,3072
15045,8192,3072
15075,8192,3072
15113,8192,3072
15132,8192,3072
15143,8192,3072
15160,8192,3072
15193,8192,3072
15259,8192,3072
15331,8192,3072
15367,8192,3072
15376,8192,3072
15394,8192,3072
15443,8192,3072
15601,8192,3072
15606,8192,3072
15626,8192,3072
15633,8192,3072
15649,8192,3072
15685,8192,3072
15729,8192,3072
15773,8192,3072
15792,8192,3072
15854,8192,3072
15891,8192,3072
15911,8192,3072
15927,8192,3072
15939,8192,3072
16005,8192,3072
16018,8192,3072
16085,8192,3072
16101,8192,3072
16122,8192,3072
16134,8192,3072
16187,8192,3072
16201,8192,3072
16234,8192,3072
16243,8192,3072
16269,8192,3072
16348,8192,3072
16356,8192,3072
16359,8192,3072
16398,8192,3072
16432,8192,3072
16435,8192,3072
16453,8192,3072
16461,8192,3072
16503,8192,3072
16528,8192,3072
16550,8192,3072
16586,8192,3072
16603,8192,3072
16616,8192,3072
16617,8192,3072
16624,8192,3072
16626,8192,3072
16638,8192,3072
16719,8192,3072
16760,8192,3072
16788,8192,3072
16792,8192,3072
16797,8192,3072
16903,8192,3072
16905,8192,3072
16908,8192,3072
16931,8192,3072
16988,8192,3072
16990,8192,3072
17025,8192,3072
17042,8192,3072
17112,8192,3072
17124,8192,3072
17130,8192,3072
17139,8192,3072
17157,8192,3072
17176,8192,3072
17242,8192,3072
17246,8192,3072
17307,8192,3072
17336,8192,3072
17341,8192,3072
17389,8192,3072
17401,8192,3072
17405,8192,3072
17422,8192,3072
17442,8192,3072
17451,8192,3072
17456,8192,3072
17468,8192,3072
17476,8192,3072
17485,8192,3072
17512,8192,3072
17523,8192,3072
17531,8192,3072
17578,8192,3072
17582,8192,3072
17591,8192,3072
17671,8192,3072
17756,8192,3072
17779,8192,3072
17827,8192,3072
17835,8192,3072
17892,8192,3072
17906,8192,3072
17936,8192,3072
17958,8192,3072
18005,8192,3072
18006,8192,3072
18017,8192,3072
18025,8192,3072
18039,8192,3072
18063,8192,3072
18120,8192,3072
18125,8192,3072
18145,8192,3072
18146,8192,3072
18157,8192,3072
18180,8192,3072
18202,8192,3072
18253,8192,3072
18266,8192,3072
18280,8192,3072
18331,8192,3072
18348,8192,3072
18351,8192,3072
18365,8192,3072
18370,8192,3072
18380,8192,3072
18381,8192,3072
18413,8192,3072
18433,8192,3072
18472,8192,3072
18499,8192,3072
18513,8192,3072
18532,8192,3072
18654,8192,3072
18658,8192,3072
18673,8192,3072
18687,8192,3072
18760,8192,3072
18809,8192,3072
18830,8192,3072
18868,8192,3072
18930,8192,3072
18976,8192,3072
18991,8192,3072
18995,8192,3072
19028,8192,3072
19041,8192,3072
19126,8192,3072
19141,8192,3072
19150,8192,3072
19178,8192,3072
19245,8192,3072
19280,8192,3072
19316,8192,3072
19338,8192,3072
19359,8192,3072
19363,8192,3072
19389,8192,3072
19399,8192,3072
19407,8192,3072
19417,8192,3072
19459,8192,3072
19461,8192,3072
19520,8192,3072
19529,8192,3072
19537,8192,3072
19588,8192,3072
19602,8192,3072
19608,8192,3072
19623,8192,3072
19679,8192,3072
19783,8192,3072
19801,8192,3072
19837,8192,3072
19866,8192,3072
19884,8192,3072
19897,8192,3072
19918,8192,3072
19941,8192,3072
19982,8192,3072
20037,8192,3072
20042,8192,3072
20095,8192,3072
20122,8192,3072
20138,8192,3072
20153,8192,3072
20166,8192,3072
20234,8192,3072
20241,8192,3072
20243,8192,3072
20248,8192,3072
20319,8192,3072
20406,8192,3072
20420,8192,3072
20441,8192,3072
20442,8192,3072
20485,8192,3072
20516,8192,3072
20599,8192,3072
20645,8192,3072
20789,8192,3072
20814,8192,3072
20819,8192,3072
20884,8192,3072
20906,8192,3072
20930,8192,3072
20964,8192,3072
20966,8192,3072
21007,8192,3072
21055,8192,3072
21063,8192,3072
21126,8192,3072
21149,8192,3072
21153,8192,3072
21168,8192,3072
21173,8192,3072
21250,8192,3072
21255,8192,3072
21308,8192,3072
21343,8192,3072
21423,8192,3072
21430,8192,3072
21439,8192,3072
21450,8192,3072
21464,8192,3072
21497,8192,3072
21579,8192,3072
21580,8192,3072
21595,8192,3072
21610,8192,3072
21641,8192,3072
21658,8192,3072
21674,8192,3072
21694,8192,3072
21726,8192,3072
21727,8192,3072
21759,8192,3072
21768,8192,3072
21823,8192,3072
21832,8192,3072
21849,8192,3072
21854,8192,3072
21855,8192,3072
21920,8192,3072
21947,8192,3072
21959,8192,3072
21987,8192,3072
21990,8192,3072
22080,8192,3072
22083,8192,3072
22101,8192,3072
22109,8192,3072
22118,8192,3072
22119,8192,3072
22121,8192,3072
22134,8192,3072
22146,8192,3072
22185,8192,3072
22192,8192,3072
22223,8192,3072
22234,8192,3072
22306,8192,3072
22349,8192,3072
22355,8192,3072
22359,8192,3072
22363,8192,3072
22365,8192,3072
22367,8192,3072
22409,8192,3072
22439,8192,3072
22496,8192,3072
22522,8192,3072
22616,8192,3072
22617,8192,3072
22632,8192,3072
22646,8192,3072
22700,8192,3072
22718,8192,3072
22801,8192,3072
22817,8192,3072
22858,8192,3072
22860,8192,3072
22871,8192,3072
22885,8192,3072
22901,8192,3072
23026,8192,3072
23183,8192,3072
23215,8192,3072
23260,8192,3072
23308,8192,3072
23329,8192,3072
23345,8192,3072
23366,8192,3072
23378,8192,3072
23397,8192,3072
23443,8192,3072
23640,8192,3072
23648,8192,3072
23675,8192,3072
23691,8192,3072
23750,8192,3072
23751,8192,3072
23774,8192,3072
23783,8192,3072
23807,8192,3072
23873,8192,3072
23914,8192,3072
23920,8192,3072
23928,8192,3072
23929,8192,3072
23935,8192,3072
24004,8192,3072
24015,8192,3072
24024,8192,3072
24049,8192,3072
24124,8192,3072
24141,8192,3072
24154,8192,3072
24163,8192,3072
24177,8192,3072
24290,8192,3072
24324,8192,3072
24347,8192,3072
24407,8192,3072
24412,8192,3072
24435,8192,3072
24451,8192,3072
24460,8192,3072
24492,8192,3072
24499,8192,3072
24529,8192,3072
24637,8192,3072
24643,8192,3072
24702,8192,3072
24746,8192,3072
24809,8192,3072
24822,8192,3072
24863,8192,3072
24865,8192,3072
24903,8192,3072
25017,8192,3072
25029,8192,3072
25095,8192,3072
25143,8192,3072
25147,8192,3072
25150,8192,3072
25153,8192,3072
25163,8192,3072
25181,8192,3072
25245,8192,3072
25310,8192,3072
25325,8192,3072
25353,8192,3072
25446,8192,3072
25476,8192,3072
25543,8192,3072
25555,8192,3072
25591,8192,3072
25652,8192,3072
25737,8192,3072
25757,8192,3072
25788,8192,3072
25806,8192,3072
25816,8192,3072
25836,8192,3072
25861,8192,3072
25875,8192,3072
25925,8192,3072
25944,8192,3072
25947,8192,3072
26011,8192,3072
26012,8192,3072
26071,8192,3072
26236,8192,3072
26289,8192,3072
26291,8192,3072
26342,8192,3072
26428,8192,3072
26515,8192,3072
26539,8192,3072
26641,8192,3072
26706,8192,3072
26707,8192,3072
26764,8192,3072
26835,8192,3072
26881,8192,3072
26950,8192,3072
26958,8192,3072
26964,8192,3072
26971,8192,3072
26976,8192,3072
26980,8192,3072
26996,8192,3072
26997,8192,3072
27050,8192,3072
27181,8192,3072
27218,8192,3072
27257,8192,3072
27322,8192,3072
27324,8192,3072
27364,8192,3072
27389,8192,3072
27393,8192,3072
27438,8192,3072
27439,8192,3072
27497,8192,3072
27570,8192,3072
27615,8192,3072
27658,8192,3072
27677,8192,3072
27708,8192,3072
27728,8192,3072
27786,8192,3072
27800,8192,3072
27814,8192,3072
27816,8192,3072
27917,8192,3072
27948,8192,3072
28011,8192,3072
28019,8192,3072
28035,8192,3072
28039,8192,3072
28069,8192,3072
28070,8192,3072
28091,8192,3072
28152,8192,3072
28201,8192,3072
28323,8192,3072
28387,8192,3072
28405,8192,3072
28456,8192,3072
28507,8192,3072
28538,8192,3072
28627,8192,3072
28635,8192,3072
28655,8192,3072
28821,8192,3072
28825,8192,3072
28841,8192,3072
29001,8192,3072
29042,8192,3072
29045,8192,3072
29067,8192,3072
29084,8192,3072
29112,8192,3072
29114,8192,3072
29172,8192,3072
29205,8192,3072
29274,8192,3072
29362,8192,3072
29418,8192,3072
29420,8192,3072
29425,8192,3072
29491,8192,3072
29511,8192,3072
29538,8192,3072
29542,8192,3072
29573,8192,3072
29575,8192,3072
29576,8192,3072
29592,8192,3072
29596,8192,3072
29622,8192,3072
29689,8192,3072
29716,8192,3072
29718,8192,3072
29726,8192,3072
29761,8192,3072
29794,8192,3072
29856,8192,3072
29866,8192,3072
29879,8192,3072
29951,8192,3072
29953,8192,3072
30015,8192,3072
30076,8192,3072
30088,8192,3072
30142,8192,3072
30331,8192,3072
30374,8192,3072
30434,8192,3072
30473,8192,3072
30488,8192,3072
30498,8192,3072
30514,8192,3072
30616,8192,3072
30697,8192,3072
30723,8192,3072
30775,8192,3072
30864,8192,3072
30932,8192,3072
31110,8192,3072
31194,8192,3072
31236,8192,3072
31268,8192,3072
31382,8192,3072
31417,8192,3072
31482,8192,3072
31491,8192,3072
31527,8192,3072
31636,8192,3072
31657,8192,3072
31688,8192,3072
31745,8192,3072
31889,8192,3072
31921,8192,3072
31998,8192,3072
32066,8192,3072
32078,8192,3072
32203,8192,3072
32235,8192,3072
32252,8192,3072
32263,8192,3072
32291,8192,3072
32343,8192,3072
32362,8192,3072
32459,8192,3072
32485,8192,3072
32492,8192,3072
32840,8192,3072
32843,8192,3072
32880,8192,3072
32912,8192,3072
32930,8192,3072
32992,8192,3072
33007,8192,3072
