family,gfx,M,N,K,q_dtype_w,available,hardware_source,cu_num,candidates,best_kernelId,best_kernelName,best_BLOCK_M,best_BLOCK_N,best_BLOCK_K,best_waves_per_eu,mi_m,mi_n,mi_k,splitK,pred_latency_cycles,pred_tflops,topk_json,error
a4w4_blockscale,gfx950,48,128,1536,,True,device:0,256,aiter,14,a4w4_blockscale_256x32x128x128_16x16_16x16_8x32x1_8x32x1_1x16x1x16_8_2x2_intrawave_v3,32,128,128,2,16,16,128,0,17809.39,2.3315571068836562,"[{""kernelId"": 14, ""latency_cycles"": 17809.39, ""kernelName"": ""a4w4_blockscale_256x32x128x128_16x16_16x16_8x32x1_8x32x1_1x16x1x16_8_2x2_intrawave_v3""}, {""kernelId"": 0, ""latency_cycles"": 21462.47, ""kernelName"": ""a4w4_blockscale_256x64x128x128_16x16_16x16_8x32x1_8x32x1_1x32x1x8_8_2x2_intrawave_v3""}, {""kernelId"": 12, ""latency_cycles"": 21462.47, ""kernelName"": ""a4w4_blockscale_256x64x128x128_16x16_16x16_8x32x1_8x32x1_1x16x1x16_8_2x2_intrawave_v3""}, {""kernelId"": 4, ""latency_cycles"": 32138.12, ""kernelName"": ""a4w4_blockscale_256x96x128x128_16x16_16x16_8x32x1_8x32x1_1x32x1x8_8_2x2_intrawave_v3""}, {""kernelId"": 13, ""latency_cycles"": 32138.12, ""kernelName"": ""a4w4_blockscale_256x96x128x128_16x16_16x16_8x32x1_8x32x1_1x16x1x16_8_2x2_intrawave_v3""}]",
a4w4_blockscale,gfx950,5,128,49920,,True,device:0,256,aiter,14,a4w4_blockscale_256x32x128x128_16x16_16x16_8x32x1_8x32x1_1x16x1x16_8_2x2_intrawave_v3,32,128,128,2,16,16,128,0,59711.05,2.354249486806748,"[{""kernelId"": 14, ""latency_cycles"": 59711.05, ""kernelName"": ""a4w4_blockscale_256x32x128x128_16x16_16x16_8x32x1_8x32x1_1x16x1x16_8_2x2_intrawave_v3""}, {""kernelId"": 0, ""latency_cycles"": 117567.57, ""kernelName"": ""a4w4_blockscale_256x64x128x128_16x16_16x16_8x32x1_8x32x1_1x32x1x8_8_2x2_intrawave_v3""}, {""kernelId"": 12, ""latency_cycles"": 117567.57, ""kernelName"": ""a4w4_blockscale_256x64x128x128_16x16_16x16_8x32x1_8x32x1_1x16x1x16_8_2x2_intrawave_v3""}, {""kernelId"": 15, ""latency_cycles"": 166926.24, ""kernelName"": ""a4w4_blockscale_256x32x256x128_16x16_16x16_8x32x1_8x32x1_1x8x1x32_8_2x4_intrawave_v3""}, {""kernelId"": 4, ""latency_cycles"": 191794.7, ""kernelName"": ""a4w4_blockscale_256x96x128x128_16x16_16x16_8x32x1_8x32x1_1x32x1x8_8_2x2_intrawave_v3""}]",
a4w4_blockscale,gfx950,384,128,49920,,True,device:0,256,aiter,4,a4w4_blockscale_256x96x128x128_16x16_16x16_8x32x1_8x32x1_1x32x1x8_8_2x2_intrawave_v3,96,128,128,2,16,16,128,0,34919.7,309.17040291465486,"[{""kernelId"": 4, ""latency_cycles"": 34919.7, ""kernelName"": ""a4w4_blockscale_256x96x128x128_16x16_16x16_8x32x1_8x32x1_1x32x1x8_8_2x2_intrawave_v3""}, {""kernelId"": 13, ""latency_cycles"": 34919.7, ""kernelName"": ""a4w4_blockscale_256x96x128x128_16x16_16x16_8x32x1_8x32x1_1x16x1x16_8_2x2_intrawave_v3""}, {""kernelId"": 8, ""latency_cycles"": 37063.21, ""kernelName"": ""a4w4_blockscale_256x128x128x128_16x16_16x16_8x32x1_8x32x1_1x32x1x8_8_2x2_intrawave_v3""}, {""kernelId"": 14, ""latency_cycles"": 38352.8, ""kernelName"": ""a4w4_blockscale_256x32x128x128_16x16_16x16_8x32x1_8x32x1_1x16x1x16_8_2x2_intrawave_v3""}, {""kernelId"": 0, ""latency_cycles"": 46728.84, ""kernelName"": ""a4w4_blockscale_256x64x128x128_16x16_16x16_8x32x1_8x32x1_1x32x1x8_8_2x2_intrawave_v3""}]",
a4w4_blockscale,gfx950,48,192,4096,,True,device:0,256,aiter,0,a4w4_blockscale_256x64x128x128_16x16_16x16_8x32x1_8x32x1_1x32x1x8_8_2x2_intrawave_v3,64,128,128,2,16,16,128,0,30569.67,5.433308002020991,"[{""kernelId"": 0, ""latency_cycles"": 30569.67, ""kernelName"": ""a4w4_blockscale_256x64x128x128_16x16_16x16_8x32x1_8x32x1_1x32x1x8_8_2x2_intrawave_v3""}, {""kernelId"": 12, ""latency_cycles"": 30569.67, ""kernelName"": ""a4w4_blockscale_256x64x128x128_16x16_16x16_8x32x1_8x32x1_1x16x1x16_8_2x2_intrawave_v3""}, {""kernelId"": 14, ""latency_cycles"": 32226.94, ""kernelName"": ""a4w4_blockscale_256x32x128x128_16x16_16x16_8x32x1_8x32x1_1x16x1x16_8_2x2_intrawave_v3""}, {""kernelId"": 15, ""latency_cycles"": 35115.06, ""kernelName"": ""a4w4_blockscale_256x32x256x128_16x16_16x16_8x32x1_8x32x1_1x8x1x32_8_2x4_intrawave_v3""}, {""kernelId"": 4, ""latency_cycles"": 40275.08, ""kernelName"": ""a4w4_blockscale_256x96x128x128_16x16_16x16_8x32x1_8x32x1_1x32x1x8_8_2x2_intrawave_v3""}]",
a4w4_blockscale,gfx950,32,192,8704,,True,device:0,256,aiter,14,a4w4_blockscale_256x32x128x128_16x16_16x16_8x32x1_8x32x1_1x16x1x16_8_2x2_intrawave_v3,32,128,128,2,16,16,128,0,26188.91,8.984736260477924,"[{""kernelId"": 14, ""latency_cycles"": 26188.91, ""kernelName"": ""a4w4_blockscale_256x32x128x128_16x16_16x16_8x32x1_8x32x1_1x16x1x16_8_2x2_intrawave_v3""}, {""kernelId"": 15, ""latency_cycles"": 33637.85, ""kernelName"": ""a4w4_blockscale_256x32x256x128_16x16_16x16_8x32x1_8x32x1_1x8x1x32_8_2x4_intrawave_v3""}, {""kernelId"": 0, ""latency_cycles"": 39696.91, ""kernelName"": ""a4w4_blockscale_256x64x128x128_16x16_16x16_8x32x1_8x32x1_1x32x1x8_8_2x2_intrawave_v3""}, {""kernelId"": 12, ""latency_cycles"": 39696.91, ""kernelName"": ""a4w4_blockscale_256x64x128x128_16x16_16x16_8x32x1_8x32x1_1x16x1x16_8_2x2_intrawave_v3""}, {""kernelId"": 16, ""latency_cycles"": 51883.69, ""kernelName"": ""a4w4_blockscale_256x32x384x128_16x16_16x16_8x32x1_8x32x1_1x16x1x16_8_2x2_intrawave_v3""}]",
a4w4_blockscale,gfx950,2560,192,8704,,True,device:0,256,aiter,8,a4w4_blockscale_256x128x128x128_16x16_16x16_8x32x1_8x32x1_1x32x1x8_8_2x2_intrawave_v3,128,128,128,2,16,16,128,0,48742.38,386.1944247451626,"[{""kernelId"": 8, ""latency_cycles"": 48742.38, ""kernelName"": ""a4w4_blockscale_256x128x128x128_16x16_16x16_8x32x1_8x32x1_1x32x1x8_8_2x2_intrawave_v3""}, {""kernelId"": 1, ""latency_cycles"": 50037.33, ""kernelName"": ""a4w4_blockscale_256x64x256x128_16x16_16x16_8x32x1_8x32x1_1x32x1x8_8_2x2_intrawave_v3""}, {""kernelId"": 4, ""latency_cycles"": 51249.63, ""kernelName"": ""a4w4_blockscale_256x96x128x128_16x16_16x16_8x32x1_8x32x1_1x32x1x8_8_2x2_intrawave_v3""}, {""kernelId"": 13, ""latency_cycles"": 51249.63, ""kernelName"": ""a4w4_blockscale_256x96x128x128_16x16_16x16_8x32x1_8x32x1_1x16x1x16_8_2x2_intrawave_v3""}, {""kernelId"": 9, ""latency_cycles"": 51733.24, ""kernelName"": ""a4w4_blockscale_256x128x256x128_16x16_16x16_8x32x1_8x32x1_1x32x1x8_8_2x2_intrawave_v3""}]",
a4w4_blockscale,gfx950,10240,192,8704,,True,device:0,256,aiter,18,a4w4_blockscale_256x256x256x128_16x16_16x16_8x32x1_8x32x1_1x8x1x32_8_2x4_intrawave_v3,256,256,128,2,16,16,128,0,108101.81,696.5299135034052,"[{""kernelId"": 18, ""latency_cycles"": 108101.81, ""kernelName"": ""a4w4_blockscale_256x256x256x128_16x16_16x16_8x32x1_8x32x1_1x8x1x32_8_2x4_intrawave_v3""}, {""kernelId"": 19, ""latency_cycles"": 108101.81, ""kernelName"": ""a4w4_blockscale_256x256x256x128_16x16_16x16_8x32x1_8x32x1_1x8x1x32_8_2x8_intrawave_v3""}, {""kernelId"": 5, ""latency_cycles"": 122864.58, ""kernelName"": ""a4w4_blockscale_256x96x256x128_16x16_16x16_8x32x1_8x32x1_1x32x1x8_8_2x2_intrawave_v3""}, {""kernelId"": 9, ""latency_cycles"": 123217.18, ""kernelName"": ""a4w4_blockscale_256x128x256x128_16x16_16x16_8x32x1_8x32x1_1x32x1x8_8_2x2_intrawave_v3""}, {""kernelId"": 4, ""latency_cycles"": 126026.0, ""kernelName"": ""a4w4_blockscale_256x96x128x128_16x16_16x16_8x32x1_8x32x1_1x32x1x8_8_2x2_intrawave_v3""}]",
a4w4_blockscale,gfx950,28,256,256,,True,device:0,256,aiter,14,a4w4_blockscale_256x32x128x128_16x16_16x16_8x32x1_8x32x1_1x16x1x16_8_2x2_intrawave_v3,32,128,128,2,16,16,128,0,3830.98,2.107561859705039,"[{""kernelId"": 14, ""latency_cycles"": 3830.98, ""kernelName"": ""a4w4_blockscale_256x32x128x128_16x16_16x16_8x32x1_8x32x1_1x16x1x16_8_2x2_intrawave_v3""}, {""kernelId"": 15, ""latency_cycles"": 6584.51, ""kernelName"": ""a4w4_blockscale_256x32x256x128_16x16_16x16_8x32x1_8x32x1_1x8x1x32_8_2x4_intrawave_v3""}, {""kernelId"": 0, ""latency_cycles"": 7022.89, ""kernelName"": ""a4w4_blockscale_256x64x128x128_16x16_16x16_8x32x1_8x32x1_1x32x1x8_8_2x2_intrawave_v3""}, {""kernelId"": 12, ""latency_cycles"": 7022.89, ""kernelName"": ""a4w4_blockscale_256x64x128x128_16x16_16x16_8x32x1_8x32x1_1x16x1x16_8_2x2_intrawave_v3""}, {""kernelId"": 4, ""latency_cycles"": 10966.94, ""kernelName"": ""a4w4_blockscale_256x96x128x128_16x16_16x16_8x32x1_8x32x1_1x32x1x8_8_2x2_intrawave_v3""}]",
a4w4_blockscale,gfx950,12,256,768,,True,device:0,256,aiter,14,a4w4_blockscale_256x32x128x128_16x16_16x16_8x32x1_8x32x1_1x16x1x16_8_2x2_intrawave_v3,32,128,128,2,16,16,128,0,15066.69,0.6889968262255594,"[{""kernelId"": 14, ""latency_cycles"": 15066.69, ""kernelName"": ""a4w4_blockscale_256x32x128x128_16x16_16x16_8x32x1_8x32x1_1x16x1x16_8_2x2_intrawave_v3""}, {""kernelId"": 15, ""latency_cycles"": 25221.54, ""kernelName"": ""a4w4_blockscale_256x32x256x128_16x16_16x16_8x32x1_8x32x1_1x8x1x32_8_2x4_intrawave_v3""}, {""kernelId"": 0, ""latency_cycles"": 31900.77, ""kernelName"": ""a4w4_blockscale_256x64x128x128_16x16_16x16_8x32x1_8x32x1_1x32x1x8_8_2x2_intrawave_v3""}, {""kernelId"": 12, ""latency_cycles"": 31900.77, ""kernelName"": ""a4w4_blockscale_256x64x128x128_16x16_16x16_8x32x1_8x32x1_1x16x1x16_8_2x2_intrawave_v3""}, {""kernelId"": 16, ""latency_cycles"": 50531.58, ""kernelName"": ""a4w4_blockscale_256x32x384x128_16x16_16x16_8x32x1_8x32x1_1x16x1x16_8_2x2_intrawave_v3""}]",
a4w4_blockscale,gfx950,256,256,1024,,True,device:0,256,aiter,14,a4w4_blockscale_256x32x128x128_16x16_16x16_8x32x1_8x32x1_1x16x1x16_8_2x2_intrawave_v3,32,128,128,2,16,16,128,0,10132.78,29.140975777298966,"[{""kernelId"": 14, ""latency_cycles"": 10132.78, ""kernelName"": ""a4w4_blockscale_256x32x128x128_16x16_16x16_8x32x1_8x32x1_1x16x1x16_8_2x2_intrawave_v3""}, {""kernelId"": 0, ""latency_cycles"": 11990.69, ""kernelName"": ""a4w4_blockscale_256x64x128x128_16x16_16x16_8x32x1_8x32x1_1x32x1x8_8_2x2_intrawave_v3""}, {""kernelId"": 12, ""latency_cycles"": 11990.69, ""kernelName"": ""a4w4_blockscale_256x64x128x128_16x16_16x16_8x32x1_8x32x1_1x16x1x16_8_2x2_intrawave_v3""}, {""kernelId"": 15, ""latency_cycles"": 15420.46, ""kernelName"": ""a4w4_blockscale_256x32x256x128_16x16_16x16_8x32x1_8x32x1_1x8x1x32_8_2x4_intrawave_v3""}, {""kernelId"": 8, ""latency_cycles"": 15431.77, ""kernelName"": ""a4w4_blockscale_256x128x128x128_16x16_16x16_8x32x1_8x32x1_1x32x1x8_8_2x2_intrawave_v3""}]",
a4w4_blockscale,gfx950,13,512,4096,,True,device:0,256,aiter,14,a4w4_blockscale_256x32x128x128_16x16_16x16_8x32x1_8x32x1_1x16x1x16_8_2x2_intrawave_v3,32,128,128,2,16,16,128,0,37846.77,3.1695467498243275,"[{""kernelId"": 14, ""latency_cycles"": 37846.77, ""kernelName"": ""a4w4_blockscale_256x32x128x128_16x16_16x16_8x32x1_8x32x1_1x16x1x16_8_2x2_intrawave_v3""}, {""kernelId"": 15, ""latency_cycles"": 40363.17, ""kernelName"": ""a4w4_blockscale_256x32x256x128_16x16_16x16_8x32x1_8x32x1_1x8x1x32_8_2x4_intrawave_v3""}, {""kernelId"": 0, ""latency_cycles"": 55444.31, ""kernelName"": ""a4w4_blockscale_256x64x128x128_16x16_16x16_8x32x1_8x32x1_1x32x1x8_8_2x2_intrawave_v3""}, {""kernelId"": 12, ""latency_cycles"": 55444.31, ""kernelName"": ""a4w4_blockscale_256x64x128x128_16x16_16x16_8x32x1_8x32x1_1x16x1x16_8_2x2_intrawave_v3""}, {""kernelId"": 17, ""latency_cycles"": 66011.28, ""kernelName"": ""a4w4_blockscale_256x32x512x128_16x16_16x16_8x32x1_8x32x1_1x8x1x32_8_2x4_intrawave_v3""}]",
a4w4_blockscale,gfx950,6144,800,5120,,True,device:0,256,aiter,5,a4w4_blockscale_256x96x256x128_16x16_16x16_8x32x1_8x32x1_1x32x1x8_8_2x2_intrawave_v3,96,256,128,2,16,16,128,0,106464.66,1040.0598728421062,"[{""kernelId"": 5, ""latency_cycles"": 106464.66, ""kernelName"": ""a4w4_blockscale_256x96x256x128_16x16_16x16_8x32x1_8x32x1_1x32x1x8_8_2x2_intrawave_v3""}, {""kernelId"": 9, ""latency_cycles"": 114843.81, ""kernelName"": ""a4w4_blockscale_256x128x256x128_16x16_16x16_8x32x1_8x32x1_1x32x1x8_8_2x2_intrawave_v3""}, {""kernelId"": 4, ""latency_cycles"": 134104.69, ""kernelName"": ""a4w4_blockscale_256x96x128x128_16x16_16x16_8x32x1_8x32x1_1x32x1x8_8_2x2_intrawave_v3""}, {""kernelId"": 13, ""latency_cycles"": 134104.69, ""kernelName"": ""a4w4_blockscale_256x96x128x128_16x16_16x16_8x32x1_8x32x1_1x16x1x16_8_2x2_intrawave_v3""}, {""kernelId"": 8, ""latency_cycles"": 149450.82, ""kernelName"": ""a4w4_blockscale_256x128x128x128_16x16_16x16_8x32x1_8x32x1_1x32x1x8_8_2x2_intrawave_v3""}]",
a4w4_blockscale,gfx950,32768,896,1280,,True,device:0,256,aiter,18,a4w4_blockscale_256x256x256x128_16x16_16x16_8x32x1_8x32x1_1x8x1x32_8_2x4_intrawave_v3,256,256,128,2,16,16,128,0,109665.17,1507.8282247083644,"[{""kernelId"": 18, ""latency_cycles"": 109665.17, ""kernelName"": ""a4w4_blockscale_256x256x256x128_16x16_16x16_8x32x1_8x32x1_1x8x1x32_8_2x4_intrawave_v3""}, {""kernelId"": 19, ""latency_cycles"": 109665.17, ""kernelName"": ""a4w4_blockscale_256x256x256x128_16x16_16x16_8x32x1_8x32x1_1x8x1x32_8_2x8_intrawave_v3""}, {""kernelId"": 11, ""latency_cycles"": 122510.74, ""kernelName"": ""a4w4_blockscale_256x128x512x128_16x16_16x16_8x32x1_8x32x1_1x32x1x8_8_2x2_intrawave_v3""}, {""kernelId"": 9, ""latency_cycles"": 144358.31, ""kernelName"": ""a4w4_blockscale_256x128x256x128_16x16_16x16_8x32x1_8x32x1_1x32x1x8_8_2x2_intrawave_v3""}, {""kernelId"": 8, ""latency_cycles"": 153306.89, ""kernelName"": ""a4w4_blockscale_256x128x128x128_16x16_16x16_8x32x1_8x32x1_1x32x1x8_8_2x2_intrawave_v3""}]",
a4w4_blockscale,gfx950,768,896,8704,,True,device:0,256,aiter,5,a4w4_blockscale_256x96x256x128_16x16_16x16_8x32x1_8x32x1_1x32x1x8_8_2x2_intrawave_v3,96,256,128,2,16,16,128,0,51207.45,514.644811545609,"[{""kernelId"": 5, ""latency_cycles"": 51207.45, ""kernelName"": ""a4w4_blockscale_256x96x256x128_16x16_16x16_8x32x1_8x32x1_1x32x1x8_8_2x2_intrawave_v3""}, {""kernelId"": 8, ""latency_cycles"": 51515.96, ""kernelName"": ""a4w4_blockscale_256x128x128x128_16x16_16x16_8x32x1_8x32x1_1x32x1x8_8_2x2_intrawave_v3""}, {""kernelId"": 4, ""latency_cycles"": 52553.49, ""kernelName"": ""a4w4_blockscale_256x96x128x128_16x16_16x16_8x32x1_8x32x1_1x32x1x8_8_2x2_intrawave_v3""}, {""kernelId"": 13, ""latency_cycles"": 52553.49, ""kernelName"": ""a4w4_blockscale_256x96x128x128_16x16_16x16_8x32x1_8x32x1_1x16x1x16_8_2x2_intrawave_v3""}, {""kernelId"": 1, ""latency_cycles"": 53143.0, ""kernelName"": ""a4w4_blockscale_256x64x256x128_16x16_16x16_8x32x1_8x32x1_1x32x1x8_8_2x2_intrawave_v3""}]",
a4w4_blockscale,gfx950,33,1024,3072,,True,device:0,256,aiter,14,a4w4_blockscale_256x32x128x128_16x16_16x16_8x32x1_8x32x1_1x16x1x16_8_2x2_intrawave_v3,32,128,128,2,16,16,128,0,25309.49,18.046973615885854,"[{""kernelId"": 14, ""latency_cycles"": 25309.49, ""kernelName"": ""a4w4_blockscale_256x32x128x128_16x16_16x16_8x32x1_8x32x1_1x16x1x16_8_2x2_intrawave_v3""}, {""kernelId"": 0, ""latency_cycles"": 28531.03, ""kernelName"": ""a4w4_blockscale_256x64x128x128_16x16_16x16_8x32x1_8x32x1_1x32x1x8_8_2x2_intrawave_v3""}, {""kernelId"": 12, ""latency_cycles"": 28531.03, ""kernelName"": ""a4w4_blockscale_256x64x128x128_16x16_16x16_8x32x1_8x32x1_1x16x1x16_8_2x2_intrawave_v3""}, {""kernelId"": 15, ""latency_cycles"": 38924.61, ""kernelName"": ""a4w4_blockscale_256x32x256x128_16x16_16x16_8x32x1_8x32x1_1x8x1x32_8_2x4_intrawave_v3""}, {""kernelId"": 4, ""latency_cycles"": 39067.9, ""kernelName"": ""a4w4_blockscale_256x96x128x128_16x16_16x16_8x32x1_8x32x1_1x32x1x8_8_2x2_intrawave_v3""}]",
a4w4_blockscale,gfx950,112,1024,4096,,True,device:0,256,aiter,14,a4w4_blockscale_256x32x128x128_16x16_16x16_8x32x1_8x32x1_1x16x1x16_8_2x2_intrawave_v3,32,128,128,2,16,16,128,0,31672.08,65.26104952592796,"[{""kernelId"": 14, ""latency_cycles"": 31672.08, ""kernelName"": ""a4w4_blockscale_256x32x128x128_16x16_16x16_8x32x1_8x32x1_1x16x1x16_8_2x2_intrawave_v3""}, {""kernelId"": 0, ""latency_cycles"": 33482.26, ""kernelName"": ""a4w4_blockscale_256x64x128x128_16x16_16x16_8x32x1_8x32x1_1x32x1x8_8_2x2_intrawave_v3""}, {""kernelId"": 12, ""latency_cycles"": 33482.26, ""kernelName"": ""a4w4_blockscale_256x64x128x128_16x16_16x16_8x32x1_8x32x1_1x16x1x16_8_2x2_intrawave_v3""}, {""kernelId"": 15, ""latency_cycles"": 37402.0, ""kernelName"": ""a4w4_blockscale_256x32x256x128_16x16_16x16_8x32x1_8x32x1_1x8x1x32_8_2x4_intrawave_v3""}, {""kernelId"": 4, ""latency_cycles"": 47198.01, ""kernelName"": ""a4w4_blockscale_256x96x128x128_16x16_16x16_8x32x1_8x32x1_1x32x1x8_8_2x2_intrawave_v3""}]",
a4w4_blockscale,gfx950,80,1280,60672,,True,device:0,256,aiter,4,a4w4_blockscale_256x96x128x128_16x16_16x16_8x32x1_8x32x1_1x32x1x8_8_2x2_intrawave_v3,96,128,128,2,16,16,128,0,59106.89,462.49055417964246,"[{""kernelId"": 4, ""latency_cycles"": 59106.89, ""kernelName"": ""a4w4_blockscale_256x96x128x128_16x16_16x16_8x32x1_8x32x1_1x32x1x8_8_2x2_intrawave_v3""}, {""kernelId"": 13, ""latency_cycles"": 59106.89, ""kernelName"": ""a4w4_blockscale_256x96x128x128_16x16_16x16_8x32x1_8x32x1_1x16x1x16_8_2x2_intrawave_v3""}, {""kernelId"": 8, ""latency_cycles"": 70748.56, ""kernelName"": ""a4w4_blockscale_256x128x128x128_16x16_16x16_8x32x1_8x32x1_1x32x1x8_8_2x2_intrawave_v3""}, {""kernelId"": 5, ""latency_cycles"": 88027.0, ""kernelName"": ""a4w4_blockscale_256x96x256x128_16x16_16x16_8x32x1_8x32x1_1x32x1x8_8_2x2_intrawave_v3""}, {""kernelId"": 14, ""latency_cycles"": 93691.27, ""kernelName"": ""a4w4_blockscale_256x32x128x128_16x16_16x16_8x32x1_8x32x1_1x16x1x16_8_2x2_intrawave_v3""}]",
a4w4_blockscale,gfx950,640,1280,60672,,True,device:0,256,aiter,10,a4w4_blockscale_256x128x384x128_16x16_16x16_8x32x1_8x32x1_1x32x1x8_8_2x2_intrawave_v3,128,384,128,2,16,16,128,0,178274.34,1226.7105653973179,"[{""kernelId"": 10, ""latency_cycles"": 178274.34, ""kernelName"": ""a4w4_blockscale_256x128x384x128_16x16_16x16_8x32x1_8x32x1_1x32x1x8_8_2x2_intrawave_v3""}, {""kernelId"": 8, ""latency_cycles"": 186394.97, ""kernelName"": ""a4w4_blockscale_256x128x128x128_16x16_16x16_8x32x1_8x32x1_1x32x1x8_8_2x2_intrawave_v3""}, {""kernelId"": 9, ""latency_cycles"": 196761.47, ""kernelName"": ""a4w4_blockscale_256x128x256x128_16x16_16x16_8x32x1_8x32x1_1x32x1x8_8_2x2_intrawave_v3""}, {""kernelId"": 7, ""latency_cycles"": 205881.18, ""kernelName"": ""a4w4_blockscale_256x96x512x128_16x16_16x16_8x32x1_8x32x1_1x32x1x8_8_2x2_intrawave_v3""}, {""kernelId"": 11, ""latency_cycles"": 208828.36, ""kernelName"": ""a4w4_blockscale_256x128x512x128_16x16_16x16_8x32x1_8x32x1_1x32x1x8_8_2x2_intrawave_v3""}]",
a4w4_blockscale,gfx950,20,1536,7168,,True,device:0,256,aiter,14,a4w4_blockscale_256x32x128x128_16x16_16x16_8x32x1_8x32x1_1x16x1x16_8_2x2_intrawave_v3,32,128,128,2,16,16,128,0,34056.25,28.449526391137297,"[{""kernelId"": 14, ""latency_cycles"": 34056.25, ""kernelName"": ""a4w4_blockscale_256x32x128x128_16x16_16x16_8x32x1_8x32x1_1x16x1x16_8_2x2_intrawave_v3""}, {""kernelId"": 15, ""latency_cycles"": 48011.36, ""kernelName"": ""a4w4_blockscale_256x32x256x128_16x16_16x16_8x32x1_8x32x1_1x8x1x32_8_2x4_intrawave_v3""}, {""kernelId"": 0, ""latency_cycles"": 50175.65, ""kernelName"": ""a4w4_blockscale_256x64x128x128_16x16_16x16_8x32x1_8x32x1_1x32x1x8_8_2x2_intrawave_v3""}, {""kernelId"": 12, ""latency_cycles"": 50175.65, ""kernelName"": ""a4w4_blockscale_256x64x128x128_16x16_16x16_8x32x1_8x32x1_1x16x1x16_8_2x2_intrawave_v3""}, {""kernelId"": 16, ""latency_cycles"": 61402.74, ""kernelName"": ""a4w4_blockscale_256x32x384x128_16x16_16x16_8x32x1_8x32x1_1x16x1x16_8_2x2_intrawave_v3""}]",
a4w4_blockscale,gfx950,896,1792,17920,,True,device:0,256,aiter,9,a4w4_blockscale_256x128x256x128_16x16_16x16_8x32x1_8x32x1_1x32x1x8_8_2x2_intrawave_v3,128,256,128,2,16,16,128,0,103202.1,1226.7276845450954,"[{""kernelId"": 9, ""latency_cycles"": 103202.1, ""kernelName"": ""a4w4_blockscale_256x128x256x128_16x16_16x16_8x32x1_8x32x1_1x32x1x8_8_2x2_intrawave_v3""}, {""kernelId"": 10, ""latency_cycles"": 124407.73, ""kernelName"": ""a4w4_blockscale_256x128x384x128_16x16_16x16_8x32x1_8x32x1_1x32x1x8_8_2x2_intrawave_v3""}, {""kernelId"": 6, ""latency_cycles"": 126151.14, ""kernelName"": ""a4w4_blockscale_256x96x384x128_16x16_16x16_8x32x1_8x32x1_1x32x1x8_8_2x2_intrawave_v3""}, {""kernelId"": 7, ""latency_cycles"": 134792.24, ""kernelName"": ""a4w4_blockscale_256x96x512x128_16x16_16x16_8x32x1_8x32x1_1x32x1x8_8_2x2_intrawave_v3""}, {""kernelId"": 8, ""latency_cycles"": 141611.32, ""kernelName"": ""a4w4_blockscale_256x128x128x128_16x16_16x16_8x32x1_8x32x1_1x32x1x8_8_2x2_intrawave_v3""}]",
a4w4_blockscale,gfx950,1536,2048,6144,,True,device:0,256,aiter,4,a4w4_blockscale_256x96x128x128_16x16_16x16_8x32x1_8x32x1_1x32x1x8_8_2x2_intrawave_v3,96,128,128,2,16,16,128,0,74362.5,1143.5918894530982,"[{""kernelId"": 4, ""latency_cycles"": 74362.5, ""kernelName"": ""a4w4_blockscale_256x96x128x128_16x16_16x16_8x32x1_8x32x1_1x32x1x8_8_2x2_intrawave_v3""}, {""kernelId"": 13, ""latency_cycles"": 74362.5, ""kernelName"": ""a4w4_blockscale_256x96x128x128_16x16_16x16_8x32x1_8x32x1_1x16x1x16_8_2x2_intrawave_v3""}, {""kernelId"": 8, ""latency_cycles"": 81612.47, ""kernelName"": ""a4w4_blockscale_256x128x128x128_16x16_16x16_8x32x1_8x32x1_1x32x1x8_8_2x2_intrawave_v3""}, {""kernelId"": 1, ""latency_cycles"": 94754.83, ""kernelName"": ""a4w4_blockscale_256x64x256x128_16x16_16x16_8x32x1_8x32x1_1x32x1x8_8_2x2_intrawave_v3""}, {""kernelId"": 5, ""latency_cycles"": 101041.1, ""kernelName"": ""a4w4_blockscale_256x96x256x128_16x16_16x16_8x32x1_8x32x1_1x32x1x8_8_2x2_intrawave_v3""}]",
a4w4_blockscale,gfx950,3,2048,7168,,True,device:0,256,aiter,14,a4w4_blockscale_256x32x128x128_16x16_16x16_8x32x1_8x32x1_1x16x1x16_8_2x2_intrawave_v3,32,128,128,2,16,16,128,0,109419.2,1.7709584170881851,"[{""kernelId"": 14, ""latency_cycles"": 109419.2, ""kernelName"": ""a4w4_blockscale_256x32x128x128_16x16_16x16_8x32x1_8x32x1_1x16x1x16_8_2x2_intrawave_v3""}, {""kernelId"": 15, ""latency_cycles"": 166159.52, ""kernelName"": ""a4w4_blockscale_256x32x256x128_16x16_16x16_8x32x1_8x32x1_1x8x1x32_8_2x4_intrawave_v3""}, {""kernelId"": 0, ""latency_cycles"": 210114.36, ""kernelName"": ""a4w4_blockscale_256x64x128x128_16x16_16x16_8x32x1_8x32x1_1x32x1x8_8_2x2_intrawave_v3""}, {""kernelId"": 12, ""latency_cycles"": 210114.36, ""kernelName"": ""a4w4_blockscale_256x64x128x128_16x16_16x16_8x32x1_8x32x1_1x16x1x16_8_2x2_intrawave_v3""}, {""kernelId"": 16, ""latency_cycles"": 252826.13, ""kernelName"": ""a4w4_blockscale_256x32x384x128_16x16_16x16_8x32x1_8x32x1_1x16x1x16_8_2x2_intrawave_v3""}]",
a4w4_blockscale,gfx950,12,2048,7168,,True,device:0,256,aiter,14,a4w4_blockscale_256x32x128x128_16x16_16x16_8x32x1_8x32x1_1x16x1x16_8_2x2_intrawave_v3,32,128,128,2,16,16,128,0,54283.54,14.2788661170534,"[{""kernelId"": 14, ""latency_cycles"": 54283.54, ""kernelName"": ""a4w4_blockscale_256x32x128x128_16x16_16x16_8x32x1_8x32x1_1x16x1x16_8_2x2_intrawave_v3""}, {""kernelId"": 15, ""latency_cycles"": 57601.37, ""kernelName"": ""a4w4_blockscale_256x32x256x128_16x16_16x16_8x32x1_8x32x1_1x8x1x32_8_2x4_intrawave_v3""}, {""kernelId"": 0, ""latency_cycles"": 79870.14, ""kernelName"": ""a4w4_blockscale_256x64x128x128_16x16_16x16_8x32x1_8x32x1_1x32x1x8_8_2x2_intrawave_v3""}, {""kernelId"": 12, ""latency_cycles"": 79870.14, ""kernelName"": ""a4w4_blockscale_256x64x128x128_16x16_16x16_8x32x1_8x32x1_1x16x1x16_8_2x2_intrawave_v3""}, {""kernelId"": 16, ""latency_cycles"": 88777.23, ""kernelName"": ""a4w4_blockscale_256x32x384x128_16x16_16x16_8x32x1_8x32x1_1x16x1x16_8_2x2_intrawave_v3""}]",
a4w4_blockscale,gfx950,48,2112,19968,,True,device:0,256,aiter,0,a4w4_blockscale_256x64x128x128_16x16_16x16_8x32x1_8x32x1_1x32x1x8_8_2x2_intrawave_v3,64,128,128,2,16,16,128,0,41494.27,214.65169203516382,"[{""kernelId"": 0, ""latency_cycles"": 41494.27, ""kernelName"": ""a4w4_blockscale_256x64x128x128_16x16_16x16_8x32x1_8x32x1_1x32x1x8_8_2x2_intrawave_v3""}, {""kernelId"": 12, ""latency_cycles"": 41494.27, ""kernelName"": ""a4w4_blockscale_256x64x128x128_16x16_16x16_8x32x1_8x32x1_1x16x1x16_8_2x2_intrawave_v3""}, {""kernelId"": 1, ""latency_cycles"": 50692.2, ""kernelName"": ""a4w4_blockscale_256x64x256x128_16x16_16x16_8x32x1_8x32x1_1x32x1x8_8_2x2_intrawave_v3""}, {""kernelId"": 4, ""latency_cycles"": 51054.54, ""kernelName"": ""a4w4_blockscale_256x96x128x128_16x16_16x16_8x32x1_8x32x1_1x32x1x8_8_2x2_intrawave_v3""}, {""kernelId"": 13, ""latency_cycles"": 51054.54, ""kernelName"": ""a4w4_blockscale_256x96x128x128_16x16_16x16_8x32x1_8x32x1_1x16x1x16_8_2x2_intrawave_v3""}]",
a4w4_blockscale,gfx950,4,2304,16384,,True,device:0,256,aiter,14,a4w4_blockscale_256x32x128x128_16x16_16x16_8x32x1_8x32x1_1x16x1x16_8_2x2_intrawave_v3,32,128,128,2,16,16,128,0,109746.29,6.053760433259576,"[{""kernelId"": 14, ""latency_cycles"": 109746.29, ""kernelName"": ""a4w4_blockscale_256x32x128x128_16x16_16x16_8x32x1_8x32x1_1x16x1x16_8_2x2_intrawave_v3""}, {""kernelId"": 15, ""latency_cycles"": 161864.33, ""kernelName"": ""a4w4_blockscale_256x32x256x128_16x16_16x16_8x32x1_8x32x1_1x8x1x32_8_2x4_intrawave_v3""}, {""kernelId"": 0, ""latency_cycles"": 202678.58, ""kernelName"": ""a4w4_blockscale_256x64x128x128_16x16_16x16_8x32x1_8x32x1_1x32x1x8_8_2x2_intrawave_v3""}, {""kernelId"": 12, ""latency_cycles"": 202678.58, ""kernelName"": ""a4w4_blockscale_256x64x128x128_16x16_16x16_8x32x1_8x32x1_1x16x1x16_8_2x2_intrawave_v3""}, {""kernelId"": 16, ""latency_cycles"": 204594.68, ""kernelName"": ""a4w4_blockscale_256x32x384x128_16x16_16x16_8x32x1_8x32x1_1x16x1x16_8_2x2_intrawave_v3""}]",
a4w4_blockscale,gfx950,49152,2560,3328,,True,device:0,256,aiter,18,a4w4_blockscale_256x256x256x128_16x16_16x16_8x32x1_8x32x1_1x8x1x32_8_2x4_intrawave_v3,256,256,128,2,16,16,128,0,754879.2,2440.8421488978192,"[{""kernelId"": 18, ""latency_cycles"": 754879.2, ""kernelName"": ""a4w4_blockscale_256x256x256x128_16x16_16x16_8x32x1_8x32x1_1x8x1x32_8_2x4_intrawave_v3""}, {""kernelId"": 19, ""latency_cycles"": 754879.2, ""kernelName"": ""a4w4_blockscale_256x256x256x128_16x16_16x16_8x32x1_8x32x1_1x8x1x32_8_2x8_intrawave_v3""}, {""kernelId"": 11, ""latency_cycles"": 869316.1, ""kernelName"": ""a4w4_blockscale_256x128x512x128_16x16_16x16_8x32x1_8x32x1_1x32x1x8_8_2x2_intrawave_v3""}, {""kernelId"": 7, ""latency_cycles"": 989282.46, ""kernelName"": ""a4w4_blockscale_256x96x512x128_16x16_16x16_8x32x1_8x32x1_1x32x1x8_8_2x2_intrawave_v3""}, {""kernelId"": 10, ""latency_cycles"": 1001667.81, ""kernelName"": ""a4w4_blockscale_256x128x384x128_16x16_16x16_8x32x1_8x32x1_1x32x1x8_8_2x2_intrawave_v3""}]",
a4w4_blockscale,gfx950,5120,3072,1536,,True,device:0,256,aiter,18,a4w4_blockscale_256x256x256x128_16x16_16x16_8x32x1_8x32x1_1x8x1x32_8_2x4_intrawave_v3,256,256,128,2,16,16,128,0,57330.49,1854.1693963164546,"[{""kernelId"": 18, ""latency_cycles"": 57330.49, ""kernelName"": ""a4w4_blockscale_256x256x256x128_16x16_16x16_8x32x1_8x32x1_1x8x1x32_8_2x4_intrawave_v3""}, {""kernelId"": 19, ""latency_cycles"": 57330.49, ""kernelName"": ""a4w4_blockscale_256x256x256x128_16x16_16x16_8x32x1_8x32x1_1x8x1x32_8_2x8_intrawave_v3""}, {""kernelId"": 11, ""latency_cycles"": 64074.68, ""kernelName"": ""a4w4_blockscale_256x128x512x128_16x16_16x16_8x32x1_8x32x1_1x32x1x8_8_2x2_intrawave_v3""}, {""kernelId"": 9, ""latency_cycles"": 75875.57, ""kernelName"": ""a4w4_blockscale_256x128x256x128_16x16_16x16_8x32x1_8x32x1_1x32x1x8_8_2x2_intrawave_v3""}, {""kernelId"": 6, ""latency_cycles"": 89642.55, ""kernelName"": ""a4w4_blockscale_256x96x384x128_16x16_16x16_8x32x1_8x32x1_1x32x1x8_8_2x2_intrawave_v3""}]",
a4w4_blockscale,gfx950,1000,3072,2304,,True,device:0,256,aiter,8,a4w4_blockscale_256x128x128x128_16x16_16x16_8x32x1_8x32x1_1x32x1x8_8_2x2_intrawave_v3,128,128,128,2,16,16,128,0,37701.16,826.0411158155666,"[{""kernelId"": 8, ""latency_cycles"": 37701.16, ""kernelName"": ""a4w4_blockscale_256x128x128x128_16x16_16x16_8x32x1_8x32x1_1x32x1x8_8_2x2_intrawave_v3""}, {""kernelId"": 1, ""latency_cycles"": 41326.08, ""kernelName"": ""a4w4_blockscale_256x64x256x128_16x16_16x16_8x32x1_8x32x1_1x32x1x8_8_2x2_intrawave_v3""}, {""kernelId"": 5, ""latency_cycles"": 45436.13, ""kernelName"": ""a4w4_blockscale_256x96x256x128_16x16_16x16_8x32x1_8x32x1_1x32x1x8_8_2x2_intrawave_v3""}, {""kernelId"": 16, ""latency_cycles"": 47031.58, ""kernelName"": ""a4w4_blockscale_256x32x384x128_16x16_16x16_8x32x1_8x32x1_1x16x1x16_8_2x2_intrawave_v3""}, {""kernelId"": 0, ""latency_cycles"": 55144.6, ""kernelName"": ""a4w4_blockscale_256x64x128x128_16x16_16x16_8x32x1_8x32x1_1x32x1x8_8_2x2_intrawave_v3""}]",
a4w4_blockscale,gfx950,9,3072,3584,,True,device:0,256,aiter,14,a4w4_blockscale_256x32x128x128_16x16_16x16_8x32x1_8x32x1_1x16x1x16_8_2x2_intrawave_v3,32,128,128,2,16,16,128,0,42733.79,10.202649153696267,"[{""kernelId"": 14, ""latency_cycles"": 42733.79, ""kernelName"": ""a4w4_blockscale_256x32x128x128_16x16_16x16_8x32x1_8x32x1_1x16x1x16_8_2x2_intrawave_v3""}, {""kernelId"": 15, ""latency_cycles"": 58921.2, ""kernelName"": ""a4w4_blockscale_256x32x256x128_16x16_16x16_8x32x1_8x32x1_1x8x1x32_8_2x4_intrawave_v3""}, {""kernelId"": 0, ""latency_cycles"": 78067.7, ""kernelName"": ""a4w4_blockscale_256x64x128x128_16x16_16x16_8x32x1_8x32x1_1x32x1x8_8_2x2_intrawave_v3""}, {""kernelId"": 12, ""latency_cycles"": 78067.7, ""kernelName"": ""a4w4_blockscale_256x64x128x128_16x16_16x16_8x32x1_8x32x1_1x16x1x16_8_2x2_intrawave_v3""}, {""kernelId"": 16, ""latency_cycles"": 81030.89, ""kernelName"": ""a4w4_blockscale_256x32x384x128_16x16_16x16_8x32x1_8x32x1_1x16x1x16_8_2x2_intrawave_v3""}]",
a4w4_blockscale,gfx950,448,3072,3584,,True,device:0,256,aiter,0,a4w4_blockscale_256x64x128x128_16x16_16x16_8x32x1_8x32x1_1x32x1x8_8_2x2_intrawave_v3,64,128,128,2,16,16,128,0,39277.74,552.5523204886354,"[{""kernelId"": 0, ""latency_cycles"": 39277.74, ""kernelName"": ""a4w4_blockscale_256x64x128x128_16x16_16x16_8x32x1_8x32x1_1x32x1x8_8_2x2_intrawave_v3""}, {""kernelId"": 12, ""latency_cycles"": 39277.74, ""kernelName"": ""a4w4_blockscale_256x64x128x128_16x16_16x16_8x32x1_8x32x1_1x16x1x16_8_2x2_intrawave_v3""}, {""kernelId"": 4, ""latency_cycles"": 47009.27, ""kernelName"": ""a4w4_blockscale_256x96x128x128_16x16_16x16_8x32x1_8x32x1_1x32x1x8_8_2x2_intrawave_v3""}, {""kernelId"": 13, ""latency_cycles"": 47009.27, ""kernelName"": ""a4w4_blockscale_256x96x128x128_16x16_16x16_8x32x1_8x32x1_1x16x1x16_8_2x2_intrawave_v3""}, {""kernelId"": 15, ""latency_cycles"": 50849.39, ""kernelName"": ""a4w4_blockscale_256x32x256x128_16x16_16x16_8x32x1_8x32x1_1x8x1x32_8_2x4_intrawave_v3""}]",
a4w4_blockscale,gfx950,28,3072,6144,,True,device:0,256,aiter,14,a4w4_blockscale_256x32x128x128_16x16_16x16_8x32x1_8x32x1_1x16x1x16_8_2x2_intrawave_v3,32,128,128,2,16,16,128,0,33334.61,69.75699378579706,"[{""kernelId"": 14, ""latency_cycles"": 33334.61, ""kernelName"": ""a4w4_blockscale_256x32x128x128_16x16_16x16_8x32x1_8x32x1_1x16x1x16_8_2x2_intrawave_v3""}, {""kernelId"": 0, ""latency_cycles"": 41796.28, ""kernelName"": ""a4w4_blockscale_256x64x128x128_16x16_16x16_8x32x1_8x32x1_1x32x1x8_8_2x2_intrawave_v3""}, {""kernelId"": 12, ""latency_cycles"": 41796.28, ""kernelName"": ""a4w4_blockscale_256x64x128x128_16x16_16x16_8x32x1_8x32x1_1x16x1x16_8_2x2_intrawave_v3""}, {""kernelId"": 15, ""latency_cycles"": 45675.31, ""kernelName"": ""a4w4_blockscale_256x32x256x128_16x16_16x16_8x32x1_8x32x1_1x8x1x32_8_2x4_intrawave_v3""}, {""kernelId"": 4, ""latency_cycles"": 54114.85, ""kernelName"": ""a4w4_blockscale_256x96x128x128_16x16_16x16_8x32x1_8x32x1_1x32x1x8_8_2x2_intrawave_v3""}]",
a4w4_blockscale,gfx950,48,3072,6144,,True,device:0,256,aiter,14,a4w4_blockscale_256x32x128x128_16x16_16x16_8x32x1_8x32x1_1x16x1x16_8_2x2_intrawave_v3,32,128,128,2,16,16,128,0,39241.51,101.58289424742792,"[{""kernelId"": 14, ""latency_cycles"": 39241.51, ""kernelName"": ""a4w4_blockscale_256x32x128x128_16x16_16x16_8x32x1_8x32x1_1x16x1x16_8_2x2_intrawave_v3""}, {""kernelId"": 0, ""latency_cycles"": 42917.04, ""kernelName"": ""a4w4_blockscale_256x64x128x128_16x16_16x16_8x32x1_8x32x1_1x32x1x8_8_2x2_intrawave_v3""}, {""kernelId"": 12, ""latency_cycles"": 42917.04, ""kernelName"": ""a4w4_blockscale_256x64x128x128_16x16_16x16_8x32x1_8x32x1_1x16x1x16_8_2x2_intrawave_v3""}, {""kernelId"": 4, ""latency_cycles"": 50335.94, ""kernelName"": ""a4w4_blockscale_256x96x128x128_16x16_16x16_8x32x1_8x32x1_1x32x1x8_8_2x2_intrawave_v3""}, {""kernelId"": 13, ""latency_cycles"": 50335.94, ""kernelName"": ""a4w4_blockscale_256x96x128x128_16x16_16x16_8x32x1_8x32x1_1x16x1x16_8_2x2_intrawave_v3""}]",
a4w4_blockscale,gfx950,6144,3072,6144,,True,device:0,256,aiter,6,a4w4_blockscale_256x96x384x128_16x16_16x16_8x32x1_8x32x1_1x32x1x8_8_2x2_intrawave_v3,96,384,128,2,16,16,128,0,271567.83,1878.8754294900084,"[{""kernelId"": 6, ""latency_cycles"": 271567.83, ""kernelName"": ""a4w4_blockscale_256x96x384x128_16x16_16x16_8x32x1_8x32x1_1x32x1x8_8_2x2_intrawave_v3""}, {""kernelId"": 10, ""latency_cycles"": 293931.02, ""kernelName"": ""a4w4_blockscale_256x128x384x128_16x16_16x16_8x32x1_8x32x1_1x32x1x8_8_2x2_intrawave_v3""}, {""kernelId"": 18, ""latency_cycles"": 306251.24, ""kernelName"": ""a4w4_blockscale_256x256x256x128_16x16_16x16_8x32x1_8x32x1_1x8x1x32_8_2x4_intrawave_v3""}, {""kernelId"": 19, ""latency_cycles"": 306251.24, ""kernelName"": ""a4w4_blockscale_256x256x256x128_16x16_16x16_8x32x1_8x32x1_1x8x1x32_8_2x8_intrawave_v3""}, {""kernelId"": 5, ""latency_cycles"": 314753.36, ""kernelName"": ""a4w4_blockscale_256x96x256x128_16x16_16x16_8x32x1_8x32x1_1x32x1x8_8_2x2_intrawave_v3""}]",
a4w4_blockscale,gfx950,28,3072,13312,,True,device:0,256,aiter,14,a4w4_blockscale_256x32x128x128_16x16_16x16_8x32x1_8x32x1_1x16x1x16_8_2x2_intrawave_v3,32,128,128,2,16,16,128,0,34445.32,146.26655436227668,"[{""kernelId"": 14, ""latency_cycles"": 34445.32, ""kernelName"": ""a4w4_blockscale_256x32x128x128_16x16_16x16_8x32x1_8x32x1_1x16x1x16_8_2x2_intrawave_v3""}, {""kernelId"": 15, ""latency_cycles"": 37683.39, ""kernelName"": ""a4w4_blockscale_256x32x256x128_16x16_16x16_8x32x1_8x32x1_1x8x1x32_8_2x4_intrawave_v3""}, {""kernelId"": 0, ""latency_cycles"": 48618.74, ""kernelName"": ""a4w4_blockscale_256x64x128x128_16x16_16x16_8x32x1_8x32x1_1x32x1x8_8_2x2_intrawave_v3""}, {""kernelId"": 12, ""latency_cycles"": 48618.74, ""kernelName"": ""a4w4_blockscale_256x64x128x128_16x16_16x16_8x32x1_8x32x1_1x16x1x16_8_2x2_intrawave_v3""}, {""kernelId"": 16, ""latency_cycles"": 52273.72, ""kernelName"": ""a4w4_blockscale_256x32x384x128_16x16_16x16_8x32x1_8x32x1_1x16x1x16_8_2x2_intrawave_v3""}]",
a4w4_blockscale,gfx950,128,3072,13312,,True,device:0,256,aiter,8,a4w4_blockscale_256x128x128x128_16x16_16x16_8x32x1_8x32x1_1x32x1x8_8_2x2_intrawave_v3,128,128,128,2,16,16,128,0,41890.61,549.8072929433371,"[{""kernelId"": 8, ""latency_cycles"": 41890.61, ""kernelName"": ""a4w4_blockscale_256x128x128x128_16x16_16x16_8x32x1_8x32x1_1x32x1x8_8_2x2_intrawave_v3""}, {""kernelId"": 0, ""latency_cycles"": 45580.59, ""kernelName"": ""a4w4_blockscale_256x64x128x128_16x16_16x16_8x32x1_8x32x1_1x32x1x8_8_2x2_intrawave_v3""}, {""kernelId"": 12, ""latency_cycles"": 45580.59, ""kernelName"": ""a4w4_blockscale_256x64x128x128_16x16_16x16_8x32x1_8x32x1_1x16x1x16_8_2x2_intrawave_v3""}, {""kernelId"": 9, ""latency_cycles"": 48696.19, ""kernelName"": ""a4w4_blockscale_256x128x256x128_16x16_16x16_8x32x1_8x32x1_1x32x1x8_8_2x2_intrawave_v3""}, {""kernelId"": 2, ""latency_cycles"": 49813.06, ""kernelName"": ""a4w4_blockscale_256x64x384x128_16x16_16x16_8x32x1_8x32x1_1x32x1x8_8_2x2_intrawave_v3""}]",
a4w4_blockscale,gfx950,192,3200,6400,,True,device:0,256,aiter,0,a4w4_blockscale_256x64x128x128_16x16_16x16_8x32x1_8x32x1_1x32x1x8_8_2x2_intrawave_v3,64,128,128,2,16,16,128,0,44540.5,388.44427366824414,"[{""kernelId"": 0, ""latency_cycles"": 44540.5, ""kernelName"": ""a4w4_blockscale_256x64x128x128_16x16_16x16_8x32x1_8x32x1_1x32x1x8_8_2x2_intrawave_v3""}, {""kernelId"": 12, ""latency_cycles"": 44540.5, ""kernelName"": ""a4w4_blockscale_256x64x128x128_16x16_16x16_8x32x1_8x32x1_1x16x1x16_8_2x2_intrawave_v3""}, {""kernelId"": 15, ""latency_cycles"": 52819.81, ""kernelName"": ""a4w4_blockscale_256x32x256x128_16x16_16x16_8x32x1_8x32x1_1x8x1x32_8_2x4_intrawave_v3""}, {""kernelId"": 4, ""latency_cycles"": 55033.92, ""kernelName"": ""a4w4_blockscale_256x96x128x128_16x16_16x16_8x32x1_8x32x1_1x32x1x8_8_2x2_intrawave_v3""}, {""kernelId"": 13, ""latency_cycles"": 55033.92, ""kernelName"": ""a4w4_blockscale_256x96x128x128_16x16_16x16_8x32x1_8x32x1_1x16x1x16_8_2x2_intrawave_v3""}]",
a4w4_blockscale,gfx950,192,4096,768,,True,device:0,256,aiter,14,a4w4_blockscale_256x32x128x128_16x16_16x16_8x32x1_8x32x1_1x16x1x16_8_2x2_intrawave_v3,32,128,128,2,16,16,128,0,8245.81,322.28623787517193,"[{""kernelId"": 14, ""latency_cycles"": 8245.81, ""kernelName"": ""a4w4_blockscale_256x32x128x128_16x16_16x16_8x32x1_8x32x1_1x16x1x16_8_2x2_intrawave_v3""}, {""kernelId"": 0, ""latency_cycles"": 10027.3, ""kernelName"": ""a4w4_blockscale_256x64x128x128_16x16_16x16_8x32x1_8x32x1_1x32x1x8_8_2x2_intrawave_v3""}, {""kernelId"": 12, ""latency_cycles"": 10027.3, ""kernelName"": ""a4w4_blockscale_256x64x128x128_16x16_16x16_8x32x1_8x32x1_1x16x1x16_8_2x2_intrawave_v3""}, {""kernelId"": 4, ""latency_cycles"": 11843.86, ""kernelName"": ""a4w4_blockscale_256x96x128x128_16x16_16x16_8x32x1_8x32x1_1x32x1x8_8_2x2_intrawave_v3""}, {""kernelId"": 13, ""latency_cycles"": 11843.86, ""kernelName"": ""a4w4_blockscale_256x96x128x128_16x16_16x16_8x32x1_8x32x1_1x16x1x16_8_2x2_intrawave_v3""}]",
a4w4_blockscale,gfx950,224,4096,5632,,True,device:0,256,aiter,0,a4w4_blockscale_256x64x128x128_16x16_16x16_8x32x1_8x32x1_1x32x1x8_8_2x2_intrawave_v3,64,128,128,2,16,16,128,0,50467.6,450.51645492137163,"[{""kernelId"": 0, ""latency_cycles"": 50467.6, ""kernelName"": ""a4w4_blockscale_256x64x128x128_16x16_16x16_8x32x1_8x32x1_1x32x1x8_8_2x2_intrawave_v3""}, {""kernelId"": 12, ""latency_cycles"": 50467.6, ""kernelName"": ""a4w4_blockscale_256x64x128x128_16x16_16x16_8x32x1_8x32x1_1x16x1x16_8_2x2_intrawave_v3""}, {""kernelId"": 14, ""latency_cycles"": 53250.14, ""kernelName"": ""a4w4_blockscale_256x32x128x128_16x16_16x16_8x32x1_8x32x1_1x16x1x16_8_2x2_intrawave_v3""}, {""kernelId"": 15, ""latency_cycles"": 55690.22, ""kernelName"": ""a4w4_blockscale_256x32x256x128_16x16_16x16_8x32x1_8x32x1_1x8x1x32_8_2x4_intrawave_v3""}, {""kernelId"": 4, ""latency_cycles"": 61862.18, ""kernelName"": ""a4w4_blockscale_256x96x128x128_16x16_16x16_8x32x1_8x32x1_1x32x1x8_8_2x2_intrawave_v3""}]",
a4w4_blockscale,gfx950,10000,4608,7168,,True,device:0,256,aiter,18,a4w4_blockscale_256x256x256x128_16x16_16x16_8x32x1_8x32x1_1x8x1x32_8_2x4_intrawave_v3,256,256,128,2,16,16,128,0,538133.92,2700.677798230745,"[{""kernelId"": 18, ""latency_cycles"": 538133.92, ""kernelName"": ""a4w4_blockscale_256x256x256x128_16x16_16x16_8x32x1_8x32x1_1x8x1x32_8_2x4_intrawave_v3""}, {""kernelId"": 19, ""latency_cycles"": 538133.92, ""kernelName"": ""a4w4_blockscale_256x256x256x128_16x16_16x16_8x32x1_8x32x1_1x8x1x32_8_2x8_intrawave_v3""}, {""kernelId"": 11, ""latency_cycles"": 626228.46, ""kernelName"": ""a4w4_blockscale_256x128x512x128_16x16_16x16_8x32x1_8x32x1_1x32x1x8_8_2x2_intrawave_v3""}, {""kernelId"": 10, ""latency_cycles"": 684660.43, ""kernelName"": ""a4w4_blockscale_256x128x384x128_16x16_16x16_8x32x1_8x32x1_1x32x1x8_8_2x2_intrawave_v3""}, {""kernelId"": 7, ""latency_cycles"": 775593.57, ""kernelName"": ""a4w4_blockscale_256x96x512x128_16x16_16x16_8x32x1_8x32x1_1x32x1x8_8_2x2_intrawave_v3""}]",
a4w4_blockscale,gfx950,8,4864,2048,,True,device:0,256,aiter,14,a4w4_blockscale_256x32x128x128_16x16_16x16_8x32x1_8x32x1_1x16x1x16_8_2x2_intrawave_v3,32,128,128,2,16,16,128,0,44743.91,7.836682417213357,"[{""kernelId"": 14, ""latency_cycles"": 44743.91, ""kernelName"": ""a4w4_blockscale_256x32x128x128_16x16_16x16_8x32x1_8x32x1_1x16x1x16_8_2x2_intrawave_v3""}, {""kernelId"": 15, ""latency_cycles"": 54534.46, ""kernelName"": ""a4w4_blockscale_256x32x256x128_16x16_16x16_8x32x1_8x32x1_1x8x1x32_8_2x4_intrawave_v3""}, {""kernelId"": 16, ""latency_cycles"": 76721.14, ""kernelName"": ""a4w4_blockscale_256x32x384x128_16x16_16x16_8x32x1_8x32x1_1x16x1x16_8_2x2_intrawave_v3""}, {""kernelId"": 0, ""latency_cycles"": 79197.96, ""kernelName"": ""a4w4_blockscale_256x64x128x128_16x16_16x16_8x32x1_8x32x1_1x32x1x8_8_2x2_intrawave_v3""}, {""kernelId"": 12, ""latency_cycles"": 79197.96, ""kernelName"": ""a4w4_blockscale_256x64x128x128_16x16_16x16_8x32x1_8x32x1_1x16x1x16_8_2x2_intrawave_v3""}]",
a4w4_blockscale,gfx950,5,4864,3584,,True,device:0,256,aiter,14,a4w4_blockscale_256x32x128x128_16x16_16x16_8x32x1_8x32x1_1x16x1x16_8_2x2_intrawave_v3,32,128,128,2,16,16,128,0,88526.81,4.33220933739972,"[{""kernelId"": 14, ""latency_cycles"": 88526.81, ""kernelName"": ""a4w4_blockscale_256x32x128x128_16x16_16x16_8x32x1_8x32x1_1x16x1x16_8_2x2_intrawave_v3""}, {""kernelId"": 15, ""latency_cycles"": 99426.1, ""kernelName"": ""a4w4_blockscale_256x32x256x128_16x16_16x16_8x32x1_8x32x1_1x8x1x32_8_2x4_intrawave_v3""}, {""kernelId"": 16, ""latency_cycles"": 142473.33, ""kernelName"": ""a4w4_blockscale_256x32x384x128_16x16_16x16_8x32x1_8x32x1_1x16x1x16_8_2x2_intrawave_v3""}, {""kernelId"": 0, ""latency_cycles"": 161844.36, ""kernelName"": ""a4w4_blockscale_256x64x128x128_16x16_16x16_8x32x1_8x32x1_1x32x1x8_8_2x2_intrawave_v3""}, {""kernelId"": 12, ""latency_cycles"": 161844.36, ""kernelName"": ""a4w4_blockscale_256x64x128x128_16x16_16x16_8x32x1_8x32x1_1x16x1x16_8_2x2_intrawave_v3""}]",
a4w4_blockscale,gfx950,2048,4864,3584,,True,device:0,256,aiter,10,a4w4_blockscale_256x128x384x128_16x16_16x16_8x32x1_8x32x1_1x32x1x8_8_2x2_intrawave_v3,128,384,128,2,16,16,128,0,94077.21,1669.7820224653005,"[{""kernelId"": 10, ""latency_cycles"": 94077.21, ""kernelName"": ""a4w4_blockscale_256x128x384x128_16x16_16x16_8x32x1_8x32x1_1x32x1x8_8_2x2_intrawave_v3""}, {""kernelId"": 18, ""latency_cycles"": 95617.17, ""kernelName"": ""a4w4_blockscale_256x256x256x128_16x16_16x16_8x32x1_8x32x1_1x8x1x32_8_2x4_intrawave_v3""}, {""kernelId"": 19, ""latency_cycles"": 95617.17, ""kernelName"": ""a4w4_blockscale_256x256x256x128_16x16_16x16_8x32x1_8x32x1_1x8x1x32_8_2x8_intrawave_v3""}, {""kernelId"": 7, ""latency_cycles"": 110787.83, ""kernelName"": ""a4w4_blockscale_256x96x512x128_16x16_16x16_8x32x1_8x32x1_1x32x1x8_8_2x2_intrawave_v3""}, {""kernelId"": 11, ""latency_cycles"": 115433.66, ""kernelName"": ""a4w4_blockscale_256x128x512x128_16x16_16x16_8x32x1_8x32x1_1x32x1x8_8_2x2_intrawave_v3""}]",
a4w4_blockscale,gfx950,96,4864,6144,,True,device:0,256,aiter,14,a4w4_blockscale_256x32x128x128_16x16_16x16_8x32x1_8x32x1_1x16x1x16_8_2x2_intrawave_v3,32,128,128,2,16,16,128,0,38127.44,331.07855229482664,"[{""kernelId"": 14, ""latency_cycles"": 38127.44, ""kernelName"": ""a4w4_blockscale_256x32x128x128_16x16_16x16_8x32x1_8x32x1_1x16x1x16_8_2x2_intrawave_v3""}, {""kernelId"": 0, ""latency_cycles"": 48260.4, ""kernelName"": ""a4w4_blockscale_256x64x128x128_16x16_16x16_8x32x1_8x32x1_1x32x1x8_8_2x2_intrawave_v3""}, {""kernelId"": 12, ""latency_cycles"": 48260.4, ""kernelName"": ""a4w4_blockscale_256x64x128x128_16x16_16x16_8x32x1_8x32x1_1x16x1x16_8_2x2_intrawave_v3""}, {""kernelId"": 15, ""latency_cycles"": 48486.96, ""kernelName"": ""a4w4_blockscale_256x32x256x128_16x16_16x16_8x32x1_8x32x1_1x8x1x32_8_2x4_intrawave_v3""}, {""kernelId"": 4, ""latency_cycles"": 66167.91, ""kernelName"": ""a4w4_blockscale_256x96x128x128_16x16_16x16_8x32x1_8x32x1_1x32x1x8_8_2x2_intrawave_v3""}]",
a4w4_blockscale,gfx950,256,4864,16384,,True,device:0,256,aiter,9,a4w4_blockscale_256x128x256x128_16x16_16x16_8x32x1_8x32x1_1x32x1x8_8_2x2_intrawave_v3,128,256,128,2,16,16,128,0,93063.49,964.5545920293656,"[{""kernelId"": 9, ""latency_cycles"": 93063.49, ""kernelName"": ""a4w4_blockscale_256x128x256x128_16x16_16x16_8x32x1_8x32x1_1x32x1x8_8_2x2_intrawave_v3""}, {""kernelId"": 18, ""latency_cycles"": 99625.92, ""kernelName"": ""a4w4_blockscale_256x256x256x128_16x16_16x16_8x32x1_8x32x1_1x8x1x32_8_2x4_intrawave_v3""}, {""kernelId"": 19, ""latency_cycles"": 99625.92, ""kernelName"": ""a4w4_blockscale_256x256x256x128_16x16_16x16_8x32x1_8x32x1_1x8x1x32_8_2x8_intrawave_v3""}, {""kernelId"": 5, ""latency_cycles"": 102900.48, ""kernelName"": ""a4w4_blockscale_256x96x256x128_16x16_16x16_8x32x1_8x32x1_1x32x1x8_8_2x2_intrawave_v3""}, {""kernelId"": 2, ""latency_cycles"": 108075.1, ""kernelName"": ""a4w4_blockscale_256x64x384x128_16x16_16x16_8x32x1_8x32x1_1x32x1x8_8_2x2_intrawave_v3""}]",
a4w4_blockscale,gfx950,5120,5120,1280,,True,device:0,256,aiter,18,a4w4_blockscale_256x256x256x128_16x16_16x16_8x32x1_8x32x1_1x8x1x32_8_2x4_intrawave_v3,256,256,128,2,16,16,128,0,103242.39,1430.0279533616463,"[{""kernelId"": 18, ""latency_cycles"": 103242.39, ""kernelName"": ""a4w4_blockscale_256x256x256x128_16x16_16x16_8x32x1_8x32x1_1x8x1x32_8_2x4_intrawave_v3""}, {""kernelId"": 19, ""latency_cycles"": 103242.39, ""kernelName"": ""a4w4_blockscale_256x256x256x128_16x16_16x16_8x32x1_8x32x1_1x8x1x32_8_2x8_intrawave_v3""}, {""kernelId"": 11, ""latency_cycles"": 114482.26, ""kernelName"": ""a4w4_blockscale_256x128x512x128_16x16_16x16_8x32x1_8x32x1_1x32x1x8_8_2x2_intrawave_v3""}, {""kernelId"": 6, ""latency_cycles"": 122299.07, ""kernelName"": ""a4w4_blockscale_256x96x384x128_16x16_16x16_8x32x1_8x32x1_1x32x1x8_8_2x2_intrawave_v3""}, {""kernelId"": 9, ""latency_cycles"": 134724.13, ""kernelName"": ""a4w4_blockscale_256x128x256x128_16x16_16x16_8x32x1_8x32x1_1x32x1x8_8_2x2_intrawave_v3""}]",
a4w4_blockscale,gfx950,640,5120,2048,,True,device:0,256,aiter,8,a4w4_blockscale_256x128x128x128_16x16_16x16_8x32x1_8x32x1_1x32x1x8_8_2x2_intrawave_v3,128,128,128,2,16,16,128,0,30973.3,953.333922444362,"[{""kernelId"": 8, ""latency_cycles"": 30973.3, ""kernelName"": ""a4w4_blockscale_256x128x128x128_16x16_16x16_8x32x1_8x32x1_1x32x1x8_8_2x2_intrawave_v3""}, {""kernelId"": 1, ""latency_cycles"": 35430.98, ""kernelName"": ""a4w4_blockscale_256x64x256x128_16x16_16x16_8x32x1_8x32x1_1x32x1x8_8_2x2_intrawave_v3""}, {""kernelId"": 5, ""latency_cycles"": 43501.3, ""kernelName"": ""a4w4_blockscale_256x96x256x128_16x16_16x16_8x32x1_8x32x1_1x32x1x8_8_2x2_intrawave_v3""}, {""kernelId"": 2, ""latency_cycles"": 47738.69, ""kernelName"": ""a4w4_blockscale_256x64x384x128_16x16_16x16_8x32x1_8x32x1_1x32x1x8_8_2x2_intrawave_v3""}, {""kernelId"": 0, ""latency_cycles"": 47792.18, ""kernelName"": ""a4w4_blockscale_256x64x128x128_16x16_16x16_8x32x1_8x32x1_1x32x1x8_8_2x2_intrawave_v3""}]",
a4w4_blockscale,gfx950,6000,5120,2048,,True,device:0,256,aiter,18,a4w4_blockscale_256x256x256x128_16x16_16x16_8x32x1_8x32x1_1x8x1x32_8_2x4_intrawave_v3,256,256,128,2,16,16,128,0,140893.77,1964.7714592451641,"[{""kernelId"": 18, ""latency_cycles"": 140893.77, ""kernelName"": ""a4w4_blockscale_256x256x256x128_16x16_16x16_8x32x1_8x32x1_1x8x1x32_8_2x4_intrawave_v3""}, {""kernelId"": 19, ""latency_cycles"": 140893.77, ""kernelName"": ""a4w4_blockscale_256x256x256x128_16x16_16x16_8x32x1_8x32x1_1x8x1x32_8_2x8_intrawave_v3""}, {""kernelId"": 11, ""latency_cycles"": 181634.98, ""kernelName"": ""a4w4_blockscale_256x128x512x128_16x16_16x16_8x32x1_8x32x1_1x32x1x8_8_2x2_intrawave_v3""}, {""kernelId"": 9, ""latency_cycles"": 189982.26, ""kernelName"": ""a4w4_blockscale_256x128x256x128_16x16_16x16_8x32x1_8x32x1_1x32x1x8_8_2x2_intrawave_v3""}, {""kernelId"": 10, ""latency_cycles"": 194468.22, ""kernelName"": ""a4w4_blockscale_256x128x384x128_16x16_16x16_8x32x1_8x32x1_1x32x1x8_8_2x2_intrawave_v3""}]",
a4w4_blockscale,gfx950,2,5120,25600,,True,device:0,256,aiter,15,a4w4_blockscale_256x32x256x128_16x16_16x16_8x32x1_8x32x1_1x8x1x32_8_2x4_intrawave_v3,32,256,128,2,16,16,128,0,588851.3,1.9587858737285193,"[{""kernelId"": 15, ""latency_cycles"": 588851.3, ""kernelName"": ""a4w4_blockscale_256x32x256x128_16x16_16x16_8x32x1_8x32x1_1x8x1x32_8_2x4_intrawave_v3""}, {""kernelId"": 17, ""latency_cycles"": 714171.06, ""kernelName"": ""a4w4_blockscale_256x32x512x128_16x16_16x16_8x32x1_8x32x1_1x8x1x32_8_2x4_intrawave_v3""}, {""kernelId"": 16, ""latency_cycles"": 779595.79, ""kernelName"": ""a4w4_blockscale_256x32x384x128_16x16_16x16_8x32x1_8x32x1_1x16x1x16_8_2x2_intrawave_v3""}, {""kernelId"": 14, ""latency_cycles"": 843129.39, ""kernelName"": ""a4w4_blockscale_256x32x128x128_16x16_16x16_8x32x1_8x32x1_1x16x1x16_8_2x2_intrawave_v3""}, {""kernelId"": 1, ""latency_cycles"": 1163021.36, ""kernelName"": ""a4w4_blockscale_256x64x256x128_16x16_16x16_8x32x1_8x32x1_1x32x1x8_8_2x2_intrawave_v3""}]",
a4w4_blockscale,gfx950,9,5120,25600,,True,device:0,256,aiter,15,a4w4_blockscale_256x32x256x128_16x16_16x16_8x32x1_8x32x1_1x8x1x32_8_2x4_intrawave_v3,32,256,128,2,16,16,128,0,149680.83,34.67679301421877,"[{""kernelId"": 15, ""latency_cycles"": 149680.83, ""kernelName"": ""a4w4_blockscale_256x32x256x128_16x16_16x16_8x32x1_8x32x1_1x8x1x32_8_2x4_intrawave_v3""}, {""kernelId"": 17, ""latency_cycles"": 177532.56, ""kernelName"": ""a4w4_blockscale_256x32x512x128_16x16_16x16_8x32x1_8x32x1_1x8x1x32_8_2x4_intrawave_v3""}, {""kernelId"": 16, ""latency_cycles"": 191699.87, ""kernelName"": ""a4w4_blockscale_256x32x384x128_16x16_16x16_8x32x1_8x32x1_1x16x1x16_8_2x2_intrawave_v3""}, {""kernelId"": 14, ""latency_cycles"": 211184.48, ""kernelName"": ""a4w4_blockscale_256x32x128x128_16x16_16x16_8x32x1_8x32x1_1x16x1x16_8_2x2_intrawave_v3""}, {""kernelId"": 1, ""latency_cycles"": 278171.76, ""kernelName"": ""a4w4_blockscale_256x64x256x128_16x16_16x16_8x32x1_8x32x1_1x32x1x8_8_2x2_intrawave_v3""}]",
a4w4_blockscale,gfx950,100,5120,25600,,True,device:0,256,aiter,9,a4w4_blockscale_256x128x256x128_16x16_16x16_8x32x1_8x32x1_1x32x1x8_8_2x2_intrawave_v3,128,256,128,2,16,16,128,0,95379.97,604.6518761483934,"[{""kernelId"": 9, ""latency_cycles"": 95379.97, ""kernelName"": ""a4w4_blockscale_256x128x256x128_16x16_16x16_8x32x1_8x32x1_1x32x1x8_8_2x2_intrawave_v3""}, {""kernelId"": 8, ""latency_cycles"": 107565.2, ""kernelName"": ""a4w4_blockscale_256x128x128x128_16x16_16x16_8x32x1_8x32x1_1x32x1x8_8_2x2_intrawave_v3""}, {""kernelId"": 1, ""latency_cycles"": 116376.49, ""kernelName"": ""a4w4_blockscale_256x64x256x128_16x16_16x16_8x32x1_8x32x1_1x32x1x8_8_2x2_intrawave_v3""}, {""kernelId"": 3, ""latency_cycles"": 123082.22, ""kernelName"": ""a4w4_blockscale_256x64x512x128_16x16_16x16_8x32x1_8x32x1_1x32x1x8_8_2x2_intrawave_v3""}, {""kernelId"": 10, ""latency_cycles"": 125698.39, ""kernelName"": ""a4w4_blockscale_256x128x384x128_16x16_16x16_8x32x1_8x32x1_1x32x1x8_8_2x2_intrawave_v3""}]",
a4w4_blockscale,gfx950,48,5376,4096,,True,device:0,256,aiter,14,a4w4_blockscale_256x32x128x128_16x16_16x16_8x32x1_8x32x1_1x16x1x16_8_2x2_intrawave_v3,32,128,128,2,16,16,128,0,34712.61,133.97565592401477,"[{""kernelId"": 14, ""latency_cycles"": 34712.61, ""kernelName"": ""a4w4_blockscale_256x32x128x128_16x16_16x16_8x32x1_8x32x1_1x16x1x16_8_2x2_intrawave_v3""}, {""kernelId"": 0, ""latency_cycles"": 40213.58, ""kernelName"": ""a4w4_blockscale_256x64x128x128_16x16_16x16_8x32x1_8x32x1_1x32x1x8_8_2x2_intrawave_v3""}, {""kernelId"": 12, ""latency_cycles"": 40213.58, ""kernelName"": ""a4w4_blockscale_256x64x128x128_16x16_16x16_8x32x1_8x32x1_1x16x1x16_8_2x2_intrawave_v3""}, {""kernelId"": 15, ""latency_cycles"": 45787.06, ""kernelName"": ""a4w4_blockscale_256x32x256x128_16x16_16x16_8x32x1_8x32x1_1x8x1x32_8_2x4_intrawave_v3""}, {""kernelId"": 4, ""latency_cycles"": 47677.33, ""kernelName"": ""a4w4_blockscale_256x96x128x128_16x16_16x16_8x32x1_8x32x1_1x32x1x8_8_2x2_intrawave_v3""}]",
a4w4_blockscale,gfx950,768,5376,4096,,True,device:0,256,aiter,8,a4w4_blockscale_256x128x128x128_16x16_16x16_8x32x1_8x32x1_1x32x1x8_8_2x2_intrawave_v3,128,128,128,2,16,16,128,0,57114.93,1302.8171515209444,"[{""kernelId"": 8, ""latency_cycles"": 57114.93, ""kernelName"": ""a4w4_blockscale_256x128x128x128_16x16_16x16_8x32x1_8x32x1_1x32x1x8_8_2x2_intrawave_v3""}, {""kernelId"": 1, ""latency_cycles"": 65914.95, ""kernelName"": ""a4w4_blockscale_256x64x256x128_16x16_16x16_8x32x1_8x32x1_1x32x1x8_8_2x2_intrawave_v3""}, {""kernelId"": 5, ""latency_cycles"": 71801.41, ""kernelName"": ""a4w4_blockscale_256x96x256x128_16x16_16x16_8x32x1_8x32x1_1x32x1x8_8_2x2_intrawave_v3""}, {""kernelId"": 2, ""latency_cycles"": 85001.44, ""kernelName"": ""a4w4_blockscale_256x64x384x128_16x16_16x16_8x32x1_8x32x1_1x32x1x8_8_2x2_intrawave_v3""}, {""kernelId"": 0, ""latency_cycles"": 89846.21, ""kernelName"": ""a4w4_blockscale_256x64x128x128_16x16_16x16_8x32x1_8x32x1_1x32x1x8_8_2x2_intrawave_v3""}]",
a4w4_blockscale,gfx950,48,5760,3584,,True,device:0,256,aiter,14,a4w4_blockscale_256x32x128x128_16x16_16x16_8x32x1_8x32x1_1x16x1x16_8_2x2_intrawave_v3,32,128,128,2,16,16,128,0,30533.63,142.79268890667288,"[{""kernelId"": 14, ""latency_cycles"": 30533.63, ""kernelName"": ""a4w4_blockscale_256x32x128x128_16x16_16x16_8x32x1_8x32x1_1x16x1x16_8_2x2_intrawave_v3""}, {""kernelId"": 0, ""latency_cycles"": 38383.12, ""kernelName"": ""a4w4_blockscale_256x64x128x128_16x16_16x16_8x32x1_8x32x1_1x32x1x8_8_2x2_intrawave_v3""}, {""kernelId"": 12, ""latency_cycles"": 38383.12, ""kernelName"": ""a4w4_blockscale_256x64x128x128_16x16_16x16_8x32x1_8x32x1_1x16x1x16_8_2x2_intrawave_v3""}, {""kernelId"": 15, ""latency_cycles"": 41872.36, ""kernelName"": ""a4w4_blockscale_256x32x256x128_16x16_16x16_8x32x1_8x32x1_1x8x1x32_8_2x4_intrawave_v3""}, {""kernelId"": 4, ""latency_cycles"": 46875.93, ""kernelName"": ""a4w4_blockscale_256x96x128x128_16x16_16x16_8x32x1_8x32x1_1x32x1x8_8_2x2_intrawave_v3""}]",
a4w4_blockscale,gfx950,32,5760,5632,,True,device:0,256,aiter,14,a4w4_blockscale_256x32x128x128_16x16_16x16_8x32x1_8x32x1_1x16x1x16_8_2x2_intrawave_v3,32,128,128,2,16,16,128,0,35709.36,127.91035345529203,"[{""kernelId"": 14, ""latency_cycles"": 35709.36, ""kernelName"": ""a4w4_blockscale_256x32x128x128_16x16_16x16_8x32x1_8x32x1_1x16x1x16_8_2x2_intrawave_v3""}, {""kernelId"": 15, ""latency_cycles"": 43394.38, ""kernelName"": ""a4w4_blockscale_256x32x256x128_16x16_16x16_8x32x1_8x32x1_1x8x1x32_8_2x4_intrawave_v3""}, {""kernelId"": 0, ""latency_cycles"": 51872.54, ""kernelName"": ""a4w4_blockscale_256x64x128x128_16x16_16x16_8x32x1_8x32x1_1x32x1x8_8_2x2_intrawave_v3""}, {""kernelId"": 12, ""latency_cycles"": 51872.54, ""kernelName"": ""a4w4_blockscale_256x64x128x128_16x16_16x16_8x32x1_8x32x1_1x16x1x16_8_2x2_intrawave_v3""}, {""kernelId"": 16, ""latency_cycles"": 54846.05, ""kernelName"": ""a4w4_blockscale_256x32x384x128_16x16_16x16_8x32x1_8x32x1_1x16x1x16_8_2x2_intrawave_v3""}]",
a4w4_blockscale,gfx950,56,5760,5632,,True,device:0,256,aiter,14,a4w4_blockscale_256x32x128x128_16x16_16x16_8x32x1_8x32x1_1x16x1x16_8_2x2_intrawave_v3,32,128,128,2,16,16,128,0,37132.06,215.26664886253425,"[{""kernelId"": 14, ""latency_cycles"": 37132.06, ""kernelName"": ""a4w4_blockscale_256x32x128x128_16x16_16x16_8x32x1_8x32x1_1x16x1x16_8_2x2_intrawave_v3""}, {""kernelId"": 0, ""latency_cycles"": 47321.55, ""kernelName"": ""a4w4_blockscale_256x64x128x128_16x16_16x16_8x32x1_8x32x1_1x32x1x8_8_2x2_intrawave_v3""}, {""kernelId"": 12, ""latency_cycles"": 47321.55, ""kernelName"": ""a4w4_blockscale_256x64x128x128_16x16_16x16_8x32x1_8x32x1_1x16x1x16_8_2x2_intrawave_v3""}, {""kernelId"": 15, ""latency_cycles"": 51789.0, ""kernelName"": ""a4w4_blockscale_256x32x256x128_16x16_16x16_8x32x1_8x32x1_1x8x1x32_8_2x4_intrawave_v3""}, {""kernelId"": 4, ""latency_cycles"": 56134.22, ""kernelName"": ""a4w4_blockscale_256x96x128x128_16x16_16x16_8x32x1_8x32x1_1x32x1x8_8_2x2_intrawave_v3""}]",
a4w4_blockscale,gfx950,17,6144,2048,,True,device:0,256,aiter,14,a4w4_blockscale_256x32x128x128_16x16_16x16_8x32x1_8x32x1_1x16x1x16_8_2x2_intrawave_v3,32,128,128,2,16,16,128,0,26330.95,35.74507459756997,"[{""kernelId"": 14, ""latency_cycles"": 26330.95, ""kernelName"": ""a4w4_blockscale_256x32x128x128_16x16_16x16_8x32x1_8x32x1_1x16x1x16_8_2x2_intrawave_v3""}, {""kernelId"": 15, ""latency_cycles"": 32337.22, ""kernelName"": ""a4w4_blockscale_256x32x256x128_16x16_16x16_8x32x1_8x32x1_1x8x1x32_8_2x4_intrawave_v3""}, {""kernelId"": 0, ""latency_cycles"": 43541.77, ""kernelName"": ""a4w4_blockscale_256x64x128x128_16x16_16x16_8x32x1_8x32x1_1x32x1x8_8_2x2_intrawave_v3""}, {""kernelId"": 12, ""latency_cycles"": 43541.77, ""kernelName"": ""a4w4_blockscale_256x64x128x128_16x16_16x16_8x32x1_8x32x1_1x16x1x16_8_2x2_intrawave_v3""}, {""kernelId"": 16, ""latency_cycles"": 44041.6, ""kernelName"": ""a4w4_blockscale_256x32x384x128_16x16_16x16_8x32x1_8x32x1_1x16x1x16_8_2x2_intrawave_v3""}]",
a4w4_blockscale,gfx950,28,6144,2048,,True,device:0,256,aiter,14,a4w4_blockscale_256x32x128x128_16x16_16x16_8x32x1_8x32x1_1x16x1x16_8_2x2_intrawave_v3,32,128,128,2,16,16,128,0,22034.74,70.35321628721921,"[{""kernelId"": 14, ""latency_cycles"": 22034.74, ""kernelName"": ""a4w4_blockscale_256x32x128x128_16x16_16x16_8x32x1_8x32x1_1x16x1x16_8_2x2_intrawave_v3""}, {""kernelId"": 15, ""latency_cycles"": 28735.49, ""kernelName"": ""a4w4_blockscale_256x32x256x128_16x16_16x16_8x32x1_8x32x1_1x8x1x32_8_2x4_intrawave_v3""}, {""kernelId"": 0, ""latency_cycles"": 32705.01, ""kernelName"": ""a4w4_blockscale_256x64x128x128_16x16_16x16_8x32x1_8x32x1_1x32x1x8_8_2x2_intrawave_v3""}, {""kernelId"": 12, ""latency_cycles"": 32705.01, ""kernelName"": ""a4w4_blockscale_256x64x128x128_16x16_16x16_8x32x1_8x32x1_1x16x1x16_8_2x2_intrawave_v3""}, {""kernelId"": 16, ""latency_cycles"": 38699.7, ""kernelName"": ""a4w4_blockscale_256x32x384x128_16x16_16x16_8x32x1_8x32x1_1x16x1x16_8_2x2_intrawave_v3""}]",
a4w4_blockscale,gfx950,9,6144,4096,,True,device:0,256,aiter,15,a4w4_blockscale_256x32x256x128_16x16_16x16_8x32x1_8x32x1_1x8x1x32_8_2x4_intrawave_v3,32,256,128,2,16,16,128,0,54694.92,18.22046170379088,"[{""kernelId"": 15, ""latency_cycles"": 54694.92, ""kernelName"": ""a4w4_blockscale_256x32x256x128_16x16_16x16_8x32x1_8x32x1_1x8x1x32_8_2x4_intrawave_v3""}, {""kernelId"": 14, ""latency_cycles"": 61010.3, ""kernelName"": ""a4w4_blockscale_256x32x128x128_16x16_16x16_8x32x1_8x32x1_1x16x1x16_8_2x2_intrawave_v3""}, {""kernelId"": 16, ""latency_cycles"": 71569.76, ""kernelName"": ""a4w4_blockscale_256x32x384x128_16x16_16x16_8x32x1_8x32x1_1x16x1x16_8_2x2_intrawave_v3""}, {""kernelId"": 17, ""latency_cycles"": 90257.88, ""kernelName"": ""a4w4_blockscale_256x32x512x128_16x16_16x16_8x32x1_8x32x1_1x8x1x32_8_2x4_intrawave_v3""}, {""kernelId"": 1, ""latency_cycles"": 98585.7, ""kernelName"": ""a4w4_blockscale_256x64x256x128_16x16_16x16_8x32x1_8x32x1_1x32x1x8_8_2x2_intrawave_v3""}]",
a4w4_blockscale,gfx950,2,6144,4608,,True,device:0,256,aiter,15,a4w4_blockscale_256x32x256x128_16x16_16x16_8x32x1_8x32x1_1x8x1x32_8_2x4_intrawave_v3,32,256,128,2,16,16,128,0,213908.45,1.1647116440366867,"[{""kernelId"": 15, ""latency_cycles"": 213908.45, ""kernelName"": ""a4w4_blockscale_256x32x256x128_16x16_16x16_8x32x1_8x32x1_1x8x1x32_8_2x4_intrawave_v3""}, {""kernelId"": 14, ""latency_cycles"": 214682.43, ""kernelName"": ""a4w4_blockscale_256x32x128x128_16x16_16x16_8x32x1_8x32x1_1x16x1x16_8_2x2_intrawave_v3""}, {""kernelId"": 16, ""latency_cycles"": 287313.73, ""kernelName"": ""a4w4_blockscale_256x32x384x128_16x16_16x16_8x32x1_8x32x1_1x16x1x16_8_2x2_intrawave_v3""}, {""kernelId"": 17, ""latency_cycles"": 370421.78, ""kernelName"": ""a4w4_blockscale_256x32x512x128_16x16_16x16_8x32x1_8x32x1_1x8x1x32_8_2x4_intrawave_v3""}, {""kernelId"": 0, ""latency_cycles"": 411326.01, ""kernelName"": ""a4w4_blockscale_256x64x128x128_16x16_16x16_8x32x1_8x32x1_1x32x1x8_8_2x2_intrawave_v3""}]",
a4w4_blockscale,gfx950,10,6144,12288,,True,device:0,256,aiter,15,a4w4_blockscale_256x32x256x128_16x16_16x16_8x32x1_8x32x1_1x8x1x32_8_2x4_intrawave_v3,32,256,128,2,16,16,128,0,86424.43,38.43691997337676,"[{""kernelId"": 15, ""latency_cycles"": 86424.43, ""kernelName"": ""a4w4_blockscale_256x32x256x128_16x16_16x16_8x32x1_8x32x1_1x8x1x32_8_2x4_intrawave_v3""}, {""kernelId"": 16, ""latency_cycles"": 89844.3, ""kernelName"": ""a4w4_blockscale_256x32x384x128_16x16_16x16_8x32x1_8x32x1_1x16x1x16_8_2x2_intrawave_v3""}, {""kernelId"": 17, ""latency_cycles"": 105392.82, ""kernelName"": ""a4w4_blockscale_256x32x512x128_16x16_16x16_8x32x1_8x32x1_1x8x1x32_8_2x4_intrawave_v3""}, {""kernelId"": 14, ""latency_cycles"": 119952.43, ""kernelName"": ""a4w4_blockscale_256x32x128x128_16x16_16x16_8x32x1_8x32x1_1x16x1x16_8_2x2_intrawave_v3""}, {""kernelId"": 1, ""latency_cycles"": 154337.47, ""kernelName"": ""a4w4_blockscale_256x64x256x128_16x16_16x16_8x32x1_8x32x1_1x32x1x8_8_2x2_intrawave_v3""}]",
a4w4_blockscale,gfx950,224,6272,5632,,True,device:0,256,aiter,0,a4w4_blockscale_256x64x128x128_16x16_16x16_8x32x1_8x32x1_1x32x1x8_8_2x2_intrawave_v3,64,128,128,2,16,16,128,0,65966.21,527.7738459320761,"[{""kernelId"": 0, ""latency_cycles"": 65966.21, ""kernelName"": ""a4w4_blockscale_256x64x128x128_16x16_16x16_8x32x1_8x32x1_1x32x1x8_8_2x2_intrawave_v3""}, {""kernelId"": 12, ""latency_cycles"": 65966.21, ""kernelName"": ""a4w4_blockscale_256x64x128x128_16x16_16x16_8x32x1_8x32x1_1x16x1x16_8_2x2_intrawave_v3""}, {""kernelId"": 8, ""latency_cycles"": 69826.88, ""kernelName"": ""a4w4_blockscale_256x128x128x128_16x16_16x16_8x32x1_8x32x1_1x32x1x8_8_2x2_intrawave_v3""}, {""kernelId"": 1, ""latency_cycles"": 77754.27, ""kernelName"": ""a4w4_blockscale_256x64x256x128_16x16_16x16_8x32x1_8x32x1_1x32x1x8_8_2x2_intrawave_v3""}, {""kernelId"": 16, ""latency_cycles"": 78109.43, ""kernelName"": ""a4w4_blockscale_256x32x384x128_16x16_16x16_8x32x1_8x32x1_1x16x1x16_8_2x2_intrawave_v3""}]",
a4w4_blockscale,gfx950,6,6272,5888,,True,device:0,256,aiter,14,a4w4_blockscale_256x32x128x128_16x16_16x16_8x32x1_8x32x1_1x16x1x16_8_2x2_intrawave_v3,32,128,128,2,16,16,128,0,109408.09,8.911039295495746,"[{""kernelId"": 14, ""latency_cycles"": 109408.09, ""kernelName"": ""a4w4_blockscale_256x32x128x128_16x16_16x16_8x32x1_8x32x1_1x16x1x16_8_2x2_intrawave_v3""}, {""kernelId"": 15, ""latency_cycles"": 113097.57, ""kernelName"": ""a4w4_blockscale_256x32x256x128_16x16_16x16_8x32x1_8x32x1_1x8x1x32_8_2x4_intrawave_v3""}, {""kernelId"": 16, ""latency_cycles"": 144492.69, ""kernelName"": ""a4w4_blockscale_256x32x384x128_16x16_16x16_8x32x1_8x32x1_1x16x1x16_8_2x2_intrawave_v3""}, {""kernelId"": 17, ""latency_cycles"": 185472.86, ""kernelName"": ""a4w4_blockscale_256x32x512x128_16x16_16x16_8x32x1_8x32x1_1x8x1x32_8_2x4_intrawave_v3""}, {""kernelId"": 0, ""latency_cycles"": 196987.97, ""kernelName"": ""a4w4_blockscale_256x64x128x128_16x16_16x16_8x32x1_8x32x1_1x32x1x8_8_2x2_intrawave_v3""}]",
a4w4_blockscale,gfx950,8,6272,5888,,True,device:0,256,aiter,14,a4w4_blockscale_256x32x128x128_16x16_16x16_8x32x1_8x32x1_1x16x1x16_8_2x2_intrawave_v3,32,128,128,2,16,16,128,0,88787.89,14.640731803246997,"[{""kernelId"": 14, ""latency_cycles"": 88787.89, ""kernelName"": ""a4w4_blockscale_256x32x128x128_16x16_16x16_8x32x1_8x32x1_1x16x1x16_8_2x2_intrawave_v3""}, {""kernelId"": 15, ""latency_cycles"": 93104.12, ""kernelName"": ""a4w4_blockscale_256x32x256x128_16x16_16x16_8x32x1_8x32x1_1x8x1x32_8_2x4_intrawave_v3""}, {""kernelId"": 16, ""latency_cycles"": 114976.27, ""kernelName"": ""a4w4_blockscale_256x32x384x128_16x16_16x16_8x32x1_8x32x1_1x16x1x16_8_2x2_intrawave_v3""}, {""kernelId"": 17, ""latency_cycles"": 145771.84, ""kernelName"": ""a4w4_blockscale_256x32x512x128_16x16_16x16_8x32x1_8x32x1_1x8x1x32_8_2x4_intrawave_v3""}, {""kernelId"": 0, ""latency_cycles"": 154613.84, ""kernelName"": ""a4w4_blockscale_256x64x128x128_16x16_16x16_8x32x1_8x32x1_1x32x1x8_8_2x2_intrawave_v3""}]",
a4w4_blockscale,gfx950,2,6400,5376,,True,device:0,256,aiter,15,a4w4_blockscale_256x32x256x128_16x16_16x16_8x32x1_8x32x1_1x8x1x32_8_2x4_intrawave_v3,32,256,128,2,16,16,128,0,258149.82,1.172870535365556,"[{""kernelId"": 15, ""latency_cycles"": 258149.82, ""kernelName"": ""a4w4_blockscale_256x32x256x128_16x16_16x16_8x32x1_8x32x1_1x8x1x32_8_2x4_intrawave_v3""}, {""kernelId"": 14, ""latency_cycles"": 262083.36, ""kernelName"": ""a4w4_blockscale_256x32x128x128_16x16_16x16_8x32x1_8x32x1_1x16x1x16_8_2x2_intrawave_v3""}, {""kernelId"": 16, ""latency_cycles"": 356768.85, ""kernelName"": ""a4w4_blockscale_256x32x384x128_16x16_16x16_8x32x1_8x32x1_1x16x1x16_8_2x2_intrawave_v3""}, {""kernelId"": 17, ""latency_cycles"": 465953.16, ""kernelName"": ""a4w4_blockscale_256x32x512x128_16x16_16x16_8x32x1_8x32x1_1x8x1x32_8_2x4_intrawave_v3""}, {""kernelId"": 0, ""latency_cycles"": 505108.2, ""kernelName"": ""a4w4_blockscale_256x64x128x128_16x16_16x16_8x32x1_8x32x1_1x32x1x8_8_2x2_intrawave_v3""}]",
a4w4_blockscale,gfx950,40,6400,5376,,True,device:0,256,aiter,14,a4w4_blockscale_256x32x128x128_16x16_16x16_8x32x1_8x32x1_1x16x1x16_8_2x2_intrawave_v3,32,128,128,2,16,16,128,0,42818.54,141.42301270852442,"[{""kernelId"": 14, ""latency_cycles"": 42818.54, ""kernelName"": ""a4w4_blockscale_256x32x128x128_16x16_16x16_8x32x1_8x32x1_1x16x1x16_8_2x2_intrawave_v3""}, {""kernelId"": 0, ""latency_cycles"": 50309.0, ""kernelName"": ""a4w4_blockscale_256x64x128x128_16x16_16x16_8x32x1_8x32x1_1x32x1x8_8_2x2_intrawave_v3""}, {""kernelId"": 12, ""latency_cycles"": 50309.0, ""kernelName"": ""a4w4_blockscale_256x64x128x128_16x16_16x16_8x32x1_8x32x1_1x16x1x16_8_2x2_intrawave_v3""}, {""kernelId"": 15, ""latency_cycles"": 57026.62, ""kernelName"": ""a4w4_blockscale_256x32x256x128_16x16_16x16_8x32x1_8x32x1_1x8x1x32_8_2x4_intrawave_v3""}, {""kernelId"": 1, ""latency_cycles"": 61264.47, ""kernelName"": ""a4w4_blockscale_256x64x256x128_16x16_16x16_8x32x1_8x32x1_1x32x1x8_8_2x2_intrawave_v3""}]",
a4w4_blockscale,gfx950,56,7040,5376,,True,device:0,256,aiter,14,a4w4_blockscale_256x32x128x128_16x16_16x16_8x32x1_8x32x1_1x16x1x16_8_2x2_intrawave_v3,32,128,128,2,16,16,128,0,37863.5,246.2928904091686,"[{""kernelId"": 14, ""latency_cycles"": 37863.5, ""kernelName"": ""a4w4_blockscale_256x32x128x128_16x16_16x16_8x32x1_8x32x1_1x16x1x16_8_2x2_intrawave_v3""}, {""kernelId"": 0, ""latency_cycles"": 50358.99, ""kernelName"": ""a4w4_blockscale_256x64x128x128_16x16_16x16_8x32x1_8x32x1_1x32x1x8_8_2x2_intrawave_v3""}, {""kernelId"": 12, ""latency_cycles"": 50358.99, ""kernelName"": ""a4w4_blockscale_256x64x128x128_16x16_16x16_8x32x1_8x32x1_1x16x1x16_8_2x2_intrawave_v3""}, {""kernelId"": 15, ""latency_cycles"": 52500.16, ""kernelName"": ""a4w4_blockscale_256x32x256x128_16x16_16x16_8x32x1_8x32x1_1x8x1x32_8_2x4_intrawave_v3""}, {""kernelId"": 4, ""latency_cycles"": 60046.7, ""kernelName"": ""a4w4_blockscale_256x96x128x128_16x16_16x16_8x32x1_8x32x1_1x32x1x8_8_2x2_intrawave_v3""}]",
a4w4_blockscale,gfx950,8,7168,256,,True,device:0,256,aiter,14,a4w4_blockscale_256x32x128x128_16x16_16x16_8x32x1_8x32x1_1x16x1x16_8_2x2_intrawave_v3,32,128,128,2,16,16,128,0,10784.83,5.98918209504802,"[{""kernelId"": 14, ""latency_cycles"": 10784.83, ""kernelName"": ""a4w4_blockscale_256x32x128x128_16x16_16x16_8x32x1_8x32x1_1x16x1x16_8_2x2_intrawave_v3""}, {""kernelId"": 15, ""latency_cycles"": 17431.8, ""kernelName"": ""a4w4_blockscale_256x32x256x128_16x16_16x16_8x32x1_8x32x1_1x8x1x32_8_2x4_intrawave_v3""}, {""kernelId"": 0, ""latency_cycles"": 20699.77, ""kernelName"": ""a4w4_blockscale_256x64x128x128_16x16_16x16_8x32x1_8x32x1_1x32x1x8_8_2x2_intrawave_v3""}, {""kernelId"": 12, ""latency_cycles"": 20699.77, ""kernelName"": ""a4w4_blockscale_256x64x128x128_16x16_16x16_8x32x1_8x32x1_1x16x1x16_8_2x2_intrawave_v3""}, {""kernelId"": 16, ""latency_cycles"": 23862.26, ""kernelName"": ""a4w4_blockscale_256x32x384x128_16x16_16x16_8x32x1_8x32x1_1x16x1x16_8_2x2_intrawave_v3""}]",
a4w4_blockscale,gfx950,14,7168,256,,True,device:0,256,aiter,14,a4w4_blockscale_256x32x128x128_16x16_16x16_8x32x1_8x32x1_1x16x1x16_8_2x2_intrawave_v3,32,128,128,2,16,16,128,0,7089.64,15.943903587910443,"[{""kernelId"": 14, ""latency_cycles"": 7089.64, ""kernelName"": ""a4w4_blockscale_256x32x128x128_16x16_16x16_8x32x1_8x32x1_1x16x1x16_8_2x2_intrawave_v3""}, {""kernelId"": 15, ""latency_cycles"": 11543.11, ""kernelName"": ""a4w4_blockscale_256x32x256x128_16x16_16x16_8x32x1_8x32x1_1x8x1x32_8_2x4_intrawave_v3""}, {""kernelId"": 0, ""latency_cycles"": 12995.66, ""kernelName"": ""a4w4_blockscale_256x64x128x128_16x16_16x16_8x32x1_8x32x1_1x32x1x8_8_2x2_intrawave_v3""}, {""kernelId"": 12, ""latency_cycles"": 12995.66, ""kernelName"": ""a4w4_blockscale_256x64x128x128_16x16_16x16_8x32x1_8x32x1_1x16x1x16_8_2x2_intrawave_v3""}, {""kernelId"": 16, ""latency_cycles"": 15853.3, ""kernelName"": ""a4w4_blockscale_256x32x384x128_16x16_16x16_8x32x1_8x32x1_1x16x1x16_8_2x2_intrawave_v3""}]",
a4w4_blockscale,gfx950,6144,7168,2048,,True,device:0,256,aiter,18,a4w4_blockscale_256x256x256x128_16x16_16x16_8x32x1_8x32x1_1x8x1x32_8_2x4_intrawave_v3,256,256,128,2,16,16,128,0,202944.63,1955.4840418906329,"[{""kernelId"": 18, ""latency_cycles"": 202944.63, ""kernelName"": ""a4w4_blockscale_256x256x256x128_16x16_16x16_8x32x1_8x32x1_1x8x1x32_8_2x4_intrawave_v3""}, {""kernelId"": 19, ""latency_cycles"": 202944.63, ""kernelName"": ""a4w4_blockscale_256x256x256x128_16x16_16x16_8x32x1_8x32x1_1x8x1x32_8_2x8_intrawave_v3""}, {""kernelId"": 11, ""latency_cycles"": 229574.69, ""kernelName"": ""a4w4_blockscale_256x128x512x128_16x16_16x16_8x32x1_8x32x1_1x32x1x8_8_2x2_intrawave_v3""}, {""kernelId"": 10, ""latency_cycles"": 248488.58, ""kernelName"": ""a4w4_blockscale_256x128x384x128_16x16_16x16_8x32x1_8x32x1_1x32x1x8_8_2x2_intrawave_v3""}, {""kernelId"": 7, ""latency_cycles"": 272582.45, ""kernelName"": ""a4w4_blockscale_256x96x512x128_16x16_16x16_8x32x1_8x32x1_1x32x1x8_8_2x2_intrawave_v3""}]",
a4w4_blockscale,gfx950,40,7168,4608,,True,device:0,256,aiter,14,a4w4_blockscale_256x32x128x128_16x16_16x16_8x32x1_8x32x1_1x16x1x16_8_2x2_intrawave_v3,32,128,128,2,16,16,128,0,38482.13,151.06507743239783,"[{""kernelId"": 14, ""latency_cycles"": 38482.13, ""kernelName"": ""a4w4_blockscale_256x32x128x128_16x16_16x16_8x32x1_8x32x1_1x16x1x16_8_2x2_intrawave_v3""}, {""kernelId"": 0, ""latency_cycles"": 46935.87, ""kernelName"": ""a4w4_blockscale_256x64x128x128_16x16_16x16_8x32x1_8x32x1_1x32x1x8_8_2x2_intrawave_v3""}, {""kernelId"": 12, ""latency_cycles"": 46935.87, ""kernelName"": ""a4w4_blockscale_256x64x128x128_16x16_16x16_8x32x1_8x32x1_1x16x1x16_8_2x2_intrawave_v3""}, {""kernelId"": 15, ""latency_cycles"": 54159.31, ""kernelName"": ""a4w4_blockscale_256x32x256x128_16x16_16x16_8x32x1_8x32x1_1x8x1x32_8_2x4_intrawave_v3""}, {""kernelId"": 1, ""latency_cycles"": 56442.33, ""kernelName"": ""a4w4_blockscale_256x64x256x128_16x16_16x16_8x32x1_8x32x1_1x32x1x8_8_2x2_intrawave_v3""}]",
a4w4_blockscale,gfx950,640,7168,4608,,True,device:0,256,aiter,5,a4w4_blockscale_256x96x256x128_16x16_16x16_8x32x1_8x32x1_1x32x1x8_8_2x2_intrawave_v3,96,256,128,2,16,16,128,0,85517.21,1087.6510146446585,"[{""kernelId"": 5, ""latency_cycles"": 85517.21, ""kernelName"": ""a4w4_blockscale_256x96x256x128_16x16_16x16_8x32x1_8x32x1_1x32x1x8_8_2x2_intrawave_v3""}, {""kernelId"": 9, ""latency_cycles"": 86779.6, ""kernelName"": ""a4w4_blockscale_256x128x256x128_16x16_16x16_8x32x1_8x32x1_1x32x1x8_8_2x2_intrawave_v3""}, {""kernelId"": 2, ""latency_cycles"": 96212.64, ""kernelName"": ""a4w4_blockscale_256x64x384x128_16x16_16x16_8x32x1_8x32x1_1x32x1x8_8_2x2_intrawave_v3""}, {""kernelId"": 6, ""latency_cycles"": 112016.99, ""kernelName"": ""a4w4_blockscale_256x96x384x128_16x16_16x16_8x32x1_8x32x1_1x32x1x8_8_2x2_intrawave_v3""}, {""kernelId"": 3, ""latency_cycles"": 116436.42, ""kernelName"": ""a4w4_blockscale_256x64x512x128_16x16_16x16_8x32x1_8x32x1_1x32x1x8_8_2x2_intrawave_v3""}]",
a4w4_blockscale,gfx950,2048,7168,7680,,True,device:0,256,aiter,18,a4w4_blockscale_256x256x256x128_16x16_16x16_8x32x1_8x32x1_1x8x1x32_8_2x4_intrawave_v3,256,256,128,2,16,16,128,0,184566.68,2687.7480501181926,"[{""kernelId"": 18, ""latency_cycles"": 184566.68, ""kernelName"": ""a4w4_blockscale_256x256x256x128_16x16_16x16_8x32x1_8x32x1_1x8x1x32_8_2x4_intrawave_v3""}, {""kernelId"": 19, ""latency_cycles"": 184566.68, ""kernelName"": ""a4w4_blockscale_256x256x256x128_16x16_16x16_8x32x1_8x32x1_1x8x1x32_8_2x8_intrawave_v3""}, {""kernelId"": 11, ""latency_cycles"": 217364.9, ""kernelName"": ""a4w4_blockscale_256x128x512x128_16x16_16x16_8x32x1_8x32x1_1x32x1x8_8_2x2_intrawave_v3""}, {""kernelId"": 9, ""latency_cycles"": 280199.75, ""kernelName"": ""a4w4_blockscale_256x128x256x128_16x16_16x16_8x32x1_8x32x1_1x32x1x8_8_2x2_intrawave_v3""}, {""kernelId"": 6, ""latency_cycles"": 344621.7, ""kernelName"": ""a4w4_blockscale_256x96x384x128_16x16_16x16_8x32x1_8x32x1_1x32x1x8_8_2x2_intrawave_v3""}]",
a4w4_blockscale,gfx950,13,7168,8192,,True,device:0,256,aiter,15,a4w4_blockscale_256x32x256x128_16x16_16x16_8x32x1_8x32x1_1x8x1x32_8_2x4_intrawave_v3,32,256,128,2,16,16,128,0,74027.9,45.37206586640757,"[{""kernelId"": 15, ""latency_cycles"": 74027.9, ""kernelName"": ""a4w4_blockscale_256x32x256x128_16x16_16x16_8x32x1_8x32x1_1x8x1x32_8_2x4_intrawave_v3""}, {""kernelId"": 14, ""latency_cycles"": 78679.07, ""kernelName"": ""a4w4_blockscale_256x32x128x128_16x16_16x16_8x32x1_8x32x1_1x16x1x16_8_2x2_intrawave_v3""}, {""kernelId"": 16, ""latency_cycles"": 87224.68, ""kernelName"": ""a4w4_blockscale_256x32x384x128_16x16_16x16_8x32x1_8x32x1_1x16x1x16_8_2x2_intrawave_v3""}, {""kernelId"": 17, ""latency_cycles"": 99453.26, ""kernelName"": ""a4w4_blockscale_256x32x512x128_16x16_16x16_8x32x1_8x32x1_1x8x1x32_8_2x4_intrawave_v3""}, {""kernelId"": 1, ""latency_cycles"": 129584.18, ""kernelName"": ""a4w4_blockscale_256x64x256x128_16x16_16x16_8x32x1_8x32x1_1x32x1x8_8_2x2_intrawave_v3""}]",
a4w4_blockscale,gfx950,14,7168,8192,,True,device:0,256,aiter,15,a4w4_blockscale_256x32x256x128_16x16_16x16_8x32x1_8x32x1_1x8x1x32_8_2x4_intrawave_v3,32,256,128,2,16,16,128,0,70322.35,51.436961457704356,"[{""kernelId"": 15, ""latency_cycles"": 70322.35, ""kernelName"": ""a4w4_blockscale_256x32x256x128_16x16_16x16_8x32x1_8x32x1_1x8x1x32_8_2x4_intrawave_v3""}, {""kernelId"": 14, ""latency_cycles"": 74693.32, ""kernelName"": ""a4w4_blockscale_256x32x128x128_16x16_16x16_8x32x1_8x32x1_1x16x1x16_8_2x2_intrawave_v3""}, {""kernelId"": 16, ""latency_cycles"": 82696.95, ""kernelName"": ""a4w4_blockscale_256x32x384x128_16x16_16x16_8x32x1_8x32x1_1x16x1x16_8_2x2_intrawave_v3""}, {""kernelId"": 17, ""latency_cycles"": 94176.99, ""kernelName"": ""a4w4_blockscale_256x32x512x128_16x16_16x16_8x32x1_8x32x1_1x8x1x32_8_2x4_intrawave_v3""}, {""kernelId"": 1, ""latency_cycles"": 121990.33, ""kernelName"": ""a4w4_blockscale_256x64x256x128_16x16_16x16_8x32x1_8x32x1_1x32x1x8_8_2x2_intrawave_v3""}]",
a4w4_blockscale,gfx950,40000,7168,8192,,True,device:0,256,aiter,18,a4w4_blockscale_256x256x256x128_16x16_16x16_8x32x1_8x32x1_1x8x1x32_8_2x4_intrawave_v3,256,256,128,2,16,16,128,0,3537629.94,2921.3810446587036,"[{""kernelId"": 18, ""latency_cycles"": 3537629.94, ""kernelName"": ""a4w4_blockscale_256x256x256x128_16x16_16x16_8x32x1_8x32x1_1x8x1x32_8_2x4_intrawave_v3""}, {""kernelId"": 19, ""latency_cycles"": 3537629.94, ""kernelName"": ""a4w4_blockscale_256x256x256x128_16x16_16x16_8x32x1_8x32x1_1x8x1x32_8_2x8_intrawave_v3""}, {""kernelId"": 11, ""latency_cycles"": 4159340.85, ""kernelName"": ""a4w4_blockscale_256x128x512x128_16x16_16x16_8x32x1_8x32x1_1x32x1x8_8_2x2_intrawave_v3""}, {""kernelId"": 10, ""latency_cycles"": 4618243.54, ""kernelName"": ""a4w4_blockscale_256x128x384x128_16x16_16x16_8x32x1_8x32x1_1x32x1x8_8_2x2_intrawave_v3""}, {""kernelId"": 7, ""latency_cycles"": 4968804.77, ""kernelName"": ""a4w4_blockscale_256x96x512x128_16x16_16x16_8x32x1_8x32x1_1x32x1x8_8_2x2_intrawave_v3""}]",
a4w4_blockscale,gfx950,16,7168,10752,,True,device:0,256,aiter,16,a4w4_blockscale_256x32x384x128_16x16_16x16_8x32x1_8x32x1_1x16x1x16_8_2x2_intrawave_v3,32,384,128,2,16,16,128,0,76075.9,71.32024550401505,"[{""kernelId"": 16, ""latency_cycles"": 76075.9, ""kernelName"": ""a4w4_blockscale_256x32x384x128_16x16_16x16_8x32x1_8x32x1_1x16x1x16_8_2x2_intrawave_v3""}, {""kernelId"": 17, ""latency_cycles"": 79787.2, ""kernelName"": ""a4w4_blockscale_256x32x512x128_16x16_16x16_8x32x1_8x32x1_1x8x1x32_8_2x4_intrawave_v3""}, {""kernelId"": 15, ""latency_cycles"": 81075.05, ""kernelName"": ""a4w4_blockscale_256x32x256x128_16x16_16x16_8x32x1_8x32x1_1x8x1x32_8_2x4_intrawave_v3""}, {""kernelId"": 14, ""latency_cycles"": 84879.67, ""kernelName"": ""a4w4_blockscale_256x32x128x128_16x16_16x16_8x32x1_8x32x1_1x16x1x16_8_2x2_intrawave_v3""}, {""kernelId"": 2, ""latency_cycles"": 132573.95, ""kernelName"": ""a4w4_blockscale_256x64x384x128_16x16_16x16_8x32x1_8x32x1_1x32x1x8_8_2x2_intrawave_v3""}]",
a4w4_blockscale,gfx950,64,7168,10752,,True,device:0,256,aiter,0,a4w4_blockscale_256x64x128x128_16x16_16x16_8x32x1_8x32x1_1x32x1x8_8_2x2_intrawave_v3,64,128,128,2,16,16,128,0,58545.77,370.7015504835797,"[{""kernelId"": 0, ""latency_cycles"": 58545.77, ""kernelName"": ""a4w4_blockscale_256x64x128x128_16x16_16x16_8x32x1_8x32x1_1x32x1x8_8_2x2_intrawave_v3""}, {""kernelId"": 12, ""latency_cycles"": 58545.77, ""kernelName"": ""a4w4_blockscale_256x64x128x128_16x16_16x16_8x32x1_8x32x1_1x16x1x16_8_2x2_intrawave_v3""}, {""kernelId"": 2, ""latency_cycles"": 59010.57, ""kernelName"": ""a4w4_blockscale_256x64x384x128_16x16_16x16_8x32x1_8x32x1_1x32x1x8_8_2x2_intrawave_v3""}, {""kernelId"": 14, ""latency_cycles"": 59034.87, ""kernelName"": ""a4w4_blockscale_256x32x128x128_16x16_16x16_8x32x1_8x32x1_1x16x1x16_8_2x2_intrawave_v3""}, {""kernelId"": 1, ""latency_cycles"": 59748.91, ""kernelName"": ""a4w4_blockscale_256x64x256x128_16x16_16x16_8x32x1_8x32x1_1x32x1x8_8_2x2_intrawave_v3""}]",
a4w4_blockscale,gfx950,192,7168,10752,,True,device:0,256,aiter,5,a4w4_blockscale_256x96x256x128_16x16_16x16_8x32x1_8x32x1_1x32x1x8_8_2x2_intrawave_v3,96,256,128,2,16,16,128,0,75820.45,858.7264247865434,"[{""kernelId"": 5, ""latency_cycles"": 75820.45, ""kernelName"": ""a4w4_blockscale_256x96x256x128_16x16_16x16_8x32x1_8x32x1_1x32x1x8_8_2x2_intrawave_v3""}, {""kernelId"": 2, ""latency_cycles"": 81534.32, ""kernelName"": ""a4w4_blockscale_256x64x384x128_16x16_16x16_8x32x1_8x32x1_1x32x1x8_8_2x2_intrawave_v3""}, {""kernelId"": 6, ""latency_cycles"": 83884.07, ""kernelName"": ""a4w4_blockscale_256x96x384x128_16x16_16x16_8x32x1_8x32x1_1x32x1x8_8_2x2_intrawave_v3""}, {""kernelId"": 4, ""latency_cycles"": 85733.68, ""kernelName"": ""a4w4_blockscale_256x96x128x128_16x16_16x16_8x32x1_8x32x1_1x32x1x8_8_2x2_intrawave_v3""}, {""kernelId"": 13, ""latency_cycles"": 85733.68, ""kernelName"": ""a4w4_blockscale_256x96x128x128_16x16_16x16_8x32x1_8x32x1_1x16x1x16_8_2x2_intrawave_v3""}]",
a4w4_blockscale,gfx950,6,7168,18432,,True,device:0,256,aiter,17,a4w4_blockscale_256x32x512x128_16x16_16x16_8x32x1_8x32x1_1x8x1x32_8_2x4_intrawave_v3,32,512,128,2,16,16,128,0,260083.04,13.411036506934977,"[{""kernelId"": 17, ""latency_cycles"": 260083.04, ""kernelName"": ""a4w4_blockscale_256x32x512x128_16x16_16x16_8x32x1_8x32x1_1x8x1x32_8_2x4_intrawave_v3""}, {""kernelId"": 16, ""latency_cycles"": 260987.41, ""kernelName"": ""a4w4_blockscale_256x32x384x128_16x16_16x16_8x32x1_8x32x1_1x16x1x16_8_2x2_intrawave_v3""}, {""kernelId"": 15, ""latency_cycles"": 273012.38, ""kernelName"": ""a4w4_blockscale_256x32x256x128_16x16_16x16_8x32x1_8x32x1_1x8x1x32_8_2x4_intrawave_v3""}, {""kernelId"": 14, ""latency_cycles"": 305314.26, ""kernelName"": ""a4w4_blockscale_256x32x128x128_16x16_16x16_8x32x1_8x32x1_1x16x1x16_8_2x2_intrawave_v3""}, {""kernelId"": 3, ""latency_cycles"": 505199.86, ""kernelName"": ""a4w4_blockscale_256x64x512x128_16x16_16x16_8x32x1_8x32x1_1x32x1x8_8_2x2_intrawave_v3""}]",
a4w4_blockscale,gfx950,28,7552,1024,,True,device:0,256,aiter,14,a4w4_blockscale_256x32x128x128_16x16_16x16_8x32x1_8x32x1_1x16x1x16_8_2x2_intrawave_v3,32,128,128,2,16,16,128,0,14779.49,64.46340982018336,"[{""kernelId"": 14, ""latency_cycles"": 14779.49, ""kernelName"": ""a4w4_blockscale_256x32x128x128_16x16_16x16_8x32x1_8x32x1_1x16x1x16_8_2x2_intrawave_v3""}, {""kernelId"": 15, ""latency_cycles"": 22616.22, ""kernelName"": ""a4w4_blockscale_256x32x256x128_16x16_16x16_8x32x1_8x32x1_1x8x1x32_8_2x4_intrawave_v3""}, {""kernelId"": 0, ""latency_cycles"": 24650.76, ""kernelName"": ""a4w4_blockscale_256x64x128x128_16x16_16x16_8x32x1_8x32x1_1x32x1x8_8_2x2_intrawave_v3""}, {""kernelId"": 12, ""latency_cycles"": 24650.76, ""kernelName"": ""a4w4_blockscale_256x64x128x128_16x16_16x16_8x32x1_8x32x1_1x16x1x16_8_2x2_intrawave_v3""}, {""kernelId"": 16, ""latency_cycles"": 29609.57, ""kernelName"": ""a4w4_blockscale_256x32x384x128_16x16_16x16_8x32x1_8x32x1_1x16x1x16_8_2x2_intrawave_v3""}]",
a4w4_blockscale,gfx950,17,7552,17920,,True,device:0,256,aiter,16,a4w4_blockscale_256x32x384x128_16x16_16x16_8x32x1_8x32x1_1x16x1x16_8_2x2_intrawave_v3,32,384,128,2,16,16,128,0,100176.22,101.05014158423012,"[{""kernelId"": 16, ""latency_cycles"": 100176.22, ""kernelName"": ""a4w4_blockscale_256x32x384x128_16x16_16x16_8x32x1_8x32x1_1x16x1x16_8_2x2_intrawave_v3""}, {""kernelId"": 17, ""latency_cycles"": 121180.65, ""kernelName"": ""a4w4_blockscale_256x32x512x128_16x16_16x16_8x32x1_8x32x1_1x8x1x32_8_2x4_intrawave_v3""}, {""kernelId"": 15, ""latency_cycles"": 122606.41, ""kernelName"": ""a4w4_blockscale_256x32x256x128_16x16_16x16_8x32x1_8x32x1_1x8x1x32_8_2x4_intrawave_v3""}, {""kernelId"": 14, ""latency_cycles"": 128882.21, ""kernelName"": ""a4w4_blockscale_256x32x128x128_16x16_16x16_8x32x1_8x32x1_1x16x1x16_8_2x2_intrawave_v3""}, {""kernelId"": 2, ""latency_cycles"": 178840.86, ""kernelName"": ""a4w4_blockscale_256x64x384x128_16x16_16x16_8x32x1_8x32x1_1x32x1x8_8_2x2_intrawave_v3""}]",
a4w4_blockscale,gfx950,9,8192,1024,,True,device:0,256,aiter,14,a4w4_blockscale_256x32x128x128_16x16_16x16_8x32x1_8x32x1_1x16x1x16_8_2x2_intrawave_v3,32,128,128,2,16,16,128,0,33827.52,9.820078848840351,"[{""kernelId"": 14, ""latency_cycles"": 33827.52, ""kernelName"": ""a4w4_blockscale_256x32x128x128_16x16_16x16_8x32x1_8x32x1_1x16x1x16_8_2x2_intrawave_v3""}, {""kernelId"": 15, ""latency_cycles"": 52868.14, ""kernelName"": ""a4w4_blockscale_256x32x256x128_16x16_16x16_8x32x1_8x32x1_1x8x1x32_8_2x4_intrawave_v3""}, {""kernelId"": 0, ""latency_cycles"": 63701.64, ""kernelName"": ""a4w4_blockscale_256x64x128x128_16x16_16x16_8x32x1_8x32x1_1x32x1x8_8_2x2_intrawave_v3""}, {""kernelId"": 12, ""latency_cycles"": 63701.64, ""kernelName"": ""a4w4_blockscale_256x64x128x128_16x16_16x16_8x32x1_8x32x1_1x16x1x16_8_2x2_intrawave_v3""}, {""kernelId"": 16, ""latency_cycles"": 72505.44, ""kernelName"": ""a4w4_blockscale_256x32x384x128_16x16_16x16_8x32x1_8x32x1_1x16x1x16_8_2x2_intrawave_v3""}]",
a4w4_blockscale,gfx950,1234,8192,1024,,True,device:0,256,aiter,10,a4w4_blockscale_256x128x384x128_16x16_16x16_8x32x1_8x32x1_1x32x1x8_8_2x2_intrawave_v3,128,384,128,2,16,16,128,0,45966.78,990.8629955495695,"[{""kernelId"": 10, ""latency_cycles"": 45966.78, ""kernelName"": ""a4w4_blockscale_256x128x384x128_16x16_16x16_8x32x1_8x32x1_1x32x1x8_8_2x2_intrawave_v3""}, {""kernelId"": 7, ""latency_cycles"": 53252.0, ""kernelName"": ""a4w4_blockscale_256x96x512x128_16x16_16x16_8x32x1_8x32x1_1x32x1x8_8_2x2_intrawave_v3""}, {""kernelId"": 11, ""latency_cycles"": 55491.33, ""kernelName"": ""a4w4_blockscale_256x128x512x128_16x16_16x16_8x32x1_8x32x1_1x32x1x8_8_2x2_intrawave_v3""}, {""kernelId"": 18, ""latency_cycles"": 56167.73, ""kernelName"": ""a4w4_blockscale_256x256x256x128_16x16_16x16_8x32x1_8x32x1_1x8x1x32_8_2x4_intrawave_v3""}, {""kernelId"": 19, ""latency_cycles"": 56167.73, ""kernelName"": ""a4w4_blockscale_256x256x256x128_16x16_16x16_8x32x1_8x32x1_1x8x1x32_8_2x8_intrawave_v3""}]",
a4w4_blockscale,gfx950,11,8192,3584,,True,device:0,256,aiter,15,a4w4_blockscale_256x32x256x128_16x16_16x16_8x32x1_8x32x1_1x8x1x32_8_2x4_intrawave_v3,32,256,128,2,16,16,128,0,54291.22,26.174216207486353,"[{""kernelId"": 15, ""latency_cycles"": 54291.22, ""kernelName"": ""a4w4_blockscale_256x32x256x128_16x16_16x16_8x32x1_8x32x1_1x8x1x32_8_2x4_intrawave_v3""}, {""kernelId"": 14, ""latency_cycles"": 58381.22, ""kernelName"": ""a4w4_blockscale_256x32x128x128_16x16_16x16_8x32x1_8x32x1_1x16x1x16_8_2x2_intrawave_v3""}, {""kernelId"": 16, ""latency_cycles"": 74146.66, ""kernelName"": ""a4w4_blockscale_256x32x384x128_16x16_16x16_8x32x1_8x32x1_1x16x1x16_8_2x2_intrawave_v3""}, {""kernelId"": 17, ""latency_cycles"": 90572.87, ""kernelName"": ""a4w4_blockscale_256x32x512x128_16x16_16x16_8x32x1_8x32x1_1x8x1x32_8_2x4_intrawave_v3""}, {""kernelId"": 0, ""latency_cycles"": 98373.89, ""kernelName"": ""a4w4_blockscale_256x64x128x128_16x16_16x16_8x32x1_8x32x1_1x32x1x8_8_2x2_intrawave_v3""}]",
a4w4_blockscale,gfx950,17,8192,4096,,True,device:0,256,aiter,14,a4w4_blockscale_256x32x128x128_16x16_16x16_8x32x1_8x32x1_1x16x1x16_8_2x2_intrawave_v3,32,128,128,2,16,16,128,0,41420.12,60.595466910912066,"[{""kernelId"": 14, ""latency_cycles"": 41420.12, ""kernelName"": ""a4w4_blockscale_256x32x128x128_16x16_16x16_8x32x1_8x32x1_1x16x1x16_8_2x2_intrawave_v3""}, {""kernelId"": 15, ""latency_cycles"": 43508.21, ""kernelName"": ""a4w4_blockscale_256x32x256x128_16x16_16x16_8x32x1_8x32x1_1x8x1x32_8_2x4_intrawave_v3""}, {""kernelId"": 16, ""latency_cycles"": 56700.31, ""kernelName"": ""a4w4_blockscale_256x32x384x128_16x16_16x16_8x32x1_8x32x1_1x16x1x16_8_2x2_intrawave_v3""}, {""kernelId"": 0, ""latency_cycles"": 66536.35, ""kernelName"": ""a4w4_blockscale_256x64x128x128_16x16_16x16_8x32x1_8x32x1_1x32x1x8_8_2x2_intrawave_v3""}, {""kernelId"": 12, ""latency_cycles"": 66536.35, ""kernelName"": ""a4w4_blockscale_256x64x128x128_16x16_16x16_8x32x1_8x32x1_1x16x1x16_8_2x2_intrawave_v3""}]",
a4w4_blockscale,gfx950,320,8192,4096,,True,device:0,256,aiter,4,a4w4_blockscale_256x96x128x128_16x16_16x16_8x32x1_8x32x1_1x32x1x8_8_2x2_intrawave_v3,96,128,128,2,16,16,128,0,57324.33,824.1638381129941,"[{""kernelId"": 4, ""latency_cycles"": 57324.33, ""kernelName"": ""a4w4_blockscale_256x96x128x128_16x16_16x16_8x32x1_8x32x1_1x32x1x8_8_2x2_intrawave_v3""}, {""kernelId"": 13, ""latency_cycles"": 57324.33, ""kernelName"": ""a4w4_blockscale_256x96x128x128_16x16_16x16_8x32x1_8x32x1_1x16x1x16_8_2x2_intrawave_v3""}, {""kernelId"": 8, ""latency_cycles"": 63736.8, ""kernelName"": ""a4w4_blockscale_256x128x128x128_16x16_16x16_8x32x1_8x32x1_1x32x1x8_8_2x2_intrawave_v3""}, {""kernelId"": 1, ""latency_cycles"": 64683.12, ""kernelName"": ""a4w4_blockscale_256x64x256x128_16x16_16x16_8x32x1_8x32x1_1x32x1x8_8_2x2_intrawave_v3""}, {""kernelId"": 16, ""latency_cycles"": 78921.56, ""kernelName"": ""a4w4_blockscale_256x32x384x128_16x16_16x16_8x32x1_8x32x1_1x16x1x16_8_2x2_intrawave_v3""}]",
a4w4_blockscale,gfx950,56,8192,28672,,True,device:0,256,aiter,2,a4w4_blockscale_256x64x384x128_16x16_16x16_8x32x1_8x32x1_1x32x1x8_8_2x2_intrawave_v3,64,384,128,2,16,16,128,0,130411.7,443.784453991097,"[{""kernelId"": 2, ""latency_cycles"": 130411.7, ""kernelName"": ""a4w4_blockscale_256x64x384x128_16x16_16x16_8x32x1_8x32x1_1x32x1x8_8_2x2_intrawave_v3""}, {""kernelId"": 17, ""latency_cycles"": 133526.95, ""kernelName"": ""a4w4_blockscale_256x32x512x128_16x16_16x16_8x32x1_8x32x1_1x8x1x32_8_2x4_intrawave_v3""}, {""kernelId"": 1, ""latency_cycles"": 136067.57, ""kernelName"": ""a4w4_blockscale_256x64x256x128_16x16_16x16_8x32x1_8x32x1_1x32x1x8_8_2x2_intrawave_v3""}, {""kernelId"": 15, ""latency_cycles"": 140326.94, ""kernelName"": ""a4w4_blockscale_256x32x256x128_16x16_16x16_8x32x1_8x32x1_1x8x1x32_8_2x4_intrawave_v3""}, {""kernelId"": 3, ""latency_cycles"": 145135.07, ""kernelName"": ""a4w4_blockscale_256x64x512x128_16x16_16x16_8x32x1_8x32x1_1x32x1x8_8_2x2_intrawave_v3""}]",
a4w4_blockscale,gfx950,24,9216,768,,True,device:0,256,aiter,14,a4w4_blockscale_256x32x128x128_16x16_16x16_8x32x1_8x32x1_1x16x1x16_8_2x2_intrawave_v3,32,128,128,2,16,16,128,0,12832.11,58.24645338785369,"[{""kernelId"": 14, ""latency_cycles"": 12832.11, ""kernelName"": ""a4w4_blockscale_256x32x128x128_16x16_16x16_8x32x1_8x32x1_1x16x1x16_8_2x2_intrawave_v3""}, {""kernelId"": 15, ""latency_cycles"": 19719.88, ""kernelName"": ""a4w4_blockscale_256x32x256x128_16x16_16x16_8x32x1_8x32x1_1x8x1x32_8_2x4_intrawave_v3""}, {""kernelId"": 0, ""latency_cycles"": 21931.95, ""kernelName"": ""a4w4_blockscale_256x64x128x128_16x16_16x16_8x32x1_8x32x1_1x32x1x8_8_2x2_intrawave_v3""}, {""kernelId"": 12, ""latency_cycles"": 21931.95, ""kernelName"": ""a4w4_blockscale_256x64x128x128_16x16_16x16_8x32x1_8x32x1_1x16x1x16_8_2x2_intrawave_v3""}, {""kernelId"": 16, ""latency_cycles"": 26119.92, ""kernelName"": ""a4w4_blockscale_256x32x384x128_16x16_16x16_8x32x1_8x32x1_1x16x1x16_8_2x2_intrawave_v3""}]",
a4w4_blockscale,gfx950,448,9344,4096,,True,device:0,256,aiter,5,a4w4_blockscale_256x96x256x128_16x16_16x16_8x32x1_8x32x1_1x32x1x8_8_2x2_intrawave_v3,96,256,128,2,16,16,128,0,78849.23,956.8106500986441,"[{""kernelId"": 5, ""latency_cycles"": 78849.23, ""kernelName"": ""a4w4_blockscale_256x96x256x128_16x16_16x16_8x32x1_8x32x1_1x32x1x8_8_2x2_intrawave_v3""}, {""kernelId"": 2, ""latency_cycles"": 86804.48, ""kernelName"": ""a4w4_blockscale_256x64x384x128_16x16_16x16_8x32x1_8x32x1_1x32x1x8_8_2x2_intrawave_v3""}, {""kernelId"": 9, ""latency_cycles"": 88132.1, ""kernelName"": ""a4w4_blockscale_256x128x256x128_16x16_16x16_8x32x1_8x32x1_1x32x1x8_8_2x2_intrawave_v3""}, {""kernelId"": 0, ""latency_cycles"": 89846.21, ""kernelName"": ""a4w4_blockscale_256x64x128x128_16x16_16x16_8x32x1_8x32x1_1x32x1x8_8_2x2_intrawave_v3""}, {""kernelId"": 12, ""latency_cycles"": 89846.21, ""kernelName"": ""a4w4_blockscale_256x64x128x128_16x16_16x16_8x32x1_8x32x1_1x16x1x16_8_2x2_intrawave_v3""}]",
a4w4_blockscale,gfx950,1500,9344,4096,,True,device:0,256,aiter,18,a4w4_blockscale_256x256x256x128_16x16_16x16_8x32x1_8x32x1_1x8x1x32_8_2x4_intrawave_v3,256,256,128,2,16,16,128,0,126598.73,1995.2960870035151,"[{""kernelId"": 18, ""latency_cycles"": 126598.73, ""kernelName"": ""a4w4_blockscale_256x256x256x128_16x16_16x16_8x32x1_8x32x1_1x8x1x32_8_2x4_intrawave_v3""}, {""kernelId"": 19, ""latency_cycles"": 126598.73, ""kernelName"": ""a4w4_blockscale_256x256x256x128_16x16_16x16_8x32x1_8x32x1_1x8x1x32_8_2x8_intrawave_v3""}, {""kernelId"": 11, ""latency_cycles"": 142885.98, ""kernelName"": ""a4w4_blockscale_256x128x512x128_16x16_16x16_8x32x1_8x32x1_1x32x1x8_8_2x2_intrawave_v3""}, {""kernelId"": 9, ""latency_cycles"": 173778.83, ""kernelName"": ""a4w4_blockscale_256x128x256x128_16x16_16x16_8x32x1_8x32x1_1x32x1x8_8_2x2_intrawave_v3""}, {""kernelId"": 6, ""latency_cycles"": 203491.64, ""kernelName"": ""a4w4_blockscale_256x96x384x128_16x16_16x16_8x32x1_8x32x1_1x32x1x8_8_2x2_intrawave_v3""}]",
a4w4_blockscale,gfx950,6,9344,12544,,True,device:0,256,aiter,16,a4w4_blockscale_256x32x384x128_16x16_16x16_8x32x1_8x32x1_1x16x1x16_8_2x2_intrawave_v3,32,384,128,2,16,16,128,0,211244.28,14.64832055229599,"[{""kernelId"": 16, ""latency_cycles"": 211244.28, ""kernelName"": ""a4w4_blockscale_256x32x384x128_16x16_16x16_8x32x1_8x32x1_1x16x1x16_8_2x2_intrawave_v3""}, {""kernelId"": 17, ""latency_cycles"": 246656.16, ""kernelName"": ""a4w4_blockscale_256x32x512x128_16x16_16x16_8x32x1_8x32x1_1x8x1x32_8_2x4_intrawave_v3""}, {""kernelId"": 15, ""latency_cycles"": 268627.61, ""kernelName"": ""a4w4_blockscale_256x32x256x128_16x16_16x16_8x32x1_8x32x1_1x8x1x32_8_2x4_intrawave_v3""}, {""kernelId"": 14, ""latency_cycles"": 276579.43, ""kernelName"": ""a4w4_blockscale_256x32x128x128_16x16_16x16_8x32x1_8x32x1_1x16x1x16_8_2x2_intrawave_v3""}, {""kernelId"": 2, ""latency_cycles"": 405588.69, ""kernelName"": ""a4w4_blockscale_256x64x384x128_16x16_16x16_8x32x1_8x32x1_1x32x1x8_8_2x2_intrawave_v3""}]",
a4w4_blockscale,gfx950,24,9344,12544,,True,device:0,256,aiter,16,a4w4_blockscale_256x32x384x128_16x16_16x16_8x32x1_8x32x1_1x16x1x16_8_2x2_intrawave_v3,32,384,128,2,16,16,128,0,74743.36,165.59993295299773,"[{""kernelId"": 16, ""latency_cycles"": 74743.36, ""kernelName"": ""a4w4_blockscale_256x32x384x128_16x16_16x16_8x32x1_8x32x1_1x16x1x16_8_2x2_intrawave_v3""}, {""kernelId"": 17, ""latency_cycles"": 85697.02, ""kernelName"": ""a4w4_blockscale_256x32x512x128_16x16_16x16_8x32x1_8x32x1_1x8x1x32_8_2x4_intrawave_v3""}, {""kernelId"": 15, ""latency_cycles"": 88134.84, ""kernelName"": ""a4w4_blockscale_256x32x256x128_16x16_16x16_8x32x1_8x32x1_1x8x1x32_8_2x4_intrawave_v3""}, {""kernelId"": 14, ""latency_cycles"": 90302.22, ""kernelName"": ""a4w4_blockscale_256x32x128x128_16x16_16x16_8x32x1_8x32x1_1x16x1x16_8_2x2_intrawave_v3""}, {""kernelId"": 2, ""latency_cycles"": 124507.43, ""kernelName"": ""a4w4_blockscale_256x64x384x128_16x16_16x16_8x32x1_8x32x1_1x32x1x8_8_2x2_intrawave_v3""}]",
a4w4_blockscale,gfx950,15,10880,28416,,True,device:0,256,aiter,17,a4w4_blockscale_256x32x512x128_16x16_16x16_8x32x1_8x32x1_1x8x1x32_8_2x4_intrawave_v3,32,512,128,2,16,16,128,0,258619.48,78.8995525972838,"[{""kernelId"": 17, ""latency_cycles"": 258619.48, ""kernelName"": ""a4w4_blockscale_256x32x512x128_16x16_16x16_8x32x1_8x32x1_1x8x1x32_8_2x4_intrawave_v3""}, {""kernelId"": 16, ""latency_cycles"": 277701.62, ""kernelName"": ""a4w4_blockscale_256x32x384x128_16x16_16x16_8x32x1_8x32x1_1x16x1x16_8_2x2_intrawave_v3""}, {""kernelId"": 15, ""latency_cycles"": 289816.09, ""kernelName"": ""a4w4_blockscale_256x32x256x128_16x16_16x16_8x32x1_8x32x1_1x8x1x32_8_2x4_intrawave_v3""}, {""kernelId"": 14, ""latency_cycles"": 298813.14, ""kernelName"": ""a4w4_blockscale_256x32x128x128_16x16_16x16_8x32x1_8x32x1_1x16x1x16_8_2x2_intrawave_v3""}, {""kernelId"": 3, ""latency_cycles"": 489754.11, ""kernelName"": ""a4w4_blockscale_256x64x512x128_16x16_16x16_8x32x1_8x32x1_1x32x1x8_8_2x2_intrawave_v3""}]",
a4w4_blockscale,gfx950,1500,10880,28416,,True,device:0,256,aiter,6,a4w4_blockscale_256x96x384x128_16x16_16x16_8x32x1_8x32x1_1x32x1x8_8_2x2_intrawave_v3,96,384,128,2,16,16,128,0,1203648.77,1695.2587663950828,"[{""kernelId"": 6, ""latency_cycles"": 1203648.77, ""kernelName"": ""a4w4_blockscale_256x96x384x128_16x16_16x16_8x32x1_8x32x1_1x32x1x8_8_2x2_intrawave_v3""}, {""kernelId"": 10, ""latency_cycles"": 1283076.39, ""kernelName"": ""a4w4_blockscale_256x128x384x128_16x16_16x16_8x32x1_8x32x1_1x32x1x8_8_2x2_intrawave_v3""}, {""kernelId"": 18, ""latency_cycles"": 1297888.68, ""kernelName"": ""a4w4_blockscale_256x256x256x128_16x16_16x16_8x32x1_8x32x1_1x8x1x32_8_2x4_intrawave_v3""}, {""kernelId"": 19, ""latency_cycles"": 1297888.68, ""kernelName"": ""a4w4_blockscale_256x256x256x128_16x16_16x16_8x32x1_8x32x1_1x8x1x32_8_2x8_intrawave_v3""}, {""kernelId"": 5, ""latency_cycles"": 1397026.77, ""kernelName"": ""a4w4_blockscale_256x96x256x128_16x16_16x16_8x32x1_8x32x1_1x32x1x8_8_2x2_intrawave_v3""}]",
a4w4_blockscale,gfx950,9,11136,28416,,True,device:0,256,aiter,17,a4w4_blockscale_256x32x512x128_16x16_16x16_8x32x1_8x32x1_1x8x1x32_8_2x4_intrawave_v3,32,512,128,2,16,16,128,0,397228.73,31.546174129776542,"[{""kernelId"": 17, ""latency_cycles"": 397228.73, ""kernelName"": ""a4w4_blockscale_256x32x512x128_16x16_16x16_8x32x1_8x32x1_1x8x1x32_8_2x4_intrawave_v3""}, {""kernelId"": 16, ""latency_cycles"": 428169.39, ""kernelName"": ""a4w4_blockscale_256x32x384x128_16x16_16x16_8x32x1_8x32x1_1x16x1x16_8_2x2_intrawave_v3""}, {""kernelId"": 15, ""latency_cycles"": 460930.44, ""kernelName"": ""a4w4_blockscale_256x32x256x128_16x16_16x16_8x32x1_8x32x1_1x8x1x32_8_2x4_intrawave_v3""}, {""kernelId"": 14, ""latency_cycles"": 556484.3, ""kernelName"": ""a4w4_blockscale_256x32x128x128_16x16_16x16_8x32x1_8x32x1_1x16x1x16_8_2x2_intrawave_v3""}, {""kernelId"": 3, ""latency_cycles"": 775007.82, ""kernelName"": ""a4w4_blockscale_256x64x512x128_16x16_16x16_8x32x1_8x32x1_1x32x1x8_8_2x2_intrawave_v3""}]",
a4w4_blockscale,gfx950,17,12288,1536,,True,device:0,256,aiter,14,a4w4_blockscale_256x32x128x128_16x16_16x16_8x32x1_8x32x1_1x16x1x16_8_2x2_intrawave_v3,32,128,128,2,16,16,128,0,31515.07,44.79770942438672,"[{""kernelId"": 14, ""latency_cycles"": 31515.07, ""kernelName"": ""a4w4_blockscale_256x32x128x128_16x16_16x16_8x32x1_8x32x1_1x16x1x16_8_2x2_intrawave_v3""}, {""kernelId"": 15, ""latency_cycles"": 47568.78, ""kernelName"": ""a4w4_blockscale_256x32x256x128_16x16_16x16_8x32x1_8x32x1_1x8x1x32_8_2x4_intrawave_v3""}, {""kernelId"": 0, ""latency_cycles"": 56624.24, ""kernelName"": ""a4w4_blockscale_256x64x128x128_16x16_16x16_8x32x1_8x32x1_1x32x1x8_8_2x2_intrawave_v3""}, {""kernelId"": 12, ""latency_cycles"": 56624.24, ""kernelName"": ""a4w4_blockscale_256x64x128x128_16x16_16x16_8x32x1_8x32x1_1x16x1x16_8_2x2_intrawave_v3""}, {""kernelId"": 16, ""latency_cycles"": 62769.08, ""kernelName"": ""a4w4_blockscale_256x32x384x128_16x16_16x16_8x32x1_8x32x1_1x16x1x16_8_2x2_intrawave_v3""}]",
a4w4_blockscale,gfx950,13,12288,4096,,True,device:0,256,aiter,16,a4w4_blockscale_256x32x384x128_16x16_16x16_8x32x1_8x32x1_1x16x1x16_8_2x2_intrawave_v3,32,384,128,2,16,16,128,0,66320.33,43.41007158768663,"[{""kernelId"": 16, ""latency_cycles"": 66320.33, ""kernelName"": ""a4w4_blockscale_256x32x384x128_16x16_16x16_8x32x1_8x32x1_1x16x1x16_8_2x2_intrawave_v3""}, {""kernelId"": 15, ""latency_cycles"": 69503.91, ""kernelName"": ""a4w4_blockscale_256x32x256x128_16x16_16x16_8x32x1_8x32x1_1x8x1x32_8_2x4_intrawave_v3""}, {""kernelId"": 14, ""latency_cycles"": 70023.69, ""kernelName"": ""a4w4_blockscale_256x32x128x128_16x16_16x16_8x32x1_8x32x1_1x16x1x16_8_2x2_intrawave_v3""}, {""kernelId"": 17, ""latency_cycles"": 78716.91, ""kernelName"": ""a4w4_blockscale_256x32x512x128_16x16_16x16_8x32x1_8x32x1_1x8x1x32_8_2x4_intrawave_v3""}, {""kernelId"": 2, ""latency_cycles"": 111200.54, ""kernelName"": ""a4w4_blockscale_256x64x384x128_16x16_16x16_8x32x1_8x32x1_1x32x1x8_8_2x2_intrawave_v3""}]",
a4w4_blockscale,gfx950,768,12288,4096,,True,device:0,256,aiter,6,a4w4_blockscale_256x96x384x128_16x16_16x16_8x32x1_8x32x1_1x32x1x8_8_2x2_intrawave_v3,96,384,128,2,16,16,128,0,96090.89,1769.998223690169,"[{""kernelId"": 6, ""latency_cycles"": 96090.89, ""kernelName"": ""a4w4_blockscale_256x96x384x128_16x16_16x16_8x32x1_8x32x1_1x32x1x8_8_2x2_intrawave_v3""}, {""kernelId"": 10, ""latency_cycles"": 102527.27, ""kernelName"": ""a4w4_blockscale_256x128x384x128_16x16_16x16_8x32x1_8x32x1_1x32x1x8_8_2x2_intrawave_v3""}, {""kernelId"": 18, ""latency_cycles"": 105985.47, ""kernelName"": ""a4w4_blockscale_256x256x256x128_16x16_16x16_8x32x1_8x32x1_1x8x1x32_8_2x4_intrawave_v3""}, {""kernelId"": 19, ""latency_cycles"": 105985.47, ""kernelName"": ""a4w4_blockscale_256x256x256x128_16x16_16x16_8x32x1_8x32x1_1x8x1x32_8_2x8_intrawave_v3""}, {""kernelId"": 7, ""latency_cycles"": 115727.3, ""kernelName"": ""a4w4_blockscale_256x96x512x128_16x16_16x16_8x32x1_8x32x1_1x32x1x8_8_2x2_intrawave_v3""}]",
a4w4_blockscale,gfx950,56,12288,6144,,True,device:0,256,aiter,15,a4w4_blockscale_256x32x256x128_16x16_16x16_8x32x1_8x32x1_1x8x1x32_8_2x4_intrawave_v3,32,256,128,2,16,16,128,0,62293.68,298.6270609022588,"[{""kernelId"": 15, ""latency_cycles"": 62293.68, ""kernelName"": ""a4w4_blockscale_256x32x256x128_16x16_16x16_8x32x1_8x32x1_1x8x1x32_8_2x4_intrawave_v3""}, {""kernelId"": 14, ""latency_cycles"": 63105.52, ""kernelName"": ""a4w4_blockscale_256x32x128x128_16x16_16x16_8x32x1_8x32x1_1x16x1x16_8_2x2_intrawave_v3""}, {""kernelId"": 0, ""latency_cycles"": 64879.12, ""kernelName"": ""a4w4_blockscale_256x64x128x128_16x16_16x16_8x32x1_8x32x1_1x32x1x8_8_2x2_intrawave_v3""}, {""kernelId"": 12, ""latency_cycles"": 64879.12, ""kernelName"": ""a4w4_blockscale_256x64x128x128_16x16_16x16_8x32x1_8x32x1_1x16x1x16_8_2x2_intrawave_v3""}, {""kernelId"": 16, ""latency_cycles"": 76553.73, ""kernelName"": ""a4w4_blockscale_256x32x384x128_16x16_16x16_8x32x1_8x32x1_1x16x1x16_8_2x2_intrawave_v3""}]",
a4w4_blockscale,gfx950,8,13184,53504,,True,device:0,256,aiter,17,a4w4_blockscale_256x32x512x128_16x16_16x16_8x32x1_8x32x1_1x8x1x32_8_2x4_intrawave_v3,32,512,128,2,16,16,128,0,880810.37,28.189909932097073,"[{""kernelId"": 17, ""latency_cycles"": 880810.37, ""kernelName"": ""a4w4_blockscale_256x32x512x128_16x16_16x16_8x32x1_8x32x1_1x8x1x32_8_2x4_intrawave_v3""}, {""kernelId"": 16, ""latency_cycles"": 1058868.63, ""kernelName"": ""a4w4_blockscale_256x32x384x128_16x16_16x16_8x32x1_8x32x1_1x16x1x16_8_2x2_intrawave_v3""}, {""kernelId"": 15, ""latency_cycles"": 1134401.39, ""kernelName"": ""a4w4_blockscale_256x32x256x128_16x16_16x16_8x32x1_8x32x1_1x8x1x32_8_2x4_intrawave_v3""}, {""kernelId"": 14, ""latency_cycles"": 1240176.39, ""kernelName"": ""a4w4_blockscale_256x32x128x128_16x16_16x16_8x32x1_8x32x1_1x16x1x16_8_2x2_intrawave_v3""}, {""kernelId"": 3, ""latency_cycles"": 1733277.68, ""kernelName"": ""a4w4_blockscale_256x64x512x128_16x16_16x16_8x32x1_8x32x1_1x32x1x8_8_2x2_intrawave_v3""}]",
a4w4_blockscale,gfx950,16,13184,53504,,True,device:0,256,aiter,17,a4w4_blockscale_256x32x512x128_16x16_16x16_8x32x1_8x32x1_1x8x1x32_8_2x4_intrawave_v3,32,512,128,2,16,16,128,0,464702.28,106.8639686314142,"[{""kernelId"": 17, ""latency_cycles"": 464702.28, ""kernelName"": ""a4w4_blockscale_256x32x512x128_16x16_16x16_8x32x1_8x32x1_1x8x1x32_8_2x4_intrawave_v3""}, {""kernelId"": 16, ""latency_cycles"": 555958.31, ""kernelName"": ""a4w4_blockscale_256x32x384x128_16x16_16x16_8x32x1_8x32x1_1x16x1x16_8_2x2_intrawave_v3""}, {""kernelId"": 15, ""latency_cycles"": 602603.19, ""kernelName"": ""a4w4_blockscale_256x32x256x128_16x16_16x16_8x32x1_8x32x1_1x8x1x32_8_2x4_intrawave_v3""}, {""kernelId"": 14, ""latency_cycles"": 679364.34, ""kernelName"": ""a4w4_blockscale_256x32x128x128_16x16_16x16_8x32x1_8x32x1_1x16x1x16_8_2x2_intrawave_v3""}, {""kernelId"": 3, ""latency_cycles"": 893441.77, ""kernelName"": ""a4w4_blockscale_256x64x512x128_16x16_16x16_8x32x1_8x32x1_1x32x1x8_8_2x2_intrawave_v3""}]",
a4w4_blockscale,gfx950,1024,13184,53504,,True,device:0,256,aiter,18,a4w4_blockscale_256x256x256x128_16x16_16x16_8x32x1_8x32x1_1x8x1x32_8_2x4_intrawave_v3,256,256,128,2,16,16,128,0,1148774.73,2766.630782913691,"[{""kernelId"": 18, ""latency_cycles"": 1148774.73, ""kernelName"": ""a4w4_blockscale_256x256x256x128_16x16_16x16_8x32x1_8x32x1_1x8x1x32_8_2x4_intrawave_v3""}, {""kernelId"": 19, ""latency_cycles"": 1148774.73, ""kernelName"": ""a4w4_blockscale_256x256x256x128_16x16_16x16_8x32x1_8x32x1_1x8x1x32_8_2x8_intrawave_v3""}, {""kernelId"": 11, ""latency_cycles"": 1378097.62, ""kernelName"": ""a4w4_blockscale_256x128x512x128_16x16_16x16_8x32x1_8x32x1_1x32x1x8_8_2x2_intrawave_v3""}, {""kernelId"": 9, ""latency_cycles"": 1817345.49, ""kernelName"": ""a4w4_blockscale_256x128x256x128_16x16_16x16_8x32x1_8x32x1_1x32x1x8_8_2x2_intrawave_v3""}, {""kernelId"": 6, ""latency_cycles"": 2241362.05, ""kernelName"": ""a4w4_blockscale_256x96x384x128_16x16_16x16_8x32x1_8x32x1_1x32x1x8_8_2x2_intrawave_v3""}]",
a4w4_blockscale,gfx950,56,13312,3584,,True,device:0,256,aiter,14,a4w4_blockscale_256x32x128x128_16x16_16x16_8x32x1_8x32x1_1x16x1x16_8_2x2_intrawave_v3,32,128,128,2,16,16,128,0,37643.34,312.294172568743,"[{""kernelId"": 14, ""latency_cycles"": 37643.34, ""kernelName"": ""a4w4_blockscale_256x32x128x128_16x16_16x16_8x32x1_8x32x1_1x16x1x16_8_2x2_intrawave_v3""}, {""kernelId"": 15, ""latency_cycles"": 45623.25, ""kernelName"": ""a4w4_blockscale_256x32x256x128_16x16_16x16_8x32x1_8x32x1_1x8x1x32_8_2x4_intrawave_v3""}, {""kernelId"": 0, ""latency_cycles"": 46386.2, ""kernelName"": ""a4w4_blockscale_256x64x128x128_16x16_16x16_8x32x1_8x32x1_1x32x1x8_8_2x2_intrawave_v3""}, {""kernelId"": 12, ""latency_cycles"": 46386.2, ""kernelName"": ""a4w4_blockscale_256x64x128x128_16x16_16x16_8x32x1_8x32x1_1x16x1x16_8_2x2_intrawave_v3""}, {""kernelId"": 4, ""latency_cycles"": 58105.84, ""kernelName"": ""a4w4_blockscale_256x96x128x128_16x16_16x16_8x32x1_8x32x1_1x32x1x8_8_2x2_intrawave_v3""}]",
a4w4_blockscale,gfx950,320,13312,10240,,True,device:0,256,aiter,5,a4w4_blockscale_256x96x256x128_16x16_16x16_8x32x1_8x32x1_1x32x1x8_8_2x2_intrawave_v3,96,256,128,2,16,16,128,0,192177.75,998.7178844949822,"[{""kernelId"": 5, ""latency_cycles"": 192177.75, ""kernelName"": ""a4w4_blockscale_256x96x256x128_16x16_16x16_8x32x1_8x32x1_1x32x1x8_8_2x2_intrawave_v3""}, {""kernelId"": 2, ""latency_cycles"": 201775.03, ""kernelName"": ""a4w4_blockscale_256x64x384x128_16x16_16x16_8x32x1_8x32x1_1x32x1x8_8_2x2_intrawave_v3""}, {""kernelId"": 9, ""latency_cycles"": 208205.63, ""kernelName"": ""a4w4_blockscale_256x128x256x128_16x16_16x16_8x32x1_8x32x1_1x32x1x8_8_2x2_intrawave_v3""}, {""kernelId"": 10, ""latency_cycles"": 216206.81, ""kernelName"": ""a4w4_blockscale_256x128x384x128_16x16_16x16_8x32x1_8x32x1_1x32x1x8_8_2x2_intrawave_v3""}, {""kernelId"": 7, ""latency_cycles"": 234544.43, ""kernelName"": ""a4w4_blockscale_256x96x512x128_16x16_16x16_8x32x1_8x32x1_1x32x1x8_8_2x2_intrawave_v3""}]",
a4w4_blockscale,gfx950,6,13312,19968,,True,device:0,256,aiter,17,a4w4_blockscale_256x32x512x128_16x16_16x16_8x32x1_8x32x1_1x8x1x32_8_2x4_intrawave_v3,32,512,128,2,16,16,128,0,455998.52,15.389282588692158,"[{""kernelId"": 17, ""latency_cycles"": 455998.52, ""kernelName"": ""a4w4_blockscale_256x32x512x128_16x16_16x16_8x32x1_8x32x1_1x8x1x32_8_2x4_intrawave_v3""}, {""kernelId"": 16, ""latency_cycles"": 546448.51, ""kernelName"": ""a4w4_blockscale_256x32x384x128_16x16_16x16_8x32x1_8x32x1_1x16x1x16_8_2x2_intrawave_v3""}, {""kernelId"": 15, ""latency_cycles"": 560683.82, ""kernelName"": ""a4w4_blockscale_256x32x256x128_16x16_16x16_8x32x1_8x32x1_1x8x1x32_8_2x4_intrawave_v3""}, {""kernelId"": 14, ""latency_cycles"": 611963.97, ""kernelName"": ""a4w4_blockscale_256x32x128x128_16x16_16x16_8x32x1_8x32x1_1x16x1x16_8_2x2_intrawave_v3""}, {""kernelId"": 3, ""latency_cycles"": 892786.26, ""kernelName"": ""a4w4_blockscale_256x64x512x128_16x16_16x16_8x32x1_8x32x1_1x32x1x8_8_2x2_intrawave_v3""}]",
a4w4_blockscale,gfx950,1024,13568,1280,,True,device:0,256,aiter,18,a4w4_blockscale_256x256x256x128_16x16_16x16_8x32x1_8x32x1_1x8x1x32_8_2x4_intrawave_v3,256,256,128,2,16,16,128,0,50332.63,1554.6364305804946,"[{""kernelId"": 18, ""latency_cycles"": 50332.63, ""kernelName"": ""a4w4_blockscale_256x256x256x128_16x16_16x16_8x32x1_8x32x1_1x8x1x32_8_2x4_intrawave_v3""}, {""kernelId"": 19, ""latency_cycles"": 50332.63, ""kernelName"": ""a4w4_blockscale_256x256x256x128_16x16_16x16_8x32x1_8x32x1_1x8x1x32_8_2x8_intrawave_v3""}, {""kernelId"": 11, ""latency_cycles"": 56745.04, ""kernelName"": ""a4w4_blockscale_256x128x512x128_16x16_16x16_8x32x1_8x32x1_1x32x1x8_8_2x2_intrawave_v3""}, {""kernelId"": 9, ""latency_cycles"": 67362.07, ""kernelName"": ""a4w4_blockscale_256x128x256x128_16x16_16x16_8x32x1_8x32x1_1x32x1x8_8_2x2_intrawave_v3""}, {""kernelId"": 3, ""latency_cycles"": 85176.2, ""kernelName"": ""a4w4_blockscale_256x64x512x128_16x16_16x16_8x32x1_8x32x1_1x32x1x8_8_2x2_intrawave_v3""}]",
a4w4_blockscale,gfx950,1,13568,61696,,True,device:0,256,aiter,17,a4w4_blockscale_256x32x512x128_16x16_16x16_8x32x1_8x32x1_1x8x1x32_8_2x4_intrawave_v3,32,512,128,2,16,16,128,0,8044015.74,0.45788098408814804,"[{""kernelId"": 17, ""latency_cycles"": 8044015.74, ""kernelName"": ""a4w4_blockscale_256x32x512x128_16x16_16x16_8x32x1_8x32x1_1x8x1x32_8_2x4_intrawave_v3""}, {""kernelId"": 16, ""latency_cycles"": 9573752.52, ""kernelName"": ""a4w4_blockscale_256x32x384x128_16x16_16x16_8x32x1_8x32x1_1x16x1x16_8_2x2_intrawave_v3""}, {""kernelId"": 15, ""latency_cycles"": 9925474.69, ""kernelName"": ""a4w4_blockscale_256x32x256x128_16x16_16x16_8x32x1_8x32x1_1x8x1x32_8_2x4_intrawave_v3""}, {""kernelId"": 14, ""latency_cycles"": 10691829.76, ""kernelName"": ""a4w4_blockscale_256x32x128x128_16x16_16x16_8x32x1_8x32x1_1x16x1x16_8_2x2_intrawave_v3""}, {""kernelId"": 3, ""latency_cycles"": 16118106.34, ""kernelName"": ""a4w4_blockscale_256x64x512x128_16x16_16x16_8x32x1_8x32x1_1x32x1x8_8_2x2_intrawave_v3""}]",
a4w4_blockscale,gfx950,3,13568,61696,,True,device:0,256,aiter,17,a4w4_blockscale_256x32x512x128_16x16_16x16_8x32x1_8x32x1_1x8x1x32_8_2x4_intrawave_v3,32,512,128,2,16,16,128,0,2711007.36,4.075830146507672,"[{""kernelId"": 17, ""latency_cycles"": 2711007.36, ""kernelName"": ""a4w4_blockscale_256x32x512x128_16x16_16x16_8x32x1_8x32x1_1x8x1x32_8_2x4_intrawave_v3""}, {""kernelId"": 16, ""latency_cycles"": 3224615.47, ""kernelName"": ""a4w4_blockscale_256x32x384x128_16x16_16x16_8x32x1_8x32x1_1x16x1x16_8_2x2_intrawave_v3""}, {""kernelId"": 15, ""latency_cycles"": 3357957.78, ""kernelName"": ""a4w4_blockscale_256x32x256x128_16x16_16x16_8x32x1_8x32x1_1x8x1x32_8_2x4_intrawave_v3""}, {""kernelId"": 14, ""latency_cycles"": 3648285.18, ""kernelName"": ""a4w4_blockscale_256x32x128x128_16x16_16x16_8x32x1_8x32x1_1x16x1x16_8_2x2_intrawave_v3""}, {""kernelId"": 3, ""latency_cycles"": 5406375.32, ""kernelName"": ""a4w4_blockscale_256x64x512x128_16x16_16x16_8x32x1_8x32x1_1x32x1x8_8_2x2_intrawave_v3""}]",
a4w4_blockscale,gfx950,15,14336,4096,,True,device:0,256,aiter,14,a4w4_blockscale_256x32x128x128_16x16_16x16_8x32x1_8x32x1_1x16x1x16_8_2x2_intrawave_v3,32,128,128,2,16,16,128,0,68144.73,56.87214017298318,"[{""kernelId"": 14, ""latency_cycles"": 68144.73, ""kernelName"": ""a4w4_blockscale_256x32x128x128_16x16_16x16_8x32x1_8x32x1_1x16x1x16_8_2x2_intrawave_v3""}, {""kernelId"": 15, ""latency_cycles"": 68793.72, ""kernelName"": ""a4w4_blockscale_256x32x256x128_16x16_16x16_8x32x1_8x32x1_1x8x1x32_8_2x4_intrawave_v3""}, {""kernelId"": 17, ""latency_cycles"": 77921.45, ""kernelName"": ""a4w4_blockscale_256x32x512x128_16x16_16x16_8x32x1_8x32x1_1x8x1x32_8_2x4_intrawave_v3""}, {""kernelId"": 16, ""latency_cycles"": 83701.46, ""kernelName"": ""a4w4_blockscale_256x32x384x128_16x16_16x16_8x32x1_8x32x1_1x16x1x16_8_2x2_intrawave_v3""}, {""kernelId"": 1, ""latency_cycles"": 117089.22, ""kernelName"": ""a4w4_blockscale_256x64x256x128_16x16_16x16_8x32x1_8x32x1_1x32x1x8_8_2x2_intrawave_v3""}]",
a4w4_blockscale,gfx950,14,14336,18432,,True,device:0,256,aiter,17,a4w4_blockscale_256x32x512x128_16x16_16x16_8x32x1_8x32x1_1x8x1x32_8_2x4_intrawave_v3,32,512,128,2,16,16,128,0,240040.43,67.81047160859139,"[{""kernelId"": 17, ""latency_cycles"": 240040.43, ""kernelName"": ""a4w4_blockscale_256x32x512x128_16x16_16x16_8x32x1_8x32x1_1x8x1x32_8_2x4_intrawave_v3""}, {""kernelId"": 16, ""latency_cycles"": 251407.34, ""kernelName"": ""a4w4_blockscale_256x32x384x128_16x16_16x16_8x32x1_8x32x1_1x16x1x16_8_2x2_intrawave_v3""}, {""kernelId"": 15, ""latency_cycles"": 252625.41, ""kernelName"": ""a4w4_blockscale_256x32x256x128_16x16_16x16_8x32x1_8x32x1_1x8x1x32_8_2x4_intrawave_v3""}, {""kernelId"": 14, ""latency_cycles"": 280019.76, ""kernelName"": ""a4w4_blockscale_256x32x128x128_16x16_16x16_8x32x1_8x32x1_1x16x1x16_8_2x2_intrawave_v3""}, {""kernelId"": 3, ""latency_cycles"": 453583.1, ""kernelName"": ""a4w4_blockscale_256x64x512x128_16x16_16x16_8x32x1_8x32x1_1x32x1x8_8_2x2_intrawave_v3""}]",
a4w4_blockscale,gfx950,64,14336,18432,,True,device:0,256,aiter,1,a4w4_blockscale_256x64x256x128_16x16_16x16_8x32x1_8x32x1_1x32x1x8_8_2x2_intrawave_v3,64,256,128,2,16,16,128,0,136843.28,543.7629517874037,"[{""kernelId"": 1, ""latency_cycles"": 136843.28, ""kernelName"": ""a4w4_blockscale_256x64x256x128_16x16_16x16_8x32x1_8x32x1_1x32x1x8_8_2x2_intrawave_v3""}, {""kernelId"": 3, ""latency_cycles"": 137503.33, ""kernelName"": ""a4w4_blockscale_256x64x512x128_16x16_16x16_8x32x1_8x32x1_1x32x1x8_8_2x2_intrawave_v3""}, {""kernelId"": 2, ""latency_cycles"": 138338.95, ""kernelName"": ""a4w4_blockscale_256x64x384x128_16x16_16x16_8x32x1_8x32x1_1x32x1x8_8_2x2_intrawave_v3""}, {""kernelId"": 15, ""latency_cycles"": 146307.03, ""kernelName"": ""a4w4_blockscale_256x32x256x128_16x16_16x16_8x32x1_8x32x1_1x8x1x32_8_2x4_intrawave_v3""}, {""kernelId"": 17, ""latency_cycles"": 148605.64, ""kernelName"": ""a4w4_blockscale_256x32x512x128_16x16_16x16_8x32x1_8x32x1_1x8x1x32_8_2x4_intrawave_v3""}]",
a4w4_blockscale,gfx950,2,14976,7680,,True,device:0,256,aiter,17,a4w4_blockscale_256x32x512x128_16x16_16x16_8x32x1_8x32x1_1x8x1x32_8_2x4_intrawave_v3,32,512,128,2,16,16,128,0,615350.69,1.6448149107861285,"[{""kernelId"": 17, ""latency_cycles"": 615350.69, ""kernelName"": ""a4w4_blockscale_256x32x512x128_16x16_16x16_8x32x1_8x32x1_1x8x1x32_8_2x4_intrawave_v3""}, {""kernelId"": 16, ""latency_cycles"": 693730.53, ""kernelName"": ""a4w4_blockscale_256x32x384x128_16x16_16x16_8x32x1_8x32x1_1x16x1x16_8_2x2_intrawave_v3""}, {""kernelId"": 15, ""latency_cycles"": 701738.2, ""kernelName"": ""a4w4_blockscale_256x32x256x128_16x16_16x16_8x32x1_8x32x1_1x8x1x32_8_2x4_intrawave_v3""}, {""kernelId"": 14, ""latency_cycles"": 726931.63, ""kernelName"": ""a4w4_blockscale_256x32x128x128_16x16_16x16_8x32x1_8x32x1_1x16x1x16_8_2x2_intrawave_v3""}, {""kernelId"": 3, ""latency_cycles"": 1208355.74, ""kernelName"": ""a4w4_blockscale_256x64x512x128_16x16_16x16_8x32x1_8x32x1_1x32x1x8_8_2x2_intrawave_v3""}]",
a4w4_blockscale,gfx950,16384,14976,7680,,True,device:0,256,aiter,18,a4w4_blockscale_256x256x256x128_16x16_16x16_8x32x1_8x32x1_1x8x1x32_8_2x4_intrawave_v3,256,256,128,2,16,16,128,0,2794494.53,2967.060514003013,"[{""kernelId"": 18, ""latency_cycles"": 2794494.53, ""kernelName"": ""a4w4_blockscale_256x256x256x128_16x16_16x16_8x32x1_8x32x1_1x8x1x32_8_2x4_intrawave_v3""}, {""kernelId"": 19, ""latency_cycles"": 2794494.53, ""kernelName"": ""a4w4_blockscale_256x256x256x128_16x16_16x16_8x32x1_8x32x1_1x8x1x32_8_2x8_intrawave_v3""}, {""kernelId"": 11, ""latency_cycles"": 3332087.14, ""kernelName"": ""a4w4_blockscale_256x128x512x128_16x16_16x16_8x32x1_8x32x1_1x32x1x8_8_2x2_intrawave_v3""}, {""kernelId"": 10, ""latency_cycles"": 3580390.75, ""kernelName"": ""a4w4_blockscale_256x128x384x128_16x16_16x16_8x32x1_8x32x1_1x32x1x8_8_2x2_intrawave_v3""}, {""kernelId"": 9, ""latency_cycles"": 4228195.9, ""kernelName"": ""a4w4_blockscale_256x128x256x128_16x16_16x16_8x32x1_8x32x1_1x32x1x8_8_2x2_intrawave_v3""}]",
a4w4_blockscale,gfx950,160,15360,13824,,True,device:0,256,aiter,5,a4w4_blockscale_256x96x256x128_16x16_16x16_8x32x1_8x32x1_1x32x1x8_8_2x2_intrawave_v3,96,256,128,2,16,16,128,0,176823.85,845.3893142220262,"[{""kernelId"": 5, ""latency_cycles"": 176823.85, ""kernelName"": ""a4w4_blockscale_256x96x256x128_16x16_16x16_8x32x1_8x32x1_1x32x1x8_8_2x2_intrawave_v3""}, {""kernelId"": 7, ""latency_cycles"": 181074.8, ""kernelName"": ""a4w4_blockscale_256x96x512x128_16x16_16x16_8x32x1_8x32x1_1x32x1x8_8_2x2_intrawave_v3""}, {""kernelId"": 4, ""latency_cycles"": 183163.02, ""kernelName"": ""a4w4_blockscale_256x96x128x128_16x16_16x16_8x32x1_8x32x1_1x32x1x8_8_2x2_intrawave_v3""}, {""kernelId"": 13, ""latency_cycles"": 183163.02, ""kernelName"": ""a4w4_blockscale_256x96x128x128_16x16_16x16_8x32x1_8x32x1_1x16x1x16_8_2x2_intrawave_v3""}, {""kernelId"": 18, ""latency_cycles"": 199153.13, ""kernelName"": ""a4w4_blockscale_256x256x256x128_16x16_16x16_8x32x1_8x32x1_1x8x1x32_8_2x4_intrawave_v3""}]",
a4w4_blockscale,gfx950,28,16384,512,,True,device:0,256,aiter,14,a4w4_blockscale_256x32x128x128_16x16_16x16_8x32x1_8x32x1_1x16x1x16_8_2x2_intrawave_v3,32,128,128,2,16,16,128,0,9309.28,111.01577812439919,"[{""kernelId"": 14, ""latency_cycles"": 9309.28, ""kernelName"": ""a4w4_blockscale_256x32x128x128_16x16_16x16_8x32x1_8x32x1_1x16x1x16_8_2x2_intrawave_v3""}, {""kernelId"": 15, ""latency_cycles"": 14348.57, ""kernelName"": ""a4w4_blockscale_256x32x256x128_16x16_16x16_8x32x1_8x32x1_1x8x1x32_8_2x4_intrawave_v3""}, {""kernelId"": 0, ""latency_cycles"": 15553.77, ""kernelName"": ""a4w4_blockscale_256x64x128x128_16x16_16x16_8x32x1_8x32x1_1x32x1x8_8_2x2_intrawave_v3""}, {""kernelId"": 12, ""latency_cycles"": 15553.77, ""kernelName"": ""a4w4_blockscale_256x64x128x128_16x16_16x16_8x32x1_8x32x1_1x16x1x16_8_2x2_intrawave_v3""}, {""kernelId"": 16, ""latency_cycles"": 19405.9, ""kernelName"": ""a4w4_blockscale_256x32x384x128_16x16_16x16_8x32x1_8x32x1_1x16x1x16_8_2x2_intrawave_v3""}]",
a4w4_blockscale,gfx950,2560,16384,512,,True,device:0,256,aiter,9,a4w4_blockscale_256x128x256x128_16x16_16x16_8x32x1_8x32x1_1x32x1x8_8_2x2_intrawave_v3,128,256,128,2,16,16,128,0,104553.86,903.7378699428409,"[{""kernelId"": 9, ""latency_cycles"": 104553.86, ""kernelName"": ""a4w4_blockscale_256x128x256x128_16x16_16x16_8x32x1_8x32x1_1x32x1x8_8_2x2_intrawave_v3""}, {""kernelId"": 18, ""latency_cycles"": 106782.54, ""kernelName"": ""a4w4_blockscale_256x256x256x128_16x16_16x16_8x32x1_8x32x1_1x8x1x32_8_2x4_intrawave_v3""}, {""kernelId"": 19, ""latency_cycles"": 106782.54, ""kernelName"": ""a4w4_blockscale_256x256x256x128_16x16_16x16_8x32x1_8x32x1_1x8x1x32_8_2x8_intrawave_v3""}, {""kernelId"": 11, ""latency_cycles"": 113872.08, ""kernelName"": ""a4w4_blockscale_256x128x512x128_16x16_16x16_8x32x1_8x32x1_1x32x1x8_8_2x2_intrawave_v3""}, {""kernelId"": 10, ""latency_cycles"": 118031.66, ""kernelName"": ""a4w4_blockscale_256x128x384x128_16x16_16x16_8x32x1_8x32x1_1x32x1x8_8_2x2_intrawave_v3""}]",
a4w4_blockscale,gfx950,2560,16384,8192,,True,device:0,256,aiter,18,a4w4_blockscale_256x256x256x128_16x16_16x16_8x32x1_8x32x1_1x8x1x32_8_2x4_intrawave_v3,256,256,128,2,16,16,128,0,587592.98,2572.917882275859,"[{""kernelId"": 18, ""latency_cycles"": 587592.98, ""kernelName"": ""a4w4_blockscale_256x256x256x128_16x16_16x16_8x32x1_8x32x1_1x8x1x32_8_2x4_intrawave_v3""}, {""kernelId"": 19, ""latency_cycles"": 587592.98, ""kernelName"": ""a4w4_blockscale_256x256x256x128_16x16_16x16_8x32x1_8x32x1_1x8x1x32_8_2x8_intrawave_v3""}, {""kernelId"": 11, ""latency_cycles"": 692385.14, ""kernelName"": ""a4w4_blockscale_256x128x512x128_16x16_16x16_8x32x1_8x32x1_1x32x1x8_8_2x2_intrawave_v3""}, {""kernelId"": 9, ""latency_cycles"": 743066.91, ""kernelName"": ""a4w4_blockscale_256x128x256x128_16x16_16x16_8x32x1_8x32x1_1x32x1x8_8_2x2_intrawave_v3""}, {""kernelId"": 10, ""latency_cycles"": 763183.2, ""kernelName"": ""a4w4_blockscale_256x128x384x128_16x16_16x16_8x32x1_8x32x1_1x32x1x8_8_2x2_intrawave_v3""}]",
a4w4_blockscale,gfx950,5,16384,13312,,True,device:0,256,aiter,17,a4w4_blockscale_256x32x512x128_16x16_16x16_8x32x1_8x32x1_1x8x1x32_8_2x4_intrawave_v3,32,512,128,2,16,16,128,0,511776.83,9.375734674083148,"[{""kernelId"": 17, ""latency_cycles"": 511776.83, ""kernelName"": ""a4w4_blockscale_256x32x512x128_16x16_16x16_8x32x1_8x32x1_1x8x1x32_8_2x4_intrawave_v3""}, {""kernelId"": 15, ""latency_cycles"": 516728.42, ""kernelName"": ""a4w4_blockscale_256x32x256x128_16x16_16x16_8x32x1_8x32x1_1x8x1x32_8_2x4_intrawave_v3""}, {""kernelId"": 16, ""latency_cycles"": 542670.08, ""kernelName"": ""a4w4_blockscale_256x32x384x128_16x16_16x16_8x32x1_8x32x1_1x16x1x16_8_2x2_intrawave_v3""}, {""kernelId"": 14, ""latency_cycles"": 552019.42, ""kernelName"": ""a4w4_blockscale_256x32x128x128_16x16_16x16_8x32x1_8x32x1_1x16x1x16_8_2x2_intrawave_v3""}, {""kernelId"": 3, ""latency_cycles"": 1003335.6, ""kernelName"": ""a4w4_blockscale_256x64x512x128_16x16_16x16_8x32x1_8x32x1_1x32x1x8_8_2x2_intrawave_v3""}]",
a4w4_blockscale,gfx950,9,16384,14336,,True,device:0,256,aiter,17,a4w4_blockscale_256x32x512x128_16x16_16x16_8x32x1_8x32x1_1x8x1x32_8_2x4_intrawave_v3,32,512,128,2,16,16,128,0,318292.42,29.22246288317792,"[{""kernelId"": 17, ""latency_cycles"": 318292.42, ""kernelName"": ""a4w4_blockscale_256x32x512x128_16x16_16x16_8x32x1_8x32x1_1x8x1x32_8_2x4_intrawave_v3""}, {""kernelId"": 15, ""latency_cycles"": 322242.2, ""kernelName"": ""a4w4_blockscale_256x32x256x128_16x16_16x16_8x32x1_8x32x1_1x8x1x32_8_2x4_intrawave_v3""}, {""kernelId"": 16, ""latency_cycles"": 342261.7, ""kernelName"": ""a4w4_blockscale_256x32x384x128_16x16_16x16_8x32x1_8x32x1_1x16x1x16_8_2x2_intrawave_v3""}, {""kernelId"": 14, ""latency_cycles"": 347004.33, ""kernelName"": ""a4w4_blockscale_256x32x128x128_16x16_16x16_8x32x1_8x32x1_1x16x1x16_8_2x2_intrawave_v3""}, {""kernelId"": 3, ""latency_cycles"": 612608.14, ""kernelName"": ""a4w4_blockscale_256x64x512x128_16x16_16x16_8x32x1_8x32x1_1x32x1x8_8_2x2_intrawave_v3""}]",
a4w4_blockscale,gfx950,200,16384,14336,,True,device:0,256,aiter,11,a4w4_blockscale_256x128x512x128_16x16_16x16_8x32x1_8x32x1_1x32x1x8_8_2x2_intrawave_v3,128,512,128,2,16,16,128,0,189331.44,1091.7114524941157,"[{""kernelId"": 11, ""latency_cycles"": 189331.44, ""kernelName"": ""a4w4_blockscale_256x128x512x128_16x16_16x16_8x32x1_8x32x1_1x32x1x8_8_2x2_intrawave_v3""}, {""kernelId"": 18, ""latency_cycles"": 197242.73, ""kernelName"": ""a4w4_blockscale_256x256x256x128_16x16_16x16_8x32x1_8x32x1_1x8x1x32_8_2x4_intrawave_v3""}, {""kernelId"": 19, ""latency_cycles"": 197242.73, ""kernelName"": ""a4w4_blockscale_256x256x256x128_16x16_16x16_8x32x1_8x32x1_1x8x1x32_8_2x8_intrawave_v3""}, {""kernelId"": 9, ""latency_cycles"": 215039.83, ""kernelName"": ""a4w4_blockscale_256x128x256x128_16x16_16x16_8x32x1_8x32x1_1x32x1x8_8_2x2_intrawave_v3""}, {""kernelId"": 8, ""latency_cycles"": 219086.44, ""kernelName"": ""a4w4_blockscale_256x128x128x128_16x16_16x16_8x32x1_8x32x1_1x32x1x8_8_2x2_intrawave_v3""}]",
a4w4_blockscale,gfx950,7,16384,25600,,True,device:0,256,aiter,17,a4w4_blockscale_256x32x512x128_16x16_16x16_8x32x1_8x32x1_1x8x1x32_8_2x4_intrawave_v3,32,512,128,2,16,16,128,0,690887.64,18.698346157660342,"[{""kernelId"": 17, ""latency_cycles"": 690887.64, ""kernelName"": ""a4w4_blockscale_256x32x512x128_16x16_16x16_8x32x1_8x32x1_1x8x1x32_8_2x4_intrawave_v3""}, {""kernelId"": 15, ""latency_cycles"": 706935.33, ""kernelName"": ""a4w4_blockscale_256x32x256x128_16x16_16x16_8x32x1_8x32x1_1x8x1x32_8_2x4_intrawave_v3""}, {""kernelId"": 16, ""latency_cycles"": 731829.27, ""kernelName"": ""a4w4_blockscale_256x32x384x128_16x16_16x16_8x32x1_8x32x1_1x16x1x16_8_2x2_intrawave_v3""}, {""kernelId"": 14, ""latency_cycles"": 768203.77, ""kernelName"": ""a4w4_blockscale_256x32x128x128_16x16_16x16_8x32x1_8x32x1_1x16x1x16_8_2x2_intrawave_v3""}, {""kernelId"": 3, ""latency_cycles"": 1354567.24, ""kernelName"": ""a4w4_blockscale_256x64x512x128_16x16_16x16_8x32x1_8x32x1_1x32x1x8_8_2x2_intrawave_v3""}]",
a4w4_blockscale,gfx950,28,16384,25600,,True,device:0,256,aiter,17,a4w4_blockscale_256x32x512x128_16x16_16x16_8x32x1_8x32x1_1x8x1x32_8_2x4_intrawave_v3,32,512,128,2,16,16,128,0,205819.68,251.06357647269286,"[{""kernelId"": 17, ""latency_cycles"": 205819.68, ""kernelName"": ""a4w4_blockscale_256x32x512x128_16x16_16x16_8x32x1_8x32x1_1x8x1x32_8_2x4_intrawave_v3""}, {""kernelId"": 15, ""latency_cycles"": 211800.77, ""kernelName"": ""a4w4_blockscale_256x32x256x128_16x16_16x16_8x32x1_8x32x1_1x8x1x32_8_2x4_intrawave_v3""}, {""kernelId"": 16, ""latency_cycles"": 216631.09, ""kernelName"": ""a4w4_blockscale_256x32x384x128_16x16_16x16_8x32x1_8x32x1_1x16x1x16_8_2x2_intrawave_v3""}, {""kernelId"": 14, ""latency_cycles"": 237885.24, ""kernelName"": ""a4w4_blockscale_256x32x128x128_16x16_16x16_8x32x1_8x32x1_1x16x1x16_8_2x2_intrawave_v3""}, {""kernelId"": 3, ""latency_cycles"": 373496.98, ""kernelName"": ""a4w4_blockscale_256x64x512x128_16x16_16x16_8x32x1_8x32x1_1x32x1x8_8_2x2_intrawave_v3""}]",
a4w4_blockscale,gfx950,3333,16384,25600,,True,device:0,256,aiter,18,a4w4_blockscale_256x256x256x128_16x16_16x16_8x32x1_8x32x1_1x8x1x32_8_2x4_intrawave_v3,256,256,128,2,16,16,128,0,2375395.05,2589.476943530066,"[{""kernelId"": 18, ""latency_cycles"": 2375395.05, ""kernelName"": ""a4w4_blockscale_256x256x256x128_16x16_16x16_8x32x1_8x32x1_1x8x1x32_8_2x4_intrawave_v3""}, {""kernelId"": 19, ""latency_cycles"": 2375395.05, ""kernelName"": ""a4w4_blockscale_256x256x256x128_16x16_16x16_8x32x1_8x32x1_1x8x1x32_8_2x8_intrawave_v3""}, {""kernelId"": 11, ""latency_cycles"": 2759627.13, ""kernelName"": ""a4w4_blockscale_256x128x512x128_16x16_16x16_8x32x1_8x32x1_1x32x1x8_8_2x2_intrawave_v3""}, {""kernelId"": 10, ""latency_cycles"": 2870100.72, ""kernelName"": ""a4w4_blockscale_256x128x384x128_16x16_16x16_8x32x1_8x32x1_1x32x1x8_8_2x2_intrawave_v3""}, {""kernelId"": 9, ""latency_cycles"": 3157600.41, ""kernelName"": ""a4w4_blockscale_256x128x256x128_16x16_16x16_8x32x1_8x32x1_1x32x1x8_8_2x2_intrawave_v3""}]",
a4w4_blockscale,gfx950,112,18432,7168,,True,device:0,256,aiter,8,a4w4_blockscale_256x128x128x128_16x16_16x16_8x32x1_8x32x1_1x32x1x8_8_2x2_intrawave_v3,128,128,128,2,16,16,128,0,111169.7,585.672338306541,"[{""kernelId"": 8, ""latency_cycles"": 111169.7, ""kernelName"": ""a4w4_blockscale_256x128x128x128_16x16_16x16_8x32x1_8x32x1_1x32x1x8_8_2x2_intrawave_v3""}, {""kernelId"": 2, ""latency_cycles"": 121007.81, ""kernelName"": ""a4w4_blockscale_256x64x384x128_16x16_16x16_8x32x1_8x32x1_1x32x1x8_8_2x2_intrawave_v3""}, {""kernelId"": 1, ""latency_cycles"": 122753.8, ""kernelName"": ""a4w4_blockscale_256x64x256x128_16x16_16x16_8x32x1_8x32x1_1x32x1x8_8_2x2_intrawave_v3""}, {""kernelId"": 9, ""latency_cycles"": 142779.76, ""kernelName"": ""a4w4_blockscale_256x128x256x128_16x16_16x16_8x32x1_8x32x1_1x32x1x8_8_2x2_intrawave_v3""}, {""kernelId"": 16, ""latency_cycles"": 145927.84, ""kernelName"": ""a4w4_blockscale_256x32x384x128_16x16_16x16_8x32x1_8x32x1_1x16x1x16_8_2x2_intrawave_v3""}]",
a4w4_blockscale,gfx950,384,18432,10240,,True,device:0,256,aiter,9,a4w4_blockscale_256x128x256x128_16x16_16x16_8x32x1_8x32x1_1x32x1x8_8_2x2_intrawave_v3,128,256,128,2,16,16,128,0,182171.79,1750.5527232687625,"[{""kernelId"": 9, ""latency_cycles"": 182171.79, ""kernelName"": ""a4w4_blockscale_256x128x256x128_16x16_16x16_8x32x1_8x32x1_1x32x1x8_8_2x2_intrawave_v3""}, {""kernelId"": 6, ""latency_cycles"": 215673.34, ""kernelName"": ""a4w4_blockscale_256x96x384x128_16x16_16x16_8x32x1_8x32x1_1x32x1x8_8_2x2_intrawave_v3""}, {""kernelId"": 10, ""latency_cycles"": 229180.51, ""kernelName"": ""a4w4_blockscale_256x128x384x128_16x16_16x16_8x32x1_8x32x1_1x32x1x8_8_2x2_intrawave_v3""}, {""kernelId"": 3, ""latency_cycles"": 247652.89, ""kernelName"": ""a4w4_blockscale_256x64x512x128_16x16_16x16_8x32x1_8x32x1_1x32x1x8_8_2x2_intrawave_v3""}, {""kernelId"": 11, ""latency_cycles"": 250609.09, ""kernelName"": ""a4w4_blockscale_256x128x512x128_16x16_16x16_8x32x1_8x32x1_1x32x1x8_8_2x2_intrawave_v3""}]",
a4w4_blockscale,gfx950,13,18432,12800,,True,device:0,256,aiter,16,a4w4_blockscale_256x32x384x128_16x16_16x16_8x32x1_8x32x1_1x16x1x16_8_2x2_intrawave_v3,32,384,128,2,16,16,128,0,231198.49,58.37050609728604,"[{""kernelId"": 16, ""latency_cycles"": 231198.49, ""kernelName"": ""a4w4_blockscale_256x32x384x128_16x16_16x16_8x32x1_8x32x1_1x16x1x16_8_2x2_intrawave_v3""}, {""kernelId"": 17, ""latency_cycles"": 240869.98, ""kernelName"": ""a4w4_blockscale_256x32x512x128_16x16_16x16_8x32x1_8x32x1_1x8x1x32_8_2x4_intrawave_v3""}, {""kernelId"": 15, ""latency_cycles"": 247136.46, ""kernelName"": ""a4w4_blockscale_256x32x256x128_16x16_16x16_8x32x1_8x32x1_1x8x1x32_8_2x4_intrawave_v3""}, {""kernelId"": 14, ""latency_cycles"": 338285.47, ""kernelName"": ""a4w4_blockscale_256x32x128x128_16x16_16x16_8x32x1_8x32x1_1x16x1x16_8_2x2_intrawave_v3""}, {""kernelId"": 2, ""latency_cycles"": 436568.56, ""kernelName"": ""a4w4_blockscale_256x64x384x128_16x16_16x16_8x32x1_8x32x1_1x32x1x8_8_2x2_intrawave_v3""}]",
a4w4_blockscale,gfx950,6,24576,1536,,True,device:0,256,aiter,14,a4w4_blockscale_256x32x128x128_16x16_16x16_8x32x1_8x32x1_1x16x1x16_8_2x2_intrawave_v3,32,128,128,2,16,16,128,0,92583.98,10.763920761561158,"[{""kernelId"": 14, ""latency_cycles"": 92583.98, ""kernelName"": ""a4w4_blockscale_256x32x128x128_16x16_16x16_8x32x1_8x32x1_1x16x1x16_8_2x2_intrawave_v3""}, {""kernelId"": 15, ""latency_cycles"": 133110.45, ""kernelName"": ""a4w4_blockscale_256x32x256x128_16x16_16x16_8x32x1_8x32x1_1x8x1x32_8_2x4_intrawave_v3""}, {""kernelId"": 16, ""latency_cycles"": 176091.32, ""kernelName"": ""a4w4_blockscale_256x32x384x128_16x16_16x16_8x32x1_8x32x1_1x16x1x16_8_2x2_intrawave_v3""}, {""kernelId"": 0, ""latency_cycles"": 179295.11, ""kernelName"": ""a4w4_blockscale_256x64x128x128_16x16_16x16_8x32x1_8x32x1_1x32x1x8_8_2x2_intrawave_v3""}, {""kernelId"": 12, ""latency_cycles"": 179295.11, ""kernelName"": ""a4w4_blockscale_256x64x128x128_16x16_16x16_8x32x1_8x32x1_1x16x1x16_8_2x2_intrawave_v3""}]",
a4w4_blockscale,gfx950,6144,24576,1536,,True,device:0,256,aiter,18,a4w4_blockscale_256x256x256x128_16x16_16x16_8x32x1_8x32x1_1x8x1x32_8_2x4_intrawave_v3,256,256,128,2,16,16,128,0,512671.79,1990.521516598109,"[{""kernelId"": 18, ""latency_cycles"": 512671.79, ""kernelName"": ""a4w4_blockscale_256x256x256x128_16x16_16x16_8x32x1_8x32x1_1x8x1x32_8_2x4_intrawave_v3""}, {""kernelId"": 19, ""latency_cycles"": 512671.79, ""kernelName"": ""a4w4_blockscale_256x256x256x128_16x16_16x16_8x32x1_8x32x1_1x8x1x32_8_2x8_intrawave_v3""}, {""kernelId"": 11, ""latency_cycles"": 573021.47, ""kernelName"": ""a4w4_blockscale_256x128x512x128_16x16_16x16_8x32x1_8x32x1_1x32x1x8_8_2x2_intrawave_v3""}, {""kernelId"": 10, ""latency_cycles"": 609641.03, ""kernelName"": ""a4w4_blockscale_256x128x384x128_16x16_16x16_8x32x1_8x32x1_1x32x1x8_8_2x2_intrawave_v3""}, {""kernelId"": 7, ""latency_cycles"": 669990.71, ""kernelName"": ""a4w4_blockscale_256x96x512x128_16x16_16x16_8x32x1_8x32x1_1x32x1x8_8_2x2_intrawave_v3""}]",
a4w4_blockscale,gfx950,11,26624,512,,True,device:0,256,aiter,14,a4w4_blockscale_256x32x128x128_16x16_16x16_8x32x1_8x32x1_1x16x1x16_8_2x2_intrawave_v3,32,128,128,2,16,16,128,0,20195.42,32.66899355115827,"[{""kernelId"": 14, ""latency_cycles"": 20195.42, ""kernelName"": ""a4w4_blockscale_256x32x128x128_16x16_16x16_8x32x1_8x32x1_1x16x1x16_8_2x2_intrawave_v3""}, {""kernelId"": 15, ""latency_cycles"": 28718.27, ""kernelName"": ""a4w4_blockscale_256x32x256x128_16x16_16x16_8x32x1_8x32x1_1x8x1x32_8_2x4_intrawave_v3""}, {""kernelId"": 0, ""latency_cycles"": 38191.4, ""kernelName"": ""a4w4_blockscale_256x64x128x128_16x16_16x16_8x32x1_8x32x1_1x32x1x8_8_2x2_intrawave_v3""}, {""kernelId"": 12, ""latency_cycles"": 38191.4, ""kernelName"": ""a4w4_blockscale_256x64x128x128_16x16_16x16_8x32x1_8x32x1_1x16x1x16_8_2x2_intrawave_v3""}, {""kernelId"": 16, ""latency_cycles"": 38353.95, ""kernelName"": ""a4w4_blockscale_256x32x384x128_16x16_16x16_8x32x1_8x32x1_1x16x1x16_8_2x2_intrawave_v3""}]",
a4w4_blockscale,gfx950,13,26624,10240,,True,device:0,256,aiter,17,a4w4_blockscale_256x32x512x128_16x16_16x16_8x32x1_8x32x1_1x8x1x32_8_2x4_intrawave_v3,32,512,128,2,16,16,128,0,274440.77,56.82254259092586,"[{""kernelId"": 17, ""latency_cycles"": 274440.77, ""kernelName"": ""a4w4_blockscale_256x32x512x128_16x16_16x16_8x32x1_8x32x1_1x8x1x32_8_2x4_intrawave_v3""}, {""kernelId"": 15, ""latency_cycles"": 278896.23, ""kernelName"": ""a4w4_blockscale_256x32x256x128_16x16_16x16_8x32x1_8x32x1_1x8x1x32_8_2x4_intrawave_v3""}, {""kernelId"": 16, ""latency_cycles"": 281647.6, ""kernelName"": ""a4w4_blockscale_256x32x384x128_16x16_16x16_8x32x1_8x32x1_1x16x1x16_8_2x2_intrawave_v3""}, {""kernelId"": 14, ""latency_cycles"": 308864.3, ""kernelName"": ""a4w4_blockscale_256x32x128x128_16x16_16x16_8x32x1_8x32x1_1x16x1x16_8_2x2_intrawave_v3""}, {""kernelId"": 3, ""latency_cycles"": 521865.48, ""kernelName"": ""a4w4_blockscale_256x64x512x128_16x16_16x16_8x32x1_8x32x1_1x32x1x8_8_2x2_intrawave_v3""}]",
a4w4_blockscale,gfx950,28,26624,16384,,True,device:0,256,aiter,17,a4w4_blockscale_256x32x512x128_16x16_16x16_8x32x1_8x32x1_1x8x1x32_8_2x4_intrawave_v3,32,512,128,2,16,16,128,0,222453.05,241.58256123563447,"[{""kernelId"": 17, ""latency_cycles"": 222453.05, ""kernelName"": ""a4w4_blockscale_256x32x512x128_16x16_16x16_8x32x1_8x32x1_1x8x1x32_8_2x4_intrawave_v3""}, {""kernelId"": 15, ""latency_cycles"": 233670.25, ""kernelName"": ""a4w4_blockscale_256x32x256x128_16x16_16x16_8x32x1_8x32x1_1x8x1x32_8_2x4_intrawave_v3""}, {""kernelId"": 16, ""latency_cycles"": 236698.58, ""kernelName"": ""a4w4_blockscale_256x32x384x128_16x16_16x16_8x32x1_8x32x1_1x16x1x16_8_2x2_intrawave_v3""}, {""kernelId"": 14, ""latency_cycles"": 264527.58, ""kernelName"": ""a4w4_blockscale_256x32x128x128_16x16_16x16_8x32x1_8x32x1_1x16x1x16_8_2x2_intrawave_v3""}, {""kernelId"": 3, ""latency_cycles"": 405640.78, ""kernelName"": ""a4w4_blockscale_256x64x512x128_16x16_16x16_8x32x1_8x32x1_1x32x1x8_8_2x2_intrawave_v3""}]",
a4w4_blockscale,gfx950,112,26624,16384,,True,device:0,256,aiter,11,a4w4_blockscale_256x128x512x128_16x16_16x16_8x32x1_8x32x1_1x32x1x8_8_2x2_intrawave_v3,128,512,128,2,16,16,128,0,267428.93,803.8139799808467,"[{""kernelId"": 11, ""latency_cycles"": 267428.93, ""kernelName"": ""a4w4_blockscale_256x128x512x128_16x16_16x16_8x32x1_8x32x1_1x32x1x8_8_2x2_intrawave_v3""}, {""kernelId"": 1, ""latency_cycles"": 271071.38, ""kernelName"": ""a4w4_blockscale_256x64x256x128_16x16_16x16_8x32x1_8x32x1_1x32x1x8_8_2x2_intrawave_v3""}, {""kernelId"": 8, ""latency_cycles"": 271614.65, ""kernelName"": ""a4w4_blockscale_256x128x128x128_16x16_16x16_8x32x1_8x32x1_1x32x1x8_8_2x2_intrawave_v3""}, {""kernelId"": 9, ""latency_cycles"": 279931.1, ""kernelName"": ""a4w4_blockscale_256x128x256x128_16x16_16x16_8x32x1_8x32x1_1x32x1x8_8_2x2_intrawave_v3""}, {""kernelId"": 3, ""latency_cycles"": 290012.97, ""kernelName"": ""a4w4_blockscale_256x64x512x128_16x16_16x16_8x32x1_8x32x1_1x32x1x8_8_2x2_intrawave_v3""}]",
a4w4_blockscale,gfx950,2560,26624,16384,,True,device:0,256,aiter,18,a4w4_blockscale_256x256x256x128_16x16_16x16_8x32x1_8x32x1_1x8x1x32_8_2x4_intrawave_v3,256,256,128,2,16,16,128,0,1834095.76,2678.945507430635,"[{""kernelId"": 18, ""latency_cycles"": 1834095.76, ""kernelName"": ""a4w4_blockscale_256x256x256x128_16x16_16x16_8x32x1_8x32x1_1x8x1x32_8_2x4_intrawave_v3""}, {""kernelId"": 19, ""latency_cycles"": 1834095.76, ""kernelName"": ""a4w4_blockscale_256x256x256x128_16x16_16x16_8x32x1_8x32x1_1x8x1x32_8_2x8_intrawave_v3""}, {""kernelId"": 10, ""latency_cycles"": 2180031.79, ""kernelName"": ""a4w4_blockscale_256x128x384x128_16x16_16x16_8x32x1_8x32x1_1x32x1x8_8_2x2_intrawave_v3""}, {""kernelId"": 11, ""latency_cycles"": 2182442.88, ""kernelName"": ""a4w4_blockscale_256x128x512x128_16x16_16x16_8x32x1_8x32x1_1x32x1x8_8_2x2_intrawave_v3""}, {""kernelId"": 7, ""latency_cycles"": 2527169.34, ""kernelName"": ""a4w4_blockscale_256x96x512x128_16x16_16x16_8x32x1_8x32x1_1x32x1x8_8_2x2_intrawave_v3""}]",
a4w4_blockscale,gfx950,80,28672,2048,,True,device:0,256,aiter,4,a4w4_blockscale_256x96x128x128_16x16_16x16_8x32x1_8x32x1_1x32x1x8_8_2x2_intrawave_v3,96,128,128,2,16,16,128,0,42322.11,488.386147827607,"[{""kernelId"": 4, ""latency_cycles"": 42322.11, ""kernelName"": ""a4w4_blockscale_256x96x128x128_16x16_16x16_8x32x1_8x32x1_1x32x1x8_8_2x2_intrawave_v3""}, {""kernelId"": 13, ""latency_cycles"": 42322.11, ""kernelName"": ""a4w4_blockscale_256x96x128x128_16x16_16x16_8x32x1_8x32x1_1x16x1x16_8_2x2_intrawave_v3""}, {""kernelId"": 16, ""latency_cycles"": 47295.35, ""kernelName"": ""a4w4_blockscale_256x32x384x128_16x16_16x16_8x32x1_8x32x1_1x16x1x16_8_2x2_intrawave_v3""}, {""kernelId"": 1, ""latency_cycles"": 49591.28, ""kernelName"": ""a4w4_blockscale_256x64x256x128_16x16_16x16_8x32x1_8x32x1_1x32x1x8_8_2x2_intrawave_v3""}, {""kernelId"": 8, ""latency_cycles"": 52160.65, ""kernelName"": ""a4w4_blockscale_256x128x128x128_16x16_16x16_8x32x1_8x32x1_1x32x1x8_8_2x2_intrawave_v3""}]",
a4w4_blockscale,gfx950,7,28672,6656,,True,device:0,256,aiter,17,a4w4_blockscale_256x32x512x128_16x16_16x16_8x32x1_8x32x1_1x8x1x32_8_2x4_intrawave_v3,32,512,128,2,16,16,128,0,338650.74,17.35681302652727,"[{""kernelId"": 17, ""latency_cycles"": 338650.74, ""kernelName"": ""a4w4_blockscale_256x32x512x128_16x16_16x16_8x32x1_8x32x1_1x8x1x32_8_2x4_intrawave_v3""}, {""kernelId"": 15, ""latency_cycles"": 340824.65, ""kernelName"": ""a4w4_blockscale_256x32x256x128_16x16_16x16_8x32x1_8x32x1_1x8x1x32_8_2x4_intrawave_v3""}, {""kernelId"": 16, ""latency_cycles"": 357597.05, ""kernelName"": ""a4w4_blockscale_256x32x384x128_16x16_16x16_8x32x1_8x32x1_1x16x1x16_8_2x2_intrawave_v3""}, {""kernelId"": 14, ""latency_cycles"": 364963.69, ""kernelName"": ""a4w4_blockscale_256x32x128x128_16x16_16x16_8x32x1_8x32x1_1x16x1x16_8_2x2_intrawave_v3""}, {""kernelId"": 3, ""latency_cycles"": 655379.13, ""kernelName"": ""a4w4_blockscale_256x64x512x128_16x16_16x16_8x32x1_8x32x1_1x32x1x8_8_2x2_intrawave_v3""}]",
a4w4_blockscale,gfx950,8192,31104,7168,,True,device:0,256,aiter,18,a4w4_blockscale_256x256x256x128_16x16_16x16_8x32x1_8x32x1_1x8x1x32_8_2x4_intrawave_v3,256,256,128,2,16,16,128,0,2799975.78,2870.13671999805,"[{""kernelId"": 18, ""latency_cycles"": 2799975.78, ""kernelName"": ""a4w4_blockscale_256x256x256x128_16x16_16x16_8x32x1_8x32x1_1x8x1x32_8_2x4_intrawave_v3""}, {""kernelId"": 19, ""latency_cycles"": 2799975.78, ""kernelName"": ""a4w4_blockscale_256x256x256x128_16x16_16x16_8x32x1_8x32x1_1x8x1x32_8_2x8_intrawave_v3""}, {""kernelId"": 11, ""latency_cycles"": 3291403.92, ""kernelName"": ""a4w4_blockscale_256x128x512x128_16x16_16x16_8x32x1_8x32x1_1x32x1x8_8_2x2_intrawave_v3""}, {""kernelId"": 10, ""latency_cycles"": 3535032.08, ""kernelName"": ""a4w4_blockscale_256x128x384x128_16x16_16x16_8x32x1_8x32x1_1x32x1x8_8_2x2_intrawave_v3""}, {""kernelId"": 7, ""latency_cycles"": 4053290.94, ""kernelName"": ""a4w4_blockscale_256x96x512x128_16x16_16x16_8x32x1_8x32x1_1x32x1x8_8_2x2_intrawave_v3""}]",
a4w4_blockscale,gfx950,5,32768,8192,,True,device:0,256,aiter,17,a4w4_blockscale_256x32x512x128_16x16_16x16_8x32x1_8x32x1_1x8x1x32_8_2x4_intrawave_v3,32,512,128,2,16,16,128,0,622996.13,9.479320594204875,"[{""kernelId"": 17, ""latency_cycles"": 622996.13, ""kernelName"": ""a4w4_blockscale_256x32x512x128_16x16_16x16_8x32x1_8x32x1_1x8x1x32_8_2x4_intrawave_v3""}, {""kernelId"": 15, ""latency_cycles"": 626430.61, ""kernelName"": ""a4w4_blockscale_256x32x256x128_16x16_16x16_8x32x1_8x32x1_1x8x1x32_8_2x4_intrawave_v3""}, {""kernelId"": 14, ""latency_cycles"": 670689.32, ""kernelName"": ""a4w4_blockscale_256x32x128x128_16x16_16x16_8x32x1_8x32x1_1x16x1x16_8_2x2_intrawave_v3""}, {""kernelId"": 16, ""latency_cycles"": 720915.45, ""kernelName"": ""a4w4_blockscale_256x32x384x128_16x16_16x16_8x32x1_8x32x1_1x16x1x16_8_2x2_intrawave_v3""}, {""kernelId"": 3, ""latency_cycles"": 1223888.23, ""kernelName"": ""a4w4_blockscale_256x64x512x128_16x16_16x16_8x32x1_8x32x1_1x32x1x8_8_2x2_intrawave_v3""}]",
a4w4_blockscale,gfx950,10,32768,8192,,True,device:0,256,aiter,15,a4w4_blockscale_256x32x256x128_16x16_16x16_8x32x1_8x32x1_1x8x1x32_8_2x4_intrawave_v3,32,256,128,2,16,16,128,0,324980.82,36.34417583705513,"[{""kernelId"": 15, ""latency_cycles"": 324980.82, ""kernelName"": ""a4w4_blockscale_256x32x256x128_16x16_16x16_8x32x1_8x32x1_1x8x1x32_8_2x4_intrawave_v3""}, {""kernelId"": 17, ""latency_cycles"": 326197.24, ""kernelName"": ""a4w4_blockscale_256x32x512x128_16x16_16x16_8x32x1_8x32x1_1x8x1x32_8_2x4_intrawave_v3""}, {""kernelId"": 14, ""latency_cycles"": 351909.18, ""kernelName"": ""a4w4_blockscale_256x32x128x128_16x16_16x16_8x32x1_8x32x1_1x16x1x16_8_2x2_intrawave_v3""}, {""kernelId"": 16, ""latency_cycles"": 373328.42, ""kernelName"": ""a4w4_blockscale_256x32x384x128_16x16_16x16_8x32x1_8x32x1_1x16x1x16_8_2x2_intrawave_v3""}, {""kernelId"": 1, ""latency_cycles"": 626591.91, ""kernelName"": ""a4w4_blockscale_256x64x256x128_16x16_16x16_8x32x1_8x32x1_1x32x1x8_8_2x2_intrawave_v3""}]",
a4w4_blockscale,gfx950,128,32768,8192,,True,device:0,256,aiter,1,a4w4_blockscale_256x64x256x128_16x16_16x16_8x32x1_8x32x1_1x32x1x8_8_2x2_intrawave_v3,64,256,128,2,16,16,128,0,131066.68,1153.4803923929185,"[{""kernelId"": 1, ""latency_cycles"": 131066.68, ""kernelName"": ""a4w4_blockscale_256x64x256x128_16x16_16x16_8x32x1_8x32x1_1x32x1x8_8_2x2_intrawave_v3""}, {""kernelId"": 8, ""latency_cycles"": 137720.87, ""kernelName"": ""a4w4_blockscale_256x128x128x128_16x16_16x16_8x32x1_8x32x1_1x32x1x8_8_2x2_intrawave_v3""}, {""kernelId"": 2, ""latency_cycles"": 162815.82, ""kernelName"": ""a4w4_blockscale_256x64x384x128_16x16_16x16_8x32x1_8x32x1_1x32x1x8_8_2x2_intrawave_v3""}, {""kernelId"": 11, ""latency_cycles"": 166777.4, ""kernelName"": ""a4w4_blockscale_256x128x512x128_16x16_16x16_8x32x1_8x32x1_1x32x1x8_8_2x2_intrawave_v3""}, {""kernelId"": 0, ""latency_cycles"": 173954.27, ""kernelName"": ""a4w4_blockscale_256x64x128x128_16x16_16x16_8x32x1_8x32x1_1x32x1x8_8_2x2_intrawave_v3""}]",
a4w4_blockscale,gfx950,6,43392,18432,,True,device:0,256,aiter,17,a4w4_blockscale_256x32x512x128_16x16_16x16_8x32x1_8x32x1_1x8x1x32_8_2x4_intrawave_v3,32,512,128,2,16,16,128,0,1526558.3,13.831607633684918,"[{""kernelId"": 17, ""latency_cycles"": 1526558.3, ""kernelName"": ""a4w4_blockscale_256x32x512x128_16x16_16x16_8x32x1_8x32x1_1x8x1x32_8_2x4_intrawave_v3""}, {""kernelId"": 16, ""latency_cycles"": 1535636.42, ""kernelName"": ""a4w4_blockscale_256x32x384x128_16x16_16x16_8x32x1_8x32x1_1x16x1x16_8_2x2_intrawave_v3""}, {""kernelId"": 15, ""latency_cycles"": 1824439.68, ""kernelName"": ""a4w4_blockscale_256x32x256x128_16x16_16x16_8x32x1_8x32x1_1x8x1x32_8_2x4_intrawave_v3""}, {""kernelId"": 14, ""latency_cycles"": 2528451.23, ""kernelName"": ""a4w4_blockscale_256x32x128x128_16x16_16x16_8x32x1_8x32x1_1x16x1x16_8_2x2_intrawave_v3""}, {""kernelId"": 3, ""latency_cycles"": 3025773.02, ""kernelName"": ""a4w4_blockscale_256x64x512x128_16x16_16x16_8x32x1_8x32x1_1x32x1x8_8_2x2_intrawave_v3""}]",
a4w4_blockscale,gfx950,24,43392,18432,,True,device:0,256,aiter,17,a4w4_blockscale_256x32x512x128_16x16_16x16_8x32x1_8x32x1_1x8x1x32_8_2x4_intrawave_v3,32,512,128,2,16,16,128,0,428933.1,196.90488394479965,"[{""kernelId"": 17, ""latency_cycles"": 428933.1, ""kernelName"": ""a4w4_blockscale_256x32x512x128_16x16_16x16_8x32x1_8x32x1_1x8x1x32_8_2x4_intrawave_v3""}, {""kernelId"": 16, ""latency_cycles"": 431505.25, ""kernelName"": ""a4w4_blockscale_256x32x384x128_16x16_16x16_8x32x1_8x32x1_1x16x1x16_8_2x2_intrawave_v3""}, {""kernelId"": 15, ""latency_cycles"": 513268.5, ""kernelName"": ""a4w4_blockscale_256x32x256x128_16x16_16x16_8x32x1_8x32x1_1x8x1x32_8_2x4_intrawave_v3""}, {""kernelId"": 14, ""latency_cycles"": 743207.29, ""kernelName"": ""a4w4_blockscale_256x32x128x128_16x16_16x16_8x32x1_8x32x1_1x16x1x16_8_2x2_intrawave_v3""}, {""kernelId"": 2, ""latency_cycles"": 806646.64, ""kernelName"": ""a4w4_blockscale_256x64x384x128_16x16_16x16_8x32x1_8x32x1_1x32x1x8_8_2x2_intrawave_v3""}]",
a4w4_blockscale,gfx950,10240,44416,1280,,True,device:0,256,aiter,18,a4w4_blockscale_256x256x256x128_16x16_16x16_8x32x1_8x32x1_1x8x1x32_8_2x4_intrawave_v3,256,256,128,2,16,16,128,0,1447207.36,1769.9919244851446,"[{""kernelId"": 18, ""latency_cycles"": 1447207.36, ""kernelName"": ""a4w4_blockscale_256x256x256x128_16x16_16x16_8x32x1_8x32x1_1x8x1x32_8_2x4_intrawave_v3""}, {""kernelId"": 19, ""latency_cycles"": 1447207.36, ""kernelName"": ""a4w4_blockscale_256x256x256x128_16x16_16x16_8x32x1_8x32x1_1x8x1x32_8_2x8_intrawave_v3""}, {""kernelId"": 11, ""latency_cycles"": 1605019.04, ""kernelName"": ""a4w4_blockscale_256x128x512x128_16x16_16x16_8x32x1_8x32x1_1x32x1x8_8_2x2_intrawave_v3""}, {""kernelId"": 10, ""latency_cycles"": 1684456.98, ""kernelName"": ""a4w4_blockscale_256x128x384x128_16x16_16x16_8x32x1_8x32x1_1x32x1x8_8_2x2_intrawave_v3""}, {""kernelId"": 7, ""latency_cycles"": 1843955.09, ""kernelName"": ""a4w4_blockscale_256x96x512x128_16x16_16x16_8x32x1_8x32x1_1x32x1x8_8_2x2_intrawave_v3""}]",
a4w4_blockscale,gfx950,80,51200,5120,,True,device:0,256,aiter,5,a4w4_blockscale_256x96x256x128_16x16_16x16_8x32x1_8x32x1_1x32x1x8_8_2x2_intrawave_v3,96,256,128,2,16,16,128,0,151949.31,607.2728405840605,"[{""kernelId"": 5, ""latency_cycles"": 151949.31, ""kernelName"": ""a4w4_blockscale_256x96x256x128_16x16_16x16_8x32x1_8x32x1_1x32x1x8_8_2x2_intrawave_v3""}, {""kernelId"": 6, ""latency_cycles"": 185014.74, ""kernelName"": ""a4w4_blockscale_256x96x384x128_16x16_16x16_8x32x1_8x32x1_1x32x1x8_8_2x2_intrawave_v3""}, {""kernelId"": 3, ""latency_cycles"": 192556.95, ""kernelName"": ""a4w4_blockscale_256x64x512x128_16x16_16x16_8x32x1_8x32x1_1x32x1x8_8_2x2_intrawave_v3""}, {""kernelId"": 9, ""latency_cycles"": 192726.32, ""kernelName"": ""a4w4_blockscale_256x128x256x128_16x16_16x16_8x32x1_8x32x1_1x32x1x8_8_2x2_intrawave_v3""}, {""kernelId"": 4, ""latency_cycles"": 202942.87, ""kernelName"": ""a4w4_blockscale_256x96x128x128_16x16_16x16_8x32x1_8x32x1_1x32x1x8_8_2x2_intrawave_v3""}]",
a4w4_blockscale,gfx950,896,53248,3072,,True,device:0,256,aiter,11,a4w4_blockscale_256x128x512x128_16x16_16x16_8x32x1_8x32x1_1x32x1x8_8_2x2_intrawave_v3,128,512,128,2,16,16,128,0,306709.77,2102.6045031735334,"[{""kernelId"": 11, ""latency_cycles"": 306709.77, ""kernelName"": ""a4w4_blockscale_256x128x512x128_16x16_16x16_8x32x1_8x32x1_1x32x1x8_8_2x2_intrawave_v3""}, {""kernelId"": 10, ""latency_cycles"": 331938.22, ""kernelName"": ""a4w4_blockscale_256x128x384x128_16x16_16x16_8x32x1_8x32x1_1x32x1x8_8_2x2_intrawave_v3""}, {""kernelId"": 9, ""latency_cycles"": 380869.85, ""kernelName"": ""a4w4_blockscale_256x128x256x128_16x16_16x16_8x32x1_8x32x1_1x32x1x8_8_2x2_intrawave_v3""}, {""kernelId"": 18, ""latency_cycles"": 386735.63, ""kernelName"": ""a4w4_blockscale_256x256x256x128_16x16_16x16_8x32x1_8x32x1_1x8x1x32_8_2x4_intrawave_v3""}, {""kernelId"": 19, ""latency_cycles"": 386735.63, ""kernelName"": ""a4w4_blockscale_256x256x256x128_16x16_16x16_8x32x1_8x32x1_1x8x1x32_8_2x8_intrawave_v3""}]",
a4w4_blockscale,gfx950,17,57344,8192,,True,device:0,256,aiter,17,a4w4_blockscale_256x32x512x128_16x16_16x16_8x32x1_8x32x1_1x8x1x32_8_2x4_intrawave_v3,32,512,128,2,16,16,128,0,350197.68,100.33818949759093,"[{""kernelId"": 17, ""latency_cycles"": 350197.68, ""kernelName"": ""a4w4_blockscale_256x32x512x128_16x16_16x16_8x32x1_8x32x1_1x8x1x32_8_2x4_intrawave_v3""}, {""kernelId"": 15, ""latency_cycles"": 353132.96, ""kernelName"": ""a4w4_blockscale_256x32x256x128_16x16_16x16_8x32x1_8x32x1_1x8x1x32_8_2x4_intrawave_v3""}, {""kernelId"": 16, ""latency_cycles"": 418069.88, ""kernelName"": ""a4w4_blockscale_256x32x384x128_16x16_16x16_8x32x1_8x32x1_1x16x1x16_8_2x2_intrawave_v3""}, {""kernelId"": 14, ""latency_cycles"": 441405.14, ""kernelName"": ""a4w4_blockscale_256x32x128x128_16x16_16x16_8x32x1_8x32x1_1x16x1x16_8_2x2_intrawave_v3""}, {""kernelId"": 3, ""latency_cycles"": 664972.21, ""kernelName"": ""a4w4_blockscale_256x64x512x128_16x16_16x16_8x32x1_8x32x1_1x32x1x8_8_2x2_intrawave_v3""}]",
a4w4_blockscale,gfx950,40,59136,8192,,True,device:0,256,aiter,1,a4w4_blockscale_256x64x256x128_16x16_16x16_8x32x1_8x32x1_1x32x1x8_8_2x2_intrawave_v3,64,256,128,2,16,16,128,0,315299.32,270.4154633056606,"[{""kernelId"": 1, ""latency_cycles"": 315299.32, ""kernelName"": ""a4w4_blockscale_256x64x256x128_16x16_16x16_8x32x1_8x32x1_1x32x1x8_8_2x2_intrawave_v3""}, {""kernelId"": 17, ""latency_cycles"": 319508.47, ""kernelName"": ""a4w4_blockscale_256x32x512x128_16x16_16x16_8x32x1_8x32x1_1x8x1x32_8_2x4_intrawave_v3""}, {""kernelId"": 3, ""latency_cycles"": 339073.1, ""kernelName"": ""a4w4_blockscale_256x64x512x128_16x16_16x16_8x32x1_8x32x1_1x32x1x8_8_2x2_intrawave_v3""}, {""kernelId"": 15, ""latency_cycles"": 363301.94, ""kernelName"": ""a4w4_blockscale_256x32x256x128_16x16_16x16_8x32x1_8x32x1_1x8x1x32_8_2x4_intrawave_v3""}, {""kernelId"": 2, ""latency_cycles"": 368333.81, ""kernelName"": ""a4w4_blockscale_256x64x384x128_16x16_16x16_8x32x1_8x32x1_1x32x1x8_8_2x2_intrawave_v3""}]",
a4w4_blockscale,gfx950,160,61696,1280,,True,device:0,256,aiter,7,a4w4_blockscale_256x96x512x128_16x16_16x16_8x32x1_8x32x1_1x32x1x8_8_2x2_intrawave_v3,96,512,128,2,16,16,128,0,63908.31,869.9259485413193,"[{""kernelId"": 7, ""latency_cycles"": 63908.31, ""kernelName"": ""a4w4_blockscale_256x96x512x128_16x16_16x16_8x32x1_8x32x1_1x32x1x8_8_2x2_intrawave_v3""}, {""kernelId"": 5, ""latency_cycles"": 69791.66, ""kernelName"": ""a4w4_blockscale_256x96x256x128_16x16_16x16_8x32x1_8x32x1_1x32x1x8_8_2x2_intrawave_v3""}, {""kernelId"": 2, ""latency_cycles"": 76247.63, ""kernelName"": ""a4w4_blockscale_256x64x384x128_16x16_16x16_8x32x1_8x32x1_1x32x1x8_8_2x2_intrawave_v3""}, {""kernelId"": 11, ""latency_cycles"": 78445.26, ""kernelName"": ""a4w4_blockscale_256x128x512x128_16x16_16x16_8x32x1_8x32x1_1x32x1x8_8_2x2_intrawave_v3""}, {""kernelId"": 18, ""latency_cycles"": 81912.57, ""kernelName"": ""a4w4_blockscale_256x256x256x128_16x16_16x16_8x32x1_8x32x1_1x8x1x32_8_2x4_intrawave_v3""}]",
a4w4_blockscale,gfx950,1000,61696,1280,,True,device:0,256,aiter,18,a4w4_blockscale_256x256x256x128_16x16_16x16_8x32x1_8x32x1_1x8x1x32_8_2x4_intrawave_v3,256,256,128,2,16,16,128,0,269670.11,1288.5071687215855,"[{""kernelId"": 18, ""latency_cycles"": 269670.11, ""kernelName"": ""a4w4_blockscale_256x256x256x128_16x16_16x16_8x32x1_8x32x1_1x8x1x32_8_2x4_intrawave_v3""}, {""kernelId"": 19, ""latency_cycles"": 269670.11, ""kernelName"": ""a4w4_blockscale_256x256x256x128_16x16_16x16_8x32x1_8x32x1_1x8x1x32_8_2x8_intrawave_v3""}, {""kernelId"": 11, ""latency_cycles"": 280175.91, ""kernelName"": ""a4w4_blockscale_256x128x512x128_16x16_16x16_8x32x1_8x32x1_1x32x1x8_8_2x2_intrawave_v3""}, {""kernelId"": 6, ""latency_cycles"": 292301.0, ""kernelName"": ""a4w4_blockscale_256x96x384x128_16x16_16x16_8x32x1_8x32x1_1x32x1x8_8_2x2_intrawave_v3""}, {""kernelId"": 7, ""latency_cycles"": 316486.75, ""kernelName"": ""a4w4_blockscale_256x96x512x128_16x16_16x16_8x32x1_8x32x1_1x32x1x8_8_2x2_intrawave_v3""}]",
a4w4_blockscale,gfx950,16,61696,4608,,True,device:0,256,aiter,15,a4w4_blockscale_256x32x256x128_16x16_16x16_8x32x1_8x32x1_1x8x1x32_8_2x4_intrawave_v3,32,256,128,2,16,16,128,0,222018.17,90.14748750197157,"[{""kernelId"": 15, ""latency_cycles"": 222018.17, ""kernelName"": ""a4w4_blockscale_256x32x256x128_16x16_16x16_8x32x1_8x32x1_1x8x1x32_8_2x4_intrawave_v3""}, {""kernelId"": 17, ""latency_cycles"": 231318.92, ""kernelName"": ""a4w4_blockscale_256x32x512x128_16x16_16x16_8x32x1_8x32x1_1x8x1x32_8_2x4_intrawave_v3""}, {""kernelId"": 16, ""latency_cycles"": 257375.58, ""kernelName"": ""a4w4_blockscale_256x32x384x128_16x16_16x16_8x32x1_8x32x1_1x16x1x16_8_2x2_intrawave_v3""}, {""kernelId"": 14, ""latency_cycles"": 263333.29, ""kernelName"": ""a4w4_blockscale_256x32x128x128_16x16_16x16_8x32x1_8x32x1_1x16x1x16_8_2x2_intrawave_v3""}, {""kernelId"": 1, ""latency_cycles"": 424333.93, ""kernelName"": ""a4w4_blockscale_256x64x256x128_16x16_16x16_8x32x1_8x32x1_1x32x1x8_8_2x2_intrawave_v3""}]",
a4w4_blockscale,gfx950,17,61696,4608,,True,device:0,256,aiter,15,a4w4_blockscale_256x32x256x128_16x16_16x16_8x32x1_8x32x1_1x8x1x32_8_2x4_intrawave_v3,32,256,128,2,16,16,128,0,210320.72,101.10881562871916,"[{""kernelId"": 15, ""latency_cycles"": 210320.72, ""kernelName"": ""a4w4_blockscale_256x32x256x128_16x16_16x16_8x32x1_8x32x1_1x8x1x32_8_2x4_intrawave_v3""}, {""kernelId"": 17, ""latency_cycles"": 220616.4, ""kernelName"": ""a4w4_blockscale_256x32x512x128_16x16_16x16_8x32x1_8x32x1_1x8x1x32_8_2x4_intrawave_v3""}, {""kernelId"": 16, ""latency_cycles"": 243707.69, ""kernelName"": ""a4w4_blockscale_256x32x384x128_16x16_16x16_8x32x1_8x32x1_1x16x1x16_8_2x2_intrawave_v3""}, {""kernelId"": 14, ""latency_cycles"": 250227.26, ""kernelName"": ""a4w4_blockscale_256x32x128x128_16x16_16x16_8x32x1_8x32x1_1x16x1x16_8_2x2_intrawave_v3""}, {""kernelId"": 1, ""latency_cycles"": 400801.4, ""kernelName"": ""a4w4_blockscale_256x64x256x128_16x16_16x16_8x32x1_8x32x1_1x32x1x8_8_2x2_intrawave_v3""}]",
