family,gfx,M,N,K,q_dtype_w,available,hardware_source,cu_num,candidates,best_kernelId,best_kernelName,best_BLOCK_M,best_BLOCK_N,best_BLOCK_K,best_waves_per_eu,mi_m,mi_n,mi_k,splitK,pred_latency_cycles,pred_tflops,topk_json,error
a8w8,gfx950,12,100,5120,torch.int8,True,device:0,256,aiter,58,a8w8_rowwise_64x16x16x64_16x16_1x1_4x16x1_4x16x1_1x16x1x4_4x4x1_1x1_intrawave_v2,16,16,64,2,16,16,32,0,19513.34,1.3853909834423912,"[{""kernelId"": 58, ""latency_cycles"": 19513.34, ""kernelName"": ""a8w8_rowwise_64x16x16x64_16x16_1x1_4x16x1_4x16x1_1x16x1x4_4x4x1_1x1_intrawave_v2""}, {""kernelId"": 77, ""latency_cycles"": 19513.34, ""kernelName"": ""a8w8_rowwise_64x16x16x64_16x16_1x1_4x16x1_4x16x1_1x16x1x4_4x4x1_1x1_interwave_v2""}, {""kernelId"": 36, ""latency_cycles"": 438644.74, ""kernelName"": ""a8w8_rowwise_256x128x128x64_32x32_2x2_4x64x1_4x64x1_1x32x1x8_8x8x1_1x1_intrawave_v4""}, {""kernelId"": 38, ""latency_cycles"": 1026915.24, ""kernelName"": ""a8w8_rowwise_256x256x256x64_16x16_8x8_4x64x1_4x64x1_1x32x1x8_8x8x1_1x2_intrawave_v3""}, {""kernelId"": 42, ""latency_cycles"": 1663293.4, ""kernelName"": ""a8w8_rowwise_256x128x256x64_32x32_2x4_4x64x1_4x64x1_1x32x1x8_8x8x1_1x1_interwave_v1""}]",
a8w8,gfx950,20000,100,5120,torch.int8,True,device:0,256,aiter,52,a8w8_rowwise_256x256x16x128_16x16_4x1_8x32x1_8x16x1_1x32x1x8_2x2x1_1x1_intrawave_v2,256,16,128,2,16,16,32,0,222671.78,202.34265989499545,"[{""kernelId"": 52, ""latency_cycles"": 222671.78, ""kernelName"": ""a8w8_rowwise_256x256x16x128_16x16_4x1_8x32x1_8x16x1_1x32x1x8_2x2x1_1x1_intrawave_v2""}, {""kernelId"": 71, ""latency_cycles"": 222671.78, ""kernelName"": ""a8w8_rowwise_256x256x16x128_16x16_4x1_8x32x1_8x16x1_1x32x1x8_2x2x1_1x1_interwave_v2""}, {""kernelId"": 54, ""latency_cycles"": 241181.32, ""kernelName"": ""a8w8_rowwise_128x128x16x128_16x16_4x1_8x16x1_8x16x1_1x16x1x8_2x2x1_1x1_intrawave_v2""}, {""kernelId"": 73, ""latency_cycles"": 241181.32, ""kernelName"": ""a8w8_rowwise_128x128x16x128_16x16_4x1_8x16x1_8x16x1_1x16x1x8_2x2x1_1x1_interwave_v2""}, {""kernelId"": 38, ""latency_cycles"": 286802.55, ""kernelName"": ""a8w8_rowwise_256x256x256x64_16x16_8x8_4x64x1_4x64x1_1x32x1x8_8x8x1_1x2_intrawave_v3""}]",
a8w8,gfx950,80,128,128,torch.int8,True,device:0,256,aiter,58,a8w8_rowwise_64x16x16x64_16x16_1x1_4x16x1_4x16x1_1x16x1x4_4x4x1_1x1_intrawave_v2,16,16,64,2,16,16,32,0,1103.13,5.22799609856403,"[{""kernelId"": 58, ""latency_cycles"": 1103.13, ""kernelName"": ""a8w8_rowwise_64x16x16x64_16x16_1x1_4x16x1_4x16x1_1x16x1x4_4x4x1_1x1_intrawave_v2""}, {""kernelId"": 77, ""latency_cycles"": 1103.13, ""kernelName"": ""a8w8_rowwise_64x16x16x64_16x16_1x1_4x16x1_4x16x1_1x16x1x4_4x4x1_1x1_interwave_v2""}, {""kernelId"": 49, ""latency_cycles"": 1131.68, ""kernelName"": ""a8w8_rowwise_64x16x16x128_16x16_1x1_8x8x1_8x8x1_1x16x1x4_4x4x1_1x1_intrawave_v1""}, {""kernelId"": 59, ""latency_cycles"": 1131.68, ""kernelName"": ""a8w8_rowwise_64x16x16x128_16x16_1x1_8x8x1_8x8x1_1x16x1x4_4x4x1_1x1_intrawave_v2""}, {""kernelId"": 68, ""latency_cycles"": 1131.68, ""kernelName"": ""a8w8_rowwise_64x16x16x128_16x16_1x1_8x8x1_8x8x1_1x16x1x4_4x4x1_1x1_interwave_v1""}]",
a8w8,gfx950,1234,128,3200,torch.int8,True,device:0,256,aiter,56,a8w8_rowwise_128x64x16x128_16x16_2x1_8x16x1_8x16x1_1x16x1x8_2x2x1_1x1_intrawave_v2,64,16,128,2,16,16,32,0,21386.79,103.98776236679495,"[{""kernelId"": 56, ""latency_cycles"": 21386.79, ""kernelName"": ""a8w8_rowwise_128x64x16x128_16x16_2x1_8x16x1_8x16x1_1x16x1x8_2x2x1_1x1_intrawave_v2""}, {""kernelId"": 75, ""latency_cycles"": 21386.79, ""kernelName"": ""a8w8_rowwise_128x64x16x128_16x16_2x1_8x16x1_8x16x1_1x16x1x8_2x2x1_1x1_interwave_v2""}, {""kernelId"": 54, ""latency_cycles"": 26820.03, ""kernelName"": ""a8w8_rowwise_128x128x16x128_16x16_4x1_8x16x1_8x16x1_1x16x1x8_2x2x1_1x1_intrawave_v2""}, {""kernelId"": 73, ""latency_cycles"": 26820.03, ""kernelName"": ""a8w8_rowwise_128x128x16x128_16x16_4x1_8x16x1_8x16x1_1x16x1x8_2x2x1_1x1_interwave_v2""}, {""kernelId"": 52, ""latency_cycles"": 28029.86, ""kernelName"": ""a8w8_rowwise_256x256x16x128_16x16_4x1_8x32x1_8x16x1_1x32x1x8_2x2x1_1x1_intrawave_v2""}]",
a8w8,gfx950,3072,128,4096,torch.int8,True,device:0,256,aiter,54,a8w8_rowwise_128x128x16x128_16x16_4x1_8x16x1_8x16x1_1x16x1x8_2x2x1_1x1_intrawave_v2,128,16,128,2,16,16,32,0,36176.2,195.8938795097154,"[{""kernelId"": 54, ""latency_cycles"": 36176.2, ""kernelName"": ""a8w8_rowwise_128x128x16x128_16x16_4x1_8x16x1_8x16x1_1x16x1x8_2x2x1_1x1_intrawave_v2""}, {""kernelId"": 73, ""latency_cycles"": 36176.2, ""kernelName"": ""a8w8_rowwise_128x128x16x128_16x16_4x1_8x16x1_8x16x1_1x16x1x8_2x2x1_1x1_interwave_v2""}, {""kernelId"": 52, ""latency_cycles"": 36624.55, ""kernelName"": ""a8w8_rowwise_256x256x16x128_16x16_4x1_8x32x1_8x16x1_1x32x1x8_2x2x1_1x1_intrawave_v2""}, {""kernelId"": 71, ""latency_cycles"": 36624.55, ""kernelName"": ""a8w8_rowwise_256x256x16x128_16x16_4x1_8x32x1_8x16x1_1x32x1x8_2x2x1_1x1_interwave_v2""}, {""kernelId"": 55, ""latency_cycles"": 50320.58, ""kernelName"": ""a8w8_rowwise_128x64x32x128_32x32_1x1_8x16x1_8x16x1_1x16x1x8_4x4x1_1x1_intrawave_v2""}]",
a8w8,gfx950,20,128,6400,torch.float8_e4m3fn,True,device:0,256,aiter,58,a8w8_rowwise_64x16x16x64_16x16_1x1_4x16x1_4x16x1_1x16x1x4_4x4x1_1x1_intrawave_v2,16,16,64,2,16,16,128,0,20461.75,3.5231388203210408,"[{""kernelId"": 58, ""latency_cycles"": 20461.75, ""kernelName"": ""a8w8_rowwise_64x16x16x64_16x16_1x1_4x16x1_4x16x1_1x16x1x4_4x4x1_1x1_intrawave_v2""}, {""kernelId"": 77, ""latency_cycles"": 20461.75, ""kernelName"": ""a8w8_rowwise_64x16x16x64_16x16_1x1_4x16x1_4x16x1_1x16x1x4_4x4x1_1x1_interwave_v2""}, {""kernelId"": 36, ""latency_cycles"": 84042.54, ""kernelName"": ""a8w8_rowwise_256x128x128x64_32x32_2x2_4x64x1_4x64x1_1x32x1x8_8x8x1_1x1_intrawave_v4""}, {""kernelId"": 43, ""latency_cycles"": 215931.63, ""kernelName"": ""a8w8_rowwise_256x256x128x64_32x32_4x2_4x64x1_4x64x1_1x32x1x8_8x8x1_1x1_interwave_v1""}, {""kernelId"": 42, ""latency_cycles"": 217356.15, ""kernelName"": ""a8w8_rowwise_256x128x256x64_32x32_2x4_4x64x1_4x64x1_1x32x1x8_8x8x1_1x1_interwave_v1""}]",
a8w8,gfx950,24,128,6400,torch.int8,True,device:0,256,aiter,58,a8w8_rowwise_64x16x16x64_16x16_1x1_4x16x1_4x16x1_1x16x1x4_4x4x1_1x1_intrawave_v2,16,16,64,2,16,16,32,0,19929.87,4.340596834228568,"[{""kernelId"": 58, ""latency_cycles"": 19929.87, ""kernelName"": ""a8w8_rowwise_64x16x16x64_16x16_1x1_4x16x1_4x16x1_1x16x1x4_4x4x1_1x1_intrawave_v2""}, {""kernelId"": 77, ""latency_cycles"": 19929.87, ""kernelName"": ""a8w8_rowwise_64x16x16x64_16x16_1x1_4x16x1_4x16x1_1x16x1x4_4x4x1_1x1_interwave_v2""}, {""kernelId"": 49, ""latency_cycles"": 29675.29, ""kernelName"": ""a8w8_rowwise_64x16x16x128_16x16_1x1_8x8x1_8x8x1_1x16x1x4_4x4x1_1x1_intrawave_v1""}, {""kernelId"": 59, ""latency_cycles"": 29675.29, ""kernelName"": ""a8w8_rowwise_64x16x16x128_16x16_1x1_8x8x1_8x8x1_1x16x1x4_4x4x1_1x1_intrawave_v2""}, {""kernelId"": 68, ""latency_cycles"": 29675.29, ""kernelName"": ""a8w8_rowwise_64x16x16x128_16x16_1x1_8x8x1_8x8x1_1x16x1x4_4x4x1_1x1_interwave_v1""}]",
a8w8,gfx950,32,128,6400,torch.int8,True,device:0,256,aiter,58,a8w8_rowwise_64x16x16x64_16x16_1x1_4x16x1_4x16x1_1x16x1x4_4x4x1_1x1_intrawave_v2,16,16,64,2,16,16,32,0,19270.18,5.985588568312482,"[{""kernelId"": 58, ""latency_cycles"": 19270.18, ""kernelName"": ""a8w8_rowwise_64x16x16x64_16x16_1x1_4x16x1_4x16x1_1x16x1x4_4x4x1_1x1_intrawave_v2""}, {""kernelId"": 77, ""latency_cycles"": 19270.18, ""kernelName"": ""a8w8_rowwise_64x16x16x64_16x16_1x1_4x16x1_4x16x1_1x16x1x4_4x4x1_1x1_interwave_v2""}, {""kernelId"": 33, ""latency_cycles"": 27488.7, ""kernelName"": ""a8w8_rowwise_256x16x128x256_16x16_1x2_16x16x1_16x16x1_1x16x1x16_8x8x1_1x2_intrawave_v3""}, {""kernelId"": 49, ""latency_cycles"": 28961.76, ""kernelName"": ""a8w8_rowwise_64x16x16x128_16x16_1x1_8x8x1_8x8x1_1x16x1x4_4x4x1_1x1_intrawave_v1""}, {""kernelId"": 59, ""latency_cycles"": 28961.76, ""kernelName"": ""a8w8_rowwise_64x16x16x128_16x16_1x1_8x8x1_8x8x1_1x16x1x4_4x4x1_1x1_intrawave_v2""}]",
a8w8,gfx950,896,128,6400,torch.float8_e4m3fn,True,device:0,256,aiter,56,a8w8_rowwise_128x64x16x128_16x16_2x1_8x16x1_8x16x1_1x16x1x8_2x2x1_1x1_intrawave_v2,64,16,128,2,16,16,128,0,28105.01,114.91238716353834,"[{""kernelId"": 56, ""latency_cycles"": 28105.01, ""kernelName"": ""a8w8_rowwise_128x64x16x128_16x16_2x1_8x16x1_8x16x1_1x16x1x8_2x2x1_1x1_intrawave_v2""}, {""kernelId"": 75, ""latency_cycles"": 28105.01, ""kernelName"": ""a8w8_rowwise_128x64x16x128_16x16_2x1_8x16x1_8x16x1_1x16x1x8_2x2x1_1x1_interwave_v2""}, {""kernelId"": 48, ""latency_cycles"": 35139.76, ""kernelName"": ""a8w8_rowwise_128x32x16x128_16x16_1x1_8x16x1_8x16x1_1x16x1x8_2x2x1_1x1_intrawave_v1""}, {""kernelId"": 57, ""latency_cycles"": 35139.76, ""kernelName"": ""a8w8_rowwise_128x32x16x128_16x16_1x1_8x16x1_8x16x1_1x16x1x8_2x2x1_1x1_intrawave_v2""}, {""kernelId"": 67, ""latency_cycles"": 35139.76, ""kernelName"": ""a8w8_rowwise_128x32x16x128_16x16_1x1_8x16x1_8x16x1_1x16x1x8_2x2x1_1x1_interwave_v1""}]",
a8w8,gfx950,10,128,16384,torch.float8_e4m3fn,True,device:0,256,aiter,58,a8w8_rowwise_64x16x16x64_16x16_1x1_4x16x1_4x16x1_1x16x1x4_4x4x1_1x1_intrawave_v2,16,16,64,2,16,16,128,0,22237.66,4.149477975048093,"[{""kernelId"": 58, ""latency_cycles"": 22237.66, ""kernelName"": ""a8w8_rowwise_64x16x16x64_16x16_1x1_4x16x1_4x16x1_1x16x1x4_4x4x1_1x1_intrawave_v2""}, {""kernelId"": 77, ""latency_cycles"": 22237.66, ""kernelName"": ""a8w8_rowwise_64x16x16x64_16x16_1x1_4x16x1_4x16x1_1x16x1x4_4x4x1_1x1_interwave_v2""}, {""kernelId"": 36, ""latency_cycles"": 135595.67, ""kernelName"": ""a8w8_rowwise_256x128x128x64_32x32_2x2_4x64x1_4x64x1_1x32x1x8_8x8x1_1x1_intrawave_v4""}, {""kernelId"": 43, ""latency_cycles"": 370658.7, ""kernelName"": ""a8w8_rowwise_256x256x128x64_32x32_4x2_4x64x1_4x64x1_1x32x1x8_8x8x1_1x1_interwave_v1""}, {""kernelId"": 42, ""latency_cycles"": 372997.73, ""kernelName"": ""a8w8_rowwise_256x128x256x64_32x32_2x4_4x64x1_4x64x1_1x32x1x8_8x8x1_1x1_interwave_v1""}]",
a8w8,gfx950,384,192,640,torch.float8_e4m3fn,True,device:0,256,aiter,48,a8w8_rowwise_128x32x16x128_16x16_1x1_8x16x1_8x16x1_1x16x1x8_2x2x1_1x1_intrawave_v1,32,16,128,2,16,16,128,0,3303.73,62.84346573803752,"[{""kernelId"": 48, ""latency_cycles"": 3303.73, ""kernelName"": ""a8w8_rowwise_128x32x16x128_16x16_1x1_8x16x1_8x16x1_1x16x1x8_2x2x1_1x1_intrawave_v1""}, {""kernelId"": 57, ""latency_cycles"": 3303.73, ""kernelName"": ""a8w8_rowwise_128x32x16x128_16x16_1x1_8x16x1_8x16x1_1x16x1x8_2x2x1_1x1_intrawave_v2""}, {""kernelId"": 67, ""latency_cycles"": 3303.73, ""kernelName"": ""a8w8_rowwise_128x32x16x128_16x16_1x1_8x16x1_8x16x1_1x16x1x8_2x2x1_1x1_interwave_v1""}, {""kernelId"": 76, ""latency_cycles"": 3303.73, ""kernelName"": ""a8w8_rowwise_128x32x16x128_16x16_1x1_8x16x1_8x16x1_1x16x1x8_2x2x1_1x1_interwave_v2""}, {""kernelId"": 50, ""latency_cycles"": 3304.9, ""kernelName"": ""a8w8_rowwise_128x16x32x128_16x16_1x1_8x16x1_8x16x1_1x16x1x8_4x4x1_1x1_intrawave_v1""}]",
a8w8,gfx950,96,192,28672,torch.int8,True,device:0,256,aiter,61,a8w8_rowwise_128x16x64x128_16x16_1x2_8x16x1_8x16x1_1x16x1x8_4x4x1_1x1_intrawave_v2,16,64,128,2,16,16,32,0,27093.57,85.82562022666,"[{""kernelId"": 61, ""latency_cycles"": 27093.57, ""kernelName"": ""a8w8_rowwise_128x16x64x128_16x16_1x2_8x16x1_8x16x1_1x16x1x8_4x4x1_1x1_intrawave_v2""}, {""kernelId"": 80, ""latency_cycles"": 27093.57, ""kernelName"": ""a8w8_rowwise_128x16x64x128_16x16_1x2_8x16x1_8x16x1_1x16x1x8_4x4x1_1x1_interwave_v2""}, {""kernelId"": 62, ""latency_cycles"": 29016.39, ""kernelName"": ""a8w8_rowwise_128x32x64x128_32x32_1x1_8x16x1_8x16x1_1x16x1x8_8x8x1_1x1_intrawave_v2""}, {""kernelId"": 81, ""latency_cycles"": 29016.39, ""kernelName"": ""a8w8_rowwise_128x32x64x128_32x32_1x1_8x16x1_8x16x1_1x16x1x8_8x8x1_1x1_interwave_v2""}, {""kernelId"": 54, ""latency_cycles"": 30309.29, ""kernelName"": ""a8w8_rowwise_128x128x16x128_16x16_4x1_8x16x1_8x16x1_1x16x1x8_2x2x1_1x1_intrawave_v2""}]",
a8w8,gfx950,48,200,5120,torch.int8,True,device:0,256,aiter,49,a8w8_rowwise_64x16x16x128_16x16_1x1_8x8x1_8x8x1_1x16x1x4_4x4x1_1x1_intrawave_v1,16,16,128,2,16,16,32,0,21045.15,10.27641941339959,"[{""kernelId"": 49, ""latency_cycles"": 21045.15, ""kernelName"": ""a8w8_rowwise_64x16x16x128_16x16_1x1_8x8x1_8x8x1_1x16x1x4_4x4x1_1x1_intrawave_v1""}, {""kernelId"": 59, ""latency_cycles"": 21045.15, ""kernelName"": ""a8w8_rowwise_64x16x16x128_16x16_1x1_8x8x1_8x8x1_1x16x1x4_4x4x1_1x1_intrawave_v2""}, {""kernelId"": 68, ""latency_cycles"": 21045.15, ""kernelName"": ""a8w8_rowwise_64x16x16x128_16x16_1x1_8x8x1_8x8x1_1x16x1x4_4x4x1_1x1_interwave_v1""}, {""kernelId"": 78, ""latency_cycles"": 21045.15, ""kernelName"": ""a8w8_rowwise_64x16x16x128_16x16_1x1_8x8x1_8x8x1_1x16x1x4_4x4x1_1x1_interwave_v2""}, {""kernelId"": 50, ""latency_cycles"": 21965.68, ""kernelName"": ""a8w8_rowwise_128x16x32x128_16x16_1x1_8x16x1_8x16x1_1x16x1x8_4x4x1_1x1_intrawave_v1""}]",
a8w8,gfx950,1536,200,5120,torch.float8_e4m3fn,True,device:0,256,aiter,30,a8w8_rowwise_256x32x64x512_16x16_1x2_32x8x1_32x8x1_1x32x1x8_8x8x1_1x2_intrawave_v3,32,64,512,2,16,16,128,0,27348.42,253.0531121718078,"[{""kernelId"": 30, ""latency_cycles"": 27348.42, ""kernelName"": ""a8w8_rowwise_256x32x64x512_16x16_1x2_32x8x1_32x8x1_1x32x1x8_8x8x1_1x2_intrawave_v3""}, {""kernelId"": 47, ""latency_cycles"": 32869.17, ""kernelName"": ""a8w8_rowwise_256x64x64x128_32x32_1x1_8x32x1_8x32x1_1x32x1x8_8x8x1_1x1_intrawave_v3""}, {""kernelId"": 53, ""latency_cycles"": 33780.53, ""kernelName"": ""a8w8_rowwise_128x128x32x128_32x32_2x1_8x16x1_8x16x1_1x16x1x8_4x4x1_1x1_intrawave_v2""}, {""kernelId"": 72, ""latency_cycles"": 33780.53, ""kernelName"": ""a8w8_rowwise_128x128x32x128_32x32_2x1_8x16x1_8x16x1_1x16x1x8_4x4x1_1x1_interwave_v2""}, {""kernelId"": 23, ""latency_cycles"": 35307.69, ""kernelName"": ""a8w8_rowwise_256x64x64x512_32x32_1x1_32x8x1_32x8x1_1x32x1x8_8x8x1_1x1_intrawave_v3""}]",
a8w8,gfx950,20,256,128,torch.float8_e4m3fn,True,device:0,256,aiter,58,a8w8_rowwise_64x16x16x64_16x16_1x1_4x16x1_4x16x1_1x16x1x4_4x4x1_1x1_intrawave_v2,16,16,64,2,16,16,128,0,1457.06,1.9790452815431443,"[{""kernelId"": 58, ""latency_cycles"": 1457.06, ""kernelName"": ""a8w8_rowwise_64x16x16x64_16x16_1x1_4x16x1_4x16x1_1x16x1x4_4x4x1_1x1_intrawave_v2""}, {""kernelId"": 77, ""latency_cycles"": 1457.06, ""kernelName"": ""a8w8_rowwise_64x16x16x64_16x16_1x1_4x16x1_4x16x1_1x16x1x4_4x4x1_1x1_interwave_v2""}, {""kernelId"": 36, ""latency_cycles"": 18909.32, ""kernelName"": ""a8w8_rowwise_256x128x128x64_32x32_2x2_4x64x1_4x64x1_1x32x1x8_8x8x1_1x1_intrawave_v4""}, {""kernelId"": 42, ""latency_cycles"": 28750.37, ""kernelName"": ""a8w8_rowwise_256x128x256x64_32x32_2x4_4x64x1_4x64x1_1x32x1x8_8x8x1_1x1_interwave_v1""}, {""kernelId"": 43, ""latency_cycles"": 53530.02, ""kernelName"": ""a8w8_rowwise_256x256x128x64_32x32_4x2_4x64x1_4x64x1_1x32x1x8_8x8x1_1x1_interwave_v1""}]",
a8w8,gfx950,8,256,256,torch.int8,True,device:0,256,aiter,58,a8w8_rowwise_64x16x16x64_16x16_1x1_4x16x1_4x16x1_1x16x1x4_4x4x1_1x1_intrawave_v2,16,16,64,2,16,16,32,0,4031.86,0.5721592928201795,"[{""kernelId"": 58, ""latency_cycles"": 4031.86, ""kernelName"": ""a8w8_rowwise_64x16x16x64_16x16_1x1_4x16x1_4x16x1_1x16x1x4_4x4x1_1x1_intrawave_v2""}, {""kernelId"": 77, ""latency_cycles"": 4031.86, ""kernelName"": ""a8w8_rowwise_64x16x16x64_16x16_1x1_4x16x1_4x16x1_1x16x1x4_4x4x1_1x1_interwave_v2""}, {""kernelId"": 36, ""latency_cycles"": 231334.84, ""kernelName"": ""a8w8_rowwise_256x128x128x64_32x32_2x2_4x64x1_4x64x1_1x32x1x8_8x8x1_1x1_intrawave_v4""}, {""kernelId"": 38, ""latency_cycles"": 320285.36, ""kernelName"": ""a8w8_rowwise_256x256x256x64_16x16_8x8_4x64x1_4x64x1_1x32x1x8_8x8x1_1x2_intrawave_v3""}, {""kernelId"": 42, ""latency_cycles"": 448735.77, ""kernelName"": ""a8w8_rowwise_256x128x256x64_32x32_2x4_4x64x1_4x64x1_1x32x1x8_8x8x1_1x1_interwave_v1""}]",
a8w8,gfx950,15,256,640,torch.int8,True,device:0,256,aiter,58,a8w8_rowwise_64x16x16x64_16x16_1x1_4x16x1_4x16x1_1x16x1x4_4x4x1_1x1_intrawave_v2,16,16,64,2,16,16,32,0,7698.98,1.4045288775870874,"[{""kernelId"": 58, ""latency_cycles"": 7698.98, ""kernelName"": ""a8w8_rowwise_64x16x16x64_16x16_1x1_4x16x1_4x16x1_1x16x1x4_4x4x1_1x1_intrawave_v2""}, {""kernelId"": 77, ""latency_cycles"": 7698.98, ""kernelName"": ""a8w8_rowwise_64x16x16x64_16x16_1x1_4x16x1_4x16x1_1x16x1x4_4x4x1_1x1_interwave_v2""}, {""kernelId"": 36, ""latency_cycles"": 340971.58, ""kernelName"": ""a8w8_rowwise_256x128x128x64_32x32_2x2_4x64x1_4x64x1_1x32x1x8_8x8x1_1x1_intrawave_v4""}, {""kernelId"": 38, ""latency_cycles"": 402537.25, ""kernelName"": ""a8w8_rowwise_256x256x256x64_16x16_8x8_4x64x1_4x64x1_1x32x1x8_8x8x1_1x2_intrawave_v3""}, {""kernelId"": 42, ""latency_cycles"": 670734.46, ""kernelName"": ""a8w8_rowwise_256x128x256x64_32x32_2x4_4x64x1_4x64x1_1x32x1x8_8x8x1_1x1_interwave_v1""}]",
a8w8,gfx950,768,256,640,torch.int8,True,device:0,256,aiter,56,a8w8_rowwise_128x64x16x128_16x16_2x1_8x16x1_8x16x1_1x16x1x8_2x2x1_1x1_intrawave_v2,64,16,128,2,16,16,32,0,4278.98,129.38780212057895,"[{""kernelId"": 56, ""latency_cycles"": 4278.98, ""kernelName"": ""a8w8_rowwise_128x64x16x128_16x16_2x1_8x16x1_8x16x1_1x16x1x8_2x2x1_1x1_intrawave_v2""}, {""kernelId"": 61, ""latency_cycles"": 4278.98, ""kernelName"": ""a8w8_rowwise_128x16x64x128_16x16_1x2_8x16x1_8x16x1_1x16x1x8_4x4x1_1x1_intrawave_v2""}, {""kernelId"": 75, ""latency_cycles"": 4278.98, ""kernelName"": ""a8w8_rowwise_128x64x16x128_16x16_2x1_8x16x1_8x16x1_1x16x1x8_2x2x1_1x1_interwave_v2""}, {""kernelId"": 80, ""latency_cycles"": 4278.98, ""kernelName"": ""a8w8_rowwise_128x16x64x128_16x16_1x2_8x16x1_8x16x1_1x16x1x8_4x4x1_1x1_interwave_v2""}, {""kernelId"": 54, ""latency_cycles"": 6069.91, ""kernelName"": ""a8w8_rowwise_128x128x16x128_16x16_4x1_8x16x1_8x16x1_1x16x1x8_2x2x1_1x1_intrawave_v2""}]",
a8w8,gfx950,10240,256,768,torch.int8,True,device:0,256,aiter,22,a8w8_rowwise_256x64x96x256_16x16_2x3_16x16x1_16x16x1_1x64x1x4_8x8x1_2x1_intrawave_v3,64,96,256,2,16,16,32,0,19287.7,459.2756917128246,"[{""kernelId"": 22, ""latency_cycles"": 19287.7, ""kernelName"": ""a8w8_rowwise_256x64x96x256_16x16_2x3_16x16x1_16x16x1_1x64x1x4_8x8x1_2x1_intrawave_v3""}, {""kernelId"": 29, ""latency_cycles"": 27433.51, ""kernelName"": ""a8w8_rowwise_256x32x96x256_16x16_1x3_16x16x1_16x16x1_1x32x1x8_4x4x1_1x1_intrawave_v3""}, {""kernelId"": 52, ""latency_cycles"": 35148.65, ""kernelName"": ""a8w8_rowwise_256x256x16x128_16x16_4x1_8x32x1_8x16x1_1x32x1x8_2x2x1_1x1_intrawave_v2""}, {""kernelId"": 71, ""latency_cycles"": 35148.65, ""kernelName"": ""a8w8_rowwise_256x256x16x128_16x16_4x1_8x32x1_8x16x1_1x32x1x8_2x2x1_1x1_interwave_v2""}, {""kernelId"": 54, ""latency_cycles"": 36620.78, ""kernelName"": ""a8w8_rowwise_128x128x16x128_16x16_4x1_8x16x1_8x16x1_1x16x1x8_2x2x1_1x1_intrawave_v2""}]",
a8w8,gfx950,9,384,128,torch.int8,True,device:0,256,aiter,58,a8w8_rowwise_64x16x16x64_16x16_1x1_4x16x1_4x16x1_1x16x1x4_4x4x1_1x1_intrawave_v2,16,16,64,2,16,16,32,0,1825.15,1.0664406079641542,"[{""kernelId"": 58, ""latency_cycles"": 1825.15, ""kernelName"": ""a8w8_rowwise_64x16x16x64_16x16_1x1_4x16x1_4x16x1_1x16x1x4_4x4x1_1x1_intrawave_v2""}, {""kernelId"": 77, ""latency_cycles"": 1825.15, ""kernelName"": ""a8w8_rowwise_64x16x16x64_16x16_1x1_4x16x1_4x16x1_1x16x1x4_4x4x1_1x1_interwave_v2""}, {""kernelId"": 36, ""latency_cycles"": 89285.63, ""kernelName"": ""a8w8_rowwise_256x128x128x64_32x32_2x2_4x64x1_4x64x1_1x32x1x8_8x8x1_1x1_intrawave_v4""}, {""kernelId"": 38, ""latency_cycles"": 211651.88, ""kernelName"": ""a8w8_rowwise_256x256x256x64_16x16_8x8_4x64x1_4x64x1_1x32x1x8_8x8x1_1x2_intrawave_v3""}, {""kernelId"": 42, ""latency_cycles"": 217261.91, ""kernelName"": ""a8w8_rowwise_256x128x256x64_32x32_2x4_4x64x1_4x64x1_1x32x1x8_8x8x1_1x1_interwave_v1""}]",
a8w8,gfx950,160,384,128,torch.int8,True,device:0,256,aiter,58,a8w8_rowwise_64x16x16x64_16x16_1x1_4x16x1_4x16x1_1x16x1x4_4x4x1_1x1_intrawave_v2,16,16,64,2,16,16,32,0,1124.48,30.772347756441402,"[{""kernelId"": 58, ""latency_cycles"": 1124.48, ""kernelName"": ""a8w8_rowwise_64x16x16x64_16x16_1x1_4x16x1_4x16x1_1x16x1x4_4x4x1_1x1_intrawave_v2""}, {""kernelId"": 77, ""latency_cycles"": 1124.48, ""kernelName"": ""a8w8_rowwise_64x16x16x64_16x16_1x1_4x16x1_4x16x1_1x16x1x4_4x4x1_1x1_interwave_v2""}, {""kernelId"": 49, ""latency_cycles"": 1157.67, ""kernelName"": ""a8w8_rowwise_64x16x16x128_16x16_1x1_8x8x1_8x8x1_1x16x1x4_4x4x1_1x1_intrawave_v1""}, {""kernelId"": 59, ""latency_cycles"": 1157.67, ""kernelName"": ""a8w8_rowwise_64x16x16x128_16x16_1x1_8x8x1_8x8x1_1x16x1x4_4x4x1_1x1_intrawave_v2""}, {""kernelId"": 68, ""latency_cycles"": 1157.67, ""kernelName"": ""a8w8_rowwise_64x16x16x128_16x16_1x1_8x8x1_8x8x1_1x16x1x4_4x4x1_1x1_interwave_v1""}]",
a8w8,gfx950,1280,384,128,torch.int8,True,device:0,256,aiter,54,a8w8_rowwise_128x128x16x128_16x16_4x1_8x16x1_8x16x1_1x16x1x8_2x2x1_1x1_intrawave_v2,128,16,128,2,16,16,32,0,2940.85,94.1305501312037,"[{""kernelId"": 54, ""latency_cycles"": 2940.85, ""kernelName"": ""a8w8_rowwise_128x128x16x128_16x16_4x1_8x16x1_8x16x1_1x16x1x8_2x2x1_1x1_intrawave_v2""}, {""kernelId"": 63, ""latency_cycles"": 2940.85, ""kernelName"": ""a8w8_rowwise_128x16x128x128_16x16_1x4_8x16x1_8x16x1_1x16x1x8_4x4x1_1x1_interwave_v2""}, {""kernelId"": 73, ""latency_cycles"": 2940.85, ""kernelName"": ""a8w8_rowwise_128x128x16x128_16x16_4x1_8x16x1_8x16x1_1x16x1x8_2x2x1_1x1_interwave_v2""}, {""kernelId"": 82, ""latency_cycles"": 2940.85, ""kernelName"": ""a8w8_rowwise_128x16x128x128_16x16_1x4_8x16x1_8x16x1_1x16x1x8_4x4x1_1x1_interwave_v2""}, {""kernelId"": 56, ""latency_cycles"": 3542.29, ""kernelName"": ""a8w8_rowwise_128x64x16x128_16x16_2x1_8x16x1_8x16x1_1x16x1x8_2x2x1_1x1_intrawave_v2""}]",
a8w8,gfx950,80,384,2048,torch.int8,True,device:0,256,aiter,34,a8w8_rowwise_256x16x64x512_16x16_1x1_32x8x1_32x8x1_1x16x1x16_4x4x1_1x1_intrawave_v3,16,64,512,2,16,16,32,0,8225.3,33.65520121720696,"[{""kernelId"": 34, ""latency_cycles"": 8225.3, ""kernelName"": ""a8w8_rowwise_256x16x64x512_16x16_1x1_32x8x1_32x8x1_1x16x1x16_4x4x1_1x1_intrawave_v3""}, {""kernelId"": 49, ""latency_cycles"": 10421.96, ""kernelName"": ""a8w8_rowwise_64x16x16x128_16x16_1x1_8x8x1_8x8x1_1x16x1x4_4x4x1_1x1_intrawave_v1""}, {""kernelId"": 59, ""latency_cycles"": 10421.96, ""kernelName"": ""a8w8_rowwise_64x16x16x128_16x16_1x1_8x8x1_8x8x1_1x16x1x4_4x4x1_1x1_intrawave_v2""}, {""kernelId"": 68, ""latency_cycles"": 10421.96, ""kernelName"": ""a8w8_rowwise_64x16x16x128_16x16_1x1_8x8x1_8x8x1_1x16x1x4_4x4x1_1x1_interwave_v1""}, {""kernelId"": 78, ""latency_cycles"": 10421.96, ""kernelName"": ""a8w8_rowwise_64x16x16x128_16x16_1x1_8x8x1_8x8x1_1x16x1x4_4x4x1_1x1_interwave_v2""}]",
a8w8,gfx950,2,768,256,torch.int8,True,device:0,256,aiter,58,a8w8_rowwise_64x16x16x64_16x16_1x1_4x16x1_4x16x1_1x16x1x4_4x4x1_1x1_intrawave_v2,16,16,64,2,16,16,32,0,11920.28,0.14514349147213215,"[{""kernelId"": 58, ""latency_cycles"": 11920.28, ""kernelName"": ""a8w8_rowwise_64x16x16x64_16x16_1x1_4x16x1_4x16x1_1x16x1x4_4x4x1_1x1_intrawave_v2""}, {""kernelId"": 77, ""latency_cycles"": 11920.28, ""kernelName"": ""a8w8_rowwise_64x16x16x64_16x16_1x1_4x16x1_4x16x1_1x16x1x4_4x4x1_1x1_interwave_v2""}, {""kernelId"": 36, ""latency_cycles"": 895236.34, ""kernelName"": ""a8w8_rowwise_256x128x128x64_32x32_2x2_4x64x1_4x64x1_1x32x1x8_8x8x1_1x1_intrawave_v4""}, {""kernelId"": 38, ""latency_cycles"": 1242283.92, ""kernelName"": ""a8w8_rowwise_256x256x256x64_16x16_8x8_4x64x1_4x64x1_1x32x1x8_8x8x1_1x2_intrawave_v3""}, {""kernelId"": 42, ""latency_cycles"": 1739450.65, ""kernelName"": ""a8w8_rowwise_256x128x256x64_32x32_2x4_4x64x1_4x64x1_1x32x1x8_8x8x1_1x1_interwave_v1""}]",
a8w8,gfx950,10,768,256,torch.float8_e4m3fn,True,device:0,256,aiter,58,a8w8_rowwise_64x16x16x64_16x16_1x1_4x16x1_4x16x1_1x16x1x4_4x4x1_1x1_intrawave_v2,16,16,64,2,16,16,128,0,3682.94,2.3488707380270033,"[{""kernelId"": 58, ""latency_cycles"": 3682.94, ""kernelName"": ""a8w8_rowwise_64x16x16x64_16x16_1x1_4x16x1_4x16x1_1x16x1x4_4x4x1_1x1_intrawave_v2""}, {""kernelId"": 77, ""latency_cycles"": 3682.94, ""kernelName"": ""a8w8_rowwise_64x16x16x64_16x16_1x1_4x16x1_4x16x1_1x16x1x4_4x4x1_1x1_interwave_v2""}, {""kernelId"": 36, ""latency_cycles"": 64302.01, ""kernelName"": ""a8w8_rowwise_256x128x128x64_32x32_2x2_4x64x1_4x64x1_1x32x1x8_8x8x1_1x1_intrawave_v4""}, {""kernelId"": 42, ""latency_cycles"": 96267.4, ""kernelName"": ""a8w8_rowwise_256x128x256x64_32x32_2x4_4x64x1_4x64x1_1x32x1x8_8x8x1_1x1_interwave_v1""}, {""kernelId"": 43, ""latency_cycles"": 188201.19, ""kernelName"": ""a8w8_rowwise_256x256x128x64_32x32_4x2_4x64x1_4x64x1_1x32x1x8_8x8x1_1x1_interwave_v1""}]",
a8w8,gfx950,8,768,896,torch.int8,True,device:0,256,aiter,58,a8w8_rowwise_64x16x16x64_16x16_1x1_4x16x1_4x16x1_1x16x1x4_4x4x1_1x1_intrawave_v2,16,16,64,2,16,16,32,0,15030.67,1.6115123992282487,"[{""kernelId"": 58, ""latency_cycles"": 15030.67, ""kernelName"": ""a8w8_rowwise_64x16x16x64_16x16_1x1_4x16x1_4x16x1_1x16x1x4_4x4x1_1x1_intrawave_v2""}, {""kernelId"": 77, ""latency_cycles"": 15030.67, ""kernelName"": ""a8w8_rowwise_64x16x16x64_16x16_1x1_4x16x1_4x16x1_1x16x1x4_4x4x1_1x1_interwave_v2""}, {""kernelId"": 36, ""latency_cycles"": 891751.96, ""kernelName"": ""a8w8_rowwise_256x128x128x64_32x32_2x2_4x64x1_4x64x1_1x32x1x8_8x8x1_1x1_intrawave_v4""}, {""kernelId"": 38, ""latency_cycles"": 1020157.48, ""kernelName"": ""a8w8_rowwise_256x256x256x64_16x16_8x8_4x64x1_4x64x1_1x32x1x8_8x8x1_1x2_intrawave_v3""}, {""kernelId"": 42, ""latency_cycles"": 1764553.76, ""kernelName"": ""a8w8_rowwise_256x128x256x64_32x32_2x4_4x64x1_4x64x1_1x32x1x8_8x8x1_1x1_interwave_v1""}]",
a8w8,gfx950,5,768,6784,torch.int8,True,device:0,256,aiter,58,a8w8_rowwise_64x16x16x64_16x16_1x1_4x16x1_4x16x1_1x16x1x4_4x4x1_1x1_intrawave_v2,16,16,64,2,16,16,32,0,48794.97,2.349063022751278,"[{""kernelId"": 58, ""latency_cycles"": 48794.97, ""kernelName"": ""a8w8_rowwise_64x16x16x64_16x16_1x1_4x16x1_4x16x1_1x16x1x4_4x4x1_1x1_intrawave_v2""}, {""kernelId"": 77, ""latency_cycles"": 48794.97, ""kernelName"": ""a8w8_rowwise_64x16x16x64_16x16_1x1_4x16x1_4x16x1_1x16x1x4_4x4x1_1x1_interwave_v2""}, {""kernelId"": 36, ""latency_cycles"": 926657.43, ""kernelName"": ""a8w8_rowwise_256x128x128x64_32x32_2x2_4x64x1_4x64x1_1x32x1x8_8x8x1_1x1_intrawave_v4""}, {""kernelId"": 38, ""latency_cycles"": 1076085.64, ""kernelName"": ""a8w8_rowwise_256x256x256x64_16x16_8x8_4x64x1_4x64x1_1x32x1x8_8x8x1_1x2_intrawave_v3""}, {""kernelId"": 42, ""latency_cycles"": 1771036.01, ""kernelName"": ""a8w8_rowwise_256x128x256x64_32x32_2x4_4x64x1_4x64x1_1x32x1x8_8x8x1_1x1_interwave_v1""}]",
a8w8,gfx950,24576,768,6784,torch.int8,True,device:0,256,aiter,39,a8w8_rowwise_256x224x256x128_16x16_7x8_8x32x1_8x32x1_1x32x1x8_8x8x1_1x2_intrawave_v3,224,256,128,2,16,16,32,0,496443.7,1134.8564473489823,"[{""kernelId"": 39, ""latency_cycles"": 496443.7, ""kernelName"": ""a8w8_rowwise_256x224x256x128_16x16_7x8_8x32x1_8x32x1_1x32x1x8_8x8x1_1x2_intrawave_v3""}, {""kernelId"": 37, ""latency_cycles"": 544235.26, ""kernelName"": ""a8w8_rowwise_256x256x256x128_16x16_8x8_8x32x1_8x32x1_1x32x1x8_8x8x1_1x2_intrawave_v3""}, {""kernelId"": 40, ""latency_cycles"": 546114.68, ""kernelName"": ""a8w8_rowwise_256x256x224x128_16x16_8x7_8x32x1_8x32x1_1x64x1x4_8x8x1_2x1_intrawave_v3""}, {""kernelId"": 20, ""latency_cycles"": 607295.74, ""kernelName"": ""a8w8_rowwise_256x64x160x256_16x16_2x5_16x16x1_16x16x1_1x64x1x4_8x8x1_2x1_intrawave_v3""}, {""kernelId"": 38, ""latency_cycles"": 619803.5, ""kernelName"": ""a8w8_rowwise_256x256x256x64_16x16_8x8_4x64x1_4x64x1_1x32x1x8_8x8x1_1x2_intrawave_v3""}]",
a8w8,gfx950,7,768,19968,torch.int8,True,device:0,256,aiter,58,a8w8_rowwise_64x16x16x64_16x16_1x1_4x16x1_4x16x1_1x16x1x4_4x4x1_1x1_intrawave_v2,16,16,64,2,16,16,32,0,95671.69,4.936999155722347,"[{""kernelId"": 58, ""latency_cycles"": 95671.69, ""kernelName"": ""a8w8_rowwise_64x16x16x64_16x16_1x1_4x16x1_4x16x1_1x16x1x4_4x4x1_1x1_intrawave_v2""}, {""kernelId"": 77, ""latency_cycles"": 95671.69, ""kernelName"": ""a8w8_rowwise_64x16x16x64_16x16_1x1_4x16x1_4x16x1_1x16x1x4_4x4x1_1x1_interwave_v2""}, {""kernelId"": 36, ""latency_cycles"": 620475.01, ""kernelName"": ""a8w8_rowwise_256x128x128x64_32x32_2x2_4x64x1_4x64x1_1x32x1x8_8x8x1_1x1_intrawave_v4""}, {""kernelId"": 38, ""latency_cycles"": 803148.37, ""kernelName"": ""a8w8_rowwise_256x256x256x64_16x16_8x8_4x64x1_4x64x1_1x32x1x8_8x8x1_1x2_intrawave_v3""}, {""kernelId"": 42, ""latency_cycles"": 1132901.48, ""kernelName"": ""a8w8_rowwise_256x128x256x64_32x32_2x4_4x64x1_4x64x1_1x32x1x8_8x8x1_1x1_interwave_v1""}]",
a8w8,gfx950,17,768,19968,torch.int8,True,device:0,256,aiter,58,a8w8_rowwise_64x16x16x64_16x16_1x1_4x16x1_4x16x1_1x16x1x4_4x4x1_1x1_intrawave_v2,16,16,64,2,16,16,32,0,151596.26,7.566741687802128,"[{""kernelId"": 58, ""latency_cycles"": 151596.26, ""kernelName"": ""a8w8_rowwise_64x16x16x64_16x16_1x1_4x16x1_4x16x1_1x16x1x4_4x4x1_1x1_intrawave_v2""}, {""kernelId"": 77, ""latency_cycles"": 151596.26, ""kernelName"": ""a8w8_rowwise_64x16x16x64_16x16_1x1_4x16x1_4x16x1_1x16x1x4_4x4x1_1x1_interwave_v2""}, {""kernelId"": 36, ""latency_cycles"": 272868.52, ""kernelName"": ""a8w8_rowwise_256x128x128x64_32x32_2x2_4x64x1_4x64x1_1x32x1x8_8x8x1_1x1_intrawave_v4""}, {""kernelId"": 38, ""latency_cycles"": 350257.69, ""kernelName"": ""a8w8_rowwise_256x256x256x64_16x16_8x8_4x64x1_4x64x1_1x32x1x8_8x8x1_1x2_intrawave_v3""}, {""kernelId"": 42, ""latency_cycles"": 489300.12, ""kernelName"": ""a8w8_rowwise_256x128x256x64_32x32_2x4_4x64x1_4x64x1_1x32x1x8_8x8x1_1x1_interwave_v1""}]",
a8w8,gfx950,2560,768,19968,torch.int8,True,device:0,256,aiter,37,a8w8_rowwise_256x256x256x128_16x16_8x8_8x32x1_8x32x1_1x32x1x8_8x8x1_1x2_intrawave_v3,256,256,128,2,16,16,32,0,156612.62,1102.964824715818,"[{""kernelId"": 37, ""latency_cycles"": 156612.62, ""kernelName"": ""a8w8_rowwise_256x256x256x128_16x16_8x8_8x32x1_8x32x1_1x32x1x8_8x8x1_1x2_intrawave_v3""}, {""kernelId"": 39, ""latency_cycles"": 158582.95, ""kernelName"": ""a8w8_rowwise_256x224x256x128_16x16_7x8_8x32x1_8x32x1_1x32x1x8_8x8x1_1x2_intrawave_v3""}, {""kernelId"": 38, ""latency_cycles"": 166901.85, ""kernelName"": ""a8w8_rowwise_256x256x256x64_16x16_8x8_4x64x1_4x64x1_1x32x1x8_8x8x1_1x2_intrawave_v3""}, {""kernelId"": 40, ""latency_cycles"": 178079.37, ""kernelName"": ""a8w8_rowwise_256x256x224x128_16x16_8x7_8x32x1_8x32x1_1x64x1x4_8x8x1_2x1_intrawave_v3""}, {""kernelId"": 20, ""latency_cycles"": 199352.59, ""kernelName"": ""a8w8_rowwise_256x64x160x256_16x16_2x5_16x16x1_16x16x1_1x64x1x4_8x8x1_2x1_intrawave_v3""}]",
a8w8,gfx950,4,800,4096,torch.float8_e4m3fn,True,device:0,256,aiter,58,a8w8_rowwise_64x16x16x64_16x16_1x1_4x16x1_4x16x1_1x16x1x4_4x4x1_1x1_intrawave_v2,16,16,64,2,16,16,128,0,38061.23,1.5152343846826144,"[{""kernelId"": 58, ""latency_cycles"": 38061.23, ""kernelName"": ""a8w8_rowwise_64x16x16x64_16x16_1x1_4x16x1_4x16x1_1x16x1x4_4x4x1_1x1_intrawave_v2""}, {""kernelId"": 77, ""latency_cycles"": 38061.23, ""kernelName"": ""a8w8_rowwise_64x16x16x64_16x16_1x1_4x16x1_4x16x1_1x16x1x4_4x4x1_1x1_interwave_v2""}, {""kernelId"": 36, ""latency_cycles"": 345475.84, ""kernelName"": ""a8w8_rowwise_256x128x128x64_32x32_2x2_4x64x1_4x64x1_1x32x1x8_8x8x1_1x1_intrawave_v4""}, {""kernelId"": 42, ""latency_cycles"": 580253.76, ""kernelName"": ""a8w8_rowwise_256x128x256x64_32x32_2x4_4x64x1_4x64x1_1x32x1x8_8x8x1_1x1_interwave_v1""}, {""kernelId"": 43, ""latency_cycles"": 1002654.93, ""kernelName"": ""a8w8_rowwise_256x256x128x64_32x32_4x2_4x64x1_4x64x1_1x32x1x8_8x8x1_1x1_interwave_v1""}]",
a8w8,gfx950,10,800,4096,torch.int8,True,device:0,256,aiter,58,a8w8_rowwise_64x16x16x64_16x16_1x1_4x16x1_4x16x1_1x16x1x4_4x4x1_1x1_intrawave_v2,16,16,64,2,16,16,32,0,26450.52,5.450902475740261,"[{""kernelId"": 58, ""latency_cycles"": 26450.52, ""kernelName"": ""a8w8_rowwise_64x16x16x64_16x16_1x1_4x16x1_4x16x1_1x16x1x4_4x4x1_1x1_intrawave_v2""}, {""kernelId"": 77, ""latency_cycles"": 26450.52, ""kernelName"": ""a8w8_rowwise_64x16x16x64_16x16_1x1_4x16x1_4x16x1_1x16x1x4_4x4x1_1x1_interwave_v2""}, {""kernelId"": 36, ""latency_cycles"": 458340.66, ""kernelName"": ""a8w8_rowwise_256x128x128x64_32x32_2x2_4x64x1_4x64x1_1x32x1x8_8x8x1_1x1_intrawave_v4""}, {""kernelId"": 38, ""latency_cycles"": 627478.74, ""kernelName"": ""a8w8_rowwise_256x256x256x64_16x16_8x8_4x64x1_4x64x1_1x32x1x8_8x8x1_1x2_intrawave_v3""}, {""kernelId"": 42, ""latency_cycles"": 1011170.31, ""kernelName"": ""a8w8_rowwise_256x128x256x64_32x32_2x4_4x64x1_4x64x1_1x32x1x8_8x8x1_1x1_interwave_v1""}]",
a8w8,gfx950,11,800,4096,torch.float8_e4m3fn,True,device:0,256,aiter,58,a8w8_rowwise_64x16x16x64_16x16_1x1_4x16x1_4x16x1_1x16x1x4_4x4x1_1x1_intrawave_v2,16,16,64,2,16,16,128,0,25754.92,6.157935028074569,"[{""kernelId"": 58, ""latency_cycles"": 25754.92, ""kernelName"": ""a8w8_rowwise_64x16x16x64_16x16_1x1_4x16x1_4x16x1_1x16x1x4_4x4x1_1x1_intrawave_v2""}, {""kernelId"": 77, ""latency_cycles"": 25754.92, ""kernelName"": ""a8w8_rowwise_64x16x16x64_16x16_1x1_4x16x1_4x16x1_1x16x1x4_4x4x1_1x1_interwave_v2""}, {""kernelId"": 36, ""latency_cycles"": 137041.19, ""kernelName"": ""a8w8_rowwise_256x128x128x64_32x32_2x2_4x64x1_4x64x1_1x32x1x8_8x8x1_1x1_intrawave_v4""}, {""kernelId"": 42, ""latency_cycles"": 223488.33, ""kernelName"": ""a8w8_rowwise_256x128x256x64_32x32_2x4_4x64x1_4x64x1_1x32x1x8_8x8x1_1x1_interwave_v1""}, {""kernelId"": 43, ""latency_cycles"": 377027.38, ""kernelName"": ""a8w8_rowwise_256x256x128x64_32x32_4x2_4x64x1_4x64x1_1x32x1x8_8x8x1_1x1_interwave_v1""}]",
a8w8,gfx950,17,800,4096,torch.float8_e4m3fn,True,device:0,256,aiter,58,a8w8_rowwise_64x16x16x64_16x16_1x1_4x16x1_4x16x1_1x16x1x4_4x4x1_1x1_intrawave_v2,16,16,64,2,16,16,128,0,35105.25,6.98199466725952,"[{""kernelId"": 58, ""latency_cycles"": 35105.25, ""kernelName"": ""a8w8_rowwise_64x16x16x64_16x16_1x1_4x16x1_4x16x1_1x16x1x4_4x4x1_1x1_intrawave_v2""}, {""kernelId"": 77, ""latency_cycles"": 35105.25, ""kernelName"": ""a8w8_rowwise_64x16x16x64_16x16_1x1_4x16x1_4x16x1_1x16x1x4_4x4x1_1x1_interwave_v2""}, {""kernelId"": 36, ""latency_cycles"": 95212.82, ""kernelName"": ""a8w8_rowwise_256x128x128x64_32x32_2x2_4x64x1_4x64x1_1x32x1x8_8x8x1_1x1_intrawave_v4""}, {""kernelId"": 42, ""latency_cycles"": 151996.12, ""kernelName"": ""a8w8_rowwise_256x128x256x64_32x32_2x4_4x64x1_4x64x1_1x32x1x8_8x8x1_1x1_interwave_v1""}, {""kernelId"": 43, ""latency_cycles"": 250873.89, ""kernelName"": ""a8w8_rowwise_256x256x128x64_32x32_4x2_4x64x1_4x64x1_1x32x1x8_8x8x1_1x1_interwave_v1""}]",
a8w8,gfx950,16384,800,5120,torch.float8_e4m3fn,True,device:0,256,aiter,2,a8w8_rowwise_256x256x224x128_32x32_2x7_8x32x1_8x32x1_1x64x1x4_8x8x1_2x1_intrawave_v3,256,224,128,2,32,32,64,0,133758.3,2207.556469872391,"[{""kernelId"": 2, ""latency_cycles"": 133758.3, ""kernelName"": ""a8w8_rowwise_256x256x224x128_32x32_2x7_8x32x1_8x32x1_1x64x1x4_8x8x1_2x1_intrawave_v3""}, {""kernelId"": 40, ""latency_cycles"": 136056.54, ""kernelName"": ""a8w8_rowwise_256x256x224x128_16x16_8x7_8x32x1_8x32x1_1x64x1x4_8x8x1_2x1_intrawave_v3""}, {""kernelId"": 1, ""latency_cycles"": 157102.33, ""kernelName"": ""a8w8_rowwise_256x256x256x128_32x32_4x4_8x32x1_8x32x1_1x32x1x8_8x8x1_1x1_intrawave_v3""}, {""kernelId"": 37, ""latency_cycles"": 159728.89, ""kernelName"": ""a8w8_rowwise_256x256x256x128_16x16_8x8_8x32x1_8x32x1_1x32x1x8_8x8x1_1x2_intrawave_v3""}, {""kernelId"": 9, ""latency_cycles"": 194923.16, ""kernelName"": ""a8w8_rowwise_256x128x224x128_32x32_1x7_8x32x1_8x32x1_1x64x1x4_8x8x1_1x1_intrawave_v3""}]",
a8w8,gfx950,7,800,25600,torch.int8,True,device:0,256,aiter,58,a8w8_rowwise_64x16x16x64_16x16_1x1_4x16x1_4x16x1_1x16x1x4_4x4x1_1x1_intrawave_v2,16,16,64,2,16,16,32,0,119150.23,5.294022348457655,"[{""kernelId"": 58, ""latency_cycles"": 119150.23, ""kernelName"": ""a8w8_rowwise_64x16x16x64_16x16_1x1_4x16x1_4x16x1_1x16x1x4_4x4x1_1x1_intrawave_v2""}, {""kernelId"": 77, ""latency_cycles"": 119150.23, ""kernelName"": ""a8w8_rowwise_64x16x16x64_16x16_1x1_4x16x1_4x16x1_1x16x1x4_4x4x1_1x1_interwave_v2""}, {""kernelId"": 36, ""latency_cycles"": 1021078.03, ""kernelName"": ""a8w8_rowwise_256x128x128x64_32x32_2x2_4x64x1_4x64x1_1x32x1x8_8x8x1_1x1_intrawave_v4""}, {""kernelId"": 38, ""latency_cycles"": 1360917.68, ""kernelName"": ""a8w8_rowwise_256x256x256x64_16x16_8x8_4x64x1_4x64x1_1x32x1x8_8x8x1_1x2_intrawave_v3""}, {""kernelId"": 42, ""latency_cycles"": 1462097.36, ""kernelName"": ""a8w8_rowwise_256x128x256x64_32x32_2x4_4x64x1_4x64x1_1x32x1x8_8x8x1_1x1_interwave_v1""}]",
a8w8,gfx950,15,1024,768,torch.int8,True,device:0,256,aiter,58,a8w8_rowwise_64x16x16x64_16x16_1x1_4x16x1_4x16x1_1x16x1x4_4x4x1_1x1_intrawave_v2,16,16,64,2,16,16,32,0,9582.26,5.4167276472626185,"[{""kernelId"": 58, ""latency_cycles"": 9582.26, ""kernelName"": ""a8w8_rowwise_64x16x16x64_16x16_1x1_4x16x1_4x16x1_1x16x1x4_4x4x1_1x1_intrawave_v2""}, {""kernelId"": 77, ""latency_cycles"": 9582.26, ""kernelName"": ""a8w8_rowwise_64x16x16x64_16x16_1x1_4x16x1_4x16x1_1x16x1x4_4x4x1_1x1_interwave_v2""}, {""kernelId"": 36, ""latency_cycles"": 412010.92, ""kernelName"": ""a8w8_rowwise_256x128x128x64_32x32_2x2_4x64x1_4x64x1_1x32x1x8_8x8x1_1x1_intrawave_v4""}, {""kernelId"": 38, ""latency_cycles"": 477887.51, ""kernelName"": ""a8w8_rowwise_256x256x256x64_16x16_8x8_4x64x1_4x64x1_1x32x1x8_8x8x1_1x2_intrawave_v3""}, {""kernelId"": 42, ""latency_cycles"": 811785.61, ""kernelName"": ""a8w8_rowwise_256x128x256x64_32x32_2x4_4x64x1_4x64x1_1x32x1x8_8x8x1_1x1_interwave_v1""}]",
a8w8,gfx950,640,1024,3584,torch.float8_e4m3fn,True,device:0,256,aiter,23,a8w8_rowwise_256x64x64x512_32x32_1x1_32x8x1_32x8x1_1x32x1x8_8x8x1_1x1_intrawave_v3,64,64,512,2,32,32,64,0,21104.48,489.6954201199956,"[{""kernelId"": 23, ""latency_cycles"": 21104.48, ""kernelName"": ""a8w8_rowwise_256x64x64x512_32x32_1x1_32x8x1_32x8x1_1x32x1x8_8x8x1_1x1_intrawave_v3""}, {""kernelId"": 29, ""latency_cycles"": 24031.75, ""kernelName"": ""a8w8_rowwise_256x32x96x256_16x16_1x3_16x16x1_16x16x1_1x32x1x8_4x4x1_1x1_intrawave_v3""}, {""kernelId"": 28, ""latency_cycles"": 27571.59, ""kernelName"": ""a8w8_rowwise_256x32x128x256_32x32_1x1_16x16x1_16x16x1_1x32x1x8_8x8x1_1x1_intrawave_v3""}, {""kernelId"": 22, ""latency_cycles"": 29000.57, ""kernelName"": ""a8w8_rowwise_256x64x96x256_16x16_2x3_16x16x1_16x16x1_1x64x1x4_8x8x1_2x1_intrawave_v3""}, {""kernelId"": 47, ""latency_cycles"": 30182.82, ""kernelName"": ""a8w8_rowwise_256x64x64x128_32x32_1x1_8x32x1_8x32x1_1x32x1x8_8x8x1_1x1_intrawave_v3""}]",
a8w8,gfx950,24,1024,8192,torch.float8_e4m3fn,True,device:0,256,aiter,58,a8w8_rowwise_64x16x16x64_16x16_1x1_4x16x1_4x16x1_1x16x1x4_4x4x1_1x1_intrawave_v2,16,16,64,2,16,16,128,0,57488.28,15.409000714899914,"[{""kernelId"": 58, ""latency_cycles"": 57488.28, ""kernelName"": ""a8w8_rowwise_64x16x16x64_16x16_1x1_4x16x1_4x16x1_1x16x1x4_4x4x1_1x1_intrawave_v2""}, {""kernelId"": 77, ""latency_cycles"": 57488.28, ""kernelName"": ""a8w8_rowwise_64x16x16x64_16x16_1x1_4x16x1_4x16x1_1x16x1x4_4x4x1_1x1_interwave_v2""}, {""kernelId"": 36, ""latency_cycles"": 70169.88, ""kernelName"": ""a8w8_rowwise_256x128x128x64_32x32_2x2_4x64x1_4x64x1_1x32x1x8_8x8x1_1x1_intrawave_v4""}, {""kernelId"": 42, ""latency_cycles"": 94683.27, ""kernelName"": ""a8w8_rowwise_256x128x256x64_32x32_2x4_4x64x1_4x64x1_1x32x1x8_8x8x1_1x1_interwave_v1""}, {""kernelId"": 43, ""latency_cycles"": 166758.28, ""kernelName"": ""a8w8_rowwise_256x256x128x64_32x32_4x2_4x64x1_4x64x1_1x32x1x8_8x8x1_1x1_interwave_v1""}]",
a8w8,gfx950,14,1280,3200,torch.int8,True,device:0,256,aiter,58,a8w8_rowwise_64x16x16x64_16x16_1x1_4x16x1_4x16x1_1x16x1x4_4x4x1_1x1_intrawave_v2,16,16,64,2,16,16,32,0,24752.0,10.193663417290095,"[{""kernelId"": 58, ""latency_cycles"": 24752.0, ""kernelName"": ""a8w8_rowwise_64x16x16x64_16x16_1x1_4x16x1_4x16x1_1x16x1x4_4x4x1_1x1_intrawave_v2""}, {""kernelId"": 77, ""latency_cycles"": 24752.0, ""kernelName"": ""a8w8_rowwise_64x16x16x64_16x16_1x1_4x16x1_4x16x1_1x16x1x4_4x4x1_1x1_interwave_v2""}, {""kernelId"": 36, ""latency_cycles"": 355329.44, ""kernelName"": ""a8w8_rowwise_256x128x128x64_32x32_2x2_4x64x1_4x64x1_1x32x1x8_8x8x1_1x1_intrawave_v4""}, {""kernelId"": 38, ""latency_cycles"": 407348.17, ""kernelName"": ""a8w8_rowwise_256x256x256x64_16x16_8x8_4x64x1_4x64x1_1x32x1x8_8x8x1_1x2_intrawave_v3""}, {""kernelId"": 42, ""latency_cycles"": 659109.35, ""kernelName"": ""a8w8_rowwise_256x128x256x64_32x32_2x4_4x64x1_4x64x1_1x32x1x8_8x8x1_1x1_interwave_v1""}]",
a8w8,gfx950,3072,1280,8192,torch.int8,True,device:0,256,aiter,37,a8w8_rowwise_256x256x256x128_16x16_8x8_8x32x1_8x32x1_1x32x1x8_8x8x1_1x2_intrawave_v3,256,256,128,2,16,16,32,0,141156.91,1004.0877136956597,"[{""kernelId"": 37, ""latency_cycles"": 141156.91, ""kernelName"": ""a8w8_rowwise_256x256x256x128_16x16_8x8_8x32x1_8x32x1_1x32x1x8_8x8x1_1x2_intrawave_v3""}, {""kernelId"": 20, ""latency_cycles"": 165674.9, ""kernelName"": ""a8w8_rowwise_256x64x160x256_16x16_2x5_16x16x1_16x16x1_1x64x1x4_8x8x1_2x1_intrawave_v3""}, {""kernelId"": 38, ""latency_cycles"": 188254.67, ""kernelName"": ""a8w8_rowwise_256x256x256x64_16x16_8x8_4x64x1_4x64x1_1x32x1x8_8x8x1_1x2_intrawave_v3""}, {""kernelId"": 22, ""latency_cycles"": 195367.76, ""kernelName"": ""a8w8_rowwise_256x64x96x256_16x16_2x3_16x16x1_16x16x1_1x64x1x4_8x8x1_2x1_intrawave_v3""}, {""kernelId"": 27, ""latency_cycles"": 213362.8, ""kernelName"": ""a8w8_rowwise_256x32x160x256_16x16_1x5_16x16x1_16x16x1_1x32x1x8_4x4x1_1x1_intrawave_v3""}]",
a8w8,gfx950,11,1280,13312,torch.int8,True,device:0,256,aiter,58,a8w8_rowwise_64x16x16x64_16x16_1x1_4x16x1_4x16x1_1x16x1x4_4x4x1_1x1_intrawave_v2,16,16,64,2,16,16,32,0,80727.56,10.215903859393222,"[{""kernelId"": 58, ""latency_cycles"": 80727.56, ""kernelName"": ""a8w8_rowwise_64x16x16x64_16x16_1x1_4x16x1_4x16x1_1x16x1x4_4x4x1_1x1_intrawave_v2""}, {""kernelId"": 77, ""latency_cycles"": 80727.56, ""kernelName"": ""a8w8_rowwise_64x16x16x64_16x16_1x1_4x16x1_4x16x1_1x16x1x4_4x4x1_1x1_interwave_v2""}, {""kernelId"": 36, ""latency_cycles"": 427897.91, ""kernelName"": ""a8w8_rowwise_256x128x128x64_32x32_2x2_4x64x1_4x64x1_1x32x1x8_8x8x1_1x1_intrawave_v4""}, {""kernelId"": 38, ""latency_cycles"": 538900.99, ""kernelName"": ""a8w8_rowwise_256x256x256x64_16x16_8x8_4x64x1_4x64x1_1x32x1x8_8x8x1_1x2_intrawave_v3""}, {""kernelId"": 42, ""latency_cycles"": 734973.5, ""kernelName"": ""a8w8_rowwise_256x128x256x64_32x32_2x4_4x64x1_4x64x1_1x32x1x8_8x8x1_1x1_interwave_v1""}]",
a8w8,gfx950,2560,1792,640,torch.int8,True,device:0,256,aiter,17,a8w8_rowwise_256x64x224x128_16x16_2x7_8x32x1_8x32x1_1x64x1x4_8x8x1_2x1_intrawave_v3,64,224,128,2,16,16,32,0,30285.0,426.5628437147567,"[{""kernelId"": 17, ""latency_cycles"": 30285.0, ""kernelName"": ""a8w8_rowwise_256x64x224x128_16x16_2x7_8x32x1_8x32x1_1x64x1x4_8x8x1_2x1_intrawave_v3""}, {""kernelId"": 40, ""latency_cycles"": 39940.82, ""kernelName"": ""a8w8_rowwise_256x256x224x128_16x16_8x7_8x32x1_8x32x1_1x64x1x4_8x8x1_2x1_intrawave_v3""}, {""kernelId"": 39, ""latency_cycles"": 42575.78, ""kernelName"": ""a8w8_rowwise_256x224x256x128_16x16_7x8_8x32x1_8x32x1_1x32x1x8_8x8x1_1x2_intrawave_v3""}, {""kernelId"": 37, ""latency_cycles"": 44801.9, ""kernelName"": ""a8w8_rowwise_256x256x256x128_16x16_8x8_8x32x1_8x32x1_1x32x1x8_8x8x1_1x2_intrawave_v3""}, {""kernelId"": 38, ""latency_cycles"": 46567.22, ""kernelName"": ""a8w8_rowwise_256x256x256x64_16x16_8x8_4x64x1_4x64x1_1x32x1x8_8x8x1_1x2_intrawave_v3""}]",
a8w8,gfx950,3072,1792,7424,torch.int8,True,device:0,256,aiter,17,a8w8_rowwise_256x64x224x128_16x16_2x7_8x32x1_8x32x1_1x64x1x4_8x8x1_2x1_intrawave_v3,64,224,128,2,16,16,32,0,212740.96,845.2763931595334,"[{""kernelId"": 17, ""latency_cycles"": 212740.96, ""kernelName"": ""a8w8_rowwise_256x64x224x128_16x16_2x7_8x32x1_8x32x1_1x64x1x4_8x8x1_2x1_intrawave_v3""}, {""kernelId"": 40, ""latency_cycles"": 223405.76, ""kernelName"": ""a8w8_rowwise_256x256x224x128_16x16_8x7_8x32x1_8x32x1_1x64x1x4_8x8x1_2x1_intrawave_v3""}, {""kernelId"": 39, ""latency_cycles"": 226423.69, ""kernelName"": ""a8w8_rowwise_256x224x256x128_16x16_7x8_8x32x1_8x32x1_1x32x1x8_8x8x1_1x2_intrawave_v3""}, {""kernelId"": 22, ""latency_cycles"": 232271.08, ""kernelName"": ""a8w8_rowwise_256x64x96x256_16x16_2x3_16x16x1_16x16x1_1x64x1x4_8x8x1_2x1_intrawave_v3""}, {""kernelId"": 20, ""latency_cycles"": 238864.14, ""kernelName"": ""a8w8_rowwise_256x64x160x256_16x16_2x5_16x16x1_16x16x1_1x64x1x4_8x8x1_2x1_intrawave_v3""}]",
a8w8,gfx950,9,1920,6784,torch.float8_e4m3fn,True,device:0,256,aiter,58,a8w8_rowwise_64x16x16x64_16x16_1x1_4x16x1_4x16x1_1x16x1x4_4x4x1_1x1_intrawave_v2,16,16,64,2,16,16,128,0,65007.08,7.934537555251837,"[{""kernelId"": 58, ""latency_cycles"": 65007.08, ""kernelName"": ""a8w8_rowwise_64x16x16x64_16x16_1x1_4x16x1_4x16x1_1x16x1x4_4x4x1_1x1_intrawave_v2""}, {""kernelId"": 77, ""latency_cycles"": 65007.08, ""kernelName"": ""a8w8_rowwise_64x16x16x64_16x16_1x1_4x16x1_4x16x1_1x16x1x4_4x4x1_1x1_interwave_v2""}, {""kernelId"": 36, ""latency_cycles"": 164344.38, ""kernelName"": ""a8w8_rowwise_256x128x128x64_32x32_2x2_4x64x1_4x64x1_1x32x1x8_8x8x1_1x1_intrawave_v4""}, {""kernelId"": 42, ""latency_cycles"": 415272.57, ""kernelName"": ""a8w8_rowwise_256x128x256x64_32x32_2x4_4x64x1_4x64x1_1x32x1x8_8x8x1_1x1_interwave_v1""}, {""kernelId"": 43, ""latency_cycles"": 456301.7, ""kernelName"": ""a8w8_rowwise_256x256x128x64_32x32_4x2_4x64x1_4x64x1_1x32x1x8_8x8x1_1x1_interwave_v1""}]",
a8w8,gfx950,16,1920,6784,torch.int8,True,device:0,256,aiter,58,a8w8_rowwise_64x16x16x64_16x16_1x1_4x16x1_4x16x1_1x16x1x4_4x4x1_1x1_intrawave_v2,16,16,64,2,16,16,32,0,50361.4,18.20798685383137,"[{""kernelId"": 58, ""latency_cycles"": 50361.4, ""kernelName"": ""a8w8_rowwise_64x16x16x64_16x16_1x1_4x16x1_4x16x1_1x16x1x4_4x4x1_1x1_intrawave_v2""}, {""kernelId"": 77, ""latency_cycles"": 50361.4, ""kernelName"": ""a8w8_rowwise_64x16x16x64_16x16_1x1_4x16x1_4x16x1_1x16x1x4_4x4x1_1x1_interwave_v2""}, {""kernelId"": 36, ""latency_cycles"": 301208.6, ""kernelName"": ""a8w8_rowwise_256x128x128x64_32x32_2x2_4x64x1_4x64x1_1x32x1x8_8x8x1_1x1_intrawave_v4""}, {""kernelId"": 38, ""latency_cycles"": 621638.32, ""kernelName"": ""a8w8_rowwise_256x256x256x64_16x16_8x8_4x64x1_4x64x1_1x32x1x8_8x8x1_1x2_intrawave_v3""}, {""kernelId"": 42, ""latency_cycles"": 630083.42, ""kernelName"": ""a8w8_rowwise_256x128x256x64_32x32_2x4_4x64x1_4x64x1_1x32x1x8_8x8x1_1x1_interwave_v1""}]",
a8w8,gfx950,2560,2304,128,torch.int8,True,device:0,256,aiter,17,a8w8_rowwise_256x64x224x128_16x16_2x7_8x32x1_8x32x1_1x64x1x4_8x8x1_2x1_intrawave_v3,64,224,128,2,16,16,32,0,20356.55,163.18521515963874,"[{""kernelId"": 17, ""latency_cycles"": 20356.55, ""kernelName"": ""a8w8_rowwise_256x64x224x128_16x16_2x7_8x32x1_8x32x1_1x64x1x4_8x8x1_2x1_intrawave_v3""}, {""kernelId"": 38, ""latency_cycles"": 25870.9, ""kernelName"": ""a8w8_rowwise_256x256x256x64_16x16_8x8_4x64x1_4x64x1_1x32x1x8_8x8x1_1x2_intrawave_v3""}, {""kernelId"": 40, ""latency_cycles"": 29027.85, ""kernelName"": ""a8w8_rowwise_256x256x224x128_16x16_8x7_8x32x1_8x32x1_1x64x1x4_8x8x1_2x1_intrawave_v3""}, {""kernelId"": 39, ""latency_cycles"": 30121.28, ""kernelName"": ""a8w8_rowwise_256x224x256x128_16x16_7x8_8x32x1_8x32x1_1x32x1x8_8x8x1_1x2_intrawave_v3""}, {""kernelId"": 31, ""latency_cycles"": 30614.9, ""kernelName"": ""a8w8_rowwise_256x16x256x128_16x16_1x4_16x16x1_8x32x1_1x16x1x16_8x8x1_1x2_intrawave_v3""}]",
a8w8,gfx950,1280,2304,3200,torch.int8,True,device:0,256,aiter,17,a8w8_rowwise_256x64x224x128_16x16_2x7_8x32x1_8x32x1_1x64x1x4_8x8x1_2x1_intrawave_v3,64,224,128,2,16,16,32,0,51656.99,803.8333222209957,"[{""kernelId"": 17, ""latency_cycles"": 51656.99, ""kernelName"": ""a8w8_rowwise_256x64x224x128_16x16_2x7_8x32x1_8x32x1_1x64x1x4_8x8x1_2x1_intrawave_v3""}, {""kernelId"": 22, ""latency_cycles"": 64739.23, ""kernelName"": ""a8w8_rowwise_256x64x96x256_16x16_2x3_16x16x1_16x16x1_1x64x1x4_8x8x1_2x1_intrawave_v3""}, {""kernelId"": 26, ""latency_cycles"": 79815.72, ""kernelName"": ""a8w8_rowwise_256x32x192x256_16x16_1x6_16x16x1_16x16x1_1x32x1x8_8x8x1_1x2_intrawave_v3""}, {""kernelId"": 20, ""latency_cycles"": 86711.71, ""kernelName"": ""a8w8_rowwise_256x64x160x256_16x16_2x5_16x16x1_16x16x1_1x64x1x4_8x8x1_2x1_intrawave_v3""}, {""kernelId"": 25, ""latency_cycles"": 92716.21, ""kernelName"": ""a8w8_rowwise_256x32x224x256_16x16_1x7_16x16x1_16x16x1_1x32x1x8_4x4x1_1x1_intrawave_v3""}]",
a8w8,gfx950,20,2304,16384,torch.float8_e4m3fn,True,device:0,256,aiter,36,a8w8_rowwise_256x128x128x64_32x32_2x2_4x64x1_4x64x1_1x32x1x8_8x8x1_1x1_intrawave_v4,128,128,64,2,32,32,64,0,164040.99,20.25035773095778,"[{""kernelId"": 36, ""latency_cycles"": 164040.99, ""kernelName"": ""a8w8_rowwise_256x128x128x64_32x32_2x2_4x64x1_4x64x1_1x32x1x8_8x8x1_1x1_intrawave_v4""}, {""kernelId"": 42, ""latency_cycles"": 185899.33, ""kernelName"": ""a8w8_rowwise_256x128x256x64_32x32_2x4_4x64x1_4x64x1_1x32x1x8_8x8x1_1x1_interwave_v1""}, {""kernelId"": 0, ""latency_cycles"": 381772.04, ""kernelName"": ""a8w8_rowwise_256x256x256x64_32x32_4x4_4x64x1_4x64x1_1x32x1x8_8x8x1_1x1_intrawave_v4""}, {""kernelId"": 38, ""latency_cycles"": 388970.76, ""kernelName"": ""a8w8_rowwise_256x256x256x64_16x16_8x8_4x64x1_4x64x1_1x32x1x8_8x8x1_1x2_intrawave_v3""}, {""kernelId"": 43, ""latency_cycles"": 430843.12, ""kernelName"": ""a8w8_rowwise_256x256x128x64_32x32_4x2_4x64x1_4x64x1_1x32x1x8_8x8x1_1x1_interwave_v1""}]",
a8w8,gfx950,300,2304,16384,torch.float8_e4m3fn,True,device:0,256,aiter,16,a8w8_rowwise_256x64x256x128_32x32_1x4_8x32x1_8x32x1_1x32x1x8_8x8x1_1x1_intrawave_v3,64,256,128,2,32,32,64,0,77067.52,646.554266993293,"[{""kernelId"": 16, ""latency_cycles"": 77067.52, ""kernelName"": ""a8w8_rowwise_256x64x256x128_32x32_1x4_8x32x1_8x32x1_1x32x1x8_8x8x1_1x1_intrawave_v3""}, {""kernelId"": 22, ""latency_cycles"": 77337.45, ""kernelName"": ""a8w8_rowwise_256x64x96x256_16x16_2x3_16x16x1_16x16x1_1x64x1x4_8x8x1_2x1_intrawave_v3""}, {""kernelId"": 12, ""latency_cycles"": 82700.21, ""kernelName"": ""a8w8_rowwise_256x128x128x256_32x32_2x2_16x16x1_16x16x1_1x32x1x8_8x8x1_1x1_intrawave_v3""}, {""kernelId"": 13, ""latency_cycles"": 83633.87, ""kernelName"": ""a8w8_rowwise_256x128x128x128_32x32_2x2_8x32x1_8x32x1_1x32x1x8_8x8x1_1x1_intrawave_v3""}, {""kernelId"": 35, ""latency_cycles"": 83633.87, ""kernelName"": ""a8w8_rowwise_256x128x128x128_32x32_2x2_8x32x1_8x32x1_1x32x1x8_8x8x1_1x1_intrawave_v4""}]",
a8w8,gfx950,3072,2304,16384,torch.int8,True,device:0,256,aiter,39,a8w8_rowwise_256x224x256x128_16x16_7x8_8x32x1_8x32x1_1x32x1x8_8x8x1_1x2_intrawave_v3,224,256,128,2,16,16,32,0,386062.88,1321.6554640183854,"[{""kernelId"": 39, ""latency_cycles"": 386062.88, ""kernelName"": ""a8w8_rowwise_256x224x256x128_16x16_7x8_8x32x1_8x32x1_1x32x1x8_8x8x1_1x2_intrawave_v3""}, {""kernelId"": 37, ""latency_cycles"": 419875.92, ""kernelName"": ""a8w8_rowwise_256x256x256x128_16x16_8x8_8x32x1_8x32x1_1x32x1x8_8x8x1_1x2_intrawave_v3""}, {""kernelId"": 38, ""latency_cycles"": 465675.2, ""kernelName"": ""a8w8_rowwise_256x256x256x64_16x16_8x8_4x64x1_4x64x1_1x32x1x8_8x8x1_1x2_intrawave_v3""}, {""kernelId"": 20, ""latency_cycles"": 494172.75, ""kernelName"": ""a8w8_rowwise_256x64x160x256_16x16_2x5_16x16x1_16x16x1_1x64x1x4_8x8x1_2x1_intrawave_v3""}, {""kernelId"": 40, ""latency_cycles"": 575661.81, ""kernelName"": ""a8w8_rowwise_256x256x224x128_16x16_8x7_8x32x1_8x32x1_1x64x1x4_8x8x1_2x1_intrawave_v3""}]",
a8w8,gfx950,512,2560,640,torch.float8_e4m3fn,True,device:0,256,aiter,45,a8w8_rowwise_256x128x64x128_32x32_2x1_8x32x1_8x32x1_1x32x1x8_8x8x1_1x1_intrawave_v3,128,64,128,2,32,32,64,0,8923.86,413.6087687184287,"[{""kernelId"": 45, ""latency_cycles"": 8923.86, ""kernelName"": ""a8w8_rowwise_256x128x64x128_32x32_2x1_8x32x1_8x32x1_1x32x1x8_8x8x1_1x1_intrawave_v3""}, {""kernelId"": 46, ""latency_cycles"": 8923.86, ""kernelName"": ""a8w8_rowwise_256x64x128x128_32x32_1x2_8x32x1_8x32x1_1x32x1x8_8x8x1_1x1_intrawave_v3""}, {""kernelId"": 24, ""latency_cycles"": 11132.35, ""kernelName"": ""a8w8_rowwise_256x32x256x128_32x32_1x2_8x32x1_8x32x1_1x32x1x8_8x8x1_1x1_intrawave_v3""}, {""kernelId"": 51, ""latency_cycles"": 11132.35, ""kernelName"": ""a8w8_rowwise_256x256x32x128_32x32_2x1_8x32x1_8x32x1_1x32x1x8_4x4x1_1x1_intrawave_v2""}, {""kernelId"": 66, ""latency_cycles"": 11132.35, ""kernelName"": ""a8w8_rowwise_256x32x256x128_32x32_1x2_8x32x1_8x32x1_1x16x1x16_8x8x1_1x1_intrawave_v2""}]",
a8w8,gfx950,7,2560,8192,torch.float8_e4m3fn,True,device:0,256,aiter,58,a8w8_rowwise_64x16x16x64_16x16_1x1_4x16x1_4x16x1_1x16x1x4_4x4x1_1x1_intrawave_v2,16,16,64,2,16,16,128,0,159194.11,4.057454177004867,"[{""kernelId"": 58, ""latency_cycles"": 159194.11, ""kernelName"": ""a8w8_rowwise_64x16x16x64_16x16_1x1_4x16x1_4x16x1_1x16x1x4_4x4x1_1x1_intrawave_v2""}, {""kernelId"": 77, ""latency_cycles"": 159194.11, ""kernelName"": ""a8w8_rowwise_64x16x16x64_16x16_1x1_4x16x1_4x16x1_1x16x1x4_4x4x1_1x1_interwave_v2""}, {""kernelId"": 36, ""latency_cycles"": 246444.12, ""kernelName"": ""a8w8_rowwise_256x128x128x64_32x32_2x2_4x64x1_4x64x1_1x32x1x8_8x8x1_1x1_intrawave_v4""}, {""kernelId"": 42, ""latency_cycles"": 360699.66, ""kernelName"": ""a8w8_rowwise_256x128x256x64_32x32_2x4_4x64x1_4x64x1_1x32x1x8_8x8x1_1x1_interwave_v1""}, {""kernelId"": 43, ""latency_cycles"": 700956.53, ""kernelName"": ""a8w8_rowwise_256x256x128x64_32x32_4x2_4x64x1_4x64x1_1x32x1x8_8x8x1_1x1_interwave_v1""}]",
a8w8,gfx950,10,2560,8192,torch.float8_e4m3fn,True,device:0,256,aiter,58,a8w8_rowwise_64x16x16x64_16x16_1x1_4x16x1_4x16x1_1x16x1x4_4x4x1_1x1_intrawave_v2,16,16,64,2,16,16,128,0,130540.4,7.068669139485439,"[{""kernelId"": 58, ""latency_cycles"": 130540.4, ""kernelName"": ""a8w8_rowwise_64x16x16x64_16x16_1x1_4x16x1_4x16x1_1x16x1x4_4x4x1_1x1_intrawave_v2""}, {""kernelId"": 77, ""latency_cycles"": 130540.4, ""kernelName"": ""a8w8_rowwise_64x16x16x64_16x16_1x1_4x16x1_4x16x1_1x16x1x4_4x4x1_1x1_interwave_v2""}, {""kernelId"": 36, ""latency_cycles"": 178683.14, ""kernelName"": ""a8w8_rowwise_256x128x128x64_32x32_2x2_4x64x1_4x64x1_1x32x1x8_8x8x1_1x1_intrawave_v4""}, {""kernelId"": 42, ""latency_cycles"": 258909.46, ""kernelName"": ""a8w8_rowwise_256x128x256x64_32x32_2x4_4x64x1_4x64x1_1x32x1x8_8x8x1_1x1_interwave_v1""}, {""kernelId"": 43, ""latency_cycles"": 497119.07, ""kernelName"": ""a8w8_rowwise_256x256x128x64_32x32_4x2_4x64x1_4x64x1_1x32x1x8_8x8x1_1x1_interwave_v1""}]",
a8w8,gfx950,13,3584,8192,torch.int8,True,device:0,256,aiter,58,a8w8_rowwise_64x16x16x64_16x16_1x1_4x16x1_4x16x1_1x16x1x4_4x4x1_1x1_intrawave_v2,16,16,64,2,16,16,32,0,119222.46,14.08626676447431,"[{""kernelId"": 58, ""latency_cycles"": 119222.46, ""kernelName"": ""a8w8_rowwise_64x16x16x64_16x16_1x1_4x16x1_4x16x1_1x16x1x4_4x4x1_1x1_intrawave_v2""}, {""kernelId"": 77, ""latency_cycles"": 119222.46, ""kernelName"": ""a8w8_rowwise_64x16x16x64_16x16_1x1_4x16x1_4x16x1_1x16x1x4_4x4x1_1x1_interwave_v2""}, {""kernelId"": 38, ""latency_cycles"": 466131.41, ""kernelName"": ""a8w8_rowwise_256x256x256x64_16x16_8x8_4x64x1_4x64x1_1x32x1x8_8x8x1_1x2_intrawave_v3""}, {""kernelId"": 36, ""latency_cycles"": 615350.55, ""kernelName"": ""a8w8_rowwise_256x128x128x64_32x32_2x2_4x64x1_4x64x1_1x32x1x8_8x8x1_1x1_intrawave_v4""}, {""kernelId"": 42, ""latency_cycles"": 637078.36, ""kernelName"": ""a8w8_rowwise_256x128x256x64_32x32_2x4_4x64x1_4x64x1_1x32x1x8_8x8x1_1x1_interwave_v1""}]",
a8w8,gfx950,28,3584,8192,torch.int8,True,device:0,256,aiter,58,a8w8_rowwise_64x16x16x64_16x16_1x1_4x16x1_4x16x1_1x16x1x4_4x4x1_1x1_intrawave_v2,16,16,64,2,16,16,32,0,198326.8,18.238421463737314,"[{""kernelId"": 58, ""latency_cycles"": 198326.8, ""kernelName"": ""a8w8_rowwise_64x16x16x64_16x16_1x1_4x16x1_4x16x1_1x16x1x4_4x4x1_1x1_intrawave_v2""}, {""kernelId"": 77, ""latency_cycles"": 198326.8, ""kernelName"": ""a8w8_rowwise_64x16x16x64_16x16_1x1_4x16x1_4x16x1_1x16x1x4_4x4x1_1x1_interwave_v2""}, {""kernelId"": 38, ""latency_cycles"": 235588.47, ""kernelName"": ""a8w8_rowwise_256x256x256x64_16x16_8x8_4x64x1_4x64x1_1x32x1x8_8x8x1_1x2_intrawave_v3""}, {""kernelId"": 36, ""latency_cycles"": 302781.18, ""kernelName"": ""a8w8_rowwise_256x128x128x64_32x32_2x2_4x64x1_4x64x1_1x32x1x8_8x8x1_1x1_intrawave_v4""}, {""kernelId"": 42, ""latency_cycles"": 317456.01, ""kernelName"": ""a8w8_rowwise_256x128x256x64_32x32_2x4_4x64x1_4x64x1_1x32x1x8_8x8x1_1x1_interwave_v1""}]",
a8w8,gfx950,8,4608,7424,torch.int8,True,device:0,256,aiter,58,a8w8_rowwise_64x16x16x64_16x16_1x1_4x16x1_4x16x1_1x16x1x4_4x4x1_1x1_intrawave_v2,16,16,64,2,16,16,32,0,286724.38,4.199798658264956,"[{""kernelId"": 58, ""latency_cycles"": 286724.38, ""kernelName"": ""a8w8_rowwise_64x16x16x64_16x16_1x1_4x16x1_4x16x1_1x16x1x4_4x4x1_1x1_intrawave_v2""}, {""kernelId"": 77, ""latency_cycles"": 286724.38, ""kernelName"": ""a8w8_rowwise_64x16x16x64_16x16_1x1_4x16x1_4x16x1_1x16x1x4_4x4x1_1x1_interwave_v2""}, {""kernelId"": 38, ""latency_cycles"": 712995.77, ""kernelName"": ""a8w8_rowwise_256x256x256x64_16x16_8x8_4x64x1_4x64x1_1x32x1x8_8x8x1_1x2_intrawave_v3""}, {""kernelId"": 36, ""latency_cycles"": 1113082.77, ""kernelName"": ""a8w8_rowwise_256x128x128x64_32x32_2x2_4x64x1_4x64x1_1x32x1x8_8x8x1_1x1_intrawave_v4""}, {""kernelId"": 42, ""latency_cycles"": 1134047.81, ""kernelName"": ""a8w8_rowwise_256x128x256x64_32x32_2x4_4x64x1_4x64x1_1x32x1x8_8x8x1_1x1_interwave_v1""}]",
a8w8,gfx950,16,4608,7424,torch.int8,True,device:0,256,aiter,58,a8w8_rowwise_64x16x16x64_16x16_1x1_4x16x1_4x16x1_1x16x1x4_4x4x1_1x1_intrawave_v2,16,16,64,2,16,16,32,0,200977.55,11.983275570346656,"[{""kernelId"": 58, ""latency_cycles"": 200977.55, ""kernelName"": ""a8w8_rowwise_64x16x16x64_16x16_1x1_4x16x1_4x16x1_1x16x1x4_4x4x1_1x1_intrawave_v2""}, {""kernelId"": 77, ""latency_cycles"": 200977.55, ""kernelName"": ""a8w8_rowwise_64x16x16x64_16x16_1x1_4x16x1_4x16x1_1x16x1x4_4x4x1_1x1_interwave_v2""}, {""kernelId"": 38, ""latency_cycles"": 381313.68, ""kernelName"": ""a8w8_rowwise_256x256x256x64_16x16_8x8_4x64x1_4x64x1_1x32x1x8_8x8x1_1x2_intrawave_v3""}, {""kernelId"": 36, ""latency_cycles"": 572086.56, ""kernelName"": ""a8w8_rowwise_256x128x128x64_32x32_2x2_4x64x1_4x64x1_1x32x1x8_8x8x1_1x1_intrawave_v4""}, {""kernelId"": 42, ""latency_cycles"": 586088.06, ""kernelName"": ""a8w8_rowwise_256x128x256x64_32x32_2x4_4x64x1_4x64x1_1x32x1x8_8x8x1_1x1_interwave_v1""}]",
a8w8,gfx950,2560,4608,7424,torch.float8_e4m3fn,True,device:0,256,aiter,3,a8w8_rowwise_256x256x192x128_32x32_4x3_8x32x1_8x32x1_1x32x1x8_8x8x1_1x1_intrawave_v3,256,192,128,2,32,32,64,0,157624.05,2444.6719369974853,"[{""kernelId"": 3, ""latency_cycles"": 157624.05, ""kernelName"": ""a8w8_rowwise_256x256x192x128_32x32_4x3_8x32x1_8x32x1_1x32x1x8_8x8x1_1x1_intrawave_v3""}, {""kernelId"": 2, ""latency_cycles"": 169508.05, ""kernelName"": ""a8w8_rowwise_256x256x224x128_32x32_2x7_8x32x1_8x32x1_1x64x1x4_8x8x1_2x1_intrawave_v3""}, {""kernelId"": 40, ""latency_cycles"": 171806.29, ""kernelName"": ""a8w8_rowwise_256x256x224x128_16x16_8x7_8x32x1_8x32x1_1x64x1x4_8x8x1_2x1_intrawave_v3""}, {""kernelId"": 39, ""latency_cycles"": 175561.93, ""kernelName"": ""a8w8_rowwise_256x224x256x128_16x16_7x8_8x32x1_8x32x1_1x32x1x8_8x8x1_1x2_intrawave_v3""}, {""kernelId"": 1, ""latency_cycles"": 176271.92, ""kernelName"": ""a8w8_rowwise_256x256x256x128_32x32_4x4_8x32x1_8x32x1_1x32x1x8_8x8x1_1x1_intrawave_v3""}]",
a8w8,gfx950,49152,4608,16384,torch.int8,True,device:0,256,aiter,37,a8w8_rowwise_256x256x256x128_16x16_8x8_8x32x1_8x32x1_1x32x1x8_8x8x1_1x2_intrawave_v3,256,256,128,2,16,16,32,0,8635446.85,1890.7820248727933,"[{""kernelId"": 37, ""latency_cycles"": 8635446.85, ""kernelName"": ""a8w8_rowwise_256x256x256x128_16x16_8x8_8x32x1_8x32x1_1x32x1x8_8x8x1_1x2_intrawave_v3""}, {""kernelId"": 39, ""latency_cycles"": 8784468.21, ""kernelName"": ""a8w8_rowwise_256x224x256x128_16x16_7x8_8x32x1_8x32x1_1x32x1x8_8x8x1_1x2_intrawave_v3""}, {""kernelId"": 40, ""latency_cycles"": 8918029.24, ""kernelName"": ""a8w8_rowwise_256x256x224x128_16x16_8x7_8x32x1_8x32x1_1x64x1x4_8x8x1_2x1_intrawave_v3""}, {""kernelId"": 38, ""latency_cycles"": 9948079.68, ""kernelName"": ""a8w8_rowwise_256x256x256x64_16x16_8x8_4x64x1_4x64x1_1x32x1x8_8x8x1_1x2_intrawave_v3""}, {""kernelId"": 20, ""latency_cycles"": 13961690.14, ""kernelName"": ""a8w8_rowwise_256x64x160x256_16x16_2x5_16x16x1_16x16x1_1x64x1x4_8x8x1_2x1_intrawave_v3""}]",
a8w8,gfx950,40,5120,640,torch.float8_e4m3fn,True,device:0,256,aiter,61,a8w8_rowwise_128x16x64x128_16x16_1x2_8x16x1_8x16x1_1x16x1x8_4x4x1_1x1_intrawave_v2,16,64,128,2,16,16,128,0,4658.53,123.79801897954619,"[{""kernelId"": 61, ""latency_cycles"": 4658.53, ""kernelName"": ""a8w8_rowwise_128x16x64x128_16x16_1x2_8x16x1_8x16x1_1x16x1x8_4x4x1_1x1_intrawave_v2""}, {""kernelId"": 80, ""latency_cycles"": 4658.53, ""kernelName"": ""a8w8_rowwise_128x16x64x128_16x16_1x2_8x16x1_8x16x1_1x16x1x8_4x4x1_1x1_interwave_v2""}, {""kernelId"": 63, ""latency_cycles"": 6759.0, ""kernelName"": ""a8w8_rowwise_128x16x128x128_16x16_1x4_8x16x1_8x16x1_1x16x1x8_4x4x1_1x1_interwave_v2""}, {""kernelId"": 82, ""latency_cycles"": 6759.0, ""kernelName"": ""a8w8_rowwise_128x16x128x128_16x16_1x4_8x16x1_8x16x1_1x16x1x8_4x4x1_1x1_interwave_v2""}, {""kernelId"": 50, ""latency_cycles"": 7559.75, ""kernelName"": ""a8w8_rowwise_128x16x32x128_16x16_1x1_8x16x1_8x16x1_1x16x1x8_4x4x1_1x1_intrawave_v1""}]",
a8w8,gfx950,320,5120,640,torch.float8_e4m3fn,True,device:0,256,aiter,46,a8w8_rowwise_256x64x128x128_32x32_1x2_8x32x1_8x32x1_1x32x1x8_8x8x1_1x1_intrawave_v3,64,128,128,2,32,32,64,0,9153.64,504.03273912632625,"[{""kernelId"": 46, ""latency_cycles"": 9153.64, ""kernelName"": ""a8w8_rowwise_256x64x128x128_32x32_1x2_8x32x1_8x32x1_1x32x1x8_8x8x1_1x1_intrawave_v3""}, {""kernelId"": 45, ""latency_cycles"": 10322.84, ""kernelName"": ""a8w8_rowwise_256x128x64x128_32x32_2x1_8x32x1_8x32x1_1x32x1x8_8x8x1_1x1_intrawave_v3""}, {""kernelId"": 24, ""latency_cycles"": 11362.13, ""kernelName"": ""a8w8_rowwise_256x32x256x128_32x32_1x2_8x32x1_8x32x1_1x32x1x8_8x8x1_1x1_intrawave_v3""}, {""kernelId"": 66, ""latency_cycles"": 11362.13, ""kernelName"": ""a8w8_rowwise_256x32x256x128_32x32_1x2_8x32x1_8x32x1_1x16x1x16_8x8x1_1x1_intrawave_v2""}, {""kernelId"": 85, ""latency_cycles"": 11362.13, ""kernelName"": ""a8w8_rowwise_256x32x256x128_32x32_1x2_8x32x1_8x32x1_1x16x1x16_8x8x1_1x1_interwave_v2""}]",
a8w8,gfx950,12,5120,1280,torch.int8,True,device:0,256,aiter,58,a8w8_rowwise_64x16x16x64_16x16_1x1_4x16x1_4x16x1_1x16x1x4_4x4x1_1x1_intrawave_v2,16,16,64,2,16,16,32,0,39287.05,8.807739644333031,"[{""kernelId"": 58, ""latency_cycles"": 39287.05, ""kernelName"": ""a8w8_rowwise_64x16x16x64_16x16_1x1_4x16x1_4x16x1_1x16x1x4_4x4x1_1x1_intrawave_v2""}, {""kernelId"": 77, ""latency_cycles"": 39287.05, ""kernelName"": ""a8w8_rowwise_64x16x16x64_16x16_1x1_4x16x1_4x16x1_1x16x1x4_4x4x1_1x1_interwave_v2""}, {""kernelId"": 36, ""latency_cycles"": 430511.16, ""kernelName"": ""a8w8_rowwise_256x128x128x64_32x32_2x2_4x64x1_4x64x1_1x32x1x8_8x8x1_1x1_intrawave_v4""}, {""kernelId"": 38, ""latency_cycles"": 504674.08, ""kernelName"": ""a8w8_rowwise_256x256x256x64_16x16_8x8_4x64x1_4x64x1_1x32x1x8_8x8x1_1x2_intrawave_v3""}, {""kernelId"": 42, ""latency_cycles"": 838534.36, ""kernelName"": ""a8w8_rowwise_256x128x256x64_32x32_2x4_4x64x1_4x64x1_1x32x1x8_8x8x1_1x1_interwave_v1""}]",
a8w8,gfx950,40,5120,1280,torch.int8,True,device:0,256,aiter,61,a8w8_rowwise_128x16x64x128_16x16_1x2_8x16x1_8x16x1_1x16x1x8_4x4x1_1x1_intrawave_v2,16,64,128,2,16,16,32,0,9254.8,124.63083516620739,"[{""kernelId"": 61, ""latency_cycles"": 9254.8, ""kernelName"": ""a8w8_rowwise_128x16x64x128_16x16_1x2_8x16x1_8x16x1_1x16x1x8_4x4x1_1x1_intrawave_v2""}, {""kernelId"": 80, ""latency_cycles"": 9254.8, ""kernelName"": ""a8w8_rowwise_128x16x64x128_16x16_1x2_8x16x1_8x16x1_1x16x1x8_4x4x1_1x1_interwave_v2""}, {""kernelId"": 33, ""latency_cycles"": 11099.07, ""kernelName"": ""a8w8_rowwise_256x16x128x256_16x16_1x2_16x16x1_16x16x1_1x16x1x16_8x8x1_1x2_intrawave_v3""}, {""kernelId"": 63, ""latency_cycles"": 13044.45, ""kernelName"": ""a8w8_rowwise_128x16x128x128_16x16_1x4_8x16x1_8x16x1_1x16x1x8_4x4x1_1x1_interwave_v2""}, {""kernelId"": 82, ""latency_cycles"": 13044.45, ""kernelName"": ""a8w8_rowwise_128x16x128x128_16x16_1x4_8x16x1_8x16x1_1x16x1x8_4x4x1_1x1_interwave_v2""}]",
a8w8,gfx950,17,5120,5120,torch.int8,True,device:0,256,aiter,58,a8w8_rowwise_64x16x16x64_16x16_1x1_4x16x1_4x16x1_1x16x1x4_4x4x1_1x1_intrawave_v2,16,16,64,2,16,16,32,0,228712.43,8.57337355984299,"[{""kernelId"": 58, ""latency_cycles"": 228712.43, ""kernelName"": ""a8w8_rowwise_64x16x16x64_16x16_1x1_4x16x1_4x16x1_1x16x1x4_4x4x1_1x1_intrawave_v2""}, {""kernelId"": 77, ""latency_cycles"": 228712.43, ""kernelName"": ""a8w8_rowwise_64x16x16x64_16x16_1x1_4x16x1_4x16x1_1x16x1x4_4x4x1_1x1_interwave_v2""}, {""kernelId"": 38, ""latency_cycles"": 305507.34, ""kernelName"": ""a8w8_rowwise_256x256x256x64_16x16_8x8_4x64x1_4x64x1_1x32x1x8_8x8x1_1x2_intrawave_v3""}, {""kernelId"": 36, ""latency_cycles"": 445595.15, ""kernelName"": ""a8w8_rowwise_256x128x128x64_32x32_2x2_4x64x1_4x64x1_1x32x1x8_8x8x1_1x1_intrawave_v4""}, {""kernelId"": 42, ""latency_cycles"": 486689.35, ""kernelName"": ""a8w8_rowwise_256x128x256x64_32x32_2x4_4x64x1_4x64x1_1x32x1x8_8x8x1_1x1_interwave_v1""}]",
a8w8,gfx950,10240,5120,6400,torch.float8_e4m3fn,True,device:0,256,aiter,2,a8w8_rowwise_256x256x224x128_32x32_2x7_8x32x1_8x32x1_1x64x1x4_8x8x1_2x1_intrawave_v3,256,224,128,2,32,32,64,0,594518.13,2483.3473169353438,"[{""kernelId"": 2, ""latency_cycles"": 594518.13, ""kernelName"": ""a8w8_rowwise_256x256x224x128_32x32_2x7_8x32x1_8x32x1_1x64x1x4_8x8x1_2x1_intrawave_v3""}, {""kernelId"": 39, ""latency_cycles"": 603251.44, ""kernelName"": ""a8w8_rowwise_256x224x256x128_16x16_7x8_8x32x1_8x32x1_1x32x1x8_8x8x1_1x2_intrawave_v3""}, {""kernelId"": 40, ""latency_cycles"": 603251.44, ""kernelName"": ""a8w8_rowwise_256x256x224x128_16x16_8x7_8x32x1_8x32x1_1x64x1x4_8x8x1_2x1_intrawave_v3""}, {""kernelId"": 1, ""latency_cycles"": 631284.19, ""kernelName"": ""a8w8_rowwise_256x256x256x128_32x32_4x4_8x32x1_8x32x1_1x32x1x8_8x8x1_1x1_intrawave_v3""}, {""kernelId"": 37, ""latency_cycles"": 641265.12, ""kernelName"": ""a8w8_rowwise_256x256x256x128_16x16_8x8_8x32x1_8x32x1_1x32x1x8_8x8x1_1x2_intrawave_v3""}]",
a8w8,gfx950,64,5120,8192,torch.int8,True,device:0,256,aiter,32,a8w8_rowwise_256x16x192x256_16x16_1x3_16x16x1_16x16x1_1x16x1x16_4x4x1_1x1_intrawave_v3,16,192,256,2,16,16,32,0,48079.39,245.65954593952648,"[{""kernelId"": 32, ""latency_cycles"": 48079.39, ""kernelName"": ""a8w8_rowwise_256x16x192x256_16x16_1x3_16x16x1_16x16x1_1x16x1x16_4x4x1_1x1_intrawave_v3""}, {""kernelId"": 31, ""latency_cycles"": 50347.11, ""kernelName"": ""a8w8_rowwise_256x16x256x128_16x16_1x4_16x16x1_8x32x1_1x16x1x16_8x8x1_1x2_intrawave_v3""}, {""kernelId"": 65, ""latency_cycles"": 50347.11, ""kernelName"": ""a8w8_rowwise_256x16x256x128_16x16_1x4_8x16x1_8x16x1_1x16x1x16_4x4x1_1x1_interwave_v2""}, {""kernelId"": 84, ""latency_cycles"": 50347.11, ""kernelName"": ""a8w8_rowwise_256x16x256x128_16x16_1x4_8x16x1_8x16x1_1x16x1x16_4x4x1_1x1_interwave_v2""}, {""kernelId"": 33, ""latency_cycles"": 56174.44, ""kernelName"": ""a8w8_rowwise_256x16x128x256_16x16_1x2_16x16x1_16x16x1_1x16x1x16_8x8x1_1x2_intrawave_v3""}]",
a8w8,gfx950,5,5120,19968,torch.int8,True,device:0,256,aiter,58,a8w8_rowwise_64x16x16x64_16x16_1x1_4x16x1_4x16x1_1x16x1x4_4x4x1_1x1_intrawave_v2,16,16,64,2,16,16,32,0,1047841.01,2.146504578467697,"[{""kernelId"": 58, ""latency_cycles"": 1047841.01, ""kernelName"": ""a8w8_rowwise_64x16x16x64_16x16_1x1_4x16x1_4x16x1_1x16x1x4_4x4x1_1x1_intrawave_v2""}, {""kernelId"": 77, ""latency_cycles"": 1047841.01, ""kernelName"": ""a8w8_rowwise_64x16x16x64_16x16_1x1_4x16x1_4x16x1_1x16x1x4_4x4x1_1x1_interwave_v2""}, {""kernelId"": 38, ""latency_cycles"": 2974903.44, ""kernelName"": ""a8w8_rowwise_256x256x256x64_16x16_8x8_4x64x1_4x64x1_1x32x1x8_8x8x1_1x2_intrawave_v3""}, {""kernelId"": 42, ""latency_cycles"": 5361265.06, ""kernelName"": ""a8w8_rowwise_256x128x256x64_32x32_2x4_4x64x1_4x64x1_1x32x1x8_8x8x1_1x1_interwave_v1""}, {""kernelId"": 36, ""latency_cycles"": 5448358.0, ""kernelName"": ""a8w8_rowwise_256x128x128x64_32x32_2x2_4x64x1_4x64x1_1x32x1x8_8x8x1_1x1_intrawave_v4""}]",
a8w8,gfx950,10000,5120,19968,torch.float8_e4m3fn,True,device:0,256,aiter,39,a8w8_rowwise_256x224x256x128_16x16_7x8_8x32x1_8x32x1_1x32x1x8_8x8x1_1x2_intrawave_v3,224,256,128,2,16,16,128,0,1692725.75,2657.4836702186603,"[{""kernelId"": 39, ""latency_cycles"": 1692725.75, ""kernelName"": ""a8w8_rowwise_256x224x256x128_16x16_7x8_8x32x1_8x32x1_1x32x1x8_8x8x1_1x2_intrawave_v3""}, {""kernelId"": 2, ""latency_cycles"": 1712507.96, ""kernelName"": ""a8w8_rowwise_256x256x224x128_32x32_2x7_8x32x1_8x32x1_1x64x1x4_8x8x1_2x1_intrawave_v3""}, {""kernelId"": 40, ""latency_cycles"": 1721241.27, ""kernelName"": ""a8w8_rowwise_256x256x224x128_16x16_8x7_8x32x1_8x32x1_1x64x1x4_8x8x1_2x1_intrawave_v3""}, {""kernelId"": 1, ""latency_cycles"": 1804235.12, ""kernelName"": ""a8w8_rowwise_256x256x256x128_32x32_4x4_8x32x1_8x32x1_1x32x1x8_8x8x1_1x1_intrawave_v3""}, {""kernelId"": 37, ""latency_cycles"": 1814216.05, ""kernelName"": ""a8w8_rowwise_256x256x256x128_16x16_8x8_8x32x1_8x32x1_1x32x1x8_8x8x1_1x2_intrawave_v3""}]",
a8w8,gfx950,2,5120,25600,torch.float8_e4m3fn,True,device:0,256,aiter,58,a8w8_rowwise_64x16x16x64_16x16_1x1_4x16x1_4x16x1_1x16x1x4_4x4x1_1x1_intrawave_v2,16,16,64,2,16,16,128,0,2759617.3,0.41796868051765085,"[{""kernelId"": 58, ""latency_cycles"": 2759617.3, ""kernelName"": ""a8w8_rowwise_64x16x16x64_16x16_1x1_4x16x1_4x16x1_1x16x1x4_4x4x1_1x1_intrawave_v2""}, {""kernelId"": 77, ""latency_cycles"": 2759617.3, ""kernelName"": ""a8w8_rowwise_64x16x16x64_16x16_1x1_4x16x1_4x16x1_1x16x1x4_4x4x1_1x1_interwave_v2""}, {""kernelId"": 42, ""latency_cycles"": 4586841.33, ""kernelName"": ""a8w8_rowwise_256x128x256x64_32x32_2x4_4x64x1_4x64x1_1x32x1x8_8x8x1_1x1_interwave_v1""}, {""kernelId"": 36, ""latency_cycles"": 6419135.41, ""kernelName"": ""a8w8_rowwise_256x128x128x64_32x32_2x2_4x64x1_4x64x1_1x32x1x8_8x8x1_1x1_intrawave_v4""}, {""kernelId"": 0, ""latency_cycles"": 9600645.7, ""kernelName"": ""a8w8_rowwise_256x256x256x64_32x32_4x4_4x64x1_4x64x1_1x32x1x8_8x8x1_1x1_intrawave_v4""}]",
a8w8,gfx950,384,5120,25600,torch.float8_e4m3fn,True,device:0,256,aiter,8,a8w8_rowwise_256x128x256x128_32x32_2x4_8x32x1_8x32x1_1x32x1x8_8x8x1_1x1_intrawave_v3,128,256,128,2,32,32,64,0,143056.47,1548.0547652547555,"[{""kernelId"": 8, ""latency_cycles"": 143056.47, ""kernelName"": ""a8w8_rowwise_256x128x256x128_32x32_2x4_8x32x1_8x32x1_1x32x1x8_8x8x1_1x1_intrawave_v3""}, {""kernelId"": 12, ""latency_cycles"": 168502.51, ""kernelName"": ""a8w8_rowwise_256x128x128x256_32x32_2x2_16x16x1_16x16x1_1x32x1x8_8x8x1_1x1_intrawave_v3""}, {""kernelId"": 10, ""latency_cycles"": 185867.33, ""kernelName"": ""a8w8_rowwise_256x128x192x128_32x32_2x3_8x32x1_8x32x1_1x32x1x8_8x8x1_1x1_intrawave_v3""}, {""kernelId"": 13, ""latency_cycles"": 192068.33, ""kernelName"": ""a8w8_rowwise_256x128x128x128_32x32_2x2_8x32x1_8x32x1_1x32x1x8_8x8x1_1x1_intrawave_v3""}, {""kernelId"": 35, ""latency_cycles"": 192068.33, ""kernelName"": ""a8w8_rowwise_256x128x128x128_32x32_2x2_8x32x1_8x32x1_1x32x1x8_8x8x1_1x1_intrawave_v4""}]",
a8w8,gfx950,20,6400,1024,torch.int8,True,device:0,256,aiter,58,a8w8_rowwise_64x16x16x64_16x16_1x1_4x16x1_4x16x1_1x16x1x4_4x4x1_1x1_intrawave_v2,16,16,64,2,16,16,32,0,55814.33,10.33277279044415,"[{""kernelId"": 58, ""latency_cycles"": 55814.33, ""kernelName"": ""a8w8_rowwise_64x16x16x64_16x16_1x1_4x16x1_4x16x1_1x16x1x4_4x4x1_1x1_intrawave_v2""}, {""kernelId"": 77, ""latency_cycles"": 55814.33, ""kernelName"": ""a8w8_rowwise_64x16x16x64_16x16_1x1_4x16x1_4x16x1_1x16x1x4_4x4x1_1x1_interwave_v2""}, {""kernelId"": 36, ""latency_cycles"": 211390.43, ""kernelName"": ""a8w8_rowwise_256x128x128x64_32x32_2x2_4x64x1_4x64x1_1x32x1x8_8x8x1_1x1_intrawave_v4""}, {""kernelId"": 38, ""latency_cycles"": 258022.17, ""kernelName"": ""a8w8_rowwise_256x256x256x64_16x16_8x8_4x64x1_4x64x1_1x32x1x8_8x8x1_1x2_intrawave_v3""}, {""kernelId"": 42, ""latency_cycles"": 411280.65, ""kernelName"": ""a8w8_rowwise_256x128x256x64_32x32_2x4_4x64x1_4x64x1_1x32x1x8_8x8x1_1x1_interwave_v1""}]",
a8w8,gfx950,24,6400,1024,torch.int8,True,device:0,256,aiter,58,a8w8_rowwise_64x16x16x64_16x16_1x1_4x16x1_4x16x1_1x16x1x4_4x4x1_1x1_intrawave_v2,16,16,64,2,16,16,32,0,51586.92,13.415420370968599,"[{""kernelId"": 58, ""latency_cycles"": 51586.92, ""kernelName"": ""a8w8_rowwise_64x16x16x64_16x16_1x1_4x16x1_4x16x1_1x16x1x4_4x4x1_1x1_intrawave_v2""}, {""kernelId"": 77, ""latency_cycles"": 51586.92, ""kernelName"": ""a8w8_rowwise_64x16x16x64_16x16_1x1_4x16x1_4x16x1_1x16x1x4_4x4x1_1x1_interwave_v2""}, {""kernelId"": 36, ""latency_cycles"": 179979.16, ""kernelName"": ""a8w8_rowwise_256x128x128x64_32x32_2x2_4x64x1_4x64x1_1x32x1x8_8x8x1_1x1_intrawave_v4""}, {""kernelId"": 38, ""latency_cycles"": 220465.12, ""kernelName"": ""a8w8_rowwise_256x256x256x64_16x16_8x8_4x64x1_4x64x1_1x32x1x8_8x8x1_1x2_intrawave_v3""}, {""kernelId"": 42, ""latency_cycles"": 349104.67, ""kernelName"": ""a8w8_rowwise_256x128x256x64_32x32_2x4_4x64x1_4x64x1_1x32x1x8_8x8x1_1x1_interwave_v1""}]",
a8w8,gfx950,64,6400,1024,torch.int8,True,device:0,256,aiter,33,a8w8_rowwise_256x16x128x256_16x16_1x2_16x16x1_16x16x1_1x16x1x16_8x8x1_1x2_intrawave_v3,16,128,256,2,16,16,32,0,8035.97,229.65406070707084,"[{""kernelId"": 33, ""latency_cycles"": 8035.97, ""kernelName"": ""a8w8_rowwise_256x16x128x256_16x16_1x2_16x16x1_16x16x1_1x16x1x16_8x8x1_1x2_intrawave_v3""}, {""kernelId"": 34, ""latency_cycles"": 9026.4, ""kernelName"": ""a8w8_rowwise_256x16x64x512_16x16_1x1_32x8x1_32x8x1_1x16x1x16_4x4x1_1x1_intrawave_v3""}, {""kernelId"": 63, ""latency_cycles"": 9533.25, ""kernelName"": ""a8w8_rowwise_128x16x128x128_16x16_1x4_8x16x1_8x16x1_1x16x1x8_4x4x1_1x1_interwave_v2""}, {""kernelId"": 82, ""latency_cycles"": 9533.25, ""kernelName"": ""a8w8_rowwise_128x16x128x128_16x16_1x4_8x16x1_8x16x1_1x16x1x8_4x4x1_1x1_interwave_v2""}, {""kernelId"": 32, ""latency_cycles"": 11028.65, ""kernelName"": ""a8w8_rowwise_256x16x192x256_16x16_1x3_16x16x1_16x16x1_1x16x1x16_4x4x1_1x1_intrawave_v3""}]",
a8w8,gfx950,1280,6400,1024,torch.int8,True,device:0,256,aiter,40,a8w8_rowwise_256x256x224x128_16x16_8x7_8x32x1_8x32x1_1x64x1x4_8x8x1_2x1_intrawave_v3,256,224,128,2,16,16,32,0,54624.45,675.7024483350043,"[{""kernelId"": 40, ""latency_cycles"": 54624.45, ""kernelName"": ""a8w8_rowwise_256x256x224x128_16x16_8x7_8x32x1_8x32x1_1x64x1x4_8x8x1_2x1_intrawave_v3""}, {""kernelId"": 37, ""latency_cycles"": 60475.1, ""kernelName"": ""a8w8_rowwise_256x256x256x128_16x16_8x8_8x32x1_8x32x1_1x32x1x8_8x8x1_1x2_intrawave_v3""}, {""kernelId"": 17, ""latency_cycles"": 61378.15, ""kernelName"": ""a8w8_rowwise_256x64x224x128_16x16_2x7_8x32x1_8x32x1_1x64x1x4_8x8x1_2x1_intrawave_v3""}, {""kernelId"": 20, ""latency_cycles"": 62575.23, ""kernelName"": ""a8w8_rowwise_256x64x160x256_16x16_2x5_16x16x1_16x16x1_1x64x1x4_8x8x1_2x1_intrawave_v3""}, {""kernelId"": 39, ""latency_cycles"": 63348.34, ""kernelName"": ""a8w8_rowwise_256x224x256x128_16x16_7x8_8x32x1_8x32x1_1x32x1x8_8x8x1_1x2_intrawave_v3""}]",
a8w8,gfx950,3,6400,5120,torch.int8,True,device:0,256,aiter,58,a8w8_rowwise_64x16x16x64_16x16_1x1_4x16x1_4x16x1_1x16x1x4_4x4x1_1x1_intrawave_v2,16,16,64,2,16,16,32,0,394983.6,1.0950773557812032,"[{""kernelId"": 58, ""latency_cycles"": 394983.6, ""kernelName"": ""a8w8_rowwise_64x16x16x64_16x16_1x1_4x16x1_4x16x1_1x16x1x4_4x4x1_1x1_intrawave_v2""}, {""kernelId"": 77, ""latency_cycles"": 394983.6, ""kernelName"": ""a8w8_rowwise_64x16x16x64_16x16_1x1_4x16x1_4x16x1_1x16x1x4_4x4x1_1x1_interwave_v2""}, {""kernelId"": 38, ""latency_cycles"": 1609132.63, ""kernelName"": ""a8w8_rowwise_256x256x256x64_16x16_8x8_4x64x1_4x64x1_1x32x1x8_8x8x1_1x2_intrawave_v3""}, {""kernelId"": 42, ""latency_cycles"": 2611241.63, ""kernelName"": ""a8w8_rowwise_256x128x256x64_32x32_2x4_4x64x1_4x64x1_1x32x1x8_8x8x1_1x1_interwave_v1""}, {""kernelId"": 36, ""latency_cycles"": 2742369.96, ""kernelName"": ""a8w8_rowwise_256x128x128x64_32x32_2x2_4x64x1_4x64x1_1x32x1x8_8x8x1_1x1_intrawave_v4""}]",
a8w8,gfx950,5,6400,5120,torch.int8,True,device:0,256,aiter,58,a8w8_rowwise_64x16x16x64_16x16_1x1_4x16x1_4x16x1_1x16x1x4_4x4x1_1x1_intrawave_v2,16,16,64,2,16,16,32,0,268690.6,2.682996723765727,"[{""kernelId"": 58, ""latency_cycles"": 268690.6, ""kernelName"": ""a8w8_rowwise_64x16x16x64_16x16_1x1_4x16x1_4x16x1_1x16x1x4_4x4x1_1x1_intrawave_v2""}, {""kernelId"": 77, ""latency_cycles"": 268690.6, ""kernelName"": ""a8w8_rowwise_64x16x16x64_16x16_1x1_4x16x1_4x16x1_1x16x1x4_4x4x1_1x1_interwave_v2""}, {""kernelId"": 38, ""latency_cycles"": 977194.69, ""kernelName"": ""a8w8_rowwise_256x256x256x64_16x16_8x8_4x64x1_4x64x1_1x32x1x8_8x8x1_1x2_intrawave_v3""}, {""kernelId"": 42, ""latency_cycles"": 1580491.79, ""kernelName"": ""a8w8_rowwise_256x128x256x64_32x32_2x4_4x64x1_4x64x1_1x32x1x8_8x8x1_1x1_interwave_v1""}, {""kernelId"": 36, ""latency_cycles"": 1657003.66, ""kernelName"": ""a8w8_rowwise_256x128x128x64_32x32_2x2_4x64x1_4x64x1_1x32x1x8_8x8x1_1x1_intrawave_v4""}]",
a8w8,gfx950,56,6400,5120,torch.int8,True,device:0,256,aiter,33,a8w8_rowwise_256x16x128x256_16x16_1x2_16x16x1_16x16x1_1x16x1x16_8x8x1_1x2_intrawave_v3,16,128,256,2,16,16,32,0,39220.56,205.8623388077883,"[{""kernelId"": 33, ""latency_cycles"": 39220.56, ""kernelName"": ""a8w8_rowwise_256x16x128x256_16x16_1x2_16x16x1_16x16x1_1x16x1x16_8x8x1_1x2_intrawave_v3""}, {""kernelId"": 34, ""latency_cycles"": 42813.16, ""kernelName"": ""a8w8_rowwise_256x16x64x512_16x16_1x1_32x8x1_32x8x1_1x16x1x16_4x4x1_1x1_intrawave_v3""}, {""kernelId"": 31, ""latency_cycles"": 48030.09, ""kernelName"": ""a8w8_rowwise_256x16x256x128_16x16_1x4_16x16x1_8x32x1_1x16x1x16_8x8x1_1x2_intrawave_v3""}, {""kernelId"": 65, ""latency_cycles"": 48030.09, ""kernelName"": ""a8w8_rowwise_256x16x256x128_16x16_1x4_8x16x1_8x16x1_1x16x1x16_4x4x1_1x1_interwave_v2""}, {""kernelId"": 84, ""latency_cycles"": 48030.09, ""kernelName"": ""a8w8_rowwise_256x16x256x128_16x16_1x4_8x16x1_8x16x1_1x16x1x16_4x4x1_1x1_interwave_v2""}]",
a8w8,gfx950,224,6400,6400,torch.int8,True,device:0,256,aiter,26,a8w8_rowwise_256x32x192x256_16x16_1x6_16x16x1_16x16x1_1x32x1x8_8x8x1_1x2_intrawave_v3,32,192,256,2,16,16,32,0,65044.24,620.6572011197741,"[{""kernelId"": 26, ""latency_cycles"": 65044.24, ""kernelName"": ""a8w8_rowwise_256x32x192x256_16x16_1x6_16x16x1_16x16x1_1x32x1x8_8x8x1_1x2_intrawave_v3""}, {""kernelId"": 25, ""latency_cycles"": 72194.53, ""kernelName"": ""a8w8_rowwise_256x32x224x256_16x16_1x7_16x16x1_16x16x1_1x32x1x8_4x4x1_1x1_intrawave_v3""}, {""kernelId"": 20, ""latency_cycles"": 73085.85, ""kernelName"": ""a8w8_rowwise_256x64x160x256_16x16_2x5_16x16x1_16x16x1_1x64x1x4_8x8x1_2x1_intrawave_v3""}, {""kernelId"": 17, ""latency_cycles"": 79364.29, ""kernelName"": ""a8w8_rowwise_256x64x224x128_16x16_2x7_8x32x1_8x32x1_1x64x1x4_8x8x1_2x1_intrawave_v3""}, {""kernelId"": 29, ""latency_cycles"": 83030.0, ""kernelName"": ""a8w8_rowwise_256x32x96x256_16x16_1x3_16x16x1_16x16x1_1x32x1x8_4x4x1_1x1_intrawave_v3""}]",
a8w8,gfx950,384,7168,2048,torch.float8_e4m3fn,True,device:0,256,aiter,14,a8w8_rowwise_256x128x96x256_32x32_1x3_16x16x1_16x16x1_1x64x1x4_8x8x1_1x1_intrawave_v3,128,96,256,2,32,32,64,0,24667.07,1005.5281382971775,"[{""kernelId"": 14, ""latency_cycles"": 24667.07, ""kernelName"": ""a8w8_rowwise_256x128x96x256_32x32_1x3_16x16x1_16x16x1_1x64x1x4_8x8x1_1x1_intrawave_v3""}, {""kernelId"": 18, ""latency_cycles"": 27242.07, ""kernelName"": ""a8w8_rowwise_256x64x192x256_32x32_1x3_16x16x1_16x16x1_1x32x1x8_8x8x1_1x1_intrawave_v3""}, {""kernelId"": 12, ""latency_cycles"": 27862.53, ""kernelName"": ""a8w8_rowwise_256x128x128x256_32x32_2x2_16x16x1_16x16x1_1x32x1x8_8x8x1_1x1_intrawave_v3""}, {""kernelId"": 19, ""latency_cycles"": 30042.86, ""kernelName"": ""a8w8_rowwise_256x64x192x128_32x32_1x3_8x32x1_8x32x1_1x32x1x8_8x8x1_1x1_intrawave_v3""}, {""kernelId"": 13, ""latency_cycles"": 30428.36, ""kernelName"": ""a8w8_rowwise_256x128x128x128_32x32_2x2_8x32x1_8x32x1_1x32x1x8_8x8x1_1x1_intrawave_v3""}]",
a8w8,gfx950,448,7168,8192,torch.float8_e4m3fn,True,device:0,256,aiter,12,a8w8_rowwise_256x128x128x256_32x32_2x2_16x16x1_16x16x1_1x32x1x8_8x8x1_1x1_intrawave_v3,128,128,256,2,32,32,64,0,102729.08,1126.7439442649152,"[{""kernelId"": 12, ""latency_cycles"": 102729.08, ""kernelName"": ""a8w8_rowwise_256x128x128x256_32x32_2x2_16x16x1_16x16x1_1x32x1x8_8x8x1_1x1_intrawave_v3""}, {""kernelId"": 17, ""latency_cycles"": 115829.9, ""kernelName"": ""a8w8_rowwise_256x64x224x128_16x16_2x7_8x32x1_8x32x1_1x64x1x4_8x8x1_2x1_intrawave_v3""}, {""kernelId"": 13, ""latency_cycles"": 117229.0, ""kernelName"": ""a8w8_rowwise_256x128x128x128_32x32_2x2_8x32x1_8x32x1_1x32x1x8_8x8x1_1x1_intrawave_v3""}, {""kernelId"": 35, ""latency_cycles"": 117229.0, ""kernelName"": ""a8w8_rowwise_256x128x128x128_32x32_2x2_8x32x1_8x32x1_1x32x1x8_8x8x1_1x1_intrawave_v4""}, {""kernelId"": 41, ""latency_cycles"": 117229.0, ""kernelName"": ""a8w8_rowwise_256x128x128x128_32x32_2x2_8x32x1_8x32x1_1x32x1x8_8x8x1_1x1_intrawave_v5""}]",
a8w8,gfx950,3,7424,768,torch.float8_e4m3fn,True,device:0,256,aiter,58,a8w8_rowwise_64x16x16x64_16x16_1x1_4x16x1_4x16x1_1x16x1x4_4x4x1_1x1_intrawave_v2,16,16,64,2,16,16,128,0,59698.53,1.2606934264738063,"[{""kernelId"": 58, ""latency_cycles"": 59698.53, ""kernelName"": ""a8w8_rowwise_64x16x16x64_16x16_1x1_4x16x1_4x16x1_1x16x1x4_4x4x1_1x1_intrawave_v2""}, {""kernelId"": 77, ""latency_cycles"": 59698.53, ""kernelName"": ""a8w8_rowwise_64x16x16x64_16x16_1x1_4x16x1_4x16x1_1x16x1x4_4x4x1_1x1_interwave_v2""}, {""kernelId"": 36, ""latency_cycles"": 582080.5, ""kernelName"": ""a8w8_rowwise_256x128x128x64_32x32_2x2_4x64x1_4x64x1_1x32x1x8_8x8x1_1x1_intrawave_v4""}, {""kernelId"": 42, ""latency_cycles"": 870889.4, ""kernelName"": ""a8w8_rowwise_256x128x256x64_32x32_2x4_4x64x1_4x64x1_1x32x1x8_8x8x1_1x1_interwave_v1""}, {""kernelId"": 43, ""latency_cycles"": 1734013.78, ""kernelName"": ""a8w8_rowwise_256x256x128x64_32x32_4x2_4x64x1_4x64x1_1x32x1x8_8x8x1_1x1_interwave_v1""}]",
a8w8,gfx950,100,7424,768,torch.int8,True,device:0,256,aiter,27,a8w8_rowwise_256x32x160x256_16x16_1x5_16x16x1_16x16x1_1x32x1x8_4x4x1_1x1_intrawave_v3,32,160,256,2,16,16,32,0,11142.06,225.15749292992993,"[{""kernelId"": 27, ""latency_cycles"": 11142.06, ""kernelName"": ""a8w8_rowwise_256x32x160x256_16x16_1x5_16x16x1_16x16x1_1x32x1x8_4x4x1_1x1_intrawave_v3""}, {""kernelId"": 31, ""latency_cycles"": 12693.87, ""kernelName"": ""a8w8_rowwise_256x16x256x128_16x16_1x4_16x16x1_8x32x1_1x16x1x16_8x8x1_1x2_intrawave_v3""}, {""kernelId"": 65, ""latency_cycles"": 12693.87, ""kernelName"": ""a8w8_rowwise_256x16x256x128_16x16_1x4_8x16x1_8x16x1_1x16x1x16_4x4x1_1x1_interwave_v2""}, {""kernelId"": 84, ""latency_cycles"": 12693.87, ""kernelName"": ""a8w8_rowwise_256x16x256x128_16x16_1x4_8x16x1_8x16x1_1x16x1x16_4x4x1_1x1_interwave_v2""}, {""kernelId"": 26, ""latency_cycles"": 12747.68, ""kernelName"": ""a8w8_rowwise_256x32x192x256_16x16_1x6_16x16x1_16x16x1_1x32x1x8_8x8x1_1x2_intrawave_v3""}]",
a8w8,gfx950,10000,7424,768,torch.float8_e4m3fn,True,device:0,256,aiter,1,a8w8_rowwise_256x256x256x128_32x32_4x4_8x32x1_8x32x1_1x32x1x8_8x8x1_1x1_intrawave_v3,256,256,128,2,32,32,64,0,212836.01,1178.7093938669677,"[{""kernelId"": 1, ""latency_cycles"": 212836.01, ""kernelName"": ""a8w8_rowwise_256x256x256x128_32x32_4x4_8x32x1_8x32x1_1x32x1x8_8x8x1_1x1_intrawave_v3""}, {""kernelId"": 37, ""latency_cycles"": 225312.17, ""kernelName"": ""a8w8_rowwise_256x256x256x128_16x16_8x8_8x32x1_8x32x1_1x32x1x8_8x8x1_1x2_intrawave_v3""}, {""kernelId"": 2, ""latency_cycles"": 232705.86, ""kernelName"": ""a8w8_rowwise_256x256x224x128_32x32_2x7_8x32x1_8x32x1_1x64x1x4_8x8x1_2x1_intrawave_v3""}, {""kernelId"": 8, ""latency_cycles"": 233398.85, ""kernelName"": ""a8w8_rowwise_256x128x256x128_32x32_2x4_8x32x1_8x32x1_1x32x1x8_8x8x1_1x1_intrawave_v3""}, {""kernelId"": 3, ""latency_cycles"": 240960.83, ""kernelName"": ""a8w8_rowwise_256x256x192x128_32x32_4x3_8x32x1_8x32x1_1x32x1x8_8x8x1_1x1_intrawave_v3""}]",
a8w8,gfx950,9,7424,8192,torch.int8,True,device:0,256,aiter,58,a8w8_rowwise_64x16x16x64_16x16_1x1_4x16x1_4x16x1_1x16x1x4_4x4x1_1x1_intrawave_v2,16,16,64,2,16,16,32,0,295424.11,8.15224388395236,"[{""kernelId"": 58, ""latency_cycles"": 295424.11, ""kernelName"": ""a8w8_rowwise_64x16x16x64_16x16_1x1_4x16x1_4x16x1_1x16x1x4_4x4x1_1x1_intrawave_v2""}, {""kernelId"": 77, ""latency_cycles"": 295424.11, ""kernelName"": ""a8w8_rowwise_64x16x16x64_16x16_1x1_4x16x1_4x16x1_1x16x1x4_4x4x1_1x1_interwave_v2""}, {""kernelId"": 38, ""latency_cycles"": 1288446.68, ""kernelName"": ""a8w8_rowwise_256x256x256x64_16x16_8x8_4x64x1_4x64x1_1x32x1x8_8x8x1_1x2_intrawave_v3""}, {""kernelId"": 42, ""latency_cycles"": 1840348.46, ""kernelName"": ""a8w8_rowwise_256x128x256x64_32x32_2x4_4x64x1_4x64x1_1x32x1x8_8x8x1_1x1_interwave_v1""}, {""kernelId"": 36, ""latency_cycles"": 1872047.13, ""kernelName"": ""a8w8_rowwise_256x128x128x64_32x32_2x2_4x64x1_4x64x1_1x32x1x8_8x8x1_1x1_intrawave_v4""}]",
a8w8,gfx950,7,8192,2048,torch.int8,True,device:0,256,aiter,58,a8w8_rowwise_64x16x16x64_16x16_1x1_4x16x1_4x16x1_1x16x1x4_4x4x1_1x1_intrawave_v2,16,16,64,2,16,16,32,0,85709.22,6.028969564520424,"[{""kernelId"": 58, ""latency_cycles"": 85709.22, ""kernelName"": ""a8w8_rowwise_64x16x16x64_16x16_1x1_4x16x1_4x16x1_1x16x1x4_4x4x1_1x1_intrawave_v2""}, {""kernelId"": 77, ""latency_cycles"": 85709.22, ""kernelName"": ""a8w8_rowwise_64x16x16x64_16x16_1x1_4x16x1_4x16x1_1x16x1x4_4x4x1_1x1_interwave_v2""}, {""kernelId"": 36, ""latency_cycles"": 593682.08, ""kernelName"": ""a8w8_rowwise_256x128x128x64_32x32_2x2_4x64x1_4x64x1_1x32x1x8_8x8x1_1x1_intrawave_v4""}, {""kernelId"": 38, ""latency_cycles"": 703425.93, ""kernelName"": ""a8w8_rowwise_256x256x256x64_16x16_8x8_4x64x1_4x64x1_1x32x1x8_8x8x1_1x2_intrawave_v3""}, {""kernelId"": 42, ""latency_cycles"": 1131009.51, ""kernelName"": ""a8w8_rowwise_256x128x256x64_32x32_2x4_4x64x1_4x64x1_1x32x1x8_8x8x1_1x1_interwave_v1""}]",
a8w8,gfx950,65536,8192,2048,torch.int8,True,device:0,256,aiter,37,a8w8_rowwise_256x256x256x128_16x16_8x8_8x32x1_8x32x1_1x32x1x8_8x8x1_1x2_intrawave_v3,256,256,128,2,16,16,32,0,3266100.22,1481.2316948106832,"[{""kernelId"": 37, ""latency_cycles"": 3266100.22, ""kernelName"": ""a8w8_rowwise_256x256x256x128_16x16_8x8_8x32x1_8x32x1_1x32x1x8_8x8x1_1x2_intrawave_v3""}, {""kernelId"": 39, ""latency_cycles"": 3348927.0, ""kernelName"": ""a8w8_rowwise_256x224x256x128_16x16_7x8_8x32x1_8x32x1_1x32x1x8_8x8x1_1x2_intrawave_v3""}, {""kernelId"": 40, ""latency_cycles"": 3370368.68, ""kernelName"": ""a8w8_rowwise_256x256x224x128_16x16_8x7_8x32x1_8x32x1_1x64x1x4_8x8x1_2x1_intrawave_v3""}, {""kernelId"": 38, ""latency_cycles"": 3591527.51, ""kernelName"": ""a8w8_rowwise_256x256x256x64_16x16_8x8_4x64x1_4x64x1_1x32x1x8_8x8x1_1x2_intrawave_v3""}, {""kernelId"": 17, ""latency_cycles"": 5077978.13, ""kernelName"": ""a8w8_rowwise_256x64x224x128_16x16_2x7_8x32x1_8x32x1_1x64x1x4_8x8x1_2x1_intrawave_v3""}]",
a8w8,gfx950,48,8192,7168,torch.float8_e4m3fn,True,device:0,256,aiter,33,a8w8_rowwise_256x16x128x256_16x16_1x2_16x16x1_16x16x1_1x16x1x16_8x8x1_1x2_intrawave_v3,16,128,256,2,16,16,128,0,49143.37,252.35793408992973,"[{""kernelId"": 33, ""latency_cycles"": 49143.37, ""kernelName"": ""a8w8_rowwise_256x16x128x256_16x16_1x2_16x16x1_16x16x1_1x16x1x16_8x8x1_1x2_intrawave_v3""}, {""kernelId"": 34, ""latency_cycles"": 53192.69, ""kernelName"": ""a8w8_rowwise_256x16x64x512_16x16_1x1_32x8x1_32x8x1_1x16x1x16_4x4x1_1x1_intrawave_v3""}, {""kernelId"": 31, ""latency_cycles"": 55837.92, ""kernelName"": ""a8w8_rowwise_256x16x256x128_16x16_1x4_16x16x1_8x32x1_1x16x1x16_8x8x1_1x2_intrawave_v3""}, {""kernelId"": 65, ""latency_cycles"": 55837.92, ""kernelName"": ""a8w8_rowwise_256x16x256x128_16x16_1x4_8x16x1_8x16x1_1x16x1x16_4x4x1_1x1_interwave_v2""}, {""kernelId"": 84, ""latency_cycles"": 55837.92, ""kernelName"": ""a8w8_rowwise_256x16x256x128_16x16_1x4_8x16x1_8x16x1_1x16x1x16_4x4x1_1x1_interwave_v2""}]",
a8w8,gfx950,448,8192,7168,torch.float8_e4m3fn,True,device:0,256,aiter,12,a8w8_rowwise_256x128x128x256_32x32_2x2_16x16x1_16x16x1_1x32x1x8_8x8x1_1x1_intrawave_v3,128,128,256,2,32,32,64,0,91319.87,1267.5157051275983,"[{""kernelId"": 12, ""latency_cycles"": 91319.87, ""kernelName"": ""a8w8_rowwise_256x128x128x256_32x32_2x2_16x16x1_16x16x1_1x32x1x8_8x8x1_1x1_intrawave_v3""}, {""kernelId"": 13, ""latency_cycles"": 103819.79, ""kernelName"": ""a8w8_rowwise_256x128x128x128_32x32_2x2_8x32x1_8x32x1_1x32x1x8_8x8x1_1x1_intrawave_v3""}, {""kernelId"": 35, ""latency_cycles"": 103819.79, ""kernelName"": ""a8w8_rowwise_256x128x128x128_32x32_2x2_8x32x1_8x32x1_1x32x1x8_8x8x1_1x1_intrawave_v4""}, {""kernelId"": 41, ""latency_cycles"": 103819.79, ""kernelName"": ""a8w8_rowwise_256x128x128x128_32x32_2x2_8x32x1_8x32x1_1x32x1x8_8x8x1_1x1_intrawave_v5""}, {""kernelId"": 44, ""latency_cycles"": 103819.79, ""kernelName"": ""a8w8_rowwise_256x128x128x128_32x32_2x2_8x32x1_8x32x1_1x32x1x8_8x8x1_1x1_interwave_v1""}]",
a8w8,gfx950,12288,8192,7168,torch.int8,True,device:0,256,aiter,37,a8w8_rowwise_256x256x256x128_16x16_8x8_8x32x1_8x32x1_1x32x1x8_8x8x1_1x2_intrawave_v3,256,256,128,2,16,16,32,0,1715433.79,1850.7504293573033,"[{""kernelId"": 37, ""latency_cycles"": 1715433.79, ""kernelName"": ""a8w8_rowwise_256x256x256x128_16x16_8x8_8x32x1_8x32x1_1x32x1x8_8x8x1_1x2_intrawave_v3""}, {""kernelId"": 39, ""latency_cycles"": 1780164.84, ""kernelName"": ""a8w8_rowwise_256x224x256x128_16x16_7x8_8x32x1_8x32x1_1x32x1x8_8x8x1_1x2_intrawave_v3""}, {""kernelId"": 40, ""latency_cycles"": 1792917.32, ""kernelName"": ""a8w8_rowwise_256x256x224x128_16x16_8x7_8x32x1_8x32x1_1x64x1x4_8x8x1_2x1_intrawave_v3""}, {""kernelId"": 38, ""latency_cycles"": 1955572.59, ""kernelName"": ""a8w8_rowwise_256x256x256x64_16x16_8x8_4x64x1_4x64x1_1x32x1x8_8x8x1_1x2_intrawave_v3""}, {""kernelId"": 20, ""latency_cycles"": 2889120.4, ""kernelName"": ""a8w8_rowwise_256x64x160x256_16x16_2x5_16x16x1_16x16x1_1x64x1x4_8x8x1_2x1_intrawave_v3""}]",
a8w8,gfx950,24,8192,8192,torch.int8,True,device:0,256,aiter,58,a8w8_rowwise_64x16x16x64_16x16_1x1_4x16x1_4x16x1_1x16x1x4_4x4x1_1x1_intrawave_v2,16,16,64,2,16,16,32,0,420208.76,16.86470336604381,"[{""kernelId"": 58, ""latency_cycles"": 420208.76, ""kernelName"": ""a8w8_rowwise_64x16x16x64_16x16_1x1_4x16x1_4x16x1_1x16x1x4_4x4x1_1x1_intrawave_v2""}, {""kernelId"": 77, ""latency_cycles"": 420208.76, ""kernelName"": ""a8w8_rowwise_64x16x16x64_16x16_1x1_4x16x1_4x16x1_1x16x1x4_4x4x1_1x1_interwave_v2""}, {""kernelId"": 38, ""latency_cycles"": 544477.09, ""kernelName"": ""a8w8_rowwise_256x256x256x64_16x16_8x8_4x64x1_4x64x1_1x32x1x8_8x8x1_1x2_intrawave_v3""}, {""kernelId"": 42, ""latency_cycles"": 719866.76, ""kernelName"": ""a8w8_rowwise_256x128x256x64_32x32_2x4_4x64x1_4x64x1_1x32x1x8_8x8x1_1x1_interwave_v1""}, {""kernelId"": 36, ""latency_cycles"": 728052.46, ""kernelName"": ""a8w8_rowwise_256x128x128x64_32x32_2x2_4x64x1_4x64x1_1x32x1x8_8x8x1_1x1_intrawave_v4""}]",
a8w8,gfx950,4,8192,28672,torch.int8,True,device:0,256,aiter,58,a8w8_rowwise_64x16x16x64_16x16_1x1_4x16x1_4x16x1_1x16x1x4_4x4x1_1x1_intrawave_v2,16,16,64,2,16,16,32,0,1768900.8,2.3369914305269797,"[{""kernelId"": 58, ""latency_cycles"": 1768900.8, ""kernelName"": ""a8w8_rowwise_64x16x16x64_16x16_1x1_4x16x1_4x16x1_1x16x1x4_4x4x1_1x1_intrawave_v2""}, {""kernelId"": 77, ""latency_cycles"": 1768900.8, ""kernelName"": ""a8w8_rowwise_64x16x16x64_16x16_1x1_4x16x1_4x16x1_1x16x1x4_4x4x1_1x1_interwave_v2""}, {""kernelId"": 38, ""latency_cycles"": 10510342.71, ""kernelName"": ""a8w8_rowwise_256x256x256x64_16x16_8x8_4x64x1_4x64x1_1x32x1x8_8x8x1_1x2_intrawave_v3""}, {""kernelId"": 42, ""latency_cycles"": 14607419.9, ""kernelName"": ""a8w8_rowwise_256x128x256x64_32x32_2x4_4x64x1_4x64x1_1x32x1x8_8x8x1_1x1_interwave_v1""}, {""kernelId"": 36, ""latency_cycles"": 14696076.7, ""kernelName"": ""a8w8_rowwise_256x128x128x64_32x32_2x2_4x64x1_4x64x1_1x32x1x8_8x8x1_1x1_intrawave_v4""}]",
a8w8,gfx950,65536,8192,28672,torch.int8,True,device:0,256,aiter,37,a8w8_rowwise_256x256x256x128_16x16_8x8_8x32x1_8x32x1_1x32x1x8_8x8x1_1x2_intrawave_v3,256,256,128,2,16,16,32,0,33857076.22,2000.4655993832796,"[{""kernelId"": 37, ""latency_cycles"": 33857076.22, ""kernelName"": ""a8w8_rowwise_256x256x256x128_16x16_8x8_8x32x1_8x32x1_1x32x1x8_8x8x1_1x2_intrawave_v3""}, {""kernelId"": 39, ""latency_cycles"": 34819795.0, ""kernelName"": ""a8w8_rowwise_256x224x256x128_16x16_7x8_8x32x1_8x32x1_1x32x1x8_8x8x1_1x2_intrawave_v3""}, {""kernelId"": 40, ""latency_cycles"": 35124064.68, ""kernelName"": ""a8w8_rowwise_256x256x224x128_16x16_8x7_8x32x1_8x32x1_1x64x1x4_8x8x1_2x1_intrawave_v3""}, {""kernelId"": 38, ""latency_cycles"": 39150130.97, ""kernelName"": ""a8w8_rowwise_256x256x256x64_16x16_8x8_4x64x1_4x64x1_1x32x1x8_8x8x1_1x2_intrawave_v3""}, {""kernelId"": 20, ""latency_cycles"": 57856113.82, ""kernelName"": ""a8w8_rowwise_256x64x160x256_16x16_2x5_16x16x1_16x16x1_1x64x1x4_8x8x1_2x1_intrawave_v3""}]",
a8w8,gfx950,64,8448,256,torch.int8,True,device:0,256,aiter,31,a8w8_rowwise_256x16x256x128_16x16_1x4_16x16x1_8x32x1_1x16x1x16_8x8x1_1x2_intrawave_v3,16,256,128,2,16,16,32,0,4889.64,124.55158990617967,"[{""kernelId"": 31, ""latency_cycles"": 4889.64, ""kernelName"": ""a8w8_rowwise_256x16x256x128_16x16_1x4_16x16x1_8x32x1_1x16x1x16_8x8x1_1x2_intrawave_v3""}, {""kernelId"": 65, ""latency_cycles"": 4889.64, ""kernelName"": ""a8w8_rowwise_256x16x256x128_16x16_1x4_8x16x1_8x16x1_1x16x1x16_4x4x1_1x1_interwave_v2""}, {""kernelId"": 84, ""latency_cycles"": 4889.64, ""kernelName"": ""a8w8_rowwise_256x16x256x128_16x16_1x4_8x16x1_8x16x1_1x16x1x16_4x4x1_1x1_interwave_v2""}, {""kernelId"": 61, ""latency_cycles"": 5313.44, ""kernelName"": ""a8w8_rowwise_128x16x64x128_16x16_1x2_8x16x1_8x16x1_1x16x1x8_4x4x1_1x1_intrawave_v2""}, {""kernelId"": 80, ""latency_cycles"": 5313.44, ""kernelName"": ""a8w8_rowwise_128x16x64x128_16x16_1x2_8x16x1_8x16x1_1x16x1x8_4x4x1_1x1_interwave_v2""}]",
a8w8,gfx950,2,8448,3584,torch.int8,True,device:0,256,aiter,58,a8w8_rowwise_64x16x16x64_16x16_1x1_4x16x1_4x16x1_1x16x1x4_4x4x1_1x1_intrawave_v2,16,16,64,2,16,16,32,0,581085.0,0.4585269958476557,"[{""kernelId"": 58, ""latency_cycles"": 581085.0, ""kernelName"": ""a8w8_rowwise_64x16x16x64_16x16_1x1_4x16x1_4x16x1_1x16x1x4_4x4x1_1x1_intrawave_v2""}, {""kernelId"": 77, ""latency_cycles"": 581085.0, ""kernelName"": ""a8w8_rowwise_64x16x16x64_16x16_1x1_4x16x1_4x16x1_1x16x1x4_4x4x1_1x1_interwave_v2""}, {""kernelId"": 38, ""latency_cycles"": 2937080.7, ""kernelName"": ""a8w8_rowwise_256x256x256x64_16x16_8x8_4x64x1_4x64x1_1x32x1x8_8x8x1_1x2_intrawave_v3""}, {""kernelId"": 36, ""latency_cycles"": 4865759.31, ""kernelName"": ""a8w8_rowwise_256x128x128x64_32x32_2x2_4x64x1_4x64x1_1x32x1x8_8x8x1_1x1_intrawave_v4""}, {""kernelId"": 42, ""latency_cycles"": 4922051.25, ""kernelName"": ""a8w8_rowwise_256x128x256x64_32x32_2x4_4x64x1_4x64x1_1x32x1x8_8x8x1_1x1_interwave_v1""}]",
a8w8,gfx950,32,8448,3584,torch.int8,True,device:0,256,aiter,58,a8w8_rowwise_64x16x16x64_16x16_1x1_4x16x1_4x16x1_1x16x1x4_4x4x1_1x1_intrawave_v2,16,16,64,2,16,16,32,0,206294.56,20.665065859527235,"[{""kernelId"": 58, ""latency_cycles"": 206294.56, ""kernelName"": ""a8w8_rowwise_64x16x16x64_16x16_1x1_4x16x1_4x16x1_1x16x1x4_4x4x1_1x1_intrawave_v2""}, {""kernelId"": 77, ""latency_cycles"": 206294.56, ""kernelName"": ""a8w8_rowwise_64x16x16x64_16x16_1x1_4x16x1_4x16x1_1x16x1x4_4x4x1_1x1_interwave_v2""}, {""kernelId"": 38, ""latency_cycles"": 233847.87, ""kernelName"": ""a8w8_rowwise_256x256x256x64_16x16_8x8_4x64x1_4x64x1_1x32x1x8_8x8x1_1x2_intrawave_v3""}, {""kernelId"": 36, ""latency_cycles"": 333364.11, ""kernelName"": ""a8w8_rowwise_256x128x128x64_32x32_2x2_4x64x1_4x64x1_1x32x1x8_8x8x1_1x1_intrawave_v4""}, {""kernelId"": 42, ""latency_cycles"": 363119.21, ""kernelName"": ""a8w8_rowwise_256x128x256x64_32x32_2x4_4x64x1_4x64x1_1x32x1x8_8x8x1_1x1_interwave_v1""}]",
a8w8,gfx950,384,8448,3584,torch.float8_e4m3fn,True,device:0,256,aiter,12,a8w8_rowwise_256x128x128x256_32x32_2x2_16x16x1_16x16x1_1x32x1x8_8x8x1_1x1_intrawave_v3,128,128,256,2,32,32,64,0,44238.96,1156.3807655945132,"[{""kernelId"": 12, ""latency_cycles"": 44238.96, ""kernelName"": ""a8w8_rowwise_256x128x128x256_32x32_2x2_16x16x1_16x16x1_1x32x1x8_8x8x1_1x1_intrawave_v3""}, {""kernelId"": 13, ""latency_cycles"": 49804.79, ""kernelName"": ""a8w8_rowwise_256x128x128x128_32x32_2x2_8x32x1_8x32x1_1x32x1x8_8x8x1_1x1_intrawave_v3""}, {""kernelId"": 35, ""latency_cycles"": 49804.79, ""kernelName"": ""a8w8_rowwise_256x128x128x128_32x32_2x2_8x32x1_8x32x1_1x32x1x8_8x8x1_1x1_intrawave_v4""}, {""kernelId"": 41, ""latency_cycles"": 49804.79, ""kernelName"": ""a8w8_rowwise_256x128x128x128_32x32_2x2_8x32x1_8x32x1_1x32x1x8_8x8x1_1x1_intrawave_v5""}, {""kernelId"": 44, ""latency_cycles"": 49804.79, ""kernelName"": ""a8w8_rowwise_256x128x128x128_32x32_2x2_8x32x1_8x32x1_1x32x1x8_8x8x1_1x1_interwave_v1""}]",
a8w8,gfx950,1024,8448,3584,torch.float8_e4m3fn,True,device:0,256,aiter,4,a8w8_rowwise_256x256x160x128_32x32_2x5_8x32x1_8x32x1_1x64x1x4_8x8x1_2x1_intrawave_v3,256,160,128,2,32,32,64,0,77907.41,1751.0387853473733,"[{""kernelId"": 4, ""latency_cycles"": 77907.41, ""kernelName"": ""a8w8_rowwise_256x256x160x128_32x32_2x5_8x32x1_8x32x1_1x64x1x4_8x8x1_2x1_intrawave_v3""}, {""kernelId"": 3, ""latency_cycles"": 83056.25, ""kernelName"": ""a8w8_rowwise_256x256x192x128_32x32_4x3_8x32x1_8x32x1_1x32x1x8_8x8x1_1x1_intrawave_v3""}, {""kernelId"": 2, ""latency_cycles"": 89052.34, ""kernelName"": ""a8w8_rowwise_256x256x224x128_32x32_2x7_8x32x1_8x32x1_1x64x1x4_8x8x1_2x1_intrawave_v3""}, {""kernelId"": 40, ""latency_cycles"": 91350.58, ""kernelName"": ""a8w8_rowwise_256x256x224x128_16x16_8x7_8x32x1_8x32x1_1x64x1x4_8x8x1_2x1_intrawave_v3""}, {""kernelId"": 1, ""latency_cycles"": 94163.8, ""kernelName"": ""a8w8_rowwise_256x256x256x128_32x32_4x4_8x32x1_8x32x1_1x32x1x8_8x8x1_1x1_intrawave_v3""}]",
a8w8,gfx950,3,9216,896,torch.int8,True,device:0,256,aiter,58,a8w8_rowwise_64x16x16x64_16x16_1x1_4x16x1_4x16x1_1x16x1x4_4x4x1_1x1_intrawave_v2,16,16,64,2,16,16,32,0,104339.52,1.0446614668529455,"[{""kernelId"": 58, ""latency_cycles"": 104339.52, ""kernelName"": ""a8w8_rowwise_64x16x16x64_16x16_1x1_4x16x1_4x16x1_1x16x1x4_4x4x1_1x1_intrawave_v2""}, {""kernelId"": 77, ""latency_cycles"": 104339.52, ""kernelName"": ""a8w8_rowwise_64x16x16x64_16x16_1x1_4x16x1_4x16x1_1x16x1x4_4x4x1_1x1_interwave_v2""}, {""kernelId"": 36, ""latency_cycles"": 2352793.6, ""kernelName"": ""a8w8_rowwise_256x128x128x64_32x32_2x2_4x64x1_4x64x1_1x32x1x8_8x8x1_1x1_intrawave_v4""}, {""kernelId"": 38, ""latency_cycles"": 2690249.51, ""kernelName"": ""a8w8_rowwise_256x256x256x64_16x16_8x8_4x64x1_4x64x1_1x32x1x8_8x8x1_1x2_intrawave_v3""}, {""kernelId"": 42, ""latency_cycles"": 4666064.66, ""kernelName"": ""a8w8_rowwise_256x128x256x64_32x32_2x4_4x64x1_4x64x1_1x32x1x8_8x8x1_1x1_interwave_v1""}]",
a8w8,gfx950,5,9216,896,torch.float8_e4m3fn,True,device:0,256,aiter,58,a8w8_rowwise_64x16x16x64_16x16_1x1_4x16x1_4x16x1_1x16x1x4_4x4x1_1x1_intrawave_v2,16,16,64,2,16,16,128,0,70554.18,2.57484098898841,"[{""kernelId"": 58, ""latency_cycles"": 70554.18, ""kernelName"": ""a8w8_rowwise_64x16x16x64_16x16_1x1_4x16x1_4x16x1_1x16x1x4_4x4x1_1x1_intrawave_v2""}, {""kernelId"": 77, ""latency_cycles"": 70554.18, ""kernelName"": ""a8w8_rowwise_64x16x16x64_16x16_1x1_4x16x1_4x16x1_1x16x1x4_4x4x1_1x1_interwave_v2""}, {""kernelId"": 36, ""latency_cycles"": 408566.88, ""kernelName"": ""a8w8_rowwise_256x128x128x64_32x32_2x2_4x64x1_4x64x1_1x32x1x8_8x8x1_1x1_intrawave_v4""}, {""kernelId"": 42, ""latency_cycles"": 610157.48, ""kernelName"": ""a8w8_rowwise_256x128x256x64_32x32_2x4_4x64x1_4x64x1_1x32x1x8_8x8x1_1x1_interwave_v1""}, {""kernelId"": 43, ""latency_cycles"": 1211260.38, ""kernelName"": ""a8w8_rowwise_256x256x128x64_32x32_4x2_4x64x1_4x64x1_1x32x1x8_8x8x1_1x1_interwave_v1""}]",
a8w8,gfx950,32,9216,896,torch.int8,True,device:0,256,aiter,58,a8w8_rowwise_64x16x16x64_16x16_1x1_4x16x1_4x16x1_1x16x1x4_4x4x1_1x1_intrawave_v2,16,16,64,2,16,16,32,0,50459.43,23.041504283849644,"[{""kernelId"": 58, ""latency_cycles"": 50459.43, ""kernelName"": ""a8w8_rowwise_64x16x16x64_16x16_1x1_4x16x1_4x16x1_1x16x1x4_4x4x1_1x1_intrawave_v2""}, {""kernelId"": 77, ""latency_cycles"": 50459.43, ""kernelName"": ""a8w8_rowwise_64x16x16x64_16x16_1x1_4x16x1_4x16x1_1x16x1x4_4x4x1_1x1_interwave_v2""}, {""kernelId"": 36, ""latency_cycles"": 235546.15, ""kernelName"": ""a8w8_rowwise_256x128x128x64_32x32_2x2_4x64x1_4x64x1_1x32x1x8_8x8x1_1x1_intrawave_v4""}, {""kernelId"": 38, ""latency_cycles"": 271028.7, ""kernelName"": ""a8w8_rowwise_256x256x256x64_16x16_8x8_4x64x1_4x64x1_1x32x1x8_8x8x1_1x2_intrawave_v3""}, {""kernelId"": 42, ""latency_cycles"": 461286.49, ""kernelName"": ""a8w8_rowwise_256x128x256x64_32x32_2x4_4x64x1_4x64x1_1x32x1x8_8x8x1_1x1_interwave_v1""}]",
a8w8,gfx950,96,9216,896,torch.int8,True,device:0,256,aiter,31,a8w8_rowwise_256x16x256x128_16x16_1x4_16x16x1_8x32x1_1x16x1x16_8x8x1_1x2_intrawave_v3,16,256,128,2,16,16,32,0,13505.93,258.2557538727506,"[{""kernelId"": 31, ""latency_cycles"": 13505.93, ""kernelName"": ""a8w8_rowwise_256x16x256x128_16x16_1x4_16x16x1_8x32x1_1x16x1x16_8x8x1_1x2_intrawave_v3""}, {""kernelId"": 65, ""latency_cycles"": 13505.93, ""kernelName"": ""a8w8_rowwise_256x16x256x128_16x16_1x4_8x16x1_8x16x1_1x16x1x16_4x4x1_1x1_interwave_v2""}, {""kernelId"": 84, ""latency_cycles"": 13505.93, ""kernelName"": ""a8w8_rowwise_256x16x256x128_16x16_1x4_8x16x1_8x16x1_1x16x1x16_4x4x1_1x1_interwave_v2""}, {""kernelId"": 63, ""latency_cycles"": 16991.25, ""kernelName"": ""a8w8_rowwise_128x16x128x128_16x16_1x4_8x16x1_8x16x1_1x16x1x8_4x4x1_1x1_interwave_v2""}, {""kernelId"": 82, ""latency_cycles"": 16991.25, ""kernelName"": ""a8w8_rowwise_128x16x128x128_16x16_1x4_8x16x1_8x16x1_1x16x1x8_4x4x1_1x1_interwave_v2""}]",
a8w8,gfx950,9,9216,8192,torch.float8_e4m3fn,True,device:0,256,aiter,58,a8w8_rowwise_64x16x16x64_16x16_1x1_4x16x1_4x16x1_1x16x1x4_4x4x1_1x1_intrawave_v2,16,16,64,2,16,16,128,0,443136.16,6.746684593615746,"[{""kernelId"": 58, ""latency_cycles"": 443136.16, ""kernelName"": ""a8w8_rowwise_64x16x16x64_16x16_1x1_4x16x1_4x16x1_1x16x1x4_4x4x1_1x1_intrawave_v2""}, {""kernelId"": 77, ""latency_cycles"": 443136.16, ""kernelName"": ""a8w8_rowwise_64x16x16x64_16x16_1x1_4x16x1_4x16x1_1x16x1x4_4x4x1_1x1_interwave_v2""}, {""kernelId"": 42, ""latency_cycles"": 815164.53, ""kernelName"": ""a8w8_rowwise_256x128x256x64_32x32_2x4_4x64x1_4x64x1_1x32x1x8_8x8x1_1x1_interwave_v1""}, {""kernelId"": 36, ""latency_cycles"": 888783.24, ""kernelName"": ""a8w8_rowwise_256x128x128x64_32x32_2x2_4x64x1_4x64x1_1x32x1x8_8x8x1_1x1_intrawave_v4""}, {""kernelId"": 0, ""latency_cycles"": 1607362.3, ""kernelName"": ""a8w8_rowwise_256x256x256x64_32x32_4x4_4x64x1_4x64x1_1x32x1x8_8x8x1_1x1_intrawave_v4""}]",
a8w8,gfx950,4,9216,16384,torch.int8,True,device:0,256,aiter,58,a8w8_rowwise_64x16x16x64_16x16_1x1_4x16x1_4x16x1_1x16x1x4_4x4x1_1x1_intrawave_v2,16,16,64,2,16,16,32,0,1516325.03,1.7525998460954566,"[{""kernelId"": 58, ""latency_cycles"": 1516325.03, ""kernelName"": ""a8w8_rowwise_64x16x16x64_16x16_1x1_4x16x1_4x16x1_1x16x1x4_4x4x1_1x1_intrawave_v2""}, {""kernelId"": 77, ""latency_cycles"": 1516325.03, ""kernelName"": ""a8w8_rowwise_64x16x16x64_16x16_1x1_4x16x1_4x16x1_1x16x1x4_4x4x1_1x1_interwave_v2""}, {""kernelId"": 38, ""latency_cycles"": 6891200.87, ""kernelName"": ""a8w8_rowwise_256x256x256x64_16x16_8x8_4x64x1_4x64x1_1x32x1x8_8x8x1_1x2_intrawave_v3""}, {""kernelId"": 42, ""latency_cycles"": 9615403.63, ""kernelName"": ""a8w8_rowwise_256x128x256x64_32x32_2x4_4x64x1_4x64x1_1x32x1x8_8x8x1_1x1_interwave_v1""}, {""kernelId"": 36, ""latency_cycles"": 11265497.43, ""kernelName"": ""a8w8_rowwise_256x128x128x64_32x32_2x2_4x64x1_4x64x1_1x32x1x8_8x8x1_1x1_intrawave_v4""}]",
a8w8,gfx950,192,9216,49920,torch.int8,True,device:0,256,aiter,17,a8w8_rowwise_256x64x224x128_16x16_2x7_8x32x1_8x32x1_1x64x1x4_8x8x1_2x1_intrawave_v3,64,224,128,2,16,16,32,0,372536.03,1043.284272650389,"[{""kernelId"": 17, ""latency_cycles"": 372536.03, ""kernelName"": ""a8w8_rowwise_256x64x224x128_16x16_2x7_8x32x1_8x32x1_1x64x1x4_8x8x1_2x1_intrawave_v3""}, {""kernelId"": 20, ""latency_cycles"": 476303.25, ""kernelName"": ""a8w8_rowwise_256x64x160x256_16x16_2x5_16x16x1_16x16x1_1x64x1x4_8x8x1_2x1_intrawave_v3""}, {""kernelId"": 25, ""latency_cycles"": 534436.98, ""kernelName"": ""a8w8_rowwise_256x32x224x256_16x16_1x7_16x16x1_16x16x1_1x32x1x8_4x4x1_1x1_intrawave_v3""}, {""kernelId"": 38, ""latency_cycles"": 627749.97, ""kernelName"": ""a8w8_rowwise_256x256x256x64_16x16_8x8_4x64x1_4x64x1_1x32x1x8_8x8x1_1x2_intrawave_v3""}, {""kernelId"": 22, ""latency_cycles"": 731230.54, ""kernelName"": ""a8w8_rowwise_256x64x96x256_16x16_2x3_16x16x1_16x16x1_1x64x1x4_8x8x1_2x1_intrawave_v3""}]",
a8w8,gfx950,448,10240,3200,torch.int8,True,device:0,256,aiter,20,a8w8_rowwise_256x64x160x256_16x16_2x5_16x16x1_16x16x1_1x64x1x4_8x8x1_2x1_intrawave_v3,64,160,256,2,16,16,32,0,84513.06,764.287612914844,"[{""kernelId"": 20, ""latency_cycles"": 84513.06, ""kernelName"": ""a8w8_rowwise_256x64x160x256_16x16_2x5_16x16x1_16x16x1_1x64x1x4_8x8x1_2x1_intrawave_v3""}, {""kernelId"": 22, ""latency_cycles"": 97285.52, ""kernelName"": ""a8w8_rowwise_256x64x96x256_16x16_2x3_16x16x1_16x16x1_1x64x1x4_8x8x1_2x1_intrawave_v3""}, {""kernelId"": 17, ""latency_cycles"": 99523.36, ""kernelName"": ""a8w8_rowwise_256x64x224x128_16x16_2x7_8x32x1_8x32x1_1x64x1x4_8x8x1_2x1_intrawave_v3""}, {""kernelId"": 26, ""latency_cycles"": 120712.97, ""kernelName"": ""a8w8_rowwise_256x32x192x256_16x16_1x6_16x16x1_16x16x1_1x32x1x8_8x8x1_1x2_intrawave_v3""}, {""kernelId"": 25, ""latency_cycles"": 133357.82, ""kernelName"": ""a8w8_rowwise_256x32x224x256_16x16_1x7_16x16x1_16x16x1_1x32x1x8_4x4x1_1x1_intrawave_v3""}]",
a8w8,gfx950,1024,10240,3200,torch.int8,True,device:0,256,aiter,40,a8w8_rowwise_256x256x224x128_16x16_8x7_8x32x1_8x32x1_1x64x1x4_8x8x1_2x1_intrawave_v3,256,224,128,2,16,16,32,0,125643.59,1175.0659481400273,"[{""kernelId"": 40, ""latency_cycles"": 125643.59, ""kernelName"": ""a8w8_rowwise_256x256x224x128_16x16_8x7_8x32x1_8x32x1_1x64x1x4_8x8x1_2x1_intrawave_v3""}, {""kernelId"": 39, ""latency_cycles"": 137443.76, ""kernelName"": ""a8w8_rowwise_256x224x256x128_16x16_7x8_8x32x1_8x32x1_1x32x1x8_8x8x1_1x2_intrawave_v3""}, {""kernelId"": 37, ""latency_cycles"": 139963.79, ""kernelName"": ""a8w8_rowwise_256x256x256x128_16x16_8x8_8x32x1_8x32x1_1x32x1x8_8x8x1_1x2_intrawave_v3""}, {""kernelId"": 17, ""latency_cycles"": 149285.04, ""kernelName"": ""a8w8_rowwise_256x64x224x128_16x16_2x7_8x32x1_8x32x1_1x64x1x4_8x8x1_2x1_intrawave_v3""}, {""kernelId"": 38, ""latency_cycles"": 156655.88, ""kernelName"": ""a8w8_rowwise_256x256x256x64_16x16_8x8_4x64x1_4x64x1_1x32x1x8_8x8x1_1x2_intrawave_v3""}]",
a8w8,gfx950,14,10240,7168,torch.int8,True,device:0,256,aiter,58,a8w8_rowwise_64x16x16x64_16x16_1x1_4x16x1_4x16x1_1x16x1x4_4x4x1_1x1_intrawave_v2,16,16,64,2,16,16,32,0,308947.71,14.635032129445706,"[{""kernelId"": 58, ""latency_cycles"": 308947.71, ""kernelName"": ""a8w8_rowwise_64x16x16x64_16x16_1x1_4x16x1_4x16x1_1x16x1x4_4x4x1_1x1_intrawave_v2""}, {""kernelId"": 77, ""latency_cycles"": 308947.71, ""kernelName"": ""a8w8_rowwise_64x16x16x64_16x16_1x1_4x16x1_4x16x1_1x16x1x4_4x4x1_1x1_interwave_v2""}, {""kernelId"": 38, ""latency_cycles"": 1016463.11, ""kernelName"": ""a8w8_rowwise_256x256x256x64_16x16_8x8_4x64x1_4x64x1_1x32x1x8_8x8x1_1x2_intrawave_v3""}, {""kernelId"": 42, ""latency_cycles"": 1425805.82, ""kernelName"": ""a8w8_rowwise_256x128x256x64_32x32_2x4_4x64x1_4x64x1_1x32x1x8_8x8x1_1x1_interwave_v1""}, {""kernelId"": 36, ""latency_cycles"": 1447529.17, ""kernelName"": ""a8w8_rowwise_256x128x128x64_32x32_2x2_4x64x1_4x64x1_1x32x1x8_8x8x1_1x1_intrawave_v4""}]",
a8w8,gfx950,49152,10240,7168,torch.int8,True,device:0,256,aiter,37,a8w8_rowwise_256x256x256x128_16x16_8x8_8x32x1_8x32x1_1x32x1x8_8x8x1_1x2_intrawave_v3,256,256,128,2,16,16,32,0,8577168.95,1850.7504293573033,"[{""kernelId"": 37, ""latency_cycles"": 8577168.95, ""kernelName"": ""a8w8_rowwise_256x256x256x128_16x16_8x8_8x32x1_8x32x1_1x32x1x8_8x8x1_1x2_intrawave_v3""}, {""kernelId"": 39, ""latency_cycles"": 8900824.21, ""kernelName"": ""a8w8_rowwise_256x224x256x128_16x16_7x8_8x32x1_8x32x1_1x32x1x8_8x8x1_1x2_intrawave_v3""}, {""kernelId"": 40, ""latency_cycles"": 8926329.16, ""kernelName"": ""a8w8_rowwise_256x256x224x128_16x16_8x7_8x32x1_8x32x1_1x64x1x4_8x8x1_2x1_intrawave_v3""}, {""kernelId"": 38, ""latency_cycles"": 9777862.96, ""kernelName"": ""a8w8_rowwise_256x256x256x64_16x16_8x8_4x64x1_4x64x1_1x32x1x8_8x8x1_1x2_intrawave_v3""}, {""kernelId"": 20, ""latency_cycles"": 14061764.91, ""kernelName"": ""a8w8_rowwise_256x64x160x256_16x16_2x5_16x16x1_16x16x1_1x64x1x4_8x8x1_2x1_intrawave_v3""}]",
a8w8,gfx950,15,10240,8192,torch.int8,True,device:0,256,aiter,58,a8w8_rowwise_64x16x16x64_16x16_1x1_4x16x1_4x16x1_1x16x1x4_4x4x1_1x1_intrawave_v2,16,16,64,2,16,16,32,0,342368.9,16.17109895288491,"[{""kernelId"": 58, ""latency_cycles"": 342368.9, ""kernelName"": ""a8w8_rowwise_64x16x16x64_16x16_1x1_4x16x1_4x16x1_1x16x1x4_4x4x1_1x1_intrawave_v2""}, {""kernelId"": 77, ""latency_cycles"": 342368.9, ""kernelName"": ""a8w8_rowwise_64x16x16x64_16x16_1x1_4x16x1_4x16x1_1x16x1x4_4x4x1_1x1_interwave_v2""}, {""kernelId"": 38, ""latency_cycles"": 1094959.15, ""kernelName"": ""a8w8_rowwise_256x256x256x64_16x16_8x8_4x64x1_4x64x1_1x32x1x8_8x8x1_1x2_intrawave_v3""}, {""kernelId"": 36, ""latency_cycles"": 1531657.71, ""kernelName"": ""a8w8_rowwise_256x128x128x64_32x32_2x2_4x64x1_4x64x1_1x32x1x8_8x8x1_1x1_intrawave_v4""}, {""kernelId"": 42, ""latency_cycles"": 1544888.53, ""kernelName"": ""a8w8_rowwise_256x128x256x64_32x32_2x4_4x64x1_4x64x1_1x32x1x8_8x8x1_1x1_interwave_v1""}]",
a8w8,gfx950,80,10240,8192,torch.float8_e4m3fn,True,device:0,256,aiter,28,a8w8_rowwise_256x32x128x256_32x32_1x1_16x16x1_16x16x1_1x32x1x8_8x8x1_1x1_intrawave_v3,32,128,256,2,32,32,64,0,70176.34,420.7672004440473,"[{""kernelId"": 28, ""latency_cycles"": 70176.34, ""kernelName"": ""a8w8_rowwise_256x32x128x256_32x32_1x1_16x16x1_16x16x1_1x32x1x8_8x8x1_1x1_intrawave_v3""}, {""kernelId"": 27, ""latency_cycles"": 81262.65, ""kernelName"": ""a8w8_rowwise_256x32x160x256_16x16_1x5_16x16x1_16x16x1_1x32x1x8_4x4x1_1x1_intrawave_v3""}, {""kernelId"": 24, ""latency_cycles"": 81358.23, ""kernelName"": ""a8w8_rowwise_256x32x256x128_32x32_1x2_8x32x1_8x32x1_1x32x1x8_8x8x1_1x1_intrawave_v3""}, {""kernelId"": 66, ""latency_cycles"": 81358.23, ""kernelName"": ""a8w8_rowwise_256x32x256x128_32x32_1x2_8x32x1_8x32x1_1x16x1x16_8x8x1_1x1_intrawave_v2""}, {""kernelId"": 85, ""latency_cycles"": 81358.23, ""kernelName"": ""a8w8_rowwise_256x32x256x128_32x32_1x2_8x32x1_8x32x1_1x16x1x16_8x8x1_1x1_interwave_v2""}]",
a8w8,gfx950,96,12800,5120,torch.int8,True,device:0,256,aiter,27,a8w8_rowwise_256x32x160x256_16x16_1x5_16x16x1_16x16x1_1x32x1x8_4x4x1_1x1_intrawave_v3,32,160,256,2,16,16,32,0,45917.82,602.8685179076797,"[{""kernelId"": 27, ""latency_cycles"": 45917.82, ""kernelName"": ""a8w8_rowwise_256x32x160x256_16x16_1x5_16x16x1_16x16x1_1x32x1x8_4x4x1_1x1_intrawave_v3""}, {""kernelId"": 26, ""latency_cycles"": 52056.01, ""kernelName"": ""a8w8_rowwise_256x32x192x256_16x16_1x6_16x16x1_16x16x1_1x32x1x8_8x8x1_1x2_intrawave_v3""}, {""kernelId"": 25, ""latency_cycles"": 58508.67, ""kernelName"": ""a8w8_rowwise_256x32x224x256_16x16_1x7_16x16x1_16x16x1_1x32x1x8_4x4x1_1x1_intrawave_v3""}, {""kernelId"": 29, ""latency_cycles"": 67119.88, ""kernelName"": ""a8w8_rowwise_256x32x96x256_16x16_1x3_16x16x1_16x16x1_1x32x1x8_4x4x1_1x1_intrawave_v3""}, {""kernelId"": 30, ""latency_cycles"": 69174.15, ""kernelName"": ""a8w8_rowwise_256x32x64x512_16x16_1x2_32x8x1_32x8x1_1x32x1x8_8x8x1_1x2_intrawave_v3""}]",
a8w8,gfx950,4,12800,6656,torch.int8,True,device:0,256,aiter,58,a8w8_rowwise_64x16x16x64_16x16_1x1_4x16x1_4x16x1_1x16x1x4_4x4x1_1x1_intrawave_v2,16,16,64,2,16,16,32,0,821572.46,1.8251143442406768,"[{""kernelId"": 58, ""latency_cycles"": 821572.46, ""kernelName"": ""a8w8_rowwise_64x16x16x64_16x16_1x1_4x16x1_4x16x1_1x16x1x4_4x4x1_1x1_intrawave_v2""}, {""kernelId"": 77, ""latency_cycles"": 821572.46, ""kernelName"": ""a8w8_rowwise_64x16x16x64_16x16_1x1_4x16x1_4x16x1_1x16x1x4_4x4x1_1x1_interwave_v2""}, {""kernelId"": 38, ""latency_cycles"": 3929821.85, ""kernelName"": ""a8w8_rowwise_256x256x256x64_16x16_8x8_4x64x1_4x64x1_1x32x1x8_8x8x1_1x2_intrawave_v3""}, {""kernelId"": 42, ""latency_cycles"": 5412083.37, ""kernelName"": ""a8w8_rowwise_256x128x256x64_32x32_2x4_4x64x1_4x64x1_1x32x1x8_8x8x1_1x1_interwave_v1""}, {""kernelId"": 36, ""latency_cycles"": 6784775.35, ""kernelName"": ""a8w8_rowwise_256x128x128x64_32x32_2x2_4x64x1_4x64x1_1x32x1x8_8x8x1_1x1_intrawave_v4""}]",
a8w8,gfx950,14,12800,7168,torch.int8,True,device:0,256,aiter,58,a8w8_rowwise_64x16x16x64_16x16_1x1_4x16x1_4x16x1_1x16x1x4_4x4x1_1x1_intrawave_v2,16,16,64,2,16,16,32,0,411930.28,13.720342621355352,"[{""kernelId"": 58, ""latency_cycles"": 411930.28, ""kernelName"": ""a8w8_rowwise_64x16x16x64_16x16_1x1_4x16x1_4x16x1_1x16x1x4_4x4x1_1x1_intrawave_v2""}, {""kernelId"": 77, ""latency_cycles"": 411930.28, ""kernelName"": ""a8w8_rowwise_64x16x16x64_16x16_1x1_4x16x1_4x16x1_1x16x1x4_4x4x1_1x1_interwave_v2""}, {""kernelId"": 38, ""latency_cycles"": 1255094.32, ""kernelName"": ""a8w8_rowwise_256x256x256x64_16x16_8x8_4x64x1_4x64x1_1x32x1x8_8x8x1_1x2_intrawave_v3""}, {""kernelId"": 42, ""latency_cycles"": 1728206.21, ""kernelName"": ""a8w8_rowwise_256x128x256x64_32x32_2x4_4x64x1_4x64x1_1x32x1x8_8x8x1_1x1_interwave_v1""}, {""kernelId"": 36, ""latency_cycles"": 2122588.69, ""kernelName"": ""a8w8_rowwise_256x128x128x64_32x32_2x2_4x64x1_4x64x1_1x32x1x8_8x8x1_1x1_intrawave_v4""}]",
a8w8,gfx950,15,12800,7168,torch.int8,True,device:0,256,aiter,58,a8w8_rowwise_64x16x16x64_16x16_1x1_4x16x1_4x16x1_1x16x1x4_4x4x1_1x1_intrawave_v2,16,16,64,2,16,16,32,0,399335.41,15.164010554305873,"[{""kernelId"": 58, ""latency_cycles"": 399335.41, ""kernelName"": ""a8w8_rowwise_64x16x16x64_16x16_1x1_4x16x1_4x16x1_1x16x1x4_4x4x1_1x1_intrawave_v2""}, {""kernelId"": 77, ""latency_cycles"": 399335.41, ""kernelName"": ""a8w8_rowwise_64x16x16x64_16x16_1x1_4x16x1_4x16x1_1x16x1x4_4x4x1_1x1_interwave_v2""}, {""kernelId"": 38, ""latency_cycles"": 1174111.47, ""kernelName"": ""a8w8_rowwise_256x256x256x64_16x16_8x8_4x64x1_4x64x1_1x32x1x8_8x8x1_1x2_intrawave_v3""}, {""kernelId"": 42, ""latency_cycles"": 1616028.43, ""kernelName"": ""a8w8_rowwise_256x128x256x64_32x32_2x4_4x64x1_4x64x1_1x32x1x8_8x8x1_1x1_interwave_v1""}, {""kernelId"": 36, ""latency_cycles"": 1984521.21, ""kernelName"": ""a8w8_rowwise_256x128x128x64_32x32_2x2_4x64x1_4x64x1_1x32x1x8_8x8x1_1x1_intrawave_v4""}]",
a8w8,gfx950,640,12800,19968,torch.int8,True,device:0,256,aiter,39,a8w8_rowwise_256x224x256x128_16x16_7x8_8x32x1_8x32x1_1x32x1x8_8x8x1_1x2_intrawave_v3,224,256,128,2,16,16,32,0,697806.17,1031.4362328777606,"[{""kernelId"": 39, ""latency_cycles"": 697806.17, ""kernelName"": ""a8w8_rowwise_256x224x256x128_16x16_7x8_8x32x1_8x32x1_1x32x1x8_8x8x1_1x2_intrawave_v3""}, {""kernelId"": 20, ""latency_cycles"": 772908.03, ""kernelName"": ""a8w8_rowwise_256x64x160x256_16x16_2x5_16x16x1_16x16x1_1x64x1x4_8x8x1_2x1_intrawave_v3""}, {""kernelId"": 40, ""latency_cycles"": 783346.28, ""kernelName"": ""a8w8_rowwise_256x256x224x128_16x16_8x7_8x32x1_8x32x1_1x64x1x4_8x8x1_2x1_intrawave_v3""}, {""kernelId"": 17, ""latency_cycles"": 833761.38, ""kernelName"": ""a8w8_rowwise_256x64x224x128_16x16_2x7_8x32x1_8x32x1_1x64x1x4_8x8x1_2x1_intrawave_v3""}, {""kernelId"": 37, ""latency_cycles"": 871873.16, ""kernelName"": ""a8w8_rowwise_256x256x256x128_16x16_8x8_8x32x1_8x32x1_1x32x1x8_8x8x1_1x2_intrawave_v3""}]",
a8w8,gfx950,896,12800,19968,torch.int8,True,device:0,256,aiter,39,a8w8_rowwise_256x224x256x128_16x16_7x8_8x32x1_8x32x1_1x32x1x8_8x8x1_1x2_intrawave_v3,224,256,128,2,16,16,32,0,660774.26,1524.9377121360494,"[{""kernelId"": 39, ""latency_cycles"": 660774.26, ""kernelName"": ""a8w8_rowwise_256x224x256x128_16x16_7x8_8x32x1_8x32x1_1x32x1x8_8x8x1_1x2_intrawave_v3""}, {""kernelId"": 40, ""latency_cycles"": 752411.35, ""kernelName"": ""a8w8_rowwise_256x256x224x128_16x16_8x7_8x32x1_8x32x1_1x64x1x4_8x8x1_2x1_intrawave_v3""}, {""kernelId"": 37, ""latency_cycles"": 836652.65, ""kernelName"": ""a8w8_rowwise_256x256x256x128_16x16_8x8_8x32x1_8x32x1_1x32x1x8_8x8x1_1x2_intrawave_v3""}, {""kernelId"": 38, ""latency_cycles"": 956879.85, ""kernelName"": ""a8w8_rowwise_256x256x256x64_16x16_8x8_4x64x1_4x64x1_1x32x1x8_8x8x1_1x2_intrawave_v3""}, {""kernelId"": 20, ""latency_cycles"": 966135.04, ""kernelName"": ""a8w8_rowwise_256x64x160x256_16x16_2x5_16x16x1_16x16x1_1x64x1x4_8x8x1_2x1_intrawave_v3""}]",
a8w8,gfx950,2,13312,1280,torch.int8,True,device:0,256,aiter,58,a8w8_rowwise_64x16x16x64_16x16_1x1_4x16x1_4x16x1_1x16x1x4_4x4x1_1x1_intrawave_v2,16,16,64,2,16,16,32,0,278268.18,0.5388555991816653,"[{""kernelId"": 58, ""latency_cycles"": 278268.18, ""kernelName"": ""a8w8_rowwise_64x16x16x64_16x16_1x1_4x16x1_4x16x1_1x16x1x4_4x4x1_1x1_intrawave_v2""}, {""kernelId"": 77, ""latency_cycles"": 278268.18, ""kernelName"": ""a8w8_rowwise_64x16x16x64_16x16_1x1_4x16x1_4x16x1_1x16x1x4_4x4x1_1x1_interwave_v2""}, {""kernelId"": 36, ""latency_cycles"": 2500600.95, ""kernelName"": ""a8w8_rowwise_256x128x128x64_32x32_2x2_4x64x1_4x64x1_1x32x1x8_8x8x1_1x1_intrawave_v4""}, {""kernelId"": 38, ""latency_cycles"": 2918234.56, ""kernelName"": ""a8w8_rowwise_256x256x256x64_16x16_8x8_4x64x1_4x64x1_1x32x1x8_8x8x1_1x2_intrawave_v3""}, {""kernelId"": 42, ""latency_cycles"": 4921647.72, ""kernelName"": ""a8w8_rowwise_256x128x256x64_32x32_2x4_4x64x1_4x64x1_1x32x1x8_8x8x1_1x1_interwave_v1""}]",
a8w8,gfx950,80,13312,1280,torch.int8,True,device:0,256,aiter,27,a8w8_rowwise_256x32x160x256_16x16_1x5_16x16x1_16x16x1_1x32x1x8_4x4x1_1x1_intrawave_v3,32,160,256,2,16,16,32,0,15929.86,376.51638007628463,"[{""kernelId"": 27, ""latency_cycles"": 15929.86, ""kernelName"": ""a8w8_rowwise_256x32x160x256_16x16_1x5_16x16x1_16x16x1_1x32x1x8_4x4x1_1x1_intrawave_v3""}, {""kernelId"": 26, ""latency_cycles"": 18151.08, ""kernelName"": ""a8w8_rowwise_256x32x192x256_16x16_1x6_16x16x1_16x16x1_1x32x1x8_8x8x1_1x2_intrawave_v3""}, {""kernelId"": 25, ""latency_cycles"": 20447.01, ""kernelName"": ""a8w8_rowwise_256x32x224x256_16x16_1x7_16x16x1_16x16x1_1x32x1x8_4x4x1_1x1_intrawave_v3""}, {""kernelId"": 29, ""latency_cycles"": 21689.69, ""kernelName"": ""a8w8_rowwise_256x32x96x256_16x16_1x3_16x16x1_16x16x1_1x32x1x8_4x4x1_1x1_intrawave_v3""}, {""kernelId"": 32, ""latency_cycles"": 26777.94, ""kernelName"": ""a8w8_rowwise_256x16x192x256_16x16_1x3_16x16x1_16x16x1_1x16x1x16_4x4x1_1x1_intrawave_v3""}]",
a8w8,gfx950,80,13312,16384,torch.float8_e4m3fn,True,device:0,256,aiter,27,a8w8_rowwise_256x32x160x256_16x16_1x5_16x16x1_16x16x1_1x32x1x8_4x4x1_1x1_intrawave_v3,32,160,256,2,16,16,128,0,161219.49,476.1988683888381,"[{""kernelId"": 27, ""latency_cycles"": 161219.49, ""kernelName"": ""a8w8_rowwise_256x32x160x256_16x16_1x5_16x16x1_16x16x1_1x32x1x8_4x4x1_1x1_intrawave_v3""}, {""kernelId"": 26, ""latency_cycles"": 182718.71, ""kernelName"": ""a8w8_rowwise_256x32x192x256_16x16_1x6_16x16x1_16x16x1_1x32x1x8_8x8x1_1x2_intrawave_v3""}, {""kernelId"": 25, ""latency_cycles"": 204292.65, ""kernelName"": ""a8w8_rowwise_256x32x224x256_16x16_1x7_16x16x1_16x16x1_1x32x1x8_4x4x1_1x1_intrawave_v3""}, {""kernelId"": 29, ""latency_cycles"": 234084.87, ""kernelName"": ""a8w8_rowwise_256x32x96x256_16x16_1x3_16x16x1_16x16x1_1x32x1x8_4x4x1_1x1_intrawave_v3""}, {""kernelId"": 30, ""latency_cycles"": 239871.24, ""kernelName"": ""a8w8_rowwise_256x32x64x512_16x16_1x2_32x8x1_32x8x1_1x32x1x8_8x8x1_1x2_intrawave_v3""}]",
a8w8,gfx950,10,16384,2048,torch.int8,True,device:0,256,aiter,58,a8w8_rowwise_64x16x16x64_16x16_1x1_4x16x1_4x16x1_1x16x1x4_4x4x1_1x1_intrawave_v2,16,16,64,2,16,16,32,0,138829.34,10.634603381520545,"[{""kernelId"": 58, ""latency_cycles"": 138829.34, ""kernelName"": ""a8w8_rowwise_64x16x16x64_16x16_1x1_4x16x1_4x16x1_1x16x1x4_4x4x1_1x1_intrawave_v2""}, {""kernelId"": 77, ""latency_cycles"": 138829.34, ""kernelName"": ""a8w8_rowwise_64x16x16x64_16x16_1x1_4x16x1_4x16x1_1x16x1x4_4x4x1_1x1_interwave_v2""}, {""kernelId"": 38, ""latency_cycles"": 656668.85, ""kernelName"": ""a8w8_rowwise_256x256x256x64_16x16_8x8_4x64x1_4x64x1_1x32x1x8_8x8x1_1x2_intrawave_v3""}, {""kernelId"": 42, ""latency_cycles"": 820706.0, ""kernelName"": ""a8w8_rowwise_256x128x256x64_32x32_2x4_4x64x1_4x64x1_1x32x1x8_8x8x1_1x1_interwave_v1""}, {""kernelId"": 36, ""latency_cycles"": 839221.35, ""kernelName"": ""a8w8_rowwise_256x128x128x64_32x32_2x2_4x64x1_4x64x1_1x32x1x8_8x8x1_1x1_intrawave_v4""}]",
a8w8,gfx950,24,16384,2048,torch.float8_e4m3fn,True,device:0,256,aiter,36,a8w8_rowwise_256x128x128x64_32x32_2x2_4x64x1_4x64x1_1x32x1x8_8x8x1_1x1_intrawave_v4,128,128,64,2,32,32,64,0,153060.1,23.150043536545226,"[{""kernelId"": 36, ""latency_cycles"": 153060.1, ""kernelName"": ""a8w8_rowwise_256x128x128x64_32x32_2x2_4x64x1_4x64x1_1x32x1x8_8x8x1_1x1_intrawave_v4""}, {""kernelId"": 42, ""latency_cycles"": 159926.91, ""kernelName"": ""a8w8_rowwise_256x128x256x64_32x32_2x4_4x64x1_4x64x1_1x32x1x8_8x8x1_1x1_interwave_v1""}, {""kernelId"": 58, ""latency_cycles"": 208479.95, ""kernelName"": ""a8w8_rowwise_64x16x16x64_16x16_1x1_4x16x1_4x16x1_1x16x1x4_4x4x1_1x1_intrawave_v2""}, {""kernelId"": 77, ""latency_cycles"": 208479.95, ""kernelName"": ""a8w8_rowwise_64x16x16x64_16x16_1x1_4x16x1_4x16x1_1x16x1x4_4x4x1_1x1_interwave_v2""}, {""kernelId"": 0, ""latency_cycles"": 296817.47, ""kernelName"": ""a8w8_rowwise_256x256x256x64_32x32_4x4_4x64x1_4x64x1_1x32x1x8_8x8x1_1x1_intrawave_v4""}]",
a8w8,gfx950,768,16384,4096,torch.int8,True,device:0,256,aiter,40,a8w8_rowwise_256x256x224x128_16x16_8x7_8x32x1_8x32x1_1x64x1x4_8x8x1_2x1_intrawave_v3,256,224,128,2,16,16,32,0,156735.98,1446.8551963397892,"[{""kernelId"": 40, ""latency_cycles"": 156735.98, ""kernelName"": ""a8w8_rowwise_256x256x224x128_16x16_8x7_8x32x1_8x32x1_1x64x1x4_8x8x1_2x1_intrawave_v3""}, {""kernelId"": 37, ""latency_cycles"": 173575.86, ""kernelName"": ""a8w8_rowwise_256x256x256x128_16x16_8x8_8x32x1_8x32x1_1x32x1x8_8x8x1_1x2_intrawave_v3""}, {""kernelId"": 39, ""latency_cycles"": 176308.66, ""kernelName"": ""a8w8_rowwise_256x224x256x128_16x16_7x8_8x32x1_8x32x1_1x32x1x8_8x8x1_1x2_intrawave_v3""}, {""kernelId"": 38, ""latency_cycles"": 195492.32, ""kernelName"": ""a8w8_rowwise_256x256x256x64_16x16_8x8_4x64x1_4x64x1_1x32x1x8_8x8x1_1x2_intrawave_v3""}, {""kernelId"": 20, ""latency_cycles"": 223115.62, ""kernelName"": ""a8w8_rowwise_256x64x160x256_16x16_2x5_16x16x1_16x16x1_1x64x1x4_8x8x1_2x1_intrawave_v3""}]",
a8w8,gfx950,48,16384,8192,torch.int8,True,device:0,256,aiter,34,a8w8_rowwise_256x16x64x512_16x16_1x1_32x8x1_32x8x1_1x16x1x16_4x4x1_1x1_intrawave_v3,16,64,512,2,16,16,32,0,91624.03,309.3815344676522,"[{""kernelId"": 34, ""latency_cycles"": 91624.03, ""kernelName"": ""a8w8_rowwise_256x16x64x512_16x16_1x1_32x8x1_32x8x1_1x16x1x16_4x4x1_1x1_intrawave_v3""}, {""kernelId"": 31, ""latency_cycles"": 107665.77, ""kernelName"": ""a8w8_rowwise_256x16x256x128_16x16_1x4_16x16x1_8x32x1_1x16x1x16_8x8x1_1x2_intrawave_v3""}, {""kernelId"": 65, ""latency_cycles"": 107665.77, ""kernelName"": ""a8w8_rowwise_256x16x256x128_16x16_1x4_8x16x1_8x16x1_1x16x1x16_4x4x1_1x1_interwave_v2""}, {""kernelId"": 84, ""latency_cycles"": 107665.77, ""kernelName"": ""a8w8_rowwise_256x16x256x128_16x16_1x4_8x16x1_8x16x1_1x16x1x16_4x4x1_1x1_interwave_v2""}, {""kernelId"": 33, ""latency_cycles"": 112498.47, ""kernelName"": ""a8w8_rowwise_256x16x128x256_16x16_1x2_16x16x1_16x16x1_1x16x1x16_8x8x1_1x2_intrawave_v3""}]",
a8w8,gfx950,384,16384,13312,torch.int8,True,device:0,256,aiter,17,a8w8_rowwise_256x64x224x128_16x16_2x7_8x32x1_8x32x1_1x64x1x4_8x8x1_2x1_intrawave_v3,64,224,128,2,16,16,32,0,374085.97,985.0896002307187,"[{""kernelId"": 17, ""latency_cycles"": 374085.97, ""kernelName"": ""a8w8_rowwise_256x64x224x128_16x16_2x7_8x32x1_8x32x1_1x64x1x4_8x8x1_2x1_intrawave_v3""}, {""kernelId"": 20, ""latency_cycles"": 394247.06, ""kernelName"": ""a8w8_rowwise_256x64x160x256_16x16_2x5_16x16x1_16x16x1_1x64x1x4_8x8x1_2x1_intrawave_v3""}, {""kernelId"": 38, ""latency_cycles"": 489353.18, ""kernelName"": ""a8w8_rowwise_256x256x256x64_16x16_8x8_4x64x1_4x64x1_1x32x1x8_8x8x1_1x2_intrawave_v3""}, {""kernelId"": 22, ""latency_cycles"": 501028.93, ""kernelName"": ""a8w8_rowwise_256x64x96x256_16x16_2x3_16x16x1_16x16x1_1x64x1x4_8x8x1_2x1_intrawave_v3""}, {""kernelId"": 27, ""latency_cycles"": 570939.95, ""kernelName"": ""a8w8_rowwise_256x32x160x256_16x16_1x5_16x16x1_16x16x1_1x32x1x8_4x4x1_1x1_intrawave_v3""}]",
a8w8,gfx950,896,26624,256,torch.float8_e4m3fn,True,device:0,256,aiter,8,a8w8_rowwise_256x128x256x128_32x32_2x4_8x32x1_8x32x1_1x32x1x8_8x8x1_1x1_intrawave_v3,128,256,128,2,32,32,64,0,48991.69,548.4683554308134,"[{""kernelId"": 8, ""latency_cycles"": 48991.69, ""kernelName"": ""a8w8_rowwise_256x128x256x128_32x32_2x4_8x32x1_8x32x1_1x32x1x8_8x8x1_1x1_intrawave_v3""}, {""kernelId"": 10, ""latency_cycles"": 50800.99, ""kernelName"": ""a8w8_rowwise_256x128x192x128_32x32_2x3_8x32x1_8x32x1_1x32x1x8_8x8x1_1x1_intrawave_v3""}, {""kernelId"": 2, ""latency_cycles"": 53954.69, ""kernelName"": ""a8w8_rowwise_256x256x224x128_32x32_2x7_8x32x1_8x32x1_1x64x1x4_8x8x1_2x1_intrawave_v3""}, {""kernelId"": 13, ""latency_cycles"": 54327.48, ""kernelName"": ""a8w8_rowwise_256x128x128x128_32x32_2x2_8x32x1_8x32x1_1x32x1x8_8x8x1_1x1_intrawave_v3""}, {""kernelId"": 35, ""latency_cycles"": 54327.48, ""kernelName"": ""a8w8_rowwise_256x128x128x128_32x32_2x2_8x32x1_8x32x1_1x32x1x8_8x8x1_1x1_intrawave_v4""}]",
a8w8,gfx950,12,26624,896,torch.int8,True,device:0,256,aiter,58,a8w8_rowwise_64x16x16x64_16x16_1x1_4x16x1_4x16x1_1x16x1x4_4x4x1_1x1_intrawave_v2,16,16,64,2,16,16,32,0,95868.81,13.138261327969884,"[{""kernelId"": 58, ""latency_cycles"": 95868.81, ""kernelName"": ""a8w8_rowwise_64x16x16x64_16x16_1x1_4x16x1_4x16x1_1x16x1x4_4x4x1_1x1_intrawave_v2""}, {""kernelId"": 77, ""latency_cycles"": 95868.81, ""kernelName"": ""a8w8_rowwise_64x16x16x64_16x16_1x1_4x16x1_4x16x1_1x16x1x4_4x4x1_1x1_interwave_v2""}, {""kernelId"": 36, ""latency_cycles"": 604046.14, ""kernelName"": ""a8w8_rowwise_256x128x128x64_32x32_2x2_4x64x1_4x64x1_1x32x1x8_8x8x1_1x1_intrawave_v4""}, {""kernelId"": 38, ""latency_cycles"": 686832.53, ""kernelName"": ""a8w8_rowwise_256x256x256x64_16x16_8x8_4x64x1_4x64x1_1x32x1x8_8x8x1_1x2_intrawave_v3""}, {""kernelId"": 42, ""latency_cycles"": 1189606.09, ""kernelName"": ""a8w8_rowwise_256x128x256x64_32x32_2x4_4x64x1_4x64x1_1x32x1x8_8x8x1_1x1_interwave_v1""}]",
a8w8,gfx950,17,26624,896,torch.int8,True,device:0,256,aiter,58,a8w8_rowwise_64x16x16x64_16x16_1x1_4x16x1_4x16x1_1x16x1x4_4x4x1_1x1_intrawave_v2,16,16,64,2,16,16,32,0,171105.95,10.428402674227996,"[{""kernelId"": 58, ""latency_cycles"": 171105.95, ""kernelName"": ""a8w8_rowwise_64x16x16x64_16x16_1x1_4x16x1_4x16x1_1x16x1x4_4x4x1_1x1_intrawave_v2""}, {""kernelId"": 77, ""latency_cycles"": 171105.95, ""kernelName"": ""a8w8_rowwise_64x16x16x64_16x16_1x1_4x16x1_4x16x1_1x16x1x4_4x4x1_1x1_interwave_v2""}, {""kernelId"": 36, ""latency_cycles"": 431263.3, ""kernelName"": ""a8w8_rowwise_256x128x128x64_32x32_2x2_4x64x1_4x64x1_1x32x1x8_8x8x1_1x1_intrawave_v4""}, {""kernelId"": 38, ""latency_cycles"": 490860.04, ""kernelName"": ""a8w8_rowwise_256x256x256x64_16x16_8x8_4x64x1_4x64x1_1x32x1x8_8x8x1_1x2_intrawave_v3""}, {""kernelId"": 42, ""latency_cycles"": 847390.21, ""kernelName"": ""a8w8_rowwise_256x128x256x64_32x32_2x4_4x64x1_4x64x1_1x32x1x8_8x8x1_1x1_interwave_v1""}]",
a8w8,gfx950,2048,26624,896,torch.int8,True,device:0,256,aiter,40,a8w8_rowwise_256x256x224x128_16x16_8x7_8x32x1_8x32x1_1x64x1x4_8x8x1_2x1_intrawave_v3,256,224,128,2,16,16,32,0,214807.65,1000.7237377335338,"[{""kernelId"": 40, ""latency_cycles"": 214807.65, ""kernelName"": ""a8w8_rowwise_256x256x224x128_16x16_8x7_8x32x1_8x32x1_1x64x1x4_8x8x1_2x1_intrawave_v3""}, {""kernelId"": 37, ""latency_cycles"": 242806.53, ""kernelName"": ""a8w8_rowwise_256x256x256x128_16x16_8x8_8x32x1_8x32x1_1x32x1x8_8x8x1_1x2_intrawave_v3""}, {""kernelId"": 38, ""latency_cycles"": 256616.76, ""kernelName"": ""a8w8_rowwise_256x256x256x64_16x16_8x8_4x64x1_4x64x1_1x32x1x8_8x8x1_1x2_intrawave_v3""}, {""kernelId"": 17, ""latency_cycles"": 278937.91, ""kernelName"": ""a8w8_rowwise_256x64x224x128_16x16_2x7_8x32x1_8x32x1_1x64x1x4_8x8x1_2x1_intrawave_v3""}, {""kernelId"": 39, ""latency_cycles"": 279735.42, ""kernelName"": ""a8w8_rowwise_256x224x256x128_16x16_7x8_8x32x1_8x32x1_1x32x1x8_8x8x1_1x2_intrawave_v3""}]",
a8w8,gfx950,128,26624,2048,torch.int8,True,device:0,256,aiter,25,a8w8_rowwise_256x32x224x256_16x16_1x7_16x16x1_16x16x1_1x32x1x8_4x4x1_1x1_intrawave_v3,32,224,256,2,16,16,32,0,51540.75,595.8201660105035,"[{""kernelId"": 25, ""latency_cycles"": 51540.75, ""kernelName"": ""a8w8_rowwise_256x32x224x256_16x16_1x7_16x16x1_16x16x1_1x32x1x8_4x4x1_1x1_intrawave_v3""}, {""kernelId"": 27, ""latency_cycles"": 60266.81, ""kernelName"": ""a8w8_rowwise_256x32x160x256_16x16_1x5_16x16x1_16x16x1_1x32x1x8_4x4x1_1x1_intrawave_v3""}, {""kernelId"": 26, ""latency_cycles"": 68797.14, ""kernelName"": ""a8w8_rowwise_256x32x192x256_16x16_1x6_16x16x1_16x16x1_1x32x1x8_8x8x1_1x2_intrawave_v3""}, {""kernelId"": 30, ""latency_cycles"": 71588.72, ""kernelName"": ""a8w8_rowwise_256x32x64x512_16x16_1x2_32x8x1_32x8x1_1x32x1x8_8x8x1_1x2_intrawave_v3""}, {""kernelId"": 29, ""latency_cycles"": 71765.01, ""kernelName"": ""a8w8_rowwise_256x32x96x256_16x16_1x3_16x16x1_16x16x1_1x32x1x8_4x4x1_1x1_intrawave_v3""}]",
a8w8,gfx950,6,26624,16384,torch.float8_e4m3fn,True,device:0,256,aiter,58,a8w8_rowwise_64x16x16x64_16x16_1x1_4x16x1_4x16x1_1x16x1x4_4x4x1_1x1_intrawave_v2,16,16,64,2,16,16,128,0,2656561.29,4.334882505401801,"[{""kernelId"": 58, ""latency_cycles"": 2656561.29, ""kernelName"": ""a8w8_rowwise_64x16x16x64_16x16_1x1_4x16x1_4x16x1_1x16x1x4_4x4x1_1x1_intrawave_v2""}, {""kernelId"": 77, ""latency_cycles"": 2656561.29, ""kernelName"": ""a8w8_rowwise_64x16x16x64_16x16_1x1_4x16x1_4x16x1_1x16x1x4_4x4x1_1x1_interwave_v2""}, {""kernelId"": 42, ""latency_cycles"": 6943610.37, ""kernelName"": ""a8w8_rowwise_256x128x256x64_32x32_2x4_4x64x1_4x64x1_1x32x1x8_8x8x1_1x1_interwave_v1""}, {""kernelId"": 36, ""latency_cycles"": 7533519.0, ""kernelName"": ""a8w8_rowwise_256x128x128x64_32x32_2x2_4x64x1_4x64x1_1x32x1x8_8x8x1_1x1_intrawave_v4""}, {""kernelId"": 0, ""latency_cycles"": 13814772.63, ""kernelName"": ""a8w8_rowwise_256x256x256x64_32x32_4x4_4x64x1_4x64x1_1x32x1x8_8x8x1_1x1_intrawave_v4""}]",
a8w8,gfx950,17,26624,16384,torch.int8,True,device:0,256,aiter,58,a8w8_rowwise_64x16x16x64_16x16_1x1_4x16x1_4x16x1_1x16x1x4_4x4x1_1x1_intrawave_v2,16,16,64,2,16,16,32,0,3177912.31,10.26722153727514,"[{""kernelId"": 58, ""latency_cycles"": 3177912.31, ""kernelName"": ""a8w8_rowwise_64x16x16x64_16x16_1x1_4x16x1_4x16x1_1x16x1x4_4x4x1_1x1_intrawave_v2""}, {""kernelId"": 77, ""latency_cycles"": 3177912.31, ""kernelName"": ""a8w8_rowwise_64x16x16x64_16x16_1x1_4x16x1_4x16x1_1x16x1x4_4x4x1_1x1_interwave_v2""}, {""kernelId"": 38, ""latency_cycles"": 4934363.49, ""kernelName"": ""a8w8_rowwise_256x256x256x64_16x16_8x8_4x64x1_4x64x1_1x32x1x8_8x8x1_1x2_intrawave_v3""}, {""kernelId"": 42, ""latency_cycles"": 7951156.85, ""kernelName"": ""a8w8_rowwise_256x128x256x64_32x32_2x4_4x64x1_4x64x1_1x32x1x8_8x8x1_1x1_interwave_v1""}, {""kernelId"": 36, ""latency_cycles"": 8015656.7, ""kernelName"": ""a8w8_rowwise_256x128x128x64_32x32_2x2_4x64x1_4x64x1_1x32x1x8_8x8x1_1x1_intrawave_v4""}]",
a8w8,gfx950,2000,26624,16384,torch.int8,True,device:0,256,aiter,39,a8w8_rowwise_256x224x256x128_16x16_7x8_8x32x1_8x32x1_1x32x1x8_8x8x1_1x2_intrawave_v3,224,256,128,2,16,16,32,0,2262105.9,1696.9263077068376,"[{""kernelId"": 39, ""latency_cycles"": 2262105.9, ""kernelName"": ""a8w8_rowwise_256x224x256x128_16x16_7x8_8x32x1_8x32x1_1x32x1x8_8x8x1_1x2_intrawave_v3""}, {""kernelId"": 40, ""latency_cycles"": 2279593.78, ""kernelName"": ""a8w8_rowwise_256x256x224x128_16x16_8x7_8x32x1_8x32x1_1x64x1x4_8x8x1_2x1_intrawave_v3""}, {""kernelId"": 37, ""latency_cycles"": 2565527.37, ""kernelName"": ""a8w8_rowwise_256x256x256x128_16x16_8x8_8x32x1_8x32x1_1x32x1x8_8x8x1_1x2_intrawave_v3""}, {""kernelId"": 38, ""latency_cycles"": 2943777.11, ""kernelName"": ""a8w8_rowwise_256x256x256x64_16x16_8x8_4x64x1_4x64x1_1x32x1x8_8x8x1_1x2_intrawave_v3""}, {""kernelId"": 20, ""latency_cycles"": 3429718.37, ""kernelName"": ""a8w8_rowwise_256x64x160x256_16x16_2x5_16x16x1_16x16x1_1x64x1x4_8x8x1_2x1_intrawave_v3""}]",
a8w8,gfx950,6144,26624,30080,torch.int8,True,device:0,256,aiter,37,a8w8_rowwise_256x256x256x128_16x16_8x8_8x32x1_8x32x1_1x32x1x8_8x8x1_1x2_intrawave_v3,256,256,128,2,16,16,32,0,11085896.32,1952.9188958362192,"[{""kernelId"": 37, ""latency_cycles"": 11085896.32, ""kernelName"": ""a8w8_rowwise_256x256x256x128_16x16_8x8_8x32x1_8x32x1_1x32x1x8_8x8x1_1x2_intrawave_v3""}, {""kernelId"": 40, ""latency_cycles"": 11830032.79, ""kernelName"": ""a8w8_rowwise_256x256x224x128_16x16_8x7_8x32x1_8x32x1_1x64x1x4_8x8x1_2x1_intrawave_v3""}, {""kernelId"": 39, ""latency_cycles"": 12028249.93, ""kernelName"": ""a8w8_rowwise_256x224x256x128_16x16_7x8_8x32x1_8x32x1_1x32x1x8_8x8x1_1x2_intrawave_v3""}, {""kernelId"": 38, ""latency_cycles"": 12822073.14, ""kernelName"": ""a8w8_rowwise_256x256x256x64_16x16_8x8_4x64x1_4x64x1_1x32x1x8_8x8x1_1x2_intrawave_v3""}, {""kernelId"": 20, ""latency_cycles"": 18359109.61, ""kernelName"": ""a8w8_rowwise_256x64x160x256_16x16_2x5_16x16x1_16x16x1_1x64x1x4_8x8x1_2x1_intrawave_v3""}]",
a8w8,gfx950,32,28672,7168,torch.float8_e4m3fn,True,device:0,256,aiter,42,a8w8_rowwise_256x128x256x64_32x32_2x4_4x64x1_4x64x1_1x32x1x8_8x8x1_1x1_interwave_v1,128,256,64,2,32,32,64,0,640798.08,45.15828470218824,"[{""kernelId"": 42, ""latency_cycles"": 640798.08, ""kernelName"": ""a8w8_rowwise_256x128x256x64_32x32_2x4_4x64x1_4x64x1_1x32x1x8_8x8x1_1x1_interwave_v1""}, {""kernelId"": 36, ""latency_cycles"": 693626.51, ""kernelName"": ""a8w8_rowwise_256x128x128x64_32x32_2x2_4x64x1_4x64x1_1x32x1x8_8x8x1_1x1_intrawave_v4""}, {""kernelId"": 58, ""latency_cycles"": 1159459.78, ""kernelName"": ""a8w8_rowwise_64x16x16x64_16x16_1x1_4x16x1_4x16x1_1x16x1x4_4x4x1_1x1_intrawave_v2""}, {""kernelId"": 77, ""latency_cycles"": 1159459.78, ""kernelName"": ""a8w8_rowwise_64x16x16x64_16x16_1x1_4x16x1_4x16x1_1x16x1x4_4x4x1_1x1_interwave_v2""}, {""kernelId"": 0, ""latency_cycles"": 1235097.98, ""kernelName"": ""a8w8_rowwise_256x256x256x64_32x32_4x4_4x64x1_4x64x1_1x32x1x8_8x8x1_1x1_intrawave_v4""}]",
a8w8,gfx950,8,28672,8192,torch.float8_e4m3fn,True,device:0,256,aiter,58,a8w8_rowwise_64x16x16x64_16x16_1x1_4x16x1_4x16x1_1x16x1x4_4x4x1_1x1_intrawave_v2,16,16,64,2,16,16,128,0,1107443.6,7.4656732422377,"[{""kernelId"": 58, ""latency_cycles"": 1107443.6, ""kernelName"": ""a8w8_rowwise_64x16x16x64_16x16_1x1_4x16x1_4x16x1_1x16x1x4_4x4x1_1x1_intrawave_v2""}, {""kernelId"": 77, ""latency_cycles"": 1107443.6, ""kernelName"": ""a8w8_rowwise_64x16x16x64_16x16_1x1_4x16x1_4x16x1_1x16x1x4_4x4x1_1x1_interwave_v2""}, {""kernelId"": 42, ""latency_cycles"": 2749607.8, ""kernelName"": ""a8w8_rowwise_256x128x256x64_32x32_2x4_4x64x1_4x64x1_1x32x1x8_8x8x1_1x1_interwave_v1""}, {""kernelId"": 36, ""latency_cycles"": 2966724.25, ""kernelName"": ""a8w8_rowwise_256x128x128x64_32x32_2x2_4x64x1_4x64x1_1x32x1x8_8x8x1_1x1_intrawave_v4""}, {""kernelId"": 0, ""latency_cycles"": 5456800.49, ""kernelName"": ""a8w8_rowwise_256x256x256x64_32x32_4x4_4x64x1_4x64x1_1x32x1x8_8x8x1_1x1_intrawave_v4""}]",
a8w8,gfx950,14,28672,8192,torch.float8_e4m3fn,True,device:0,256,aiter,58,a8w8_rowwise_64x16x16x64_16x16_1x1_4x16x1_4x16x1_1x16x1x4_4x4x1_1x1_intrawave_v2,16,16,64,2,16,16,128,0,824046.32,17.55807988571028,"[{""kernelId"": 58, ""latency_cycles"": 824046.32, ""kernelName"": ""a8w8_rowwise_64x16x16x64_16x16_1x1_4x16x1_4x16x1_1x16x1x4_4x4x1_1x1_intrawave_v2""}, {""kernelId"": 77, ""latency_cycles"": 824046.32, ""kernelName"": ""a8w8_rowwise_64x16x16x64_16x16_1x1_4x16x1_4x16x1_1x16x1x4_4x4x1_1x1_interwave_v2""}, {""kernelId"": 42, ""latency_cycles"": 1588784.94, ""kernelName"": ""a8w8_rowwise_256x128x256x64_32x32_2x4_4x64x1_4x64x1_1x32x1x8_8x8x1_1x1_interwave_v1""}, {""kernelId"": 36, ""latency_cycles"": 1723517.99, ""kernelName"": ""a8w8_rowwise_256x128x128x64_32x32_2x2_4x64x1_4x64x1_1x32x1x8_8x8x1_1x1_intrawave_v4""}, {""kernelId"": 0, ""latency_cycles"": 3136608.87, ""kernelName"": ""a8w8_rowwise_256x256x256x64_32x32_4x4_4x64x1_4x64x1_1x32x1x8_8x8x1_1x1_intrawave_v4""}]",
a8w8,gfx950,48,28672,8192,torch.float8_e4m3fn,True,device:0,256,aiter,32,a8w8_rowwise_256x16x192x256_16x16_1x3_16x16x1_16x16x1_1x16x1x16_4x4x1_1x1_intrawave_v3,16,192,256,2,16,16,128,0,148672.84,333.66465970051263,"[{""kernelId"": 32, ""latency_cycles"": 148672.84, ""kernelName"": ""a8w8_rowwise_256x16x192x256_16x16_1x3_16x16x1_16x16x1_1x16x1x16_4x4x1_1x1_intrawave_v3""}, {""kernelId"": 33, ""latency_cycles"": 168054.59, ""kernelName"": ""a8w8_rowwise_256x16x128x256_16x16_1x2_16x16x1_16x16x1_1x16x1x16_8x8x1_1x2_intrawave_v3""}, {""kernelId"": 34, ""latency_cycles"": 181861.83, ""kernelName"": ""a8w8_rowwise_256x16x64x512_16x16_1x1_32x8x1_32x8x1_1x16x1x16_4x4x1_1x1_intrawave_v3""}, {""kernelId"": 31, ""latency_cycles"": 215011.97, ""kernelName"": ""a8w8_rowwise_256x16x256x128_16x16_1x4_16x16x1_8x32x1_1x16x1x16_8x8x1_1x2_intrawave_v3""}, {""kernelId"": 65, ""latency_cycles"": 215011.97, ""kernelName"": ""a8w8_rowwise_256x16x256x128_16x16_1x4_8x16x1_8x16x1_1x16x1x16_4x4x1_1x1_interwave_v2""}]",
a8w8,gfx950,640,51200,3200,torch.int8,True,device:0,256,aiter,39,a8w8_rowwise_256x224x256x128_16x16_7x8_8x32x1_8x32x1_1x32x1x8_8x8x1_1x2_intrawave_v3,224,256,128,2,16,16,32,0,425635.85,1083.9628317315905,"[{""kernelId"": 39, ""latency_cycles"": 425635.85, ""kernelName"": ""a8w8_rowwise_256x224x256x128_16x16_7x8_8x32x1_8x32x1_1x32x1x8_8x8x1_1x2_intrawave_v3""}, {""kernelId"": 40, ""latency_cycles"": 435712.0, ""kernelName"": ""a8w8_rowwise_256x256x224x128_16x16_8x7_8x32x1_8x32x1_1x64x1x4_8x8x1_2x1_intrawave_v3""}, {""kernelId"": 17, ""latency_cycles"": 446635.9, ""kernelName"": ""a8w8_rowwise_256x64x224x128_16x16_2x7_8x32x1_8x32x1_1x64x1x4_8x8x1_2x1_intrawave_v3""}, {""kernelId"": 37, ""latency_cycles"": 491372.68, ""kernelName"": ""a8w8_rowwise_256x256x256x128_16x16_8x8_8x32x1_8x32x1_1x32x1x8_8x8x1_1x2_intrawave_v3""}, {""kernelId"": 38, ""latency_cycles"": 546882.59, ""kernelName"": ""a8w8_rowwise_256x256x256x64_16x16_8x8_4x64x1_4x64x1_1x32x1x8_8x8x1_1x2_intrawave_v3""}]",
a8w8,gfx950,2,51200,5120,torch.float8_e4m3fn,True,device:0,256,aiter,58,a8w8_rowwise_64x16x16x64_16x16_1x1_4x16x1_4x16x1_1x16x1x4_4x4x1_1x1_intrawave_v2,16,16,64,2,16,16,128,0,3593812.19,0.6418997649616683,"[{""kernelId"": 58, ""latency_cycles"": 3593812.19, ""kernelName"": ""a8w8_rowwise_64x16x16x64_16x16_1x1_4x16x1_4x16x1_1x16x1x4_4x4x1_1x1_intrawave_v2""}, {""kernelId"": 77, ""latency_cycles"": 3593812.19, ""kernelName"": ""a8w8_rowwise_64x16x16x64_16x16_1x1_4x16x1_4x16x1_1x16x1x4_4x4x1_1x1_interwave_v2""}, {""kernelId"": 42, ""latency_cycles"": 12664879.17, ""kernelName"": ""a8w8_rowwise_256x128x256x64_32x32_2x4_4x64x1_4x64x1_1x32x1x8_8x8x1_1x1_interwave_v1""}, {""kernelId"": 36, ""latency_cycles"": 16002702.68, ""kernelName"": ""a8w8_rowwise_256x128x128x64_32x32_2x2_4x64x1_4x64x1_1x32x1x8_8x8x1_1x1_intrawave_v4""}, {""kernelId"": 0, ""latency_cycles"": 25290050.01, ""kernelName"": ""a8w8_rowwise_256x256x256x64_32x32_4x4_4x64x1_4x64x1_1x32x1x8_8x8x1_1x1_intrawave_v4""}]",
a8w8,gfx950,112,51200,5120,torch.float8_e4m3fn,True,device:0,256,aiter,27,a8w8_rowwise_256x32x160x256_16x16_1x5_16x16x1_16x16x1_1x32x1x8_4x4x1_1x1_intrawave_v3,32,160,256,2,16,16,128,0,249448.39,517.8809205248749,"[{""kernelId"": 27, ""latency_cycles"": 249448.39, ""kernelName"": ""a8w8_rowwise_256x32x160x256_16x16_1x5_16x16x1_16x16x1_1x32x1x8_4x4x1_1x1_intrawave_v3""}, {""kernelId"": 25, ""latency_cycles"": 254458.48, ""kernelName"": ""a8w8_rowwise_256x32x224x256_16x16_1x7_16x16x1_16x16x1_1x32x1x8_4x4x1_1x1_intrawave_v3""}, {""kernelId"": 42, ""latency_cycles"": 280952.3, ""kernelName"": ""a8w8_rowwise_256x128x256x64_32x32_2x4_4x64x1_4x64x1_1x32x1x8_8x8x1_1x1_interwave_v1""}, {""kernelId"": 26, ""latency_cycles"": 283800.21, ""kernelName"": ""a8w8_rowwise_256x32x192x256_16x16_1x6_16x16x1_16x16x1_1x32x1x8_8x8x1_1x2_intrawave_v3""}, {""kernelId"": 28, ""latency_cycles"": 300430.22, ""kernelName"": ""a8w8_rowwise_256x32x128x256_32x32_1x1_16x16x1_16x16x1_1x32x1x8_8x8x1_1x1_intrawave_v3""}]",
a8w8,gfx950,5,53248,16384,torch.int8,True,device:0,256,aiter,58,a8w8_rowwise_64x16x16x64_16x16_1x1_4x16x1_4x16x1_1x16x1x4_4x4x1_1x1_intrawave_v2,16,16,64,2,16,16,32,0,5588506.38,3.434394416162407,"[{""kernelId"": 58, ""latency_cycles"": 5588506.38, ""kernelName"": ""a8w8_rowwise_64x16x16x64_16x16_1x1_4x16x1_4x16x1_1x16x1x4_4x4x1_1x1_intrawave_v2""}, {""kernelId"": 77, ""latency_cycles"": 5588506.38, ""kernelName"": ""a8w8_rowwise_64x16x16x64_16x16_1x1_4x16x1_4x16x1_1x16x1x4_4x4x1_1x1_interwave_v2""}, {""kernelId"": 38, ""latency_cycles"": 33055803.32, ""kernelName"": ""a8w8_rowwise_256x256x256x64_16x16_8x8_4x64x1_4x64x1_1x32x1x8_8x8x1_1x2_intrawave_v3""}, {""kernelId"": 42, ""latency_cycles"": 53713421.6, ""kernelName"": ""a8w8_rowwise_256x128x256x64_32x32_2x4_4x64x1_4x64x1_1x32x1x8_8x8x1_1x1_interwave_v1""}, {""kernelId"": 36, ""latency_cycles"": 53855968.52, ""kernelName"": ""a8w8_rowwise_256x128x128x64_32x32_2x2_4x64x1_4x64x1_1x32x1x8_8x8x1_1x1_intrawave_v4""}]",
a8w8,gfx950,20480,53248,16384,torch.float8_e4m3fn,True,device:0,256,aiter,1,a8w8_rowwise_256x256x256x128_32x32_4x4_8x32x1_8x32x1_1x32x1x8_8x8x1_1x1_intrawave_v3,256,256,128,2,32,32,64,0,23801195.55,3302.988760088631,"[{""kernelId"": 1, ""latency_cycles"": 23801195.55, ""kernelName"": ""a8w8_rowwise_256x256x256x128_32x32_4x4_8x32x1_8x32x1_1x32x1x8_8x8x1_1x1_intrawave_v3""}, {""kernelId"": 37, ""latency_cycles"": 23963385.63, ""kernelName"": ""a8w8_rowwise_256x256x256x128_16x16_8x8_8x32x1_8x32x1_1x32x1x8_8x8x1_1x2_intrawave_v3""}, {""kernelId"": 2, ""latency_cycles"": 25955227.91, ""kernelName"": ""a8w8_rowwise_256x256x224x128_32x32_2x7_8x32x1_8x32x1_1x64x1x4_8x8x1_2x1_intrawave_v3""}, {""kernelId"": 40, ""latency_cycles"": 26118977.51, ""kernelName"": ""a8w8_rowwise_256x256x224x128_16x16_8x7_8x32x1_8x32x1_1x64x1x4_8x8x1_2x1_intrawave_v3""}, {""kernelId"": 39, ""latency_cycles"": 26217892.18, ""kernelName"": ""a8w8_rowwise_256x224x256x128_16x16_7x8_8x32x1_8x32x1_1x32x1x8_8x8x1_1x2_intrawave_v3""}]",
a8w8,gfx950,224,57344,3200,torch.int8,True,device:0,256,aiter,17,a8w8_rowwise_256x64x224x128_16x16_2x7_8x32x1_8x32x1_1x64x1x4_8x8x1_2x1_intrawave_v3,64,224,128,2,16,16,32,0,217669.58,830.8849858929877,"[{""kernelId"": 17, ""latency_cycles"": 217669.58, ""kernelName"": ""a8w8_rowwise_256x64x224x128_16x16_2x7_8x32x1_8x32x1_1x64x1x4_8x8x1_2x1_intrawave_v3""}, {""kernelId"": 38, ""latency_cycles"": 217827.45, ""kernelName"": ""a8w8_rowwise_256x256x256x64_16x16_8x8_4x64x1_4x64x1_1x32x1x8_8x8x1_1x2_intrawave_v3""}, {""kernelId"": 20, ""latency_cycles"": 278281.64, ""kernelName"": ""a8w8_rowwise_256x64x160x256_16x16_2x5_16x16x1_16x16x1_1x64x1x4_8x8x1_2x1_intrawave_v3""}, {""kernelId"": 25, ""latency_cycles"": 311339.35, ""kernelName"": ""a8w8_rowwise_256x32x224x256_16x16_1x7_16x16x1_16x16x1_1x32x1x8_4x4x1_1x1_intrawave_v3""}, {""kernelId"": 22, ""latency_cycles"": 352683.69, ""kernelName"": ""a8w8_rowwise_256x64x96x256_16x16_2x3_16x16x1_16x16x1_1x64x1x4_8x8x1_2x1_intrawave_v3""}]",
a8w8,gfx950,768,57344,3584,torch.float8_e4m3fn,True,device:0,256,aiter,2,a8w8_rowwise_256x256x224x128_32x32_2x7_8x32x1_8x32x1_1x64x1x4_8x8x1_2x1_intrawave_v3,256,224,128,2,32,32,64,0,276625.75,2510.5985304799187,"[{""kernelId"": 2, ""latency_cycles"": 276625.75, ""kernelName"": ""a8w8_rowwise_256x256x224x128_32x32_2x7_8x32x1_8x32x1_1x64x1x4_8x8x1_2x1_intrawave_v3""}, {""kernelId"": 40, ""latency_cycles"": 283175.74, ""kernelName"": ""a8w8_rowwise_256x256x224x128_16x16_8x7_8x32x1_8x32x1_1x64x1x4_8x8x1_2x1_intrawave_v3""}, {""kernelId"": 1, ""latency_cycles"": 297165.98, ""kernelName"": ""a8w8_rowwise_256x256x256x128_32x32_4x4_8x32x1_8x32x1_1x32x1x8_8x8x1_1x1_intrawave_v3""}, {""kernelId"": 37, ""latency_cycles"": 304651.67, ""kernelName"": ""a8w8_rowwise_256x256x256x128_16x16_8x8_8x32x1_8x32x1_1x32x1x8_8x8x1_1x2_intrawave_v3""}, {""kernelId"": 3, ""latency_cycles"": 341687.84, ""kernelName"": ""a8w8_rowwise_256x256x192x128_32x32_4x3_8x32x1_8x32x1_1x32x1x8_8x8x1_1x1_intrawave_v3""}]",
a8w8,gfx950,512,57344,7424,torch.int8,True,device:0,256,aiter,38,a8w8_rowwise_256x256x256x64_16x16_8x8_4x64x1_4x64x1_1x32x1x8_8x8x1_1x2_intrawave_v3,256,256,64,2,16,16,32,0,673226.88,1424.5809559991267,"[{""kernelId"": 38, ""latency_cycles"": 673226.88, ""kernelName"": ""a8w8_rowwise_256x256x256x64_16x16_8x8_4x64x1_4x64x1_1x32x1x8_8x8x1_1x2_intrawave_v3""}, {""kernelId"": 17, ""latency_cycles"": 850963.84, ""kernelName"": ""a8w8_rowwise_256x64x224x128_16x16_2x7_8x32x1_8x32x1_1x64x1x4_8x8x1_2x1_intrawave_v3""}, {""kernelId"": 20, ""latency_cycles"": 908777.87, ""kernelName"": ""a8w8_rowwise_256x64x160x256_16x16_2x5_16x16x1_16x16x1_1x64x1x4_8x8x1_2x1_intrawave_v3""}, {""kernelId"": 39, ""latency_cycles"": 979973.56, ""kernelName"": ""a8w8_rowwise_256x224x256x128_16x16_7x8_8x32x1_8x32x1_1x32x1x8_8x8x1_1x2_intrawave_v3""}, {""kernelId"": 22, ""latency_cycles"": 1090617.68, ""kernelName"": ""a8w8_rowwise_256x64x96x256_16x16_2x3_16x16x1_16x16x1_1x64x1x4_8x8x1_2x1_intrawave_v3""}]",
a8w8,gfx950,1536,57344,7424,torch.float8_e4m3fn,True,device:0,256,aiter,2,a8w8_rowwise_256x256x224x128_32x32_2x7_8x32x1_8x32x1_1x64x1x4_8x8x1_2x1_intrawave_v3,256,224,128,2,32,32,64,0,1009636.3,2849.737667893556,"[{""kernelId"": 2, ""latency_cycles"": 1009636.3, ""kernelName"": ""a8w8_rowwise_256x256x224x128_32x32_2x7_8x32x1_8x32x1_1x64x1x4_8x8x1_2x1_intrawave_v3""}, {""kernelId"": 40, ""latency_cycles"": 1022736.27, ""kernelName"": ""a8w8_rowwise_256x256x224x128_16x16_8x7_8x32x1_8x32x1_1x64x1x4_8x8x1_2x1_intrawave_v3""}, {""kernelId"": 1, ""latency_cycles"": 1075142.4, ""kernelName"": ""a8w8_rowwise_256x256x256x128_32x32_4x4_8x32x1_8x32x1_1x32x1x8_8x8x1_1x1_intrawave_v3""}, {""kernelId"": 37, ""latency_cycles"": 1090113.79, ""kernelName"": ""a8w8_rowwise_256x256x256x128_16x16_8x8_8x32x1_8x32x1_1x32x1x8_8x8x1_1x2_intrawave_v3""}, {""kernelId"": 3, ""latency_cycles"": 1259830.07, ""kernelName"": ""a8w8_rowwise_256x256x192x128_32x32_4x3_8x32x1_8x32x1_1x32x1x8_8x8x1_1x1_intrawave_v3""}]",
a8w8,gfx950,48,57344,8192,torch.float8_e4m3fn,True,device:0,256,aiter,32,a8w8_rowwise_256x16x192x256_16x16_1x3_16x16x1_16x16x1_1x16x1x16_4x4x1_1x1_intrawave_v3,16,192,256,2,16,16,128,0,296581.29,334.5246258364191,"[{""kernelId"": 32, ""latency_cycles"": 296581.29, ""kernelName"": ""a8w8_rowwise_256x16x192x256_16x16_1x3_16x16x1_16x16x1_1x16x1x16_4x4x1_1x1_intrawave_v3""}, {""kernelId"": 31, ""latency_cycles"": 322517.95, ""kernelName"": ""a8w8_rowwise_256x16x256x128_16x16_1x4_16x16x1_8x32x1_1x16x1x16_8x8x1_1x2_intrawave_v3""}, {""kernelId"": 65, ""latency_cycles"": 322517.95, ""kernelName"": ""a8w8_rowwise_256x16x256x128_16x16_1x4_8x16x1_8x16x1_1x16x1x16_4x4x1_1x1_interwave_v2""}, {""kernelId"": 84, ""latency_cycles"": 322517.95, ""kernelName"": ""a8w8_rowwise_256x16x256x128_16x16_1x4_8x16x1_8x16x1_1x16x1x16_4x4x1_1x1_interwave_v2""}, {""kernelId"": 34, ""latency_cycles"": 333413.35, ""kernelName"": ""a8w8_rowwise_256x16x64x512_16x16_1x1_32x8x1_32x8x1_1x16x1x16_4x4x1_1x1_intrawave_v3""}]",
a8w8,gfx950,777,57344,8192,torch.float8_e4m3fn,True,device:0,256,aiter,39,a8w8_rowwise_256x224x256x128_16x16_7x8_8x32x1_8x32x1_1x32x1x8_8x8x1_1x2_intrawave_v3,224,256,128,2,16,16,128,0,829734.53,1935.5859306809546,"[{""kernelId"": 39, ""latency_cycles"": 829734.53, ""kernelName"": ""a8w8_rowwise_256x224x256x128_16x16_7x8_8x32x1_8x32x1_1x32x1x8_8x8x1_1x2_intrawave_v3""}, {""kernelId"": 2, ""latency_cycles"": 907316.51, ""kernelName"": ""a8w8_rowwise_256x256x224x128_32x32_2x7_8x32x1_8x32x1_1x64x1x4_8x8x1_2x1_intrawave_v3""}, {""kernelId"": 40, ""latency_cycles"": 916049.82, ""kernelName"": ""a8w8_rowwise_256x256x224x128_16x16_8x7_8x32x1_8x32x1_1x64x1x4_8x8x1_2x1_intrawave_v3""}, {""kernelId"": 1, ""latency_cycles"": 966321.36, ""kernelName"": ""a8w8_rowwise_256x256x256x128_32x32_4x4_8x32x1_8x32x1_1x32x1x8_8x8x1_1x1_intrawave_v3""}, {""kernelId"": 37, ""latency_cycles"": 976302.29, ""kernelName"": ""a8w8_rowwise_256x256x256x128_16x16_8x8_8x32x1_8x32x1_1x32x1x8_8x8x1_1x2_intrawave_v3""}]",
