family,gfx,M,N,K,q_dtype_w,available,hardware_source,cu_num,candidates,best_kernelId,best_kernelName,best_BLOCK_M,best_BLOCK_N,best_BLOCK_K,best_waves_per_eu,mi_m,mi_n,mi_k,splitK,pred_latency_cycles,pred_tflops,topk_json,error
a8w8_blockscale,gfx950,112,64,256,,True,device:0,256,aiter,6,a8w8_blockscale_1x128x128_256x16x64x128_8x16_16x16_1x1_16x16x1_8x32x1_1x16x1x16_4_1x1_intrawave_v1,16,64,128,2,16,16,128,0,1563.69,5.163445165612984,"[{""kernelId"": 6, ""latency_cycles"": 1563.69, ""kernelName"": ""a8w8_blockscale_1x128x128_256x16x64x128_8x16_16x16_1x1_16x16x1_8x32x1_1x16x1x16_4_1x1_intrawave_v1""}, {""kernelId"": 11, ""latency_cycles"": 2259.71, ""kernelName"": ""a8w8_blockscale_1x128x128_256x32x64x128_16x16_16x16_2x1_8x32x1_8x32x1_1x32x1x8_8_2x1_intrawave_v1""}, {""kernelId"": 8, ""latency_cycles"": 2447.16, ""kernelName"": ""a8w8_blockscale_1x128x128_256x16x64x256_16x16_16x16_1x1_16x16x1_16x16x1_1x16x1x16_4_1x1_intrawave_v1""}, {""kernelId"": 3, ""latency_cycles"": 3121.01, ""kernelName"": ""a8w8_blockscale_1x128x128_256x64x64x128_16x16_32x32_1x1_8x32x1_8x32x1_1x32x1x8_8_1x1_intrawave_v3""}, {""kernelId"": 16, ""latency_cycles"": 3121.01, ""kernelName"": ""a8w8_blockscale_1x128x128_256x64x64x128_16x16_32x32_1x1_8x32x1_8x32x1_1x32x1x8_8_1x1_intrawave_v1""}]",
a8w8_blockscale,gfx950,32,64,3200,,True,device:0,256,aiter,6,a8w8_blockscale_1x128x128_256x16x64x128_8x16_16x16_1x1_16x16x1_8x32x1_1x16x1x16_4_1x1_intrawave_v1,16,64,128,2,16,16,128,0,17596.46,1.6387292591186495,"[{""kernelId"": 6, ""latency_cycles"": 17596.46, ""kernelName"": ""a8w8_blockscale_1x128x128_256x16x64x128_8x16_16x16_1x1_16x16x1_8x32x1_1x16x1x16_4_1x1_intrawave_v1""}, {""kernelId"": 11, ""latency_cycles"": 18919.49, ""kernelName"": ""a8w8_blockscale_1x128x128_256x32x64x128_16x16_16x16_2x1_8x32x1_8x32x1_1x32x1x8_8_2x1_intrawave_v1""}, {""kernelId"": 8, ""latency_cycles"": 19715.81, ""kernelName"": ""a8w8_blockscale_1x128x128_256x16x64x256_16x16_16x16_1x1_16x16x1_16x16x1_1x16x1x16_4_1x1_intrawave_v1""}, {""kernelId"": 13, ""latency_cycles"": 21800.12, ""kernelName"": ""a8w8_blockscale_1x128x128_256x32x64x256_16x16_16x16_2x1_16x16x1_16x16x1_1x32x1x8_8_2x1_intrawave_v1""}, {""kernelId"": 3, ""latency_cycles"": 25515.14, ""kernelName"": ""a8w8_blockscale_1x128x128_256x64x64x128_16x16_32x32_1x1_8x32x1_8x32x1_1x32x1x8_8_1x1_intrawave_v3""}]",
a8w8_blockscale,gfx950,7,64,7168,,True,device:0,256,aiter,,,,,,,,,,,,,,no config scored
a8w8_blockscale,gfx950,48,64,12800,,True,device:0,256,aiter,6,a8w8_blockscale_1x128x128_256x16x64x128_8x16_16x16_1x1_16x16x1_8x32x1_1x16x1x16_4_1x1_intrawave_v1,16,64,128,2,16,16,128,0,20326.39,8.511844428625231,"[{""kernelId"": 6, ""latency_cycles"": 20326.39, ""kernelName"": ""a8w8_blockscale_1x128x128_256x16x64x128_8x16_16x16_1x1_16x16x1_8x32x1_1x16x1x16_4_1x1_intrawave_v1""}, {""kernelId"": 11, ""latency_cycles"": 22656.85, ""kernelName"": ""a8w8_blockscale_1x128x128_256x32x64x128_16x16_16x16_2x1_8x32x1_8x32x1_1x32x1x8_8_2x1_intrawave_v1""}, {""kernelId"": 3, ""latency_cycles"": 25036.82, ""kernelName"": ""a8w8_blockscale_1x128x128_256x64x64x128_16x16_32x32_1x1_8x32x1_8x32x1_1x32x1x8_8_1x1_intrawave_v3""}, {""kernelId"": 16, ""latency_cycles"": 25036.82, ""kernelName"": ""a8w8_blockscale_1x128x128_256x64x64x128_16x16_32x32_1x1_8x32x1_8x32x1_1x32x1x8_8_1x1_intrawave_v1""}, {""kernelId"": 5, ""latency_cycles"": 28777.91, ""kernelName"": ""a8w8_blockscale_1x128x128_256x16x128x128_8x16_16x16_1x2_16x16x1_8x32x1_1x16x1x16_8_1x2_intrawave_v1""}]",
a8w8_blockscale,gfx950,3,128,512,,True,device:0,256,aiter,,,,,,,,,,,,,,no config scored
a8w8_blockscale,gfx950,33,128,512,,True,device:0,256,aiter,8,a8w8_blockscale_1x128x128_256x16x64x256_16x16_16x16_1x1_16x16x1_16x16x1_1x16x1x16_4_1x1_intrawave_v1,16,64,256,2,16,16,128,0,3187.88,2.9849995255579294,"[{""kernelId"": 8, ""latency_cycles"": 3187.88, ""kernelName"": ""a8w8_blockscale_1x128x128_256x16x64x256_16x16_16x16_1x1_16x16x1_16x16x1_1x16x1x16_4_1x1_intrawave_v1""}, {""kernelId"": 6, ""latency_cycles"": 3917.37, ""kernelName"": ""a8w8_blockscale_1x128x128_256x16x64x128_8x16_16x16_1x1_16x16x1_8x32x1_1x16x1x16_4_1x1_intrawave_v1""}, {""kernelId"": 13, ""latency_cycles"": 4878.43, ""kernelName"": ""a8w8_blockscale_1x128x128_256x32x64x256_16x16_16x16_2x1_16x16x1_16x16x1_1x32x1x8_8_2x1_intrawave_v1""}, {""kernelId"": 7, ""latency_cycles"": 5329.3, ""kernelName"": ""a8w8_blockscale_1x128x128_256x16x128x256_16x16_16x16_1x2_16x16x1_16x16x1_1x16x1x16_8_1x2_intrawave_v1""}, {""kernelId"": 11, ""latency_cycles"": 5421.28, ""kernelName"": ""a8w8_blockscale_1x128x128_256x32x64x128_16x16_16x16_2x1_8x32x1_8x32x1_1x32x1x8_8_2x1_intrawave_v1""}]",
a8w8_blockscale,gfx950,48,128,512,,True,device:0,256,aiter,8,a8w8_blockscale_1x128x128_256x16x64x256_16x16_16x16_1x1_16x16x1_16x16x1_1x16x1x16_4_1x1_intrawave_v1,16,64,256,2,16,16,128,0,2440.0,5.672622160706845,"[{""kernelId"": 8, ""latency_cycles"": 2440.0, ""kernelName"": ""a8w8_blockscale_1x128x128_256x16x64x256_16x16_16x16_1x1_16x16x1_16x16x1_1x16x1x16_4_1x1_intrawave_v1""}, {""kernelId"": 6, ""latency_cycles"": 3235.02, ""kernelName"": ""a8w8_blockscale_1x128x128_256x16x64x128_8x16_16x16_1x1_16x16x1_8x32x1_1x16x1x16_4_1x1_intrawave_v1""}, {""kernelId"": 13, ""latency_cycles"": 3885.62, ""kernelName"": ""a8w8_blockscale_1x128x128_256x32x64x256_16x16_16x16_2x1_16x16x1_16x16x1_1x32x1x8_8_2x1_intrawave_v1""}, {""kernelId"": 7, ""latency_cycles"": 3983.11, ""kernelName"": ""a8w8_blockscale_1x128x128_256x16x128x256_16x16_16x16_1x2_16x16x1_16x16x1_1x16x1x16_8_1x2_intrawave_v1""}, {""kernelId"": 11, ""latency_cycles"": 4533.34, ""kernelName"": ""a8w8_blockscale_1x128x128_256x32x64x128_16x16_16x16_2x1_8x32x1_8x32x1_1x32x1x8_8_2x1_intrawave_v1""}]",
a8w8_blockscale,gfx950,256,128,512,,True,device:0,256,aiter,8,a8w8_blockscale_1x128x128_256x16x64x256_16x16_16x16_1x1_16x16x1_16x16x1_1x16x1x16_4_1x1_intrawave_v1,16,64,256,2,16,16,128,0,2486.76,29.68510399450109,"[{""kernelId"": 8, ""latency_cycles"": 2486.76, ""kernelName"": ""a8w8_blockscale_1x128x128_256x16x64x256_16x16_16x16_1x1_16x16x1_16x16x1_1x16x1x16_4_1x1_intrawave_v1""}, {""kernelId"": 13, ""latency_cycles"": 3115.55, ""kernelName"": ""a8w8_blockscale_1x128x128_256x32x64x256_16x16_16x16_2x1_16x16x1_16x16x1_1x32x1x8_8_2x1_intrawave_v1""}, {""kernelId"": 6, ""latency_cycles"": 3281.78, ""kernelName"": ""a8w8_blockscale_1x128x128_256x16x64x128_8x16_16x16_1x1_16x16x1_8x32x1_1x16x1x16_4_1x1_intrawave_v1""}, {""kernelId"": 11, ""latency_cycles"": 3820.94, ""kernelName"": ""a8w8_blockscale_1x128x128_256x32x64x128_16x16_16x16_2x1_8x32x1_8x32x1_1x32x1x8_8_2x1_intrawave_v1""}, {""kernelId"": 7, ""latency_cycles"": 4102.76, ""kernelName"": ""a8w8_blockscale_1x128x128_256x16x128x256_16x16_16x16_1x2_16x16x1_16x16x1_1x16x1x16_8_1x2_intrawave_v1""}]",
a8w8_blockscale,gfx950,14,128,7168,,True,device:0,256,aiter,,,,,,,,,,,,,,no config scored
a8w8_blockscale,gfx950,1280,256,512,,True,device:0,256,aiter,13,a8w8_blockscale_1x128x128_256x32x64x256_16x16_16x16_2x1_16x16x1_16x16x1_1x32x1x8_8_2x1_intrawave_v1,32,64,256,2,16,16,128,0,3305.56,223.31999730072883,"[{""kernelId"": 13, ""latency_cycles"": 3305.56, ""kernelName"": ""a8w8_blockscale_1x128x128_256x32x64x256_16x16_16x16_2x1_16x16x1_16x16x1_1x32x1x8_8_2x1_intrawave_v1""}, {""kernelId"": 11, ""latency_cycles"": 4010.94, ""kernelName"": ""a8w8_blockscale_1x128x128_256x32x64x128_16x16_16x16_2x1_8x32x1_8x32x1_1x32x1x8_8_2x1_intrawave_v1""}, {""kernelId"": 7, ""latency_cycles"": 4292.76, ""kernelName"": ""a8w8_blockscale_1x128x128_256x16x128x256_16x16_16x16_1x2_16x16x1_16x16x1_1x16x1x16_8_1x2_intrawave_v1""}, {""kernelId"": 18, ""latency_cycles"": 4448.19, ""kernelName"": ""a8w8_blockscale_1x128x128_256x64x64x256_16x16_32x32_1x1_16x16x1_16x16x1_1x32x1x8_8_1x1_intrawave_v1""}, {""kernelId"": 5, ""latency_cycles"": 4911.64, ""kernelName"": ""a8w8_blockscale_1x128x128_256x16x128x128_8x16_16x16_1x2_16x16x1_8x32x1_1x16x1x16_8_1x2_intrawave_v1""}]",
a8w8_blockscale,gfx950,17,256,4352,,True,device:0,256,aiter,,,,,,,,,,,,,,no config scored
a8w8_blockscale,gfx950,384,256,18432,,True,device:0,256,aiter,18,a8w8_blockscale_1x128x128_256x64x64x256_16x16_32x32_1x1_16x16x1_16x16x1_1x32x1x8_8_1x1_intrawave_v1,64,64,256,2,32,32,64,0,29798.32,267.549719675393,"[{""kernelId"": 18, ""latency_cycles"": 29798.32, ""kernelName"": ""a8w8_blockscale_1x128x128_256x64x64x256_16x16_32x32_1x1_16x16x1_16x16x1_1x32x1x8_8_1x1_intrawave_v1""}, {""kernelId"": 2, ""latency_cycles"": 29941.24, ""kernelName"": ""a8w8_blockscale_1x128x128_256x64x128x128_16x16_32x32_1x2_8x32x1_8x32x1_1x32x1x8_8_1x1_intrawave_v3""}, {""kernelId"": 15, ""latency_cycles"": 29941.24, ""kernelName"": ""a8w8_blockscale_1x128x128_256x64x128x128_16x16_32x32_2x1_8x32x1_8x32x1_1x32x1x8_8_1x1_intrawave_v1""}, {""kernelId"": 12, ""latency_cycles"": 30609.31, ""kernelName"": ""a8w8_blockscale_1x128x128_256x32x128x256_16x16_32x32_1x1_16x16x1_16x16x1_1x32x1x8_8_1x1_intrawave_v1""}, {""kernelId"": 1, ""latency_cycles"": 30871.25, ""kernelName"": ""a8w8_blockscale_1x128x128_256x128x64x128_16x16_32x32_2x1_8x32x1_8x32x1_1x32x1x8_8_1x1_intrawave_v3""}]",
a8w8_blockscale,gfx950,6144,512,5120,,True,device:0,256,aiter,0,a8w8_blockscale_1x128x128_256x128x128x128_16x16_32x32_2x2_8x32x1_8x32x1_1x32x1x8_8_1x1_intrawave_v3,128,128,128,2,32,32,64,0,68757.55,1030.6789172124604,"[{""kernelId"": 0, ""latency_cycles"": 68757.55, ""kernelName"": ""a8w8_blockscale_1x128x128_256x128x128x128_16x16_32x32_2x2_8x32x1_8x32x1_1x32x1x8_8_1x1_intrawave_v3""}, {""kernelId"": 17, ""latency_cycles"": 92211.7, ""kernelName"": ""a8w8_blockscale_1x128x128_256x64x128x256_16x16_32x32_2x1_16x16x1_16x16x1_1x32x1x8_8_1x1_intrawave_v1""}, {""kernelId"": 18, ""latency_cycles"": 99982.06, ""kernelName"": ""a8w8_blockscale_1x128x128_256x64x64x256_16x16_32x32_1x1_16x16x1_16x16x1_1x32x1x8_8_1x1_intrawave_v1""}, {""kernelId"": 1, ""latency_cycles"": 110711.5, ""kernelName"": ""a8w8_blockscale_1x128x128_256x128x64x128_16x16_32x32_2x1_8x32x1_8x32x1_1x32x1x8_8_1x1_intrawave_v3""}, {""kernelId"": 2, ""latency_cycles"": 110711.5, ""kernelName"": ""a8w8_blockscale_1x128x128_256x64x128x128_16x16_32x32_1x2_8x32x1_8x32x1_1x32x1x8_8_1x1_intrawave_v3""}]",
a8w8_blockscale,gfx950,3,512,7168,,True,device:0,256,aiter,,,,,,,,,,,,,,no config scored
a8w8_blockscale,gfx950,896,512,7168,,True,device:0,256,aiter,18,a8w8_blockscale_1x128x128_256x64x64x256_16x16_32x32_1x1_16x16x1_16x16x1_1x32x1x8_8_1x1_intrawave_v1,64,64,256,2,32,32,64,0,32110.11,450.5954444164693,"[{""kernelId"": 18, ""latency_cycles"": 32110.11, ""kernelName"": ""a8w8_blockscale_1x128x128_256x64x64x256_16x16_32x32_1x1_16x16x1_16x16x1_1x32x1x8_8_1x1_intrawave_v1""}, {""kernelId"": 12, ""latency_cycles"": 36025.0, ""kernelName"": ""a8w8_blockscale_1x128x128_256x32x128x256_16x16_32x32_1x1_16x16x1_16x16x1_1x32x1x8_8_1x1_intrawave_v1""}, {""kernelId"": 13, ""latency_cycles"": 37572.73, ""kernelName"": ""a8w8_blockscale_1x128x128_256x32x64x256_16x16_16x16_2x1_16x16x1_16x16x1_1x32x1x8_8_2x1_intrawave_v1""}, {""kernelId"": 3, ""latency_cycles"": 38636.23, ""kernelName"": ""a8w8_blockscale_1x128x128_256x64x64x128_16x16_32x32_1x1_8x32x1_8x32x1_1x32x1x8_8_1x1_intrawave_v3""}, {""kernelId"": 16, ""latency_cycles"": 38636.23, ""kernelName"": ""a8w8_blockscale_1x128x128_256x64x64x128_16x16_32x32_1x1_8x32x1_8x32x1_1x32x1x8_8_1x1_intrawave_v1""}]",
a8w8_blockscale,gfx950,192,576,1536,,True,device:0,256,aiter,8,a8w8_blockscale_1x128x128_256x16x64x256_16x16_16x16_1x1_16x16x1_16x16x1_1x16x1x16_4_1x1_intrawave_v1,16,64,256,2,16,16,128,0,7244.79,103.16724162137162,"[{""kernelId"": 8, ""latency_cycles"": 7244.79, ""kernelName"": ""a8w8_blockscale_1x128x128_256x16x64x256_16x16_16x16_1x1_16x16x1_16x16x1_1x16x1x16_4_1x1_intrawave_v1""}, {""kernelId"": 13, ""latency_cycles"": 8443.28, ""kernelName"": ""a8w8_blockscale_1x128x128_256x32x64x256_16x16_16x16_2x1_16x16x1_16x16x1_1x32x1x8_8_2x1_intrawave_v1""}, {""kernelId"": 6, ""latency_cycles"": 10039.81, ""kernelName"": ""a8w8_blockscale_1x128x128_256x16x64x128_8x16_16x16_1x1_16x16x1_8x32x1_1x16x1x16_4_1x1_intrawave_v1""}, {""kernelId"": 18, ""latency_cycles"": 10654.45, ""kernelName"": ""a8w8_blockscale_1x128x128_256x64x64x256_16x16_32x32_1x1_16x16x1_16x16x1_1x32x1x8_8_1x1_intrawave_v1""}, {""kernelId"": 11, ""latency_cycles"": 11148.67, ""kernelName"": ""a8w8_blockscale_1x128x128_256x32x64x128_16x16_16x16_2x1_8x32x1_8x32x1_1x32x1x8_8_2x1_intrawave_v1""}]",
a8w8_blockscale,gfx950,10,768,1280,,True,device:0,256,aiter,,,,,,,,,,,,,,no config scored
a8w8_blockscale,gfx950,20,768,1280,,True,device:0,256,aiter,,,,,,,,,,,,,,no config scored
a8w8_blockscale,gfx950,10,768,7168,,True,device:0,256,aiter,,,,,,,,,,,,,,no config scored
a8w8_blockscale,gfx950,3,1024,18432,,True,device:0,256,aiter,,,,,,,,,,,,,,no config scored
a8w8_blockscale,gfx950,64,1024,18432,,True,device:0,256,aiter,7,a8w8_blockscale_1x128x128_256x16x128x256_16x16_16x16_1x2_16x16x1_16x16x1_1x16x1x16_8_1x2_intrawave_v1,16,128,256,2,16,16,128,0,29595.35,179.5897408885756,"[{""kernelId"": 7, ""latency_cycles"": 29595.35, ""kernelName"": ""a8w8_blockscale_1x128x128_256x16x128x256_16x16_16x16_1x2_16x16x1_16x16x1_1x16x1x16_8_1x2_intrawave_v1""}, {""kernelId"": 4, ""latency_cycles"": 30743.57, ""kernelName"": ""a8w8_blockscale_1x128x128_256x16x256x128_8x16_16x16_1x4_16x16x1_8x32x1_1x16x1x16_8_1x2_intrawave_v1""}, {""kernelId"": 5, ""latency_cycles"": 33714.23, ""kernelName"": ""a8w8_blockscale_1x128x128_256x16x128x128_8x16_16x16_1x2_16x16x1_8x32x1_1x16x1x16_8_1x2_intrawave_v1""}, {""kernelId"": 8, ""latency_cycles"": 34070.5, ""kernelName"": ""a8w8_blockscale_1x128x128_256x16x64x256_16x16_16x16_1x1_16x16x1_16x16x1_1x16x1x16_4_1x1_intrawave_v1""}, {""kernelId"": 6, ""latency_cycles"": 42865.52, ""kernelName"": ""a8w8_blockscale_1x128x128_256x16x64x128_8x16_16x16_1x1_16x16x1_8x32x1_1x16x1x16_4_1x1_intrawave_v1""}]",
a8w8_blockscale,gfx950,3072,1024,18432,,True,device:0,256,aiter,0,a8w8_blockscale_1x128x128_256x128x128x128_16x16_32x32_2x2_8x32x1_8x32x1_1x32x1x8_8_1x1_intrawave_v3,128,128,128,2,32,32,64,0,233658.35,1091.8550941893338,"[{""kernelId"": 0, ""latency_cycles"": 233658.35, ""kernelName"": ""a8w8_blockscale_1x128x128_256x128x128x128_16x16_32x32_2x2_8x32x1_8x32x1_1x32x1x8_8_1x1_intrawave_v3""}, {""kernelId"": 14, ""latency_cycles"": 272854.74, ""kernelName"": ""a8w8_blockscale_1x128x128_256x64x256x128_16x16_32x32_2x2_8x32x1_8x32x1_1x32x1x8_8_1x1_intrawave_v1""}, {""kernelId"": 17, ""latency_cycles"": 313562.89, ""kernelName"": ""a8w8_blockscale_1x128x128_256x64x128x256_16x16_32x32_2x1_16x16x1_16x16x1_1x32x1x8_8_1x1_intrawave_v1""}, {""kernelId"": 18, ""latency_cycles"": 347333.25, ""kernelName"": ""a8w8_blockscale_1x128x128_256x64x64x256_16x16_32x32_1x1_16x16x1_16x16x1_1x32x1x8_8_1x1_intrawave_v1""}, {""kernelId"": 1, ""latency_cycles"": 384062.69, ""kernelName"": ""a8w8_blockscale_1x128x128_256x128x64x128_16x16_32x32_2x1_8x32x1_8x32x1_1x32x1x8_8_1x1_intrawave_v3""}]",
a8w8_blockscale,gfx950,15,1280,4096,,True,device:0,256,aiter,,,,,,,,,,,,,,no config scored
a8w8_blockscale,gfx950,11,1280,8192,,True,device:0,256,aiter,,,,,,,,,,,,,,no config scored
a8w8_blockscale,gfx950,320,1280,8192,,True,device:0,256,aiter,18,a8w8_blockscale_1x128x128_256x64x64x256_16x16_32x32_1x1_16x16x1_16x16x1_1x32x1x8_8_1x1_intrawave_v1,64,64,256,2,32,32,64,0,34877.27,423.31150942874524,"[{""kernelId"": 18, ""latency_cycles"": 34877.27, ""kernelName"": ""a8w8_blockscale_1x128x128_256x64x64x256_16x16_32x32_1x1_16x16x1_16x16x1_1x32x1x8_8_1x1_intrawave_v1""}, {""kernelId"": 2, ""latency_cycles"": 37258.18, ""kernelName"": ""a8w8_blockscale_1x128x128_256x64x128x128_16x16_32x32_1x2_8x32x1_8x32x1_1x32x1x8_8_1x1_intrawave_v3""}, {""kernelId"": 15, ""latency_cycles"": 37258.18, ""kernelName"": ""a8w8_blockscale_1x128x128_256x64x128x128_16x16_32x32_2x1_8x32x1_8x32x1_1x32x1x8_8_1x1_intrawave_v1""}, {""kernelId"": 14, ""latency_cycles"": 38672.68, ""kernelName"": ""a8w8_blockscale_1x128x128_256x64x256x128_16x16_32x32_2x2_8x32x1_8x32x1_1x32x1x8_8_1x1_intrawave_v1""}, {""kernelId"": 0, ""latency_cycles"": 38786.98, ""kernelName"": ""a8w8_blockscale_1x128x128_256x128x128x128_16x16_32x32_2x2_8x32x1_8x32x1_1x32x1x8_8_1x1_intrawave_v3""}]",
a8w8_blockscale,gfx950,384,1536,256,,True,device:0,256,aiter,3,a8w8_blockscale_1x128x128_256x64x64x128_16x16_32x32_1x1_8x32x1_8x32x1_1x32x1x8_8_1x1_intrawave_v3,64,64,128,2,32,32,64,0,3029.98,219.2679856673019,"[{""kernelId"": 3, ""latency_cycles"": 3029.98, ""kernelName"": ""a8w8_blockscale_1x128x128_256x64x64x128_16x16_32x32_1x1_8x32x1_8x32x1_1x32x1x8_8_1x1_intrawave_v3""}, {""kernelId"": 16, ""latency_cycles"": 3029.98, ""kernelName"": ""a8w8_blockscale_1x128x128_256x64x64x128_16x16_32x32_1x1_8x32x1_8x32x1_1x32x1x8_8_1x1_intrawave_v1""}, {""kernelId"": 10, ""latency_cycles"": 3359.05, ""kernelName"": ""a8w8_blockscale_1x128x128_256x32x128x128_16x16_32x32_1x1_8x32x1_8x32x1_1x32x1x8_8_1x1_intrawave_v1""}, {""kernelId"": 11, ""latency_cycles"": 4573.94, ""kernelName"": ""a8w8_blockscale_1x128x128_256x32x64x128_16x16_16x16_2x1_8x32x1_8x32x1_1x32x1x8_8_2x1_intrawave_v1""}, {""kernelId"": 1, ""latency_cycles"": 4584.57, ""kernelName"": ""a8w8_blockscale_1x128x128_256x128x64x128_16x16_32x32_2x1_8x32x1_8x32x1_1x32x1x8_8_1x1_intrawave_v3""}]",
a8w8_blockscale,gfx950,2048,1536,4352,,True,device:0,256,aiter,0,a8w8_blockscale_1x128x128_256x128x128x128_16x16_32x32_2x2_8x32x1_8x32x1_1x32x1x8_8_1x1_intrawave_v3,128,128,128,2,32,32,64,0,59244.05,1016.758994056816,"[{""kernelId"": 0, ""latency_cycles"": 59244.05, ""kernelName"": ""a8w8_blockscale_1x128x128_256x128x128x128_16x16_32x32_2x2_8x32x1_8x32x1_1x32x1x8_8_1x1_intrawave_v3""}, {""kernelId"": 14, ""latency_cycles"": 68586.86, ""kernelName"": ""a8w8_blockscale_1x128x128_256x64x256x128_16x16_32x32_2x2_8x32x1_8x32x1_1x32x1x8_8_1x1_intrawave_v1""}, {""kernelId"": 17, ""latency_cycles"": 79441.43, ""kernelName"": ""a8w8_blockscale_1x128x128_256x64x128x256_16x16_32x32_2x1_16x16x1_16x16x1_1x32x1x8_8_1x1_intrawave_v1""}, {""kernelId"": 18, ""latency_cycles"": 85711.8, ""kernelName"": ""a8w8_blockscale_1x128x128_256x64x64x256_16x16_32x32_1x1_16x16x1_16x16x1_1x32x1x8_8_1x1_intrawave_v1""}, {""kernelId"": 1, ""latency_cycles"": 94941.24, ""kernelName"": ""a8w8_blockscale_1x128x128_256x128x64x128_16x16_32x32_2x1_8x32x1_8x32x1_1x32x1x8_8_1x1_intrawave_v3""}]",
a8w8_blockscale,gfx950,777,1536,7168,,True,device:0,256,aiter,17,a8w8_blockscale_1x128x128_256x64x128x256_16x16_32x32_2x1_16x16x1_16x16x1_1x32x1x8_8_1x1_intrawave_v1,64,128,256,2,32,32,64,0,66224.6,568.3862373453725,"[{""kernelId"": 17, ""latency_cycles"": 66224.6, ""kernelName"": ""a8w8_blockscale_1x128x128_256x64x128x256_16x16_32x32_2x1_16x16x1_16x16x1_1x32x1x8_8_1x1_intrawave_v1""}, {""kernelId"": 0, ""latency_cycles"": 76651.76, ""kernelName"": ""a8w8_blockscale_1x128x128_256x128x128x128_16x16_32x32_2x2_8x32x1_8x32x1_1x32x1x8_8_1x1_intrawave_v3""}, {""kernelId"": 14, ""latency_cycles"": 79067.72, ""kernelName"": ""a8w8_blockscale_1x128x128_256x64x256x128_16x16_32x32_2x2_8x32x1_8x32x1_1x32x1x8_8_1x1_intrawave_v1""}, {""kernelId"": 2, ""latency_cycles"": 79367.68, ""kernelName"": ""a8w8_blockscale_1x128x128_256x64x128x128_16x16_32x32_1x2_8x32x1_8x32x1_1x32x1x8_8_1x1_intrawave_v3""}, {""kernelId"": 15, ""latency_cycles"": 79367.68, ""kernelName"": ""a8w8_blockscale_1x128x128_256x64x128x128_16x16_32x32_2x1_8x32x1_8x32x1_1x32x1x8_8_1x1_intrawave_v1""}]",
a8w8_blockscale,gfx950,20,2048,128,,True,device:0,256,aiter,,,,,,,,,,,,,,no config scored
a8w8_blockscale,gfx950,17,2048,512,,True,device:0,256,aiter,,,,,,,,,,,,,,no config scored
a8w8_blockscale,gfx950,9,2048,1024,,True,device:0,256,aiter,,,,,,,,,,,,,,no config scored
a8w8_blockscale,gfx950,40,2048,1024,,True,device:0,256,aiter,8,a8w8_blockscale_1x128x128_256x16x64x256_16x16_16x16_1x1_16x16x1_16x16x1_1x16x1x16_4_1x1_intrawave_v1,16,64,256,2,16,16,128,0,5548.1,66.52710196143393,"[{""kernelId"": 8, ""latency_cycles"": 5548.1, ""kernelName"": ""a8w8_blockscale_1x128x128_256x16x64x256_16x16_16x16_1x1_16x16x1_16x16x1_1x16x1x16_4_1x1_intrawave_v1""}, {""kernelId"": 6, ""latency_cycles"": 7314.28, ""kernelName"": ""a8w8_blockscale_1x128x128_256x16x64x128_8x16_16x16_1x1_16x16x1_8x32x1_1x16x1x16_4_1x1_intrawave_v1""}, {""kernelId"": 7, ""latency_cycles"": 8843.01, ""kernelName"": ""a8w8_blockscale_1x128x128_256x16x128x256_16x16_16x16_1x2_16x16x1_16x16x1_1x16x1x16_8_1x2_intrawave_v1""}, {""kernelId"": 5, ""latency_cycles"": 10409.98, ""kernelName"": ""a8w8_blockscale_1x128x128_256x16x128x128_8x16_16x16_1x2_16x16x1_8x32x1_1x16x1x16_8_1x2_intrawave_v1""}, {""kernelId"": 4, ""latency_cycles"": 16585.54, ""kernelName"": ""a8w8_blockscale_1x128x128_256x16x256x128_8x16_16x16_1x4_16x16x1_8x32x1_1x16x1x16_8_1x2_intrawave_v1""}]",
a8w8_blockscale,gfx950,160,2048,1024,,True,device:0,256,aiter,13,a8w8_blockscale_1x128x128_256x32x64x256_16x16_16x16_2x1_16x16x1_16x16x1_1x32x1x8_8_2x1_intrawave_v1,32,64,256,2,16,16,128,0,5981.69,246.8191500023637,"[{""kernelId"": 13, ""latency_cycles"": 5981.69, ""kernelName"": ""a8w8_blockscale_1x128x128_256x32x64x256_16x16_16x16_2x1_16x16x1_16x16x1_1x32x1x8_8_2x1_intrawave_v1""}, {""kernelId"": 11, ""latency_cycles"": 7687.07, ""kernelName"": ""a8w8_blockscale_1x128x128_256x32x64x128_16x16_16x16_2x1_8x32x1_8x32x1_1x32x1x8_8_2x1_intrawave_v1""}, {""kernelId"": 7, ""latency_cycles"": 7783.08, ""kernelName"": ""a8w8_blockscale_1x128x128_256x16x128x256_16x16_16x16_1x2_16x16x1_16x16x1_1x16x1x16_8_1x2_intrawave_v1""}, {""kernelId"": 18, ""latency_cycles"": 8714.38, ""kernelName"": ""a8w8_blockscale_1x128x128_256x64x64x256_16x16_32x32_1x1_16x16x1_16x16x1_1x32x1x8_8_1x1_intrawave_v1""}, {""kernelId"": 12, ""latency_cycles"": 8897.64, ""kernelName"": ""a8w8_blockscale_1x128x128_256x32x128x256_16x16_32x32_1x1_16x16x1_16x16x1_1x32x1x8_8_1x1_intrawave_v1""}]",
a8w8_blockscale,gfx950,448,2048,1024,,True,device:0,256,aiter,18,a8w8_blockscale_1x128x128_256x64x64x256_16x16_32x32_1x1_16x16x1_16x16x1_1x32x1x8_8_1x1_intrawave_v1,64,64,256,2,32,32,64,0,7997.4,516.9062141203157,"[{""kernelId"": 18, ""latency_cycles"": 7997.4, ""kernelName"": ""a8w8_blockscale_1x128x128_256x64x64x256_16x16_32x32_1x1_16x16x1_16x16x1_1x32x1x8_8_1x1_intrawave_v1""}, {""kernelId"": 12, ""latency_cycles"": 9198.33, ""kernelName"": ""a8w8_blockscale_1x128x128_256x32x128x256_16x16_32x32_1x1_16x16x1_16x16x1_1x32x1x8_8_1x1_intrawave_v1""}, {""kernelId"": 3, ""latency_cycles"": 9523.51, ""kernelName"": ""a8w8_blockscale_1x128x128_256x64x64x128_16x16_32x32_1x1_8x32x1_8x32x1_1x32x1x8_8_1x1_intrawave_v3""}, {""kernelId"": 16, ""latency_cycles"": 9523.51, ""kernelName"": ""a8w8_blockscale_1x128x128_256x64x64x128_16x16_32x32_1x1_8x32x1_8x32x1_1x32x1x8_8_1x1_intrawave_v1""}, {""kernelId"": 10, ""latency_cycles"": 10666.77, ""kernelName"": ""a8w8_blockscale_1x128x128_256x32x128x128_16x16_32x32_1x1_8x32x1_8x32x1_1x32x1x8_8_1x1_intrawave_v1""}]",
a8w8_blockscale,gfx950,896,2048,1024,,True,device:0,256,aiter,17,a8w8_blockscale_1x128x128_256x64x128x256_16x16_32x32_2x1_16x16x1_16x16x1_1x32x1x8_8_1x1_intrawave_v1,64,128,256,2,32,32,64,0,12091.95,683.7454125820158,"[{""kernelId"": 17, ""latency_cycles"": 12091.95, ""kernelName"": ""a8w8_blockscale_1x128x128_256x64x128x256_16x16_32x32_2x1_16x16x1_16x16x1_1x32x1x8_8_1x1_intrawave_v1""}, {""kernelId"": 1, ""latency_cycles"": 13259.52, ""kernelName"": ""a8w8_blockscale_1x128x128_256x128x64x128_16x16_32x32_2x1_8x32x1_8x32x1_1x32x1x8_8_1x1_intrawave_v3""}, {""kernelId"": 2, ""latency_cycles"": 13259.52, ""kernelName"": ""a8w8_blockscale_1x128x128_256x64x128x128_16x16_32x32_1x2_8x32x1_8x32x1_1x32x1x8_8_1x1_intrawave_v3""}, {""kernelId"": 15, ""latency_cycles"": 13259.52, ""kernelName"": ""a8w8_blockscale_1x128x128_256x64x128x128_16x16_32x32_2x1_8x32x1_8x32x1_1x32x1x8_8_1x1_intrawave_v1""}, {""kernelId"": 18, ""latency_cycles"": 15916.0, ""kernelName"": ""a8w8_blockscale_1x128x128_256x64x64x256_16x16_32x32_1x1_16x16x1_16x16x1_1x32x1x8_8_1x1_intrawave_v1""}]",
a8w8_blockscale,gfx950,448,2048,4096,,True,device:0,256,aiter,18,a8w8_blockscale_1x128x128_256x64x64x256_16x16_32x32_1x1_16x16x1_16x16x1_1x32x1x8_8_1x1_intrawave_v1,64,64,256,2,32,32,64,0,27024.42,611.8772196171809,"[{""kernelId"": 18, ""latency_cycles"": 27024.42, ""kernelName"": ""a8w8_blockscale_1x128x128_256x64x64x256_16x16_32x32_1x1_16x16x1_16x16x1_1x32x1x8_8_1x1_intrawave_v1""}, {""kernelId"": 12, ""latency_cycles"": 31482.1, ""kernelName"": ""a8w8_blockscale_1x128x128_256x32x128x256_16x16_32x32_1x1_16x16x1_16x16x1_1x32x1x8_8_1x1_intrawave_v1""}, {""kernelId"": 3, ""latency_cycles"": 34550.53, ""kernelName"": ""a8w8_blockscale_1x128x128_256x64x64x128_16x16_32x32_1x1_8x32x1_8x32x1_1x32x1x8_8_1x1_intrawave_v3""}, {""kernelId"": 16, ""latency_cycles"": 34550.53, ""kernelName"": ""a8w8_blockscale_1x128x128_256x64x64x128_16x16_32x32_1x1_8x32x1_8x32x1_1x32x1x8_8_1x1_intrawave_v1""}, {""kernelId"": 17, ""latency_cycles"": 34962.69, ""kernelName"": ""a8w8_blockscale_1x128x128_256x64x128x256_16x16_32x32_2x1_16x16x1_16x16x1_1x32x1x8_8_1x1_intrawave_v1""}]",
a8w8_blockscale,gfx950,56,2048,7168,,True,device:0,256,aiter,8,a8w8_blockscale_1x128x128_256x16x64x256_16x16_16x16_1x1_16x16x1_16x16x1_1x16x1x16_4_1x1_intrawave_v1,16,64,256,2,16,16,128,0,25537.05,141.64391810078033,"[{""kernelId"": 8, ""latency_cycles"": 25537.05, ""kernelName"": ""a8w8_blockscale_1x128x128_256x16x64x256_16x16_16x16_1x1_16x16x1_16x16x1_1x16x1x16_4_1x1_intrawave_v1""}, {""kernelId"": 6, ""latency_cycles"": 32311.47, ""kernelName"": ""a8w8_blockscale_1x128x128_256x16x64x128_8x16_16x16_1x1_16x16x1_8x32x1_1x16x1x16_4_1x1_intrawave_v1""}, {""kernelId"": 7, ""latency_cycles"": 35210.47, ""kernelName"": ""a8w8_blockscale_1x128x128_256x16x128x256_16x16_16x16_1x2_16x16x1_16x16x1_1x16x1x16_8_1x2_intrawave_v1""}, {""kernelId"": 5, ""latency_cycles"": 39248.83, ""kernelName"": ""a8w8_blockscale_1x128x128_256x16x128x128_8x16_16x16_1x2_16x16x1_8x32x1_1x16x1x16_8_1x2_intrawave_v1""}, {""kernelId"": 4, ""latency_cycles"": 52037.11, ""kernelName"": ""a8w8_blockscale_1x128x128_256x16x256x128_8x16_16x16_1x4_16x16x1_8x32x1_1x16x1x16_8_1x2_intrawave_v1""}]",
a8w8_blockscale,gfx950,7,2240,3072,,True,device:0,256,aiter,,,,,,,,,,,,,,no config scored
a8w8_blockscale,gfx950,1234,2240,9216,,True,device:0,256,aiter,0,a8w8_blockscale_1x128x128_256x128x128x128_16x16_32x32_2x2_8x32x1_8x32x1_1x32x1x8_8_1x1_intrawave_v3,128,128,128,2,32,32,64,0,125796.0,891.0282533192606,"[{""kernelId"": 0, ""latency_cycles"": 125796.0, ""kernelName"": ""a8w8_blockscale_1x128x128_256x128x128x128_16x16_32x32_2x2_8x32x1_8x32x1_1x32x1x8_8_1x1_intrawave_v3""}, {""kernelId"": 14, ""latency_cycles"": 145990.49, ""kernelName"": ""a8w8_blockscale_1x128x128_256x64x256x128_16x16_32x32_2x2_8x32x1_8x32x1_1x32x1x8_8_1x1_intrawave_v1""}, {""kernelId"": 17, ""latency_cycles"": 168728.64, ""kernelName"": ""a8w8_blockscale_1x128x128_256x64x128x256_16x16_32x32_2x1_16x16x1_16x16x1_1x32x1x8_8_1x1_intrawave_v1""}, {""kernelId"": 18, ""latency_cycles"": 180868.53, ""kernelName"": ""a8w8_blockscale_1x128x128_256x64x64x256_16x16_32x32_1x1_16x16x1_16x16x1_1x32x1x8_8_1x1_intrawave_v1""}, {""kernelId"": 1, ""latency_cycles"": 200101.42, ""kernelName"": ""a8w8_blockscale_1x128x128_256x128x64x128_16x16_32x32_2x1_8x32x1_8x32x1_1x32x1x8_8_1x1_intrawave_v3""}]",
a8w8_blockscale,gfx950,15,2304,9216,,True,device:0,256,aiter,,,,,,,,,,,,,,no config scored
a8w8_blockscale,gfx950,1280,2560,2048,,True,device:0,256,aiter,0,a8w8_blockscale_1x128x128_256x128x128x128_16x16_32x32_2x2_8x32x1_8x32x1_1x32x1x8_8_1x1_intrawave_v3,128,128,128,2,32,32,64,0,30803.06,958.6027351109683,"[{""kernelId"": 0, ""latency_cycles"": 30803.06, ""kernelName"": ""a8w8_blockscale_1x128x128_256x128x128x128_16x16_32x32_2x2_8x32x1_8x32x1_1x32x1x8_8_1x1_intrawave_v3""}, {""kernelId"": 14, ""latency_cycles"": 35260.74, ""kernelName"": ""a8w8_blockscale_1x128x128_256x64x256x128_16x16_32x32_2x2_8x32x1_8x32x1_1x32x1x8_8_1x1_intrawave_v1""}, {""kernelId"": 17, ""latency_cycles"": 41130.65, ""kernelName"": ""a8w8_blockscale_1x128x128_256x64x128x256_16x16_32x32_2x1_16x16x1_16x16x1_1x32x1x8_8_1x1_intrawave_v1""}, {""kernelId"": 1, ""latency_cycles"": 47630.45, ""kernelName"": ""a8w8_blockscale_1x128x128_256x128x64x128_16x16_32x32_2x1_8x32x1_8x32x1_1x32x1x8_8_1x1_intrawave_v3""}, {""kernelId"": 2, ""latency_cycles"": 47630.45, ""kernelName"": ""a8w8_blockscale_1x128x128_256x64x128x128_16x16_32x32_1x2_8x32x1_8x32x1_1x32x1x8_8_1x1_intrawave_v3""}]",
a8w8_blockscale,gfx950,24576,2560,4096,,True,device:0,256,aiter,0,a8w8_blockscale_1x128x128_256x128x128x128_16x16_32x32_2x2_8x32x1_8x32x1_1x32x1x8_8_1x1_intrawave_v3,128,128,128,2,32,32,64,0,849331.75,1335.0158747308801,"[{""kernelId"": 0, ""latency_cycles"": 849331.75, ""kernelName"": ""a8w8_blockscale_1x128x128_256x128x128x128_16x16_32x32_2x2_8x32x1_8x32x1_1x32x1x8_8_1x1_intrawave_v3""}, {""kernelId"": 14, ""latency_cycles"": 981041.99, ""kernelName"": ""a8w8_blockscale_1x128x128_256x64x256x128_16x16_32x32_2x2_8x32x1_8x32x1_1x32x1x8_8_1x1_intrawave_v1""}, {""kernelId"": 17, ""latency_cycles"": 1127770.21, ""kernelName"": ""a8w8_blockscale_1x128x128_256x64x128x256_16x16_32x32_2x1_16x16x1_16x16x1_1x32x1x8_8_1x1_intrawave_v1""}, {""kernelId"": 1, ""latency_cycles"": 1345267.23, ""kernelName"": ""a8w8_blockscale_1x128x128_256x128x64x128_16x16_32x32_2x1_8x32x1_8x32x1_1x32x1x8_8_1x1_intrawave_v3""}, {""kernelId"": 2, ""latency_cycles"": 1345267.23, ""kernelName"": ""a8w8_blockscale_1x128x128_256x64x128x128_16x16_32x32_1x2_8x32x1_8x32x1_1x32x1x8_8_1x1_intrawave_v3""}]",
a8w8_blockscale,gfx950,160,2560,5120,,True,device:0,256,aiter,13,a8w8_blockscale_1x128x128_256x32x64x256_16x16_16x16_2x1_16x16x1_16x16x1_1x32x1x8_8_2x1_intrawave_v1,32,64,256,2,16,16,128,0,27071.89,340.85054138859215,"[{""kernelId"": 13, ""latency_cycles"": 27071.89, ""kernelName"": ""a8w8_blockscale_1x128x128_256x32x64x256_16x16_16x16_2x1_16x16x1_16x16x1_1x32x1x8_8_2x1_intrawave_v1""}, {""kernelId"": 12, ""latency_cycles"": 28407.05, ""kernelName"": ""a8w8_blockscale_1x128x128_256x32x128x256_16x16_32x32_1x1_16x16x1_16x16x1_1x32x1x8_8_1x1_intrawave_v1""}, {""kernelId"": 18, ""latency_cycles"": 29947.01, ""kernelName"": ""a8w8_blockscale_1x128x128_256x64x64x256_16x16_32x32_1x1_16x16x1_16x16x1_1x32x1x8_8_1x1_intrawave_v1""}, {""kernelId"": 10, ""latency_cycles"": 32875.49, ""kernelName"": ""a8w8_blockscale_1x128x128_256x32x128x128_16x16_32x32_1x1_8x32x1_8x32x1_1x32x1x8_8_1x1_intrawave_v1""}, {""kernelId"": 3, ""latency_cycles"": 34426.99, ""kernelName"": ""a8w8_blockscale_1x128x128_256x64x64x128_16x16_32x32_1x1_8x32x1_8x32x1_1x32x1x8_8_1x1_intrawave_v3""}]",
a8w8_blockscale,gfx950,2560,2560,16384,,True,device:0,256,aiter,0,a8w8_blockscale_1x128x128_256x128x128x128_16x16_32x32_2x2_8x32x1_8x32x1_1x32x1x8_8_1x1_intrawave_v3,128,128,128,2,32,32,64,0,417676.47,1131.1300422934357,"[{""kernelId"": 0, ""latency_cycles"": 417676.47, ""kernelName"": ""a8w8_blockscale_1x128x128_256x128x128x128_16x16_32x32_2x2_8x32x1_8x32x1_1x32x1x8_8_1x1_intrawave_v3""}, {""kernelId"": 14, ""latency_cycles"": 487345.89, ""kernelName"": ""a8w8_blockscale_1x128x128_256x64x256x128_16x16_32x32_2x2_8x32x1_8x32x1_1x32x1x8_8_1x1_intrawave_v1""}, {""kernelId"": 17, ""latency_cycles"": 559017.72, ""kernelName"": ""a8w8_blockscale_1x128x128_256x64x128x256_16x16_32x32_2x1_16x16x1_16x16x1_1x32x1x8_8_1x1_intrawave_v1""}, {""kernelId"": 1, ""latency_cycles"": 684017.32, ""kernelName"": ""a8w8_blockscale_1x128x128_256x128x64x128_16x16_32x32_2x1_8x32x1_8x32x1_1x32x1x8_8_1x1_intrawave_v3""}, {""kernelId"": 2, ""latency_cycles"": 684017.32, ""kernelName"": ""a8w8_blockscale_1x128x128_256x64x128x128_16x16_32x32_1x2_8x32x1_8x32x1_1x32x1x8_8_1x1_intrawave_v3""}]",
a8w8_blockscale,gfx950,9,2624,6144,,True,device:0,256,aiter,,,,,,,,,,,,,,no config scored
a8w8_blockscale,gfx950,6,3072,3072,,True,device:0,256,aiter,,,,,,,,,,,,,,no config scored
a8w8_blockscale,gfx950,11,3072,3072,,True,device:0,256,aiter,,,,,,,,,,,,,,no config scored
a8w8_blockscale,gfx950,32,3584,8192,,True,device:0,256,aiter,,,,,,,,,,,,,,no config scored
a8w8_blockscale,gfx950,112,3584,8192,,True,device:0,256,aiter,12,a8w8_blockscale_1x128x128_256x32x128x256_16x16_32x32_1x1_16x16x1_16x16x1_1x32x1x8_8_1x1_intrawave_v1,32,128,256,2,32,32,64,0,44589.3,324.48748668658527,"[{""kernelId"": 12, ""latency_cycles"": 44589.3, ""kernelName"": ""a8w8_blockscale_1x128x128_256x32x128x256_16x16_32x32_1x1_16x16x1_16x16x1_1x32x1x8_8_1x1_intrawave_v1""}, {""kernelId"": 13, ""latency_cycles"": 46665.33, ""kernelName"": ""a8w8_blockscale_1x128x128_256x32x64x256_16x16_16x16_2x1_16x16x1_16x16x1_1x32x1x8_8_2x1_intrawave_v1""}, {""kernelId"": 9, ""latency_cycles"": 49618.87, ""kernelName"": ""a8w8_blockscale_1x128x128_256x32x256x128_16x16_32x32_1x2_8x32x1_8x32x1_1x32x1x8_8_1x1_intrawave_v1""}, {""kernelId"": 10, ""latency_cycles"": 52016.55, ""kernelName"": ""a8w8_blockscale_1x128x128_256x32x128x128_16x16_32x32_1x1_8x32x1_8x32x1_1x32x1x8_8_1x1_intrawave_v1""}, {""kernelId"": 7, ""latency_cycles"": 56035.27, ""kernelName"": ""a8w8_blockscale_1x128x128_256x16x128x256_16x16_16x16_1x2_16x16x1_16x16x1_1x16x1x16_8_1x2_intrawave_v1""}]",
a8w8_blockscale,gfx950,56,4096,128,,True,device:0,256,aiter,6,a8w8_blockscale_1x128x128_256x16x64x128_8x16_16x16_1x1_16x16x1_8x32x1_1x16x1x16_4_1x1_intrawave_v1,16,64,128,2,16,16,128,0,1908.88,67.67560166232995,"[{""kernelId"": 6, ""latency_cycles"": 1908.88, ""kernelName"": ""a8w8_blockscale_1x128x128_256x16x64x128_8x16_16x16_1x1_16x16x1_8x32x1_1x16x1x16_4_1x1_intrawave_v1""}, {""kernelId"": 5, ""latency_cycles"": 2981.54, ""kernelName"": ""a8w8_blockscale_1x128x128_256x16x128x128_8x16_16x16_1x2_16x16x1_8x32x1_1x16x1x16_8_1x2_intrawave_v1""}, {""kernelId"": 4, ""latency_cycles"": 5190.8, ""kernelName"": ""a8w8_blockscale_1x128x128_256x16x256x128_8x16_16x16_1x4_16x16x1_8x32x1_1x16x1x16_8_1x2_intrawave_v1""}, {""kernelId"": 8, ""latency_cycles"": 104790.26, ""kernelName"": ""a8w8_blockscale_1x128x128_256x16x64x256_16x16_16x16_1x1_16x16x1_16x16x1_1x16x1x16_4_1x1_intrawave_v1""}, {""kernelId"": 7, ""latency_cycles"": 108180.19, ""kernelName"": ""a8w8_blockscale_1x128x128_256x16x128x256_16x16_16x16_1x2_16x16x1_16x16x1_1x16x1x16_8_1x2_intrawave_v1""}]",
a8w8_blockscale,gfx950,192,4096,384,,True,device:0,256,aiter,3,a8w8_blockscale_1x128x128_256x64x64x128_16x16_32x32_1x1_8x32x1_8x32x1_1x32x1x8_8_1x1_intrawave_v3,64,64,128,2,32,32,64,0,4203.01,316.143575811501,"[{""kernelId"": 3, ""latency_cycles"": 4203.01, ""kernelName"": ""a8w8_blockscale_1x128x128_256x64x64x128_16x16_32x32_1x1_8x32x1_8x32x1_1x32x1x8_8_1x1_intrawave_v3""}, {""kernelId"": 16, ""latency_cycles"": 4203.01, ""kernelName"": ""a8w8_blockscale_1x128x128_256x64x64x128_16x16_32x32_1x1_8x32x1_8x32x1_1x32x1x8_8_1x1_intrawave_v1""}, {""kernelId"": 10, ""latency_cycles"": 4667.78, ""kernelName"": ""a8w8_blockscale_1x128x128_256x32x128x128_16x16_32x32_1x1_8x32x1_8x32x1_1x32x1x8_8_1x1_intrawave_v1""}, {""kernelId"": 2, ""latency_cycles"": 5999.61, ""kernelName"": ""a8w8_blockscale_1x128x128_256x64x128x128_16x16_32x32_1x2_8x32x1_8x32x1_1x32x1x8_8_1x1_intrawave_v3""}, {""kernelId"": 15, ""latency_cycles"": 5999.61, ""kernelName"": ""a8w8_blockscale_1x128x128_256x64x128x128_16x16_32x32_2x1_8x32x1_8x32x1_1x32x1x8_8_1x1_intrawave_v1""}]",
a8w8_blockscale,gfx950,12288,4096,384,,True,device:0,256,aiter,0,a8w8_blockscale_1x128x128_256x128x128x128_16x16_32x32_2x2_8x32x1_8x32x1_1x32x1x8_8_1x1_intrawave_v3,128,128,128,2,32,32,64,0,127681.97,666.0325861076496,"[{""kernelId"": 0, ""latency_cycles"": 127681.97, ""kernelName"": ""a8w8_blockscale_1x128x128_256x128x128x128_16x16_32x32_2x2_8x32x1_8x32x1_1x32x1x8_8_1x1_intrawave_v3""}, {""kernelId"": 14, ""latency_cycles"": 138604.31, ""kernelName"": ""a8w8_blockscale_1x128x128_256x64x256x128_16x16_32x32_2x2_8x32x1_8x32x1_1x32x1x8_8_1x1_intrawave_v1""}, {""kernelId"": 1, ""latency_cycles"": 161538.65, ""kernelName"": ""a8w8_blockscale_1x128x128_256x128x64x128_16x16_32x32_2x1_8x32x1_8x32x1_1x32x1x8_8_1x1_intrawave_v3""}, {""kernelId"": 2, ""latency_cycles"": 161538.65, ""kernelName"": ""a8w8_blockscale_1x128x128_256x64x128x128_16x16_32x32_1x2_8x32x1_8x32x1_1x32x1x8_8_1x1_intrawave_v3""}, {""kernelId"": 15, ""latency_cycles"": 161538.65, ""kernelName"": ""a8w8_blockscale_1x128x128_256x64x128x128_16x16_32x32_2x1_8x32x1_8x32x1_1x32x1x8_8_1x1_intrawave_v1""}]",
a8w8_blockscale,gfx950,3,4096,1280,,True,device:0,256,aiter,,,,,,,,,,,,,,no config scored
a8w8_blockscale,gfx950,32,4096,1280,,True,device:0,256,aiter,,,,,,,,,,,,,,no config scored
a8w8_blockscale,gfx950,40,4096,1280,,True,device:0,256,aiter,8,a8w8_blockscale_1x128x128_256x16x64x256_16x16_16x16_1x1_16x16x1_16x16x1_1x16x1x16_4_1x1_intrawave_v1,16,64,256,2,16,16,128,0,6898.27,133.76491431618356,"[{""kernelId"": 8, ""latency_cycles"": 6898.27, ""kernelName"": ""a8w8_blockscale_1x128x128_256x16x64x256_16x16_16x16_1x1_16x16x1_16x16x1_1x16x1x16_4_1x1_intrawave_v1""}, {""kernelId"": 6, ""latency_cycles"": 9164.46, ""kernelName"": ""a8w8_blockscale_1x128x128_256x16x64x128_8x16_16x16_1x1_16x16x1_8x32x1_1x16x1x16_4_1x1_intrawave_v1""}, {""kernelId"": 7, ""latency_cycles"": 10840.17, ""kernelName"": ""a8w8_blockscale_1x128x128_256x16x128x256_16x16_16x16_1x2_16x16x1_16x16x1_1x16x1x16_8_1x2_intrawave_v1""}, {""kernelId"": 5, ""latency_cycles"": 12907.15, ""kernelName"": ""a8w8_blockscale_1x128x128_256x16x128x128_8x16_16x16_1x2_16x16x1_8x32x1_1x16x1x16_8_1x2_intrawave_v1""}, {""kernelId"": 4, ""latency_cycles"": 20401.24, ""kernelName"": ""a8w8_blockscale_1x128x128_256x16x256x128_8x16_16x16_1x4_16x16x1_8x32x1_1x16x1x16_8_1x2_intrawave_v1""}]",
a8w8_blockscale,gfx950,160,4096,2048,,True,device:0,256,aiter,18,a8w8_blockscale_1x128x128_256x64x64x256_16x16_32x32_1x1_16x16x1_16x16x1_1x32x1x8_8_1x1_intrawave_v1,64,64,256,2,32,32,64,0,16166.91,365.2880636061685,"[{""kernelId"": 18, ""latency_cycles"": 16166.91, ""kernelName"": ""a8w8_blockscale_1x128x128_256x64x64x256_16x16_32x32_1x1_16x16x1_16x16x1_1x32x1x8_8_1x1_intrawave_v1""}, {""kernelId"": 12, ""latency_cycles"": 16525.21, ""kernelName"": ""a8w8_blockscale_1x128x128_256x32x128x256_16x16_32x32_1x1_16x16x1_16x16x1_1x32x1x8_8_1x1_intrawave_v1""}, {""kernelId"": 3, ""latency_cycles"": 19646.89, ""kernelName"": ""a8w8_blockscale_1x128x128_256x64x64x128_16x16_32x32_1x1_8x32x1_8x32x1_1x32x1x8_8_1x1_intrawave_v3""}, {""kernelId"": 16, ""latency_cycles"": 19646.89, ""kernelName"": ""a8w8_blockscale_1x128x128_256x64x64x128_16x16_32x32_1x1_8x32x1_8x32x1_1x32x1x8_8_1x1_intrawave_v1""}, {""kernelId"": 10, ""latency_cycles"": 19993.65, ""kernelName"": ""a8w8_blockscale_1x128x128_256x32x128x128_16x16_32x32_1x1_8x32x1_8x32x1_1x32x1x8_8_1x1_intrawave_v1""}]",
a8w8_blockscale,gfx950,640,4096,2048,,True,device:0,256,aiter,0,a8w8_blockscale_1x128x128_256x128x128x128_16x16_32x32_2x2_8x32x1_8x32x1_1x32x1x8_8_1x1_intrawave_v3,128,128,128,2,32,32,64,0,30343.51,778.4967323526605,"[{""kernelId"": 0, ""latency_cycles"": 30343.51, ""kernelName"": ""a8w8_blockscale_1x128x128_256x128x128x128_16x16_32x32_2x2_8x32x1_8x32x1_1x32x1x8_8_1x1_intrawave_v3""}, {""kernelId"": 14, ""latency_cycles"": 34801.19, ""kernelName"": ""a8w8_blockscale_1x128x128_256x64x256x128_16x16_32x32_2x2_8x32x1_8x32x1_1x32x1x8_8_1x1_intrawave_v1""}, {""kernelId"": 17, ""latency_cycles"": 41130.65, ""kernelName"": ""a8w8_blockscale_1x128x128_256x64x128x256_16x16_32x32_2x1_16x16x1_16x16x1_1x32x1x8_8_1x1_intrawave_v1""}, {""kernelId"": 18, ""latency_cycles"": 42901.01, ""kernelName"": ""a8w8_blockscale_1x128x128_256x64x64x256_16x16_32x32_1x1_16x16x1_16x16x1_1x32x1x8_8_1x1_intrawave_v1""}, {""kernelId"": 1, ""latency_cycles"": 47630.45, ""kernelName"": ""a8w8_blockscale_1x128x128_256x128x64x128_16x16_32x32_2x1_8x32x1_8x32x1_1x32x1x8_8_1x1_intrawave_v3""}]",
a8w8_blockscale,gfx950,384,4096,5120,,True,device:0,256,aiter,17,a8w8_blockscale_1x128x128_256x64x128x256_16x16_32x32_2x1_16x16x1_16x16x1_1x32x1x8_8_1x1_intrawave_v1,64,128,256,2,32,32,64,0,45932.9,771.4183854250226,"[{""kernelId"": 17, ""latency_cycles"": 45932.9, ""kernelName"": ""a8w8_blockscale_1x128x128_256x64x128x256_16x16_32x32_2x1_16x16x1_16x16x1_1x32x1x8_8_1x1_intrawave_v1""}, {""kernelId"": 1, ""latency_cycles"": 55100.47, ""kernelName"": ""a8w8_blockscale_1x128x128_256x128x64x128_16x16_32x32_2x1_8x32x1_8x32x1_1x32x1x8_8_1x1_intrawave_v3""}, {""kernelId"": 2, ""latency_cycles"": 55100.47, ""kernelName"": ""a8w8_blockscale_1x128x128_256x64x128x128_16x16_32x32_1x2_8x32x1_8x32x1_1x32x1x8_8_1x1_intrawave_v3""}, {""kernelId"": 15, ""latency_cycles"": 55100.47, ""kernelName"": ""a8w8_blockscale_1x128x128_256x64x128x128_16x16_32x32_2x1_8x32x1_8x32x1_1x32x1x8_8_1x1_intrawave_v1""}, {""kernelId"": 0, ""latency_cycles"": 61914.19, ""kernelName"": ""a8w8_blockscale_1x128x128_256x128x128x128_16x16_32x32_2x2_8x32x1_8x32x1_1x32x1x8_8_1x1_intrawave_v3""}]",
a8w8_blockscale,gfx950,3072,4096,5120,,True,device:0,256,aiter,0,a8w8_blockscale_1x128x128_256x128x128x128_16x16_32x32_2x2_8x32x1_8x32x1_1x32x1x8_8_1x1_intrawave_v3,128,128,128,2,32,32,64,0,207920.38,1363.3480410246584,"[{""kernelId"": 0, ""latency_cycles"": 207920.38, ""kernelName"": ""a8w8_blockscale_1x128x128_256x128x128x128_16x16_32x32_2x2_8x32x1_8x32x1_1x32x1x8_8_1x1_intrawave_v3""}, {""kernelId"": 14, ""latency_cycles"": 240775.94, ""kernelName"": ""a8w8_blockscale_1x128x128_256x64x256x128_16x16_32x32_2x2_8x32x1_8x32x1_1x32x1x8_8_1x1_intrawave_v1""}, {""kernelId"": 17, ""latency_cycles"": 276635.09, ""kernelName"": ""a8w8_blockscale_1x128x128_256x64x128x256_16x16_32x32_2x1_16x16x1_16x16x1_1x32x1x8_8_1x1_intrawave_v1""}, {""kernelId"": 1, ""latency_cycles"": 332134.49, ""kernelName"": ""a8w8_blockscale_1x128x128_256x128x64x128_16x16_32x32_2x1_8x32x1_8x32x1_1x32x1x8_8_1x1_intrawave_v3""}, {""kernelId"": 2, ""latency_cycles"": 332134.49, ""kernelName"": ""a8w8_blockscale_1x128x128_256x64x128x128_16x16_32x32_1x2_8x32x1_8x32x1_1x32x1x8_8_1x1_intrawave_v3""}]",
a8w8_blockscale,gfx950,768,4096,7168,,True,device:0,256,aiter,0,a8w8_blockscale_1x128x128_256x128x128x128_16x16_32x32_2x2_8x32x1_8x32x1_1x32x1x8_8_1x1_intrawave_v3,128,128,128,2,32,32,64,0,94126.91,1054.0423414127058,"[{""kernelId"": 0, ""latency_cycles"": 94126.91, ""kernelName"": ""a8w8_blockscale_1x128x128_256x128x128x128_16x16_32x32_2x2_8x32x1_8x32x1_1x32x1x8_8_1x1_intrawave_v3""}, {""kernelId"": 14, ""latency_cycles"": 109440.43, ""kernelName"": ""a8w8_blockscale_1x128x128_256x64x256x128_16x16_32x32_2x2_8x32x1_8x32x1_1x32x1x8_8_1x1_intrawave_v1""}, {""kernelId"": 17, ""latency_cycles"": 126265.72, ""kernelName"": ""a8w8_blockscale_1x128x128_256x64x128x256_16x16_32x32_2x1_16x16x1_16x16x1_1x32x1x8_8_1x1_intrawave_v1""}, {""kernelId"": 18, ""latency_cycles"": 138036.09, ""kernelName"": ""a8w8_blockscale_1x128x128_256x64x64x256_16x16_32x32_1x1_16x16x1_16x16x1_1x32x1x8_8_1x1_intrawave_v1""}, {""kernelId"": 1, ""latency_cycles"": 152765.53, ""kernelName"": ""a8w8_blockscale_1x128x128_256x128x64x128_16x16_32x32_2x1_8x32x1_8x32x1_1x32x1x8_8_1x1_intrawave_v3""}]",
a8w8_blockscale,gfx950,6000,4096,16384,,True,device:0,256,aiter,0,a8w8_blockscale_1x128x128_256x128x128x128_16x16_32x32_2x2_8x32x1_8x32x1_1x32x1x8_8_1x1_intrawave_v3,128,128,128,2,32,32,64,0,1258178.6,1408.1260044829808,"[{""kernelId"": 0, ""latency_cycles"": 1258178.6, ""kernelName"": ""a8w8_blockscale_1x128x128_256x128x128x128_16x16_32x32_2x2_8x32x1_8x32x1_1x32x1x8_8_1x1_intrawave_v3""}, {""kernelId"": 14, ""latency_cycles"": 1467744.23, ""kernelName"": ""a8w8_blockscale_1x128x128_256x64x256x128_16x16_32x32_2x2_8x32x1_8x32x1_1x32x1x8_8_1x1_intrawave_v1""}, {""kernelId"": 17, ""latency_cycles"": 1683326.27, ""kernelName"": ""a8w8_blockscale_1x128x128_256x64x128x256_16x16_32x32_2x1_16x16x1_16x16x1_1x32x1x8_8_1x1_intrawave_v1""}, {""kernelId"": 2, ""latency_cycles"": 2058315.86, ""kernelName"": ""a8w8_blockscale_1x128x128_256x64x128x128_16x16_32x32_1x2_8x32x1_8x32x1_1x32x1x8_8_1x1_intrawave_v3""}, {""kernelId"": 15, ""latency_cycles"": 2058315.86, ""kernelName"": ""a8w8_blockscale_1x128x128_256x64x128x128_16x16_32x32_2x1_8x32x1_8x32x1_1x32x1x8_8_1x1_intrawave_v1""}]",
a8w8_blockscale,gfx950,80,4352,5120,,True,device:0,256,aiter,13,a8w8_blockscale_1x128x128_256x32x64x256_16x16_16x16_2x1_16x16x1_16x16x1_1x32x1x8_8_2x1_intrawave_v1,32,64,256,2,16,16,128,0,30428.78,257.7609009204412,"[{""kernelId"": 13, ""latency_cycles"": 30428.78, ""kernelName"": ""a8w8_blockscale_1x128x128_256x32x64x256_16x16_16x16_2x1_16x16x1_16x16x1_1x32x1x8_8_2x1_intrawave_v1""}, {""kernelId"": 12, ""latency_cycles"": 32807.18, ""kernelName"": ""a8w8_blockscale_1x128x128_256x32x128x256_16x16_32x32_1x1_16x16x1_16x16x1_1x32x1x8_8_1x1_intrawave_v1""}, {""kernelId"": 7, ""latency_cycles"": 35338.25, ""kernelName"": ""a8w8_blockscale_1x128x128_256x16x128x256_16x16_16x16_1x2_16x16x1_16x16x1_1x16x1x16_8_1x2_intrawave_v1""}, {""kernelId"": 10, ""latency_cycles"": 37217.95, ""kernelName"": ""a8w8_blockscale_1x128x128_256x32x128x128_16x16_32x32_1x1_8x32x1_8x32x1_1x32x1x8_8_1x1_intrawave_v1""}, {""kernelId"": 4, ""latency_cycles"": 37437.39, ""kernelName"": ""a8w8_blockscale_1x128x128_256x16x256x128_8x16_16x16_1x4_16x16x1_8x32x1_1x16x1x16_8_1x2_intrawave_v1""}]",
a8w8_blockscale,gfx950,192,4352,5120,,True,device:0,256,aiter,18,a8w8_blockscale_1x128x128_256x64x64x256_16x16_32x32_1x1_16x16x1_16x16x1_1x32x1x8_8_1x1_intrawave_v1,64,64,256,2,32,32,64,0,33297.95,565.3211603535605,"[{""kernelId"": 18, ""latency_cycles"": 33297.95, ""kernelName"": ""a8w8_blockscale_1x128x128_256x64x64x256_16x16_32x32_1x1_16x16x1_16x16x1_1x32x1x8_8_1x1_intrawave_v1""}, {""kernelId"": 17, ""latency_cycles"": 38539.76, ""kernelName"": ""a8w8_blockscale_1x128x128_256x64x128x256_16x16_32x32_2x1_16x16x1_16x16x1_1x32x1x8_8_1x1_intrawave_v1""}, {""kernelId"": 12, ""latency_cycles"": 38841.22, ""kernelName"": ""a8w8_blockscale_1x128x128_256x32x128x256_16x16_32x32_1x1_16x16x1_16x16x1_1x32x1x8_8_1x1_intrawave_v1""}, {""kernelId"": 2, ""latency_cycles"": 42707.33, ""kernelName"": ""a8w8_blockscale_1x128x128_256x64x128x128_16x16_32x32_1x2_8x32x1_8x32x1_1x32x1x8_8_1x1_intrawave_v3""}, {""kernelId"": 15, ""latency_cycles"": 42707.33, ""kernelName"": ""a8w8_blockscale_1x128x128_256x64x128x128_16x16_32x32_2x1_8x32x1_8x32x1_1x32x1x8_8_1x1_intrawave_v1""}]",
a8w8_blockscale,gfx950,7,4352,7168,,True,device:0,256,aiter,,,,,,,,,,,,,,no config scored
a8w8_blockscale,gfx950,160,4352,7168,,True,device:0,256,aiter,17,a8w8_blockscale_1x128x128_256x64x128x256_16x16_32x32_2x1_16x16x1_16x16x1_1x32x1x8_8_1x1_intrawave_v1,64,128,256,2,32,32,64,0,52184.24,420.84304072270623,"[{""kernelId"": 17, ""latency_cycles"": 52184.24, ""kernelName"": ""a8w8_blockscale_1x128x128_256x64x128x256_16x16_32x32_2x1_16x16x1_16x16x1_1x32x1x8_8_1x1_intrawave_v1""}, {""kernelId"": 18, ""latency_cycles"": 52262.45, ""kernelName"": ""a8w8_blockscale_1x128x128_256x64x64x256_16x16_32x32_1x1_16x16x1_16x16x1_1x32x1x8_8_1x1_intrawave_v1""}, {""kernelId"": 12, ""latency_cycles"": 53694.13, ""kernelName"": ""a8w8_blockscale_1x128x128_256x32x128x256_16x16_32x32_1x1_16x16x1_16x16x1_1x32x1x8_8_1x1_intrawave_v1""}, {""kernelId"": 9, ""latency_cycles"": 56679.31, ""kernelName"": ""a8w8_blockscale_1x128x128_256x32x256x128_16x16_32x32_1x2_8x32x1_8x32x1_1x32x1x8_8_1x1_intrawave_v1""}, {""kernelId"": 2, ""latency_cycles"": 58282.61, ""kernelName"": ""a8w8_blockscale_1x128x128_256x64x128x128_16x16_32x32_1x2_8x32x1_8x32x1_1x32x1x8_8_1x1_intrawave_v3""}]",
a8w8_blockscale,gfx950,1536,4608,1280,,True,device:0,256,aiter,0,a8w8_blockscale_1x128x128_256x128x128x128_16x16_32x32_2x2_8x32x1_8x32x1_1x32x1x8_8_1x1_intrawave_v3,128,128,128,2,32,32,64,0,43478.51,916.836000427205,"[{""kernelId"": 0, ""latency_cycles"": 43478.51, ""kernelName"": ""a8w8_blockscale_1x128x128_256x128x128x128_16x16_32x32_2x2_8x32x1_8x32x1_1x32x1x8_8_1x1_intrawave_v3""}, {""kernelId"": 14, ""latency_cycles"": 49098.45, ""kernelName"": ""a8w8_blockscale_1x128x128_256x64x256x128_16x16_32x32_2x2_8x32x1_8x32x1_1x32x1x8_8_1x1_intrawave_v1""}, {""kernelId"": 17, ""latency_cycles"": 56720.78, ""kernelName"": ""a8w8_blockscale_1x128x128_256x64x128x256_16x16_32x32_2x1_16x16x1_16x16x1_1x32x1x8_8_1x1_intrawave_v1""}, {""kernelId"": 1, ""latency_cycles"": 63720.38, ""kernelName"": ""a8w8_blockscale_1x128x128_256x128x64x128_16x16_32x32_2x1_8x32x1_8x32x1_1x32x1x8_8_1x1_intrawave_v3""}, {""kernelId"": 2, ""latency_cycles"": 63720.38, ""kernelName"": ""a8w8_blockscale_1x128x128_256x64x128x128_16x16_32x32_1x2_8x32x1_8x32x1_1x32x1x8_8_1x1_intrawave_v3""}]",
a8w8_blockscale,gfx950,10240,4608,1536,,True,device:0,256,aiter,0,a8w8_blockscale_1x128x128_256x128x128x128_16x16_32x32_2x2_8x32x1_8x32x1_1x32x1x8_8_1x1_intrawave_v3,128,128,128,2,32,32,64,0,298925.1,1066.826836851924,"[{""kernelId"": 0, ""latency_cycles"": 298925.1, ""kernelName"": ""a8w8_blockscale_1x128x128_256x128x128x128_16x16_32x32_2x2_8x32x1_8x32x1_1x32x1x8_8_1x1_intrawave_v3""}, {""kernelId"": 14, ""latency_cycles"": 339158.22, ""kernelName"": ""a8w8_blockscale_1x128x128_256x64x256x128_16x16_32x32_2x2_8x32x1_8x32x1_1x32x1x8_8_1x1_intrawave_v1""}, {""kernelId"": 17, ""latency_cycles"": 375097.15, ""kernelName"": ""a8w8_blockscale_1x128x128_256x64x128x256_16x16_32x32_2x1_16x16x1_16x16x1_1x32x1x8_8_1x1_intrawave_v1""}, {""kernelId"": 1, ""latency_cycles"": 426844.87, ""kernelName"": ""a8w8_blockscale_1x128x128_256x128x64x128_16x16_32x32_2x1_8x32x1_8x32x1_1x32x1x8_8_1x1_intrawave_v3""}, {""kernelId"": 2, ""latency_cycles"": 426844.87, ""kernelName"": ""a8w8_blockscale_1x128x128_256x64x128x128_16x16_32x32_1x2_8x32x1_8x32x1_1x32x1x8_8_1x1_intrawave_v3""}]",
a8w8_blockscale,gfx950,12,4608,2048,,True,device:0,256,aiter,,,,,,,,,,,,,,no config scored
a8w8_blockscale,gfx950,1500,4608,4096,,True,device:0,256,aiter,0,a8w8_blockscale_1x128x128_256x128x128x128_16x16_32x32_2x2_8x32x1_8x32x1_1x32x1x8_8_1x1_intrawave_v3,128,128,128,2,32,32,64,0,118063.16,1055.1202358023677,"[{""kernelId"": 0, ""latency_cycles"": 118063.16, ""kernelName"": ""a8w8_blockscale_1x128x128_256x128x128x128_16x16_32x32_2x2_8x32x1_8x32x1_1x32x1x8_8_1x1_intrawave_v3""}, {""kernelId"": 14, ""latency_cycles"": 133886.22, ""kernelName"": ""a8w8_blockscale_1x128x128_256x64x256x128_16x16_32x32_2x2_8x32x1_8x32x1_1x32x1x8_8_1x1_intrawave_v1""}, {""kernelId"": 17, ""latency_cycles"": 153899.11, ""kernelName"": ""a8w8_blockscale_1x128x128_256x64x128x256_16x16_32x32_2x1_16x16x1_16x16x1_1x32x1x8_8_1x1_intrawave_v1""}, {""kernelId"": 2, ""latency_cycles"": 182871.06, ""kernelName"": ""a8w8_blockscale_1x128x128_256x64x128x128_16x16_32x32_1x2_8x32x1_8x32x1_1x32x1x8_8_1x1_intrawave_v3""}, {""kernelId"": 15, ""latency_cycles"": 182871.06, ""kernelName"": ""a8w8_blockscale_1x128x128_256x64x128x128_16x16_32x32_2x1_8x32x1_8x32x1_1x32x1x8_8_1x1_intrawave_v1""}]",
a8w8_blockscale,gfx950,3072,4608,6144,,True,device:0,256,aiter,0,a8w8_blockscale_1x128x128_256x128x128x128_16x16_32x32_2x2_8x32x1_8x32x1_1x32x1x8_8_1x1_intrawave_v3,128,128,128,2,32,32,64,0,327965.88,1166.8335381969773,"[{""kernelId"": 0, ""latency_cycles"": 327965.88, ""kernelName"": ""a8w8_blockscale_1x128x128_256x128x128x128_16x16_32x32_2x2_8x32x1_8x32x1_1x32x1x8_8_1x1_intrawave_v3""}, {""kernelId"": 14, ""latency_cycles"": 380457.96, ""kernelName"": ""a8w8_blockscale_1x128x128_256x64x256x128_16x16_32x32_2x2_8x32x1_8x32x1_1x32x1x8_8_1x1_intrawave_v1""}, {""kernelId"": 17, ""latency_cycles"": 382335.49, ""kernelName"": ""a8w8_blockscale_1x128x128_256x64x128x256_16x16_32x32_2x1_16x16x1_16x16x1_1x32x1x8_8_1x1_intrawave_v1""}, {""kernelId"": 1, ""latency_cycles"": 461084.79, ""kernelName"": ""a8w8_blockscale_1x128x128_256x128x64x128_16x16_32x32_2x1_8x32x1_8x32x1_1x32x1x8_8_1x1_intrawave_v3""}, {""kernelId"": 2, ""latency_cycles"": 461084.79, ""kernelName"": ""a8w8_blockscale_1x128x128_256x64x128x128_16x16_32x32_1x2_8x32x1_8x32x1_1x32x1x8_8_1x1_intrawave_v3""}]",
a8w8_blockscale,gfx950,11,4608,7168,,True,device:0,256,aiter,,,,,,,,,,,,,,no config scored
a8w8_blockscale,gfx950,28,5120,384,,True,device:0,256,aiter,,,,,,,,,,,,,,no config scored
a8w8_blockscale,gfx950,24,5120,768,,True,device:0,256,aiter,,,,,,,,,,,,,,no config scored
a8w8_blockscale,gfx950,40,5120,768,,True,device:0,256,aiter,8,a8w8_blockscale_1x128x128_256x16x64x256_16x16_16x16_1x1_16x16x1_16x16x1_1x16x1x16_4_1x1_intrawave_v1,16,64,256,2,16,16,128,0,4299.44,160.96520974833595,"[{""kernelId"": 8, ""latency_cycles"": 4299.44, ""kernelName"": ""a8w8_blockscale_1x128x128_256x16x64x256_16x16_16x16_1x1_16x16x1_16x16x1_1x16x1x16_4_1x1_intrawave_v1""}, {""kernelId"": 6, ""latency_cycles"": 5565.62, ""kernelName"": ""a8w8_blockscale_1x128x128_256x16x64x128_8x16_16x16_1x1_16x16x1_8x32x1_1x16x1x16_4_1x1_intrawave_v1""}, {""kernelId"": 7, ""latency_cycles"": 6924.8, ""kernelName"": ""a8w8_blockscale_1x128x128_256x16x128x256_16x16_16x16_1x2_16x16x1_16x16x1_1x16x1x16_8_1x2_intrawave_v1""}, {""kernelId"": 5, ""latency_cycles"": 7991.77, ""kernelName"": ""a8w8_blockscale_1x128x128_256x16x128x128_8x16_16x16_1x2_16x16x1_8x32x1_1x16x1x16_8_1x2_intrawave_v1""}, {""kernelId"": 4, ""latency_cycles"": 12881.77, ""kernelName"": ""a8w8_blockscale_1x128x128_256x16x256x128_8x16_16x16_1x4_16x16x1_8x32x1_1x16x1x16_8_1x2_intrawave_v1""}]",
a8w8_blockscale,gfx950,3072,5120,768,,True,device:0,256,aiter,0,a8w8_blockscale_1x128x128_256x128x128x128_16x16_32x32_2x2_8x32x1_8x32x1_1x32x1x8_8_1x1_intrawave_v3,128,128,128,2,32,32,64,0,61587.67,863.0009730285849,"[{""kernelId"": 0, ""latency_cycles"": 61587.67, ""kernelName"": ""a8w8_blockscale_1x128x128_256x128x128x128_16x16_32x32_2x2_8x32x1_8x32x1_1x32x1x8_8_1x1_intrawave_v3""}, {""kernelId"": 14, ""latency_cycles"": 68485.2, ""kernelName"": ""a8w8_blockscale_1x128x128_256x64x256x128_16x16_32x32_2x2_8x32x1_8x32x1_1x32x1x8_8_1x1_intrawave_v1""}, {""kernelId"": 17, ""latency_cycles"": 79387.53, ""kernelName"": ""a8w8_blockscale_1x128x128_256x64x128x256_16x16_32x32_2x1_16x16x1_16x16x1_1x32x1x8_8_1x1_intrawave_v1""}, {""kernelId"": 1, ""latency_cycles"": 85386.74, ""kernelName"": ""a8w8_blockscale_1x128x128_256x128x64x128_16x16_32x32_2x1_8x32x1_8x32x1_1x32x1x8_8_1x1_intrawave_v3""}, {""kernelId"": 2, ""latency_cycles"": 85386.74, ""kernelName"": ""a8w8_blockscale_1x128x128_256x64x128x128_16x16_32x32_1x2_8x32x1_8x32x1_1x32x1x8_8_1x1_intrawave_v3""}]",
a8w8_blockscale,gfx950,12,5120,1024,,True,device:0,256,aiter,,,,,,,,,,,,,,no config scored
a8w8_blockscale,gfx950,28,5120,1024,,True,device:0,256,aiter,,,,,,,,,,,,,,no config scored
a8w8_blockscale,gfx950,128,5120,1024,,True,device:0,256,aiter,12,a8w8_blockscale_1x128x128_256x32x128x256_16x16_32x32_1x1_16x16x1_16x16x1_1x32x1x8_8_1x1_intrawave_v1,32,128,256,2,32,32,64,0,9001.78,328.02274141555904,"[{""kernelId"": 12, ""latency_cycles"": 9001.78, ""kernelName"": ""a8w8_blockscale_1x128x128_256x32x128x256_16x16_32x32_1x1_16x16x1_16x16x1_1x32x1x8_8_1x1_intrawave_v1""}, {""kernelId"": 10, ""latency_cycles"": 10470.23, ""kernelName"": ""a8w8_blockscale_1x128x128_256x32x128x128_16x16_32x32_1x1_8x32x1_8x32x1_1x32x1x8_8_1x1_intrawave_v1""}, {""kernelId"": 13, ""latency_cycles"": 11978.13, ""kernelName"": ""a8w8_blockscale_1x128x128_256x32x64x256_16x16_16x16_2x1_16x16x1_16x16x1_1x32x1x8_8_2x1_intrawave_v1""}, {""kernelId"": 4, ""latency_cycles"": 14635.78, ""kernelName"": ""a8w8_blockscale_1x128x128_256x16x256x128_8x16_16x16_1x4_16x16x1_8x32x1_1x16x1x16_8_1x2_intrawave_v1""}, {""kernelId"": 8, ""latency_cycles"": 14779.87, ""kernelName"": ""a8w8_blockscale_1x128x128_256x16x64x256_16x16_16x16_1x1_16x16x1_16x16x1_1x16x1x16_4_1x1_intrawave_v1""}]",
a8w8_blockscale,gfx950,2,5120,1280,,True,device:0,256,aiter,,,,,,,,,,,,,,no config scored
a8w8_blockscale,gfx950,6000,5120,1280,,True,device:0,256,aiter,0,a8w8_blockscale_1x128x128_256x128x128x128_16x16_32x32_2x2_8x32x1_8x32x1_1x32x1x8_8_1x1_intrawave_v3,128,128,128,2,32,32,64,0,178046.86,971.7387676747261,"[{""kernelId"": 0, ""latency_cycles"": 178046.86, ""kernelName"": ""a8w8_blockscale_1x128x128_256x128x128x128_16x16_32x32_2x2_8x32x1_8x32x1_1x32x1x8_8_1x1_intrawave_v3""}, {""kernelId"": 14, ""latency_cycles"": 200586.55, ""kernelName"": ""a8w8_blockscale_1x128x128_256x64x256x128_16x16_32x32_2x2_8x32x1_8x32x1_1x32x1x8_8_1x1_intrawave_v1""}, {""kernelId"": 17, ""latency_cycles"": 216701.36, ""kernelName"": ""a8w8_blockscale_1x128x128_256x64x128x256_16x16_32x32_2x1_16x16x1_16x16x1_1x32x1x8_8_1x1_intrawave_v1""}, {""kernelId"": 2, ""latency_cycles"": 242938.35, ""kernelName"": ""a8w8_blockscale_1x128x128_256x64x128x128_16x16_32x32_1x2_8x32x1_8x32x1_1x32x1x8_8_1x1_intrawave_v3""}, {""kernelId"": 15, ""latency_cycles"": 242938.35, ""kernelName"": ""a8w8_blockscale_1x128x128_256x64x128x128_16x16_32x32_2x1_8x32x1_8x32x1_1x32x1x8_8_1x1_intrawave_v1""}]",
a8w8_blockscale,gfx950,4096,5120,1536,,True,device:0,256,aiter,0,a8w8_blockscale_1x128x128_256x128x128x128_16x16_32x32_2x2_8x32x1_8x32x1_1x32x1x8_8_1x1_intrawave_v3,128,128,128,2,32,32,64,0,124552.13,1137.948625975386,"[{""kernelId"": 0, ""latency_cycles"": 124552.13, ""kernelName"": ""a8w8_blockscale_1x128x128_256x128x128x128_16x16_32x32_2x2_8x32x1_8x32x1_1x32x1x8_8_1x1_intrawave_v3""}, {""kernelId"": 14, ""latency_cycles"": 141315.93, ""kernelName"": ""a8w8_blockscale_1x128x128_256x64x256x128_16x16_32x32_2x2_8x32x1_8x32x1_1x32x1x8_8_1x1_intrawave_v1""}, {""kernelId"": 17, ""latency_cycles"": 163085.72, ""kernelName"": ""a8w8_blockscale_1x128x128_256x64x128x256_16x16_32x32_2x1_16x16x1_16x16x1_1x32x1x8_8_1x1_intrawave_v1""}, {""kernelId"": 1, ""latency_cycles"": 185584.73, ""kernelName"": ""a8w8_blockscale_1x128x128_256x128x64x128_16x16_32x32_2x1_8x32x1_8x32x1_1x32x1x8_8_1x1_intrawave_v3""}, {""kernelId"": 2, ""latency_cycles"": 185584.73, ""kernelName"": ""a8w8_blockscale_1x128x128_256x64x128x128_16x16_32x32_1x2_8x32x1_8x32x1_1x32x1x8_8_1x1_intrawave_v3""}]",
a8w8_blockscale,gfx950,224,5120,2176,,True,device:0,256,aiter,2,a8w8_blockscale_1x128x128_256x64x128x128_16x16_32x32_1x2_8x32x1_8x32x1_1x32x1x8_8_1x1_intrawave_v3,64,128,128,2,32,32,64,0,26911.88,408.0238800016342,"[{""kernelId"": 2, ""latency_cycles"": 26911.88, ""kernelName"": ""a8w8_blockscale_1x128x128_256x64x128x128_16x16_32x32_1x2_8x32x1_8x32x1_1x32x1x8_8_1x1_intrawave_v3""}, {""kernelId"": 15, ""latency_cycles"": 26911.88, ""kernelName"": ""a8w8_blockscale_1x128x128_256x64x128x128_16x16_32x32_2x1_8x32x1_8x32x1_1x32x1x8_8_1x1_intrawave_v1""}, {""kernelId"": 17, ""latency_cycles"": 31638.35, ""kernelName"": ""a8w8_blockscale_1x128x128_256x64x128x256_16x16_32x32_2x1_16x16x1_16x16x1_1x32x1x8_8_1x1_intrawave_v1""}, {""kernelId"": 9, ""latency_cycles"": 31869.0, ""kernelName"": ""a8w8_blockscale_1x128x128_256x32x256x128_16x16_32x32_1x2_8x32x1_8x32x1_1x32x1x8_8_1x1_intrawave_v1""}, {""kernelId"": 3, ""latency_cycles"": 40774.75, ""kernelName"": ""a8w8_blockscale_1x128x128_256x64x64x128_16x16_32x32_1x1_8x32x1_8x32x1_1x32x1x8_8_1x1_intrawave_v3""}]",
a8w8_blockscale,gfx950,49152,5120,2176,,True,device:0,256,aiter,0,a8w8_blockscale_1x128x128_256x128x128x128_16x16_32x32_2x2_8x32x1_8x32x1_1x32x1x8_8_1x1_intrawave_v3,128,128,128,2,32,32,64,0,1970300.88,1222.8978194084978,"[{""kernelId"": 0, ""latency_cycles"": 1970300.88, ""kernelName"": ""a8w8_blockscale_1x128x128_256x128x128x128_16x16_32x32_2x2_8x32x1_8x32x1_1x32x1x8_8_1x1_intrawave_v3""}, {""kernelId"": 14, ""latency_cycles"": 2252885.33, ""kernelName"": ""a8w8_blockscale_1x128x128_256x64x256x128_16x16_32x32_2x2_8x32x1_8x32x1_1x32x1x8_8_1x1_intrawave_v1""}, {""kernelId"": 1, ""latency_cycles"": 3015529.78, ""kernelName"": ""a8w8_blockscale_1x128x128_256x128x64x128_16x16_32x32_2x1_8x32x1_8x32x1_1x32x1x8_8_1x1_intrawave_v3""}, {""kernelId"": 2, ""latency_cycles"": 3015529.78, ""kernelName"": ""a8w8_blockscale_1x128x128_256x64x128x128_16x16_32x32_1x2_8x32x1_8x32x1_1x32x1x8_8_1x1_intrawave_v3""}, {""kernelId"": 15, ""latency_cycles"": 3015529.78, ""kernelName"": ""a8w8_blockscale_1x128x128_256x64x128x128_16x16_32x32_2x1_8x32x1_8x32x1_1x32x1x8_8_1x1_intrawave_v1""}]",
a8w8_blockscale,gfx950,64,5120,3200,,True,device:0,256,aiter,7,a8w8_blockscale_1x128x128_256x16x128x256_16x16_16x16_1x2_16x16x1_16x16x1_1x16x1x16_8_1x2_intrawave_v1,16,128,256,2,16,16,128,0,27882.7,165.46942388531917,"[{""kernelId"": 7, ""latency_cycles"": 27882.7, ""kernelName"": ""a8w8_blockscale_1x128x128_256x16x128x256_16x16_16x16_1x2_16x16x1_16x16x1_1x16x1x16_8_1x2_intrawave_v1""}, {""kernelId"": 5, ""latency_cycles"": 28235.11, ""kernelName"": ""a8w8_blockscale_1x128x128_256x16x128x128_8x16_16x16_1x2_16x16x1_8x32x1_1x16x1x16_8_1x2_intrawave_v1""}, {""kernelId"": 4, ""latency_cycles"": 28609.28, ""kernelName"": ""a8w8_blockscale_1x128x128_256x16x256x128_8x16_16x16_1x4_16x16x1_8x32x1_1x16x1x16_8_1x2_intrawave_v1""}, {""kernelId"": 8, ""latency_cycles"": 39790.91, ""kernelName"": ""a8w8_blockscale_1x128x128_256x16x64x256_16x16_16x16_1x1_16x16x1_16x16x1_1x16x1x16_4_1x1_intrawave_v1""}, {""kernelId"": 6, ""latency_cycles"": 42032.05, ""kernelName"": ""a8w8_blockscale_1x128x128_256x16x64x128_8x16_16x16_1x1_16x16x1_8x32x1_1x16x1x16_4_1x1_intrawave_v1""}]",
a8w8_blockscale,gfx950,448,5120,4096,,True,device:0,256,aiter,0,a8w8_blockscale_1x128x128_256x128x128x128_16x16_32x32_2x2_8x32x1_8x32x1_1x32x1x8_8_1x1_intrawave_v3,128,128,128,2,32,32,64,0,60741.44,680.5742357608157,"[{""kernelId"": 0, ""latency_cycles"": 60741.44, ""kernelName"": ""a8w8_blockscale_1x128x128_256x128x128x128_16x16_32x32_2x2_8x32x1_8x32x1_1x32x1x8_8_1x1_intrawave_v3""}, {""kernelId"": 14, ""latency_cycles"": 64313.35, ""kernelName"": ""a8w8_blockscale_1x128x128_256x64x256x128_16x16_32x32_2x2_8x32x1_8x32x1_1x32x1x8_8_1x1_intrawave_v1""}, {""kernelId"": 17, ""latency_cycles"": 75184.68, ""kernelName"": ""a8w8_blockscale_1x128x128_256x64x128x256_16x16_32x32_2x1_16x16x1_16x16x1_1x32x1x8_8_1x1_intrawave_v1""}, {""kernelId"": 18, ""latency_cycles"": 80955.04, ""kernelName"": ""a8w8_blockscale_1x128x128_256x64x64x256_16x16_32x32_1x1_16x16x1_16x16x1_1x32x1x8_8_1x1_intrawave_v1""}, {""kernelId"": 2, ""latency_cycles"": 89684.48, ""kernelName"": ""a8w8_blockscale_1x128x128_256x64x128x128_16x16_32x32_1x2_8x32x1_8x32x1_1x32x1x8_8_1x1_intrawave_v3""}]",
a8w8_blockscale,gfx950,10,5120,4352,,True,device:0,256,aiter,,,,,,,,,,,,,,no config scored
a8w8_blockscale,gfx950,3,5120,6400,,True,device:0,256,aiter,,,,,,,,,,,,,,no config scored
a8w8_blockscale,gfx950,48,5120,8704,,True,device:0,256,aiter,8,a8w8_blockscale_1x128x128_256x16x64x256_16x16_16x16_1x1_16x16x1_16x16x1_1x16x1x16_4_1x1_intrawave_v1,16,64,256,2,16,16,128,0,40367.87,233.15614981855177,"[{""kernelId"": 8, ""latency_cycles"": 40367.87, ""kernelName"": ""a8w8_blockscale_1x128x128_256x16x64x256_16x16_16x16_1x1_16x16x1_16x16x1_1x16x1x16_4_1x1_intrawave_v1""}, {""kernelId"": 7, ""latency_cycles"": 40405.79, ""kernelName"": ""a8w8_blockscale_1x128x128_256x16x128x256_16x16_16x16_1x2_16x16x1_16x16x1_1x16x1x16_8_1x2_intrawave_v1""}, {""kernelId"": 4, ""latency_cycles"": 43543.58, ""kernelName"": ""a8w8_blockscale_1x128x128_256x16x256x128_8x16_16x16_1x4_16x16x1_8x32x1_1x16x1x16_8_1x2_intrawave_v1""}, {""kernelId"": 5, ""latency_cycles"": 48524.67, ""kernelName"": ""a8w8_blockscale_1x128x128_256x16x128x128_8x16_16x16_1x2_16x16x1_8x32x1_1x16x1x16_8_1x2_intrawave_v1""}, {""kernelId"": 6, ""latency_cycles"": 57162.9, ""kernelName"": ""a8w8_blockscale_1x128x128_256x16x64x128_8x16_16x16_1x1_16x16x1_8x32x1_1x16x1x16_4_1x1_intrawave_v1""}]",
a8w8_blockscale,gfx950,500,5120,12800,,True,device:0,256,aiter,0,a8w8_blockscale_1x128x128_256x128x128x128_16x16_32x32_2x2_8x32x1_8x32x1_1x32x1x8_8_1x1_intrawave_v3,128,128,128,2,32,32,64,0,169381.64,851.2091216511843,"[{""kernelId"": 0, ""latency_cycles"": 169381.64, ""kernelName"": ""a8w8_blockscale_1x128x128_256x128x128x128_16x16_32x32_2x2_8x32x1_8x32x1_1x32x1x8_8_1x1_intrawave_v3""}, {""kernelId"": 14, ""latency_cycles"": 196583.78, ""kernelName"": ""a8w8_blockscale_1x128x128_256x64x256x128_16x16_32x32_2x2_8x32x1_8x32x1_1x32x1x8_8_1x1_intrawave_v1""}, {""kernelId"": 17, ""latency_cycles"": 226228.52, ""kernelName"": ""a8w8_blockscale_1x128x128_256x64x128x256_16x16_32x32_2x1_16x16x1_16x16x1_1x32x1x8_8_1x1_intrawave_v1""}, {""kernelId"": 18, ""latency_cycles"": 248404.27, ""kernelName"": ""a8w8_blockscale_1x128x128_256x64x64x256_16x16_32x32_1x1_16x16x1_16x16x1_1x32x1x8_8_1x1_intrawave_v1""}, {""kernelId"": 2, ""latency_cycles"": 274714.49, ""kernelName"": ""a8w8_blockscale_1x128x128_256x64x128x128_16x16_32x32_1x2_8x32x1_8x32x1_1x32x1x8_8_1x1_intrawave_v3""}]",
a8w8_blockscale,gfx950,777,5120,12800,,True,device:0,256,aiter,17,a8w8_blockscale_1x128x128_256x64x128x256_16x16_32x32_2x1_16x16x1_16x16x1_1x32x1x8_8_1x1_intrawave_v1,64,128,256,2,32,32,64,0,348013.44,643.8098335608215,"[{""kernelId"": 17, ""latency_cycles"": 348013.44, ""kernelName"": ""a8w8_blockscale_1x128x128_256x64x128x256_16x16_32x32_2x1_16x16x1_16x16x1_1x32x1x8_8_1x1_intrawave_v1""}, {""kernelId"": 9, ""latency_cycles"": 357863.42, ""kernelName"": ""a8w8_blockscale_1x128x128_256x32x256x128_16x16_32x32_1x2_8x32x1_8x32x1_1x32x1x8_8_1x1_intrawave_v1""}, {""kernelId"": 0, ""latency_cycles"": 363226.76, ""kernelName"": ""a8w8_blockscale_1x128x128_256x128x128x128_16x16_32x32_2x2_8x32x1_8x32x1_1x32x1x8_8_1x1_intrawave_v3""}, {""kernelId"": 12, ""latency_cycles"": 386819.89, ""kernelName"": ""a8w8_blockscale_1x128x128_256x32x128x256_16x16_32x32_1x1_16x16x1_16x16x1_1x32x1x8_8_1x1_intrawave_v1""}, {""kernelId"": 14, ""latency_cycles"": 403606.99, ""kernelName"": ""a8w8_blockscale_1x128x128_256x64x256x128_16x16_32x32_2x2_8x32x1_8x32x1_1x32x1x8_8_1x1_intrawave_v1""}]",
a8w8_blockscale,gfx950,40000,5120,12800,,True,device:0,256,aiter,0,a8w8_blockscale_1x128x128_256x128x128x128_16x16_32x32_2x2_8x32x1_8x32x1_1x32x1x8_8_1x1_intrawave_v3,128,128,128,2,32,32,64,0,8066192.57,1429.960405812515,"[{""kernelId"": 0, ""latency_cycles"": 8066192.57, ""kernelName"": ""a8w8_blockscale_1x128x128_256x128x128x128_16x16_32x32_2x2_8x32x1_8x32x1_1x32x1x8_8_1x1_intrawave_v3""}, {""kernelId"": 14, ""latency_cycles"": 9392196.88, ""kernelName"": ""a8w8_blockscale_1x128x128_256x64x256x128_16x16_32x32_2x2_8x32x1_8x32x1_1x32x1x8_8_1x1_intrawave_v1""}, {""kernelId"": 17, ""latency_cycles"": 10775801.01, ""kernelName"": ""a8w8_blockscale_1x128x128_256x64x128x256_16x16_32x32_2x1_16x16x1_16x16x1_1x32x1x8_8_1x1_intrawave_v1""}, {""kernelId"": 2, ""latency_cycles"": 13152291.29, ""kernelName"": ""a8w8_blockscale_1x128x128_256x64x128x128_16x16_32x32_1x2_8x32x1_8x32x1_1x32x1x8_8_1x1_intrawave_v3""}, {""kernelId"": 15, ""latency_cycles"": 13152291.29, ""kernelName"": ""a8w8_blockscale_1x128x128_256x64x128x128_16x16_32x32_2x1_8x32x1_8x32x1_1x32x1x8_8_1x1_intrawave_v1""}]",
a8w8_blockscale,gfx950,6,5120,18432,,True,device:0,256,aiter,,,,,,,,,,,,,,no config scored
a8w8_blockscale,gfx950,1,6400,128,,True,device:0,256,aiter,,,,,,,,,,,,,,no config scored
a8w8_blockscale,gfx950,640,6400,128,,True,device:0,256,aiter,0,a8w8_blockscale_1x128x128_256x128x128x128_16x16_32x32_2x2_8x32x1_8x32x1_1x32x1x8_8_1x1_intrawave_v3,128,128,128,2,32,32,64,0,9342.61,246.9189848575162,"[{""kernelId"": 0, ""latency_cycles"": 9342.61, ""kernelName"": ""a8w8_blockscale_1x128x128_256x128x128x128_16x16_32x32_2x2_8x32x1_8x32x1_1x32x1x8_8_1x1_intrawave_v3""}, {""kernelId"": 14, ""latency_cycles"": 10000.74, ""kernelName"": ""a8w8_blockscale_1x128x128_256x64x256x128_16x16_32x32_2x2_8x32x1_8x32x1_1x32x1x8_8_1x1_intrawave_v1""}, {""kernelId"": 1, ""latency_cycles"": 10833.18, ""kernelName"": ""a8w8_blockscale_1x128x128_256x128x64x128_16x16_32x32_2x1_8x32x1_8x32x1_1x32x1x8_8_1x1_intrawave_v3""}, {""kernelId"": 2, ""latency_cycles"": 10833.18, ""kernelName"": ""a8w8_blockscale_1x128x128_256x64x128x128_16x16_32x32_1x2_8x32x1_8x32x1_1x32x1x8_8_1x1_intrawave_v3""}, {""kernelId"": 15, ""latency_cycles"": 10833.18, ""kernelName"": ""a8w8_blockscale_1x128x128_256x64x128x128_16x16_32x32_2x1_8x32x1_8x32x1_1x32x1x8_8_1x1_intrawave_v1""}]",
a8w8_blockscale,gfx950,28,6400,5120,,True,device:0,256,aiter,,,,,,,,,,,,,,no config scored
a8w8_blockscale,gfx950,160,6400,7168,,True,device:0,256,aiter,12,a8w8_blockscale_1x128x128_256x32x128x256_16x16_32x32_1x1_16x16x1_16x16x1_1x32x1x8_8_1x1_intrawave_v1,32,128,256,2,32,32,64,0,53994.08,598.1422836739243,"[{""kernelId"": 12, ""latency_cycles"": 53994.08, ""kernelName"": ""a8w8_blockscale_1x128x128_256x32x128x256_16x16_32x32_1x1_16x16x1_16x16x1_1x32x1x8_8_1x1_intrawave_v1""}, {""kernelId"": 9, ""latency_cycles"": 66969.4, ""kernelName"": ""a8w8_blockscale_1x128x128_256x32x256x128_16x16_32x32_1x2_8x32x1_8x32x1_1x32x1x8_8_1x1_intrawave_v1""}, {""kernelId"": 10, ""latency_cycles"": 67462.52, ""kernelName"": ""a8w8_blockscale_1x128x128_256x32x128x128_16x16_32x32_1x1_8x32x1_8x32x1_1x32x1x8_8_1x1_intrawave_v1""}, {""kernelId"": 17, ""latency_cycles"": 72172.2, ""kernelName"": ""a8w8_blockscale_1x128x128_256x64x128x256_16x16_32x32_2x1_16x16x1_16x16x1_1x32x1x8_8_1x1_intrawave_v1""}, {""kernelId"": 13, ""latency_cycles"": 75180.84, ""kernelName"": ""a8w8_blockscale_1x128x128_256x32x64x256_16x16_16x16_2x1_16x16x1_16x16x1_1x32x1x8_8_2x1_intrawave_v1""}]",
a8w8_blockscale,gfx950,7,7168,256,,True,device:0,256,aiter,,,,,,,,,,,,,,no config scored
a8w8_blockscale,gfx950,17,7168,384,,True,device:0,256,aiter,,,,,,,,,,,,,,no config scored
a8w8_blockscale,gfx950,333,7168,384,,True,device:0,256,aiter,0,a8w8_blockscale_1x128x128_256x128x128x128_16x16_32x32_2x2_8x32x1_8x32x1_1x32x1x8_8_1x1_intrawave_v3,128,128,128,2,32,32,64,0,11297.11,356.99237132623904,"[{""kernelId"": 0, ""latency_cycles"": 11297.11, ""kernelName"": ""a8w8_blockscale_1x128x128_256x128x128x128_16x16_32x32_2x2_8x32x1_8x32x1_1x32x1x8_8_1x1_intrawave_v3""}, {""kernelId"": 14, ""latency_cycles"": 11847.59, ""kernelName"": ""a8w8_blockscale_1x128x128_256x64x256x128_16x16_32x32_2x2_8x32x1_8x32x1_1x32x1x8_8_1x1_intrawave_v1""}, {""kernelId"": 3, ""latency_cycles"": 14164.32, ""kernelName"": ""a8w8_blockscale_1x128x128_256x64x64x128_16x16_32x32_1x1_8x32x1_8x32x1_1x32x1x8_8_1x1_intrawave_v3""}, {""kernelId"": 16, ""latency_cycles"": 14164.32, ""kernelName"": ""a8w8_blockscale_1x128x128_256x64x64x128_16x16_32x32_1x1_8x32x1_8x32x1_1x32x1x8_8_1x1_intrawave_v1""}, {""kernelId"": 2, ""latency_cycles"": 14784.58, ""kernelName"": ""a8w8_blockscale_1x128x128_256x64x128x128_16x16_32x32_1x2_8x32x1_8x32x1_1x32x1x8_8_1x1_intrawave_v3""}]",
a8w8_blockscale,gfx950,12,7168,2176,,True,device:0,256,aiter,,,,,,,,,,,,,,no config scored
a8w8_blockscale,gfx950,24,7168,2176,,True,device:0,256,aiter,,,,,,,,,,,,,,no config scored
a8w8_blockscale,gfx950,384,7168,2176,,True,device:0,256,aiter,0,a8w8_blockscale_1x128x128_256x128x128x128_16x16_32x32_2x2_8x32x1_8x32x1_1x32x1x8_8_1x1_intrawave_v3,128,128,128,2,32,32,64,0,32013.94,823.1929864311743,"[{""kernelId"": 0, ""latency_cycles"": 32013.94, ""kernelName"": ""a8w8_blockscale_1x128x128_256x128x128x128_16x16_32x32_2x2_8x32x1_8x32x1_1x32x1x8_8_1x1_intrawave_v3""}, {""kernelId"": 14, ""latency_cycles"": 36743.02, ""kernelName"": ""a8w8_blockscale_1x128x128_256x64x256x128_16x16_32x32_2x2_8x32x1_8x32x1_1x32x1x8_8_1x1_intrawave_v1""}, {""kernelId"": 1, ""latency_cycles"": 50258.83, ""kernelName"": ""a8w8_blockscale_1x128x128_256x128x64x128_16x16_32x32_2x1_8x32x1_8x32x1_1x32x1x8_8_1x1_intrawave_v3""}, {""kernelId"": 2, ""latency_cycles"": 50258.83, ""kernelName"": ""a8w8_blockscale_1x128x128_256x64x128x128_16x16_32x32_1x2_8x32x1_8x32x1_1x32x1x8_8_1x1_intrawave_v3""}, {""kernelId"": 15, ""latency_cycles"": 50258.83, ""kernelName"": ""a8w8_blockscale_1x128x128_256x64x128x128_16x16_32x32_2x1_8x32x1_8x32x1_1x32x1x8_8_1x1_intrawave_v1""}]",
a8w8_blockscale,gfx950,5,7168,2304,,True,device:0,256,aiter,,,,,,,,,,,,,,no config scored
a8w8_blockscale,gfx950,33,7168,2304,,True,device:0,256,aiter,7,a8w8_blockscale_1x128x128_256x16x128x256_16x16_16x16_1x2_16x16x1_16x16x1_1x16x1x16_8_1x2_intrawave_v1,16,128,256,2,16,16,128,0,21633.25,110.84737573649491,"[{""kernelId"": 7, ""latency_cycles"": 21633.25, ""kernelName"": ""a8w8_blockscale_1x128x128_256x16x128x256_16x16_16x16_1x2_16x16x1_16x16x1_1x16x1x16_8_1x2_intrawave_v1""}, {""kernelId"": 5, ""latency_cycles"": 25634.16, ""kernelName"": ""a8w8_blockscale_1x128x128_256x16x128x128_8x16_16x16_1x2_16x16x1_8x32x1_1x16x1x16_8_1x2_intrawave_v1""}, {""kernelId"": 8, ""latency_cycles"": 27468.46, ""kernelName"": ""a8w8_blockscale_1x128x128_256x16x64x256_16x16_16x16_1x1_16x16x1_16x16x1_1x16x1x16_4_1x1_intrawave_v1""}, {""kernelId"": 4, ""latency_cycles"": 28999.61, ""kernelName"": ""a8w8_blockscale_1x128x128_256x16x256x128_8x16_16x16_1x4_16x16x1_8x32x1_1x16x1x16_8_1x2_intrawave_v1""}, {""kernelId"": 6, ""latency_cycles"": 36003.83, ""kernelName"": ""a8w8_blockscale_1x128x128_256x16x64x128_8x16_16x16_1x1_16x16x1_8x32x1_1x16x1x16_4_1x1_intrawave_v1""}]",
a8w8_blockscale,gfx950,333,7168,4608,,True,device:0,256,aiter,0,a8w8_blockscale_1x128x128_256x128x128x128_16x16_32x32_2x2_8x32x1_8x32x1_1x32x1x8_8_1x1_intrawave_v3,128,128,128,2,32,32,64,0,69108.0,700.2918236288086,"[{""kernelId"": 0, ""latency_cycles"": 69108.0, ""kernelName"": ""a8w8_blockscale_1x128x128_256x128x128x128_16x16_32x32_2x2_8x32x1_8x32x1_1x32x1x8_8_1x1_intrawave_v3""}, {""kernelId"": 14, ""latency_cycles"": 79986.2, ""kernelName"": ""a8w8_blockscale_1x128x128_256x64x256x128_16x16_32x32_2x2_8x32x1_8x32x1_1x32x1x8_8_1x1_intrawave_v1""}, {""kernelId"": 17, ""latency_cycles"": 93339.34, ""kernelName"": ""a8w8_blockscale_1x128x128_256x64x128x256_16x16_32x32_2x1_16x16x1_16x16x1_1x32x1x8_8_1x1_intrawave_v1""}, {""kernelId"": 18, ""latency_cycles"": 99988.05, ""kernelName"": ""a8w8_blockscale_1x128x128_256x64x64x256_16x16_32x32_1x1_16x16x1_16x16x1_1x32x1x8_8_1x1_intrawave_v1""}, {""kernelId"": 2, ""latency_cycles"": 109750.92, ""kernelName"": ""a8w8_blockscale_1x128x128_256x64x128x128_16x16_32x32_1x2_8x32x1_8x32x1_1x32x1x8_8_1x1_intrawave_v3""}]",
a8w8_blockscale,gfx950,7,7168,16384,,True,device:0,256,aiter,,,,,,,,,,,,,,no config scored
a8w8_blockscale,gfx950,896,7168,18432,,True,device:0,256,aiter,0,a8w8_blockscale_1x128x128_256x128x128x128_16x16_32x32_2x2_8x32x1_8x32x1_1x32x1x8_8_1x1_intrawave_v3,128,128,128,2,32,32,64,0,468415.18,1111.9882233481565,"[{""kernelId"": 0, ""latency_cycles"": 468415.18, ""kernelName"": ""a8w8_blockscale_1x128x128_256x128x128x128_16x16_32x32_2x2_8x32x1_8x32x1_1x32x1x8_8_1x1_intrawave_v3""}, {""kernelId"": 14, ""latency_cycles"": 546769.28, ""kernelName"": ""a8w8_blockscale_1x128x128_256x64x256x128_16x16_32x32_2x2_8x32x1_8x32x1_1x32x1x8_8_1x1_intrawave_v1""}, {""kernelId"": 17, ""latency_cycles"": 627125.78, ""kernelName"": ""a8w8_blockscale_1x128x128_256x64x128x256_16x16_32x32_2x1_16x16x1_16x16x1_1x32x1x8_8_1x1_intrawave_v1""}, {""kernelId"": 1, ""latency_cycles"": 768125.38, ""kernelName"": ""a8w8_blockscale_1x128x128_256x128x64x128_16x16_32x32_2x1_8x32x1_8x32x1_1x32x1x8_8_1x1_intrawave_v3""}, {""kernelId"": 2, ""latency_cycles"": 768125.38, ""kernelName"": ""a8w8_blockscale_1x128x128_256x64x128x128_16x16_32x32_1x2_8x32x1_8x32x1_1x32x1x8_8_1x1_intrawave_v3""}]",
a8w8_blockscale,gfx950,1536,7168,18432,,True,device:0,256,aiter,0,a8w8_blockscale_1x128x128_256x128x128x128_16x16_32x32_2x2_8x32x1_8x32x1_1x32x1x8_8_1x1_intrawave_v3,128,128,128,2,32,32,64,0,702622.76,1270.8436838264645,"[{""kernelId"": 0, ""latency_cycles"": 702622.76, ""kernelName"": ""a8w8_blockscale_1x128x128_256x128x128x128_16x16_32x32_2x2_8x32x1_8x32x1_1x32x1x8_8_1x1_intrawave_v3""}, {""kernelId"": 14, ""latency_cycles"": 820153.92, ""kernelName"": ""a8w8_blockscale_1x128x128_256x64x256x128_16x16_32x32_2x2_8x32x1_8x32x1_1x32x1x8_8_1x1_intrawave_v1""}, {""kernelId"": 17, ""latency_cycles"": 940688.66, ""kernelName"": ""a8w8_blockscale_1x128x128_256x64x128x256_16x16_32x32_2x1_16x16x1_16x16x1_1x32x1x8_8_1x1_intrawave_v1""}, {""kernelId"": 1, ""latency_cycles"": 1152188.07, ""kernelName"": ""a8w8_blockscale_1x128x128_256x128x64x128_16x16_32x32_2x1_8x32x1_8x32x1_1x32x1x8_8_1x1_intrawave_v3""}, {""kernelId"": 2, ""latency_cycles"": 1152188.07, ""kernelName"": ""a8w8_blockscale_1x128x128_256x64x128x128_16x16_32x32_1x2_8x32x1_8x32x1_1x32x1x8_8_1x1_intrawave_v3""}]",
a8w8_blockscale,gfx950,320,8192,1280,,True,device:0,256,aiter,0,a8w8_blockscale_1x128x128_256x128x128x128_16x16_32x32_2x2_8x32x1_8x32x1_1x32x1x8_8_1x1_intrawave_v3,128,128,128,2,32,32,64,0,23453.46,629.4998730285809,"[{""kernelId"": 0, ""latency_cycles"": 23453.46, ""kernelName"": ""a8w8_blockscale_1x128x128_256x128x128x128_16x16_32x32_2x2_8x32x1_8x32x1_1x32x1x8_8_1x1_intrawave_v3""}, {""kernelId"": 14, ""latency_cycles"": 23659.3, ""kernelName"": ""a8w8_blockscale_1x128x128_256x64x256x128_16x16_32x32_2x2_8x32x1_8x32x1_1x32x1x8_8_1x1_intrawave_v1""}, {""kernelId"": 17, ""latency_cycles"": 28360.39, ""kernelName"": ""a8w8_blockscale_1x128x128_256x64x128x256_16x16_32x32_2x1_16x16x1_16x16x1_1x32x1x8_8_1x1_intrawave_v1""}, {""kernelId"": 18, ""latency_cycles"": 28630.75, ""kernelName"": ""a8w8_blockscale_1x128x128_256x64x64x256_16x16_32x32_1x1_16x16x1_16x16x1_1x32x1x8_8_1x1_intrawave_v1""}, {""kernelId"": 2, ""latency_cycles"": 31860.19, ""kernelName"": ""a8w8_blockscale_1x128x128_256x64x128x128_16x16_32x32_1x2_8x32x1_8x32x1_1x32x1x8_8_1x1_intrawave_v3""}]",
a8w8_blockscale,gfx950,17,8192,5120,,True,device:0,256,aiter,,,,,,,,,,,,,,no config scored
a8w8_blockscale,gfx950,1536,8192,5120,,True,device:0,256,aiter,0,a8w8_blockscale_1x128x128_256x128x128x128_16x16_32x32_2x2_8x32x1_8x32x1_1x32x1x8_8_1x1_intrawave_v3,128,128,128,2,32,32,64,0,207920.38,1363.3480410246584,"[{""kernelId"": 0, ""latency_cycles"": 207920.38, ""kernelName"": ""a8w8_blockscale_1x128x128_256x128x128x128_16x16_32x32_2x2_8x32x1_8x32x1_1x32x1x8_8_1x1_intrawave_v3""}, {""kernelId"": 14, ""latency_cycles"": 240775.94, ""kernelName"": ""a8w8_blockscale_1x128x128_256x64x256x128_16x16_32x32_2x2_8x32x1_8x32x1_1x32x1x8_8_1x1_intrawave_v1""}, {""kernelId"": 17, ""latency_cycles"": 276635.09, ""kernelName"": ""a8w8_blockscale_1x128x128_256x64x128x256_16x16_32x32_2x1_16x16x1_16x16x1_1x32x1x8_8_1x1_intrawave_v1""}, {""kernelId"": 1, ""latency_cycles"": 332134.49, ""kernelName"": ""a8w8_blockscale_1x128x128_256x128x64x128_16x16_32x32_2x1_8x32x1_8x32x1_1x32x1x8_8_1x1_intrawave_v3""}, {""kernelId"": 2, ""latency_cycles"": 332134.49, ""kernelName"": ""a8w8_blockscale_1x128x128_256x64x128x128_16x16_32x32_1x2_8x32x1_8x32x1_1x32x1x8_8_1x1_intrawave_v3""}]",
a8w8_blockscale,gfx950,5120,8192,5120,,True,device:0,256,aiter,0,a8w8_blockscale_1x128x128_256x128x128x128_16x16_32x32_2x2_8x32x1_8x32x1_1x32x1x8_8_1x1_intrawave_v3,128,128,128,2,32,32,64,0,693067.93,1363.3480410246586,"[{""kernelId"": 0, ""latency_cycles"": 693067.93, ""kernelName"": ""a8w8_blockscale_1x128x128_256x128x128x128_16x16_32x32_2x2_8x32x1_8x32x1_1x32x1x8_8_1x1_intrawave_v3""}, {""kernelId"": 14, ""latency_cycles"": 802586.45, ""kernelName"": ""a8w8_blockscale_1x128x128_256x64x256x128_16x16_32x32_2x2_8x32x1_8x32x1_1x32x1x8_8_1x1_intrawave_v1""}, {""kernelId"": 17, ""latency_cycles"": 922116.95, ""kernelName"": ""a8w8_blockscale_1x128x128_256x64x128x256_16x16_32x32_2x1_16x16x1_16x16x1_1x32x1x8_8_1x1_intrawave_v1""}, {""kernelId"": 1, ""latency_cycles"": 1107114.97, ""kernelName"": ""a8w8_blockscale_1x128x128_256x128x64x128_16x16_32x32_2x1_8x32x1_8x32x1_1x32x1x8_8_1x1_intrawave_v3""}, {""kernelId"": 2, ""latency_cycles"": 1107114.97, ""kernelName"": ""a8w8_blockscale_1x128x128_256x64x128x128_16x16_32x32_1x2_8x32x1_8x32x1_1x32x1x8_8_1x1_intrawave_v3""}]",
a8w8_blockscale,gfx950,24,8704,128,,True,device:0,256,aiter,,,,,,,,,,,,,,no config scored
a8w8_blockscale,gfx950,14,8704,1280,,True,device:0,256,aiter,,,,,,,,,,,,,,no config scored
a8w8_blockscale,gfx950,1,8704,3072,,True,device:0,256,aiter,,,,,,,,,,,,,,no config scored
a8w8_blockscale,gfx950,80,8704,3072,,True,device:0,256,aiter,12,a8w8_blockscale_1x128x128_256x32x128x256_16x16_32x32_1x1_16x16x1_16x16x1_1x32x1x8_8_1x1_intrawave_v1,32,128,256,2,32,32,64,0,27465.75,342.6820595878512,"[{""kernelId"": 12, ""latency_cycles"": 27465.75, ""kernelName"": ""a8w8_blockscale_1x128x128_256x32x128x256_16x16_32x32_1x1_16x16x1_16x16x1_1x32x1x8_8_1x1_intrawave_v1""}, {""kernelId"": 10, ""latency_cycles"": 32876.52, ""kernelName"": ""a8w8_blockscale_1x128x128_256x32x128x128_16x16_32x32_1x1_8x32x1_8x32x1_1x32x1x8_8_1x1_intrawave_v1""}, {""kernelId"": 13, ""latency_cycles"": 37150.12, ""kernelName"": ""a8w8_blockscale_1x128x128_256x32x64x256_16x16_16x16_2x1_16x16x1_16x16x1_1x32x1x8_8_2x1_intrawave_v1""}, {""kernelId"": 9, ""latency_cycles"": 40719.96, ""kernelName"": ""a8w8_blockscale_1x128x128_256x32x256x128_16x16_32x32_1x2_8x32x1_8x32x1_1x32x1x8_8_1x1_intrawave_v1""}, {""kernelId"": 4, ""latency_cycles"": 41215.53, ""kernelName"": ""a8w8_blockscale_1x128x128_256x16x256x128_8x16_16x16_1x4_16x16x1_8x32x1_1x16x1x16_8_1x2_intrawave_v1""}]",
a8w8_blockscale,gfx950,1280,8704,5120,,True,device:0,256,aiter,0,a8w8_blockscale_1x128x128_256x128x128x128_16x16_32x32_2x2_8x32x1_8x32x1_1x32x1x8_8_1x1_intrawave_v3,128,128,128,2,32,32,64,0,207920.38,1207.1310779905828,"[{""kernelId"": 0, ""latency_cycles"": 207920.38, ""kernelName"": ""a8w8_blockscale_1x128x128_256x128x128x128_16x16_32x32_2x2_8x32x1_8x32x1_1x32x1x8_8_1x1_intrawave_v3""}, {""kernelId"": 14, ""latency_cycles"": 240775.94, ""kernelName"": ""a8w8_blockscale_1x128x128_256x64x256x128_16x16_32x32_2x2_8x32x1_8x32x1_1x32x1x8_8_1x1_intrawave_v1""}, {""kernelId"": 17, ""latency_cycles"": 276635.09, ""kernelName"": ""a8w8_blockscale_1x128x128_256x64x128x256_16x16_32x32_2x1_16x16x1_16x16x1_1x32x1x8_8_1x1_intrawave_v1""}, {""kernelId"": 1, ""latency_cycles"": 332134.49, ""kernelName"": ""a8w8_blockscale_1x128x128_256x128x64x128_16x16_32x32_2x1_8x32x1_8x32x1_1x32x1x8_8_1x1_intrawave_v3""}, {""kernelId"": 2, ""latency_cycles"": 332134.49, ""kernelName"": ""a8w8_blockscale_1x128x128_256x64x128x128_16x16_32x32_1x2_8x32x1_8x32x1_1x32x1x8_8_1x1_intrawave_v3""}]",
a8w8_blockscale,gfx950,2048,8704,5120,,True,device:0,256,aiter,0,a8w8_blockscale_1x128x128_256x128x128x128_16x16_32x32_2x2_8x32x1_8x32x1_1x32x1x8_8_1x1_intrawave_v3,128,128,128,2,32,32,64,0,346533.97,1158.8458348709598,"[{""kernelId"": 0, ""latency_cycles"": 346533.97, ""kernelName"": ""a8w8_blockscale_1x128x128_256x128x128x128_16x16_32x32_2x2_8x32x1_8x32x1_1x32x1x8_8_1x1_intrawave_v3""}, {""kernelId"": 14, ""latency_cycles"": 401293.23, ""kernelName"": ""a8w8_blockscale_1x128x128_256x64x256x128_16x16_32x32_2x2_8x32x1_8x32x1_1x32x1x8_8_1x1_intrawave_v1""}, {""kernelId"": 17, ""latency_cycles"": 414952.63, ""kernelName"": ""a8w8_blockscale_1x128x128_256x64x128x256_16x16_32x32_2x1_16x16x1_16x16x1_1x32x1x8_8_1x1_intrawave_v1""}, {""kernelId"": 1, ""latency_cycles"": 498201.74, ""kernelName"": ""a8w8_blockscale_1x128x128_256x128x64x128_16x16_32x32_2x1_8x32x1_8x32x1_1x32x1x8_8_1x1_intrawave_v3""}, {""kernelId"": 2, ""latency_cycles"": 498201.74, ""kernelName"": ""a8w8_blockscale_1x128x128_256x64x128x128_16x16_32x32_1x2_8x32x1_8x32x1_1x32x1x8_8_1x1_intrawave_v3""}]",
a8w8_blockscale,gfx950,5,9216,2048,,True,device:0,256,aiter,,,,,,,,,,,,,,no config scored
a8w8_blockscale,gfx950,11,9216,2048,,True,device:0,256,aiter,,,,,,,,,,,,,,no config scored
a8w8_blockscale,gfx950,2560,9216,2048,,True,device:0,256,aiter,0,a8w8_blockscale_1x128x128_256x128x128x128_16x16_32x32_2x2_8x32x1_8x32x1_1x32x1x8_8_1x1_intrawave_v3,128,128,128,2,32,32,64,0,187516.58,1133.771105200932,"[{""kernelId"": 0, ""latency_cycles"": 187516.58, ""kernelName"": ""a8w8_blockscale_1x128x128_256x128x128x128_16x16_32x32_2x2_8x32x1_8x32x1_1x32x1x8_8_1x1_intrawave_v3""}, {""kernelId"": 14, ""latency_cycles"": 214146.65, ""kernelName"": ""a8w8_blockscale_1x128x128_256x64x256x128_16x16_32x32_2x2_8x32x1_8x32x1_1x32x1x8_8_1x1_intrawave_v1""}, {""kernelId"": 17, ""latency_cycles"": 246783.91, ""kernelName"": ""a8w8_blockscale_1x128x128_256x64x128x256_16x16_32x32_2x1_16x16x1_16x16x1_1x32x1x8_8_1x1_intrawave_v1""}, {""kernelId"": 1, ""latency_cycles"": 285782.72, ""kernelName"": ""a8w8_blockscale_1x128x128_256x128x64x128_16x16_32x32_2x1_8x32x1_8x32x1_1x32x1x8_8_1x1_intrawave_v3""}, {""kernelId"": 2, ""latency_cycles"": 285782.72, ""kernelName"": ""a8w8_blockscale_1x128x128_256x64x128x128_16x16_32x32_1x2_8x32x1_8x32x1_1x32x1x8_8_1x1_intrawave_v3""}]",
a8w8_blockscale,gfx950,448,9216,4096,,True,device:0,256,aiter,14,a8w8_blockscale_1x128x128_256x64x256x128_16x16_32x32_2x2_8x32x1_8x32x1_1x32x1x8_8_1x1_intrawave_v1,64,256,128,2,32,32,64,0,65744.71,1131.8068067640686,"[{""kernelId"": 14, ""latency_cycles"": 65744.71, ""kernelName"": ""a8w8_blockscale_1x128x128_256x64x256x128_16x16_32x32_2x2_8x32x1_8x32x1_1x32x1x8_8_1x1_intrawave_v1""}, {""kernelId"": 17, ""latency_cycles"": 75184.68, ""kernelName"": ""a8w8_blockscale_1x128x128_256x64x128x256_16x16_32x32_2x1_16x16x1_16x16x1_1x32x1x8_8_1x1_intrawave_v1""}, {""kernelId"": 2, ""latency_cycles"": 89684.48, ""kernelName"": ""a8w8_blockscale_1x128x128_256x64x128x128_16x16_32x32_1x2_8x32x1_8x32x1_1x32x1x8_8_1x1_intrawave_v3""}, {""kernelId"": 15, ""latency_cycles"": 89684.48, ""kernelName"": ""a8w8_blockscale_1x128x128_256x64x128x128_16x16_32x32_2x1_8x32x1_8x32x1_1x32x1x8_8_1x1_intrawave_v1""}, {""kernelId"": 18, ""latency_cycles"": 107940.06, ""kernelName"": ""a8w8_blockscale_1x128x128_256x64x64x256_16x16_32x32_1x1_16x16x1_16x16x1_1x32x1x8_8_1x1_intrawave_v1""}]",
a8w8_blockscale,gfx950,768,9216,7168,,True,device:0,256,aiter,0,a8w8_blockscale_1x128x128_256x128x128x128_16x16_32x32_2x2_8x32x1_8x32x1_1x32x1x8_8_1x1_intrawave_v3,128,128,128,2,32,32,64,0,189352.29,1178.9185263585962,"[{""kernelId"": 0, ""latency_cycles"": 189352.29, ""kernelName"": ""a8w8_blockscale_1x128x128_256x128x128x128_16x16_32x32_2x2_8x32x1_8x32x1_1x32x1x8_8_1x1_intrawave_v3""}, {""kernelId"": 14, ""latency_cycles"": 219940.67, ""kernelName"": ""a8w8_blockscale_1x128x128_256x64x256x128_16x16_32x32_2x2_8x32x1_8x32x1_1x32x1x8_8_1x1_intrawave_v1""}, {""kernelId"": 17, ""latency_cycles"": 252531.45, ""kernelName"": ""a8w8_blockscale_1x128x128_256x64x128x256_16x16_32x32_2x1_16x16x1_16x16x1_1x32x1x8_8_1x1_intrawave_v1""}, {""kernelId"": 1, ""latency_cycles"": 305531.05, ""kernelName"": ""a8w8_blockscale_1x128x128_256x128x64x128_16x16_32x32_2x1_8x32x1_8x32x1_1x32x1x8_8_1x1_intrawave_v3""}, {""kernelId"": 2, ""latency_cycles"": 305531.05, ""kernelName"": ""a8w8_blockscale_1x128x128_256x64x128x128_16x16_32x32_1x2_8x32x1_8x32x1_1x32x1x8_8_1x1_intrawave_v3""}]",
a8w8_blockscale,gfx950,1280,11264,512,,True,device:0,256,aiter,0,a8w8_blockscale_1x128x128_256x128x128x128_16x16_32x32_2x2_8x32x1_8x32x1_1x32x1x8_8_1x1_intrawave_v3,128,128,128,2,32,32,64,0,48902.99,664.186115754813,"[{""kernelId"": 0, ""latency_cycles"": 48902.99, ""kernelName"": ""a8w8_blockscale_1x128x128_256x128x128x128_16x16_32x32_2x2_8x32x1_8x32x1_1x32x1x8_8_1x1_intrawave_v3""}, {""kernelId"": 14, ""latency_cycles"": 53629.36, ""kernelName"": ""a8w8_blockscale_1x128x128_256x64x256x128_16x16_32x32_2x2_8x32x1_8x32x1_1x32x1x8_8_1x1_intrawave_v1""}, {""kernelId"": 17, ""latency_cycles"": 54565.45, ""kernelName"": ""a8w8_blockscale_1x128x128_256x64x128x256_16x16_32x32_2x1_16x16x1_16x16x1_1x32x1x8_8_1x1_intrawave_v1""}, {""kernelId"": 1, ""latency_cycles"": 56314.76, ""kernelName"": ""a8w8_blockscale_1x128x128_256x128x64x128_16x16_32x32_2x1_8x32x1_8x32x1_1x32x1x8_8_1x1_intrawave_v3""}, {""kernelId"": 2, ""latency_cycles"": 56314.76, ""kernelName"": ""a8w8_blockscale_1x128x128_256x64x128x128_16x16_32x32_1x2_8x32x1_8x32x1_1x32x1x8_8_1x1_intrawave_v3""}]",
a8w8_blockscale,gfx950,28,12288,2048,,True,device:0,256,aiter,,,,,,,,,,,,,,no config scored
a8w8_blockscale,gfx950,1,12288,8192,,True,device:0,256,aiter,,,,,,,,,,,,,,no config scored
a8w8_blockscale,gfx950,32,12800,6400,,True,device:0,256,aiter,,,,,,,,,,,,,,no config scored
a8w8_blockscale,gfx950,768,12800,6400,,True,device:0,256,aiter,0,a8w8_blockscale_1x128x128_256x128x128x128_16x16_32x32_2x2_8x32x1_8x32x1_1x32x1x8_8_1x1_intrawave_v3,128,128,128,2,32,32,64,0,255487.92,1083.5113781062782,"[{""kernelId"": 0, ""latency_cycles"": 255487.92, ""kernelName"": ""a8w8_blockscale_1x128x128_256x128x128x128_16x16_32x32_2x2_8x32x1_8x32x1_1x32x1x8_8_1x1_intrawave_v3""}, {""kernelId"": 17, ""latency_cycles"": 283738.66, ""kernelName"": ""a8w8_blockscale_1x128x128_256x64x128x256_16x16_32x32_2x1_16x16x1_16x16x1_1x32x1x8_8_1x1_intrawave_v1""}, {""kernelId"": 14, ""latency_cycles"": 296485.36, ""kernelName"": ""a8w8_blockscale_1x128x128_256x64x256x128_16x16_32x32_2x2_8x32x1_8x32x1_1x32x1x8_8_1x1_intrawave_v1""}, {""kernelId"": 1, ""latency_cycles"": 342488.16, ""kernelName"": ""a8w8_blockscale_1x128x128_256x128x64x128_16x16_32x32_2x1_8x32x1_8x32x1_1x32x1x8_8_1x1_intrawave_v3""}, {""kernelId"": 2, ""latency_cycles"": 342488.16, ""kernelName"": ""a8w8_blockscale_1x128x128_256x64x128x128_16x16_32x32_1x2_8x32x1_8x32x1_1x32x1x8_8_1x1_intrawave_v3""}]",
a8w8_blockscale,gfx950,1536,12800,6400,,True,device:0,256,aiter,0,a8w8_blockscale_1x128x128_256x128x128x128_16x16_32x32_2x2_8x32x1_8x32x1_1x32x1x8_8_1x1_intrawave_v3,128,128,128,2,32,32,64,0,425813.19,1300.213653727534,"[{""kernelId"": 0, ""latency_cycles"": 425813.19, ""kernelName"": ""a8w8_blockscale_1x128x128_256x128x128x128_16x16_32x32_2x2_8x32x1_8x32x1_1x32x1x8_8_1x1_intrawave_v3""}, {""kernelId"": 14, ""latency_cycles"": 494142.26, ""kernelName"": ""a8w8_blockscale_1x128x128_256x64x256x128_16x16_32x32_2x2_8x32x1_8x32x1_1x32x1x8_8_1x1_intrawave_v1""}, {""kernelId"": 17, ""latency_cycles"": 567477.32, ""kernelName"": ""a8w8_blockscale_1x128x128_256x64x128x256_16x16_32x32_2x1_16x16x1_16x16x1_1x32x1x8_8_1x1_intrawave_v1""}, {""kernelId"": 1, ""latency_cycles"": 684976.33, ""kernelName"": ""a8w8_blockscale_1x128x128_256x128x64x128_16x16_32x32_2x1_8x32x1_8x32x1_1x32x1x8_8_1x1_intrawave_v3""}, {""kernelId"": 2, ""latency_cycles"": 684976.33, ""kernelName"": ""a8w8_blockscale_1x128x128_256x64x128x128_16x16_32x32_1x2_8x32x1_8x32x1_1x32x1x8_8_1x1_intrawave_v3""}]",
a8w8_blockscale,gfx950,28,14336,512,,True,device:0,256,aiter,,,,,,,,,,,,,,no config scored
a8w8_blockscale,gfx950,1234,14336,512,,True,device:0,256,aiter,0,a8w8_blockscale_1x128x128_256x128x128x128_16x16_32x32_2x2_8x32x1_8x32x1_1x32x1x8_8_1x1_intrawave_v3,128,128,128,2,32,32,64,0,66459.18,599.6679388900675,"[{""kernelId"": 0, ""latency_cycles"": 66459.18, ""kernelName"": ""a8w8_blockscale_1x128x128_256x128x128x128_16x16_32x32_2x2_8x32x1_8x32x1_1x32x1x8_8_1x1_intrawave_v3""}, {""kernelId"": 14, ""latency_cycles"": 70571.0, ""kernelName"": ""a8w8_blockscale_1x128x128_256x64x256x128_16x16_32x32_2x2_8x32x1_8x32x1_1x32x1x8_8_1x1_intrawave_v1""}, {""kernelId"": 17, ""latency_cycles"": 73631.29, ""kernelName"": ""a8w8_blockscale_1x128x128_256x64x128x256_16x16_32x32_2x1_16x16x1_16x16x1_1x32x1x8_8_1x1_intrawave_v1""}, {""kernelId"": 2, ""latency_cycles"": 75783.77, ""kernelName"": ""a8w8_blockscale_1x128x128_256x64x128x128_16x16_32x32_1x2_8x32x1_8x32x1_1x32x1x8_8_1x1_intrawave_v3""}, {""kernelId"": 15, ""latency_cycles"": 75783.77, ""kernelName"": ""a8w8_blockscale_1x128x128_256x64x128x128_16x16_32x32_2x1_8x32x1_8x32x1_1x32x1x8_8_1x1_intrawave_v1""}]",
a8w8_blockscale,gfx950,4096,14336,512,,True,device:0,256,aiter,0,a8w8_blockscale_1x128x128_256x128x128x128_16x16_32x32_2x2_8x32x1_8x32x1_1x32x1x8_8_1x1_intrawave_v3,128,128,128,2,32,32,64,0,171160.48,772.8711165146915,"[{""kernelId"": 0, ""latency_cycles"": 171160.48, ""kernelName"": ""a8w8_blockscale_1x128x128_256x128x128x128_16x16_32x32_2x2_8x32x1_8x32x1_1x32x1x8_8_1x1_intrawave_v3""}, {""kernelId"": 14, ""latency_cycles"": 187702.76, ""kernelName"": ""a8w8_blockscale_1x128x128_256x64x256x128_16x16_32x32_2x2_8x32x1_8x32x1_1x32x1x8_8_1x1_intrawave_v1""}, {""kernelId"": 17, ""latency_cycles"": 218261.8, ""kernelName"": ""a8w8_blockscale_1x128x128_256x64x128x256_16x16_32x32_2x1_16x16x1_16x16x1_1x32x1x8_8_1x1_intrawave_v1""}, {""kernelId"": 1, ""latency_cycles"": 225259.03, ""kernelName"": ""a8w8_blockscale_1x128x128_256x128x64x128_16x16_32x32_2x1_8x32x1_8x32x1_1x32x1x8_8_1x1_intrawave_v3""}, {""kernelId"": 2, ""latency_cycles"": 225259.03, ""kernelName"": ""a8w8_blockscale_1x128x128_256x64x128x128_16x16_32x32_1x2_8x32x1_8x32x1_1x32x1x8_8_1x1_intrawave_v3""}]",
a8w8_blockscale,gfx950,10000,14336,512,,True,device:0,256,aiter,0,a8w8_blockscale_1x128x128_256x128x128x128_16x16_32x32_2x2_8x32x1_8x32x1_1x32x1x8_8_1x1_intrawave_v3,128,128,128,2,32,32,64,0,446785.95,722.8548876566988,"[{""kernelId"": 0, ""latency_cycles"": 446785.95, ""kernelName"": ""a8w8_blockscale_1x128x128_256x128x128x128_16x16_32x32_2x2_8x32x1_8x32x1_1x32x1x8_8_1x1_intrawave_v3""}, {""kernelId"": 14, ""latency_cycles"": 487281.44, ""kernelName"": ""a8w8_blockscale_1x128x128_256x64x256x128_16x16_32x32_2x2_8x32x1_8x32x1_1x32x1x8_8_1x1_intrawave_v1""}, {""kernelId"": 17, ""latency_cycles"": 555917.56, ""kernelName"": ""a8w8_blockscale_1x128x128_256x64x128x256_16x16_32x32_2x1_16x16x1_16x16x1_1x32x1x8_8_1x1_intrawave_v1""}, {""kernelId"": 2, ""latency_cycles"": 573065.33, ""kernelName"": ""a8w8_blockscale_1x128x128_256x64x128x128_16x16_32x32_1x2_8x32x1_8x32x1_1x32x1x8_8_1x1_intrawave_v3""}, {""kernelId"": 15, ""latency_cycles"": 573065.33, ""kernelName"": ""a8w8_blockscale_1x128x128_256x64x128x128_16x16_32x32_2x1_8x32x1_8x32x1_1x32x1x8_8_1x1_intrawave_v1""}]",
a8w8_blockscale,gfx950,2,14336,3072,,True,device:0,256,aiter,,,,,,,,,,,,,,no config scored
a8w8_blockscale,gfx950,56,14336,3072,,True,device:0,256,aiter,4,a8w8_blockscale_1x128x128_256x16x256x128_8x16_16x16_1x4_16x16x1_8x32x1_1x16x1x16_8_1x2_intrawave_v1,16,256,128,2,16,16,128,0,45440.73,238.80563333355326,"[{""kernelId"": 4, ""latency_cycles"": 45440.73, ""kernelName"": ""a8w8_blockscale_1x128x128_256x16x256x128_8x16_16x16_1x4_16x16x1_8x32x1_1x16x1x16_8_1x2_intrawave_v1""}, {""kernelId"": 7, ""latency_cycles"": 47495.78, ""kernelName"": ""a8w8_blockscale_1x128x128_256x16x128x256_16x16_16x16_1x2_16x16x1_16x16x1_1x16x1x16_8_1x2_intrawave_v1""}, {""kernelId"": 5, ""latency_cycles"": 58770.99, ""kernelName"": ""a8w8_blockscale_1x128x128_256x16x128x128_8x16_16x16_1x2_16x16x1_8x32x1_1x16x1x16_8_1x2_intrawave_v1""}, {""kernelId"": 8, ""latency_cycles"": 62329.5, ""kernelName"": ""a8w8_blockscale_1x128x128_256x16x64x256_16x16_16x16_1x1_16x16x1_16x16x1_1x16x1x16_4_1x1_intrawave_v1""}, {""kernelId"": 6, ""latency_cycles"": 85549.86, ""kernelName"": ""a8w8_blockscale_1x128x128_256x16x64x128_8x16_16x16_1x1_16x16x1_8x32x1_1x16x1x16_4_1x1_intrawave_v1""}]",
a8w8_blockscale,gfx950,1280,16384,512,,True,device:0,256,aiter,0,a8w8_blockscale_1x128x128_256x128x128x128_16x16_32x32_2x2_8x32x1_8x32x1_1x32x1x8_8_1x1_intrawave_v3,128,128,128,2,32,32,64,0,61128.74,772.8711165146916,"[{""kernelId"": 0, ""latency_cycles"": 61128.74, ""kernelName"": ""a8w8_blockscale_1x128x128_256x128x128x128_16x16_32x32_2x2_8x32x1_8x32x1_1x32x1x8_8_1x1_intrawave_v3""}, {""kernelId"": 14, ""latency_cycles"": 67036.7, ""kernelName"": ""a8w8_blockscale_1x128x128_256x64x256x128_16x16_32x32_2x2_8x32x1_8x32x1_1x32x1x8_8_1x1_intrawave_v1""}, {""kernelId"": 17, ""latency_cycles"": 77950.64, ""kernelName"": ""a8w8_blockscale_1x128x128_256x64x128x256_16x16_32x32_2x1_16x16x1_16x16x1_1x32x1x8_8_1x1_intrawave_v1""}, {""kernelId"": 1, ""latency_cycles"": 80449.65, ""kernelName"": ""a8w8_blockscale_1x128x128_256x128x64x128_16x16_32x32_2x1_8x32x1_8x32x1_1x32x1x8_8_1x1_intrawave_v3""}, {""kernelId"": 2, ""latency_cycles"": 80449.65, ""kernelName"": ""a8w8_blockscale_1x128x128_256x64x128x128_16x16_32x32_1x2_8x32x1_8x32x1_1x32x1x8_8_1x1_intrawave_v3""}]",
a8w8_blockscale,gfx950,1234,17408,5120,,True,device:0,256,aiter,0,a8w8_blockscale_1x128x128_256x128x128x128_16x16_32x32_2x2_8x32x1_8x32x1_1x32x1x8_8_1x1_intrawave_v3,128,128,128,2,32,32,64,0,430978.26,1122.8747452416148,"[{""kernelId"": 0, ""latency_cycles"": 430978.26, ""kernelName"": ""a8w8_blockscale_1x128x128_256x128x128x128_16x16_32x32_2x2_8x32x1_8x32x1_1x32x1x8_8_1x1_intrawave_v3""}, {""kernelId"": 14, ""latency_cycles"": 496719.26, ""kernelName"": ""a8w8_blockscale_1x128x128_256x64x256x128_16x16_32x32_2x2_8x32x1_8x32x1_1x32x1x8_8_1x1_intrawave_v1""}, {""kernelId"": 17, ""latency_cycles"": 523431.26, ""kernelName"": ""a8w8_blockscale_1x128x128_256x64x128x256_16x16_32x32_2x1_16x16x1_16x16x1_1x32x1x8_8_1x1_intrawave_v1""}, {""kernelId"": 2, ""latency_cycles"": 625062.07, ""kernelName"": ""a8w8_blockscale_1x128x128_256x64x128x128_16x16_32x32_1x2_8x32x1_8x32x1_1x32x1x8_8_1x1_intrawave_v3""}, {""kernelId"": 15, ""latency_cycles"": 625062.07, ""kernelName"": ""a8w8_blockscale_1x128x128_256x64x128x128_16x16_32x32_2x1_8x32x1_8x32x1_1x32x1x8_8_1x1_intrawave_v1""}]",
a8w8_blockscale,gfx950,3000,17408,5120,,True,device:0,256,aiter,0,a8w8_blockscale_1x128x128_256x128x128x128_16x16_32x32_2x2_8x32x1_8x32x1_1x32x1x8_8_1x1_intrawave_v3,128,128,128,2,32,32,64,0,920982.4,1277.442735782409,"[{""kernelId"": 0, ""latency_cycles"": 920982.4, ""kernelName"": ""a8w8_blockscale_1x128x128_256x128x128x128_16x16_32x32_2x2_8x32x1_8x32x1_1x32x1x8_8_1x1_intrawave_v3""}, {""kernelId"": 14, ""latency_cycles"": 1083217.46, ""kernelName"": ""a8w8_blockscale_1x128x128_256x64x256x128_16x16_32x32_2x2_8x32x1_8x32x1_1x32x1x8_8_1x1_intrawave_v1""}, {""kernelId"": 17, ""latency_cycles"": 1191352.65, ""kernelName"": ""a8w8_blockscale_1x128x128_256x64x128x256_16x16_32x32_2x1_16x16x1_16x16x1_1x32x1x8_8_1x1_intrawave_v1""}, {""kernelId"": 2, ""latency_cycles"": 1422580.97, ""kernelName"": ""a8w8_blockscale_1x128x128_256x64x128x128_16x16_32x32_1x2_8x32x1_8x32x1_1x32x1x8_8_1x1_intrawave_v3""}, {""kernelId"": 15, ""latency_cycles"": 1422580.97, ""kernelName"": ""a8w8_blockscale_1x128x128_256x64x128x128_16x16_32x32_2x1_8x32x1_8x32x1_1x32x1x8_8_1x1_intrawave_v1""}]",
a8w8_blockscale,gfx950,14,20480,1536,,True,device:0,256,aiter,,,,,,,,,,,,,,no config scored
a8w8_blockscale,gfx950,128,20480,8704,,True,device:0,256,aiter,12,a8w8_blockscale_1x128x128_256x32x128x256_16x16_32x32_1x1_16x16x1_16x16x1_1x32x1x8_8_1x1_intrawave_v1,32,128,256,2,32,32,64,0,194547.04,516.0441524798409,"[{""kernelId"": 12, ""latency_cycles"": 194547.04, ""kernelName"": ""a8w8_blockscale_1x128x128_256x32x128x256_16x16_32x32_1x1_16x16x1_16x16x1_1x32x1x8_8_1x1_intrawave_v1""}, {""kernelId"": 13, ""latency_cycles"": 227073.6, ""kernelName"": ""a8w8_blockscale_1x128x128_256x32x64x256_16x16_16x16_2x1_16x16x1_16x16x1_1x32x1x8_8_2x1_intrawave_v1""}, {""kernelId"": 9, ""latency_cycles"": 239958.88, ""kernelName"": ""a8w8_blockscale_1x128x128_256x32x256x128_16x16_32x32_1x2_8x32x1_8x32x1_1x32x1x8_8_1x1_intrawave_v1""}, {""kernelId"": 10, ""latency_cycles"": 244133.87, ""kernelName"": ""a8w8_blockscale_1x128x128_256x32x128x128_16x16_32x32_1x1_8x32x1_8x32x1_1x32x1x8_8_1x1_intrawave_v1""}, {""kernelId"": 7, ""latency_cycles"": 296999.66, ""kernelName"": ""a8w8_blockscale_1x128x128_256x16x128x256_16x16_16x16_1x2_16x16x1_16x16x1_1x16x1x16_8_1x2_intrawave_v1""}]",
a8w8_blockscale,gfx950,3000,20480,8704,,True,device:0,256,aiter,0,a8w8_blockscale_1x128x128_256x128x128x128_16x16_32x32_2x2_8x32x1_8x32x1_1x32x1x8_8_1x1_intrawave_v3,128,128,128,2,32,32,64,0,1739560.21,1352.6433501568767,"[{""kernelId"": 0, ""latency_cycles"": 1739560.21, ""kernelName"": ""a8w8_blockscale_1x128x128_256x128x128x128_16x16_32x32_2x2_8x32x1_8x32x1_1x32x1x8_8_1x1_intrawave_v3""}, {""kernelId"": 14, ""latency_cycles"": 2031318.02, ""kernelName"": ""a8w8_blockscale_1x128x128_256x64x256x128_16x16_32x32_2x2_8x32x1_8x32x1_1x32x1x8_8_1x1_intrawave_v1""}, {""kernelId"": 17, ""latency_cycles"": 2325365.23, ""kernelName"": ""a8w8_blockscale_1x128x128_256x64x128x256_16x16_32x32_2x1_16x16x1_16x16x1_1x32x1x8_8_1x1_intrawave_v1""}, {""kernelId"": 1, ""latency_cycles"": 2811960.2, ""kernelName"": ""a8w8_blockscale_1x128x128_256x128x64x128_16x16_32x32_2x1_8x32x1_8x32x1_1x32x1x8_8_1x1_intrawave_v3""}, {""kernelId"": 2, ""latency_cycles"": 2812839.22, ""kernelName"": ""a8w8_blockscale_1x128x128_256x64x128x128_16x16_32x32_1x2_8x32x1_8x32x1_1x32x1x8_8_1x1_intrawave_v3""}]",
a8w8_blockscale,gfx950,1536,24576,1536,,True,device:0,256,aiter,0,a8w8_blockscale_1x128x128_256x128x128x128_16x16_32x32_2x2_8x32x1_8x32x1_1x32x1x8_8_1x1_intrawave_v3,128,128,128,2,32,32,64,0,224193.83,1137.948625975386,"[{""kernelId"": 0, ""latency_cycles"": 224193.83, ""kernelName"": ""a8w8_blockscale_1x128x128_256x128x128x128_16x16_32x32_2x2_8x32x1_8x32x1_1x32x1x8_8_1x1_intrawave_v3""}, {""kernelId"": 14, ""latency_cycles"": 254368.67, ""kernelName"": ""a8w8_blockscale_1x128x128_256x64x256x128_16x16_32x32_2x2_8x32x1_8x32x1_1x32x1x8_8_1x1_intrawave_v1""}, {""kernelId"": 17, ""latency_cycles"": 293554.29, ""kernelName"": ""a8w8_blockscale_1x128x128_256x64x128x256_16x16_32x32_2x1_16x16x1_16x16x1_1x32x1x8_8_1x1_intrawave_v1""}, {""kernelId"": 1, ""latency_cycles"": 334052.51, ""kernelName"": ""a8w8_blockscale_1x128x128_256x128x64x128_16x16_32x32_2x1_8x32x1_8x32x1_1x32x1x8_8_1x1_intrawave_v3""}, {""kernelId"": 2, ""latency_cycles"": 334052.51, ""kernelName"": ""a8w8_blockscale_1x128x128_256x64x128x128_16x16_32x32_1x2_8x32x1_8x32x1_1x32x1x8_8_1x1_intrawave_v3""}]",
a8w8_blockscale,gfx950,640,25600,5120,,True,device:0,256,aiter,0,a8w8_blockscale_1x128x128_256x128x128x128_16x16_32x32_2x2_8x32x1_8x32x1_1x32x1x8_8_1x1_intrawave_v3,128,128,128,2,32,32,64,0,277227.17,1331.394571313143,"[{""kernelId"": 0, ""latency_cycles"": 277227.17, ""kernelName"": ""a8w8_blockscale_1x128x128_256x128x128x128_16x16_32x32_2x2_8x32x1_8x32x1_1x32x1x8_8_1x1_intrawave_v3""}, {""kernelId"": 14, ""latency_cycles"": 321034.58, ""kernelName"": ""a8w8_blockscale_1x128x128_256x64x256x128_16x16_32x32_2x2_8x32x1_8x32x1_1x32x1x8_8_1x1_intrawave_v1""}, {""kernelId"": 17, ""latency_cycles"": 368846.78, ""kernelName"": ""a8w8_blockscale_1x128x128_256x64x128x256_16x16_32x32_2x1_16x16x1_16x16x1_1x32x1x8_8_1x1_intrawave_v1""}, {""kernelId"": 1, ""latency_cycles"": 442845.99, ""kernelName"": ""a8w8_blockscale_1x128x128_256x128x64x128_16x16_32x32_2x1_8x32x1_8x32x1_1x32x1x8_8_1x1_intrawave_v3""}, {""kernelId"": 2, ""latency_cycles"": 442845.99, ""kernelName"": ""a8w8_blockscale_1x128x128_256x64x128x128_16x16_32x32_1x2_8x32x1_8x32x1_1x32x1x8_8_1x1_intrawave_v3""}]",
a8w8_blockscale,gfx950,1536,32768,512,,True,device:0,256,aiter,0,a8w8_blockscale_1x128x128_256x128x128x128_16x16_32x32_2x2_8x32x1_8x32x1_1x32x1x8_8_1x1_intrawave_v3,128,128,128,2,32,32,64,0,146708.98,772.8711165146916,"[{""kernelId"": 0, ""latency_cycles"": 146708.98, ""kernelName"": ""a8w8_blockscale_1x128x128_256x128x128x128_16x16_32x32_2x2_8x32x1_8x32x1_1x32x1x8_8_1x1_intrawave_v3""}, {""kernelId"": 14, ""latency_cycles"": 160888.08, ""kernelName"": ""a8w8_blockscale_1x128x128_256x64x256x128_16x16_32x32_2x2_8x32x1_8x32x1_1x32x1x8_8_1x1_intrawave_v1""}, {""kernelId"": 17, ""latency_cycles"": 187081.55, ""kernelName"": ""a8w8_blockscale_1x128x128_256x64x128x256_16x16_32x32_2x1_16x16x1_16x16x1_1x32x1x8_8_1x1_intrawave_v1""}, {""kernelId"": 1, ""latency_cycles"": 193079.17, ""kernelName"": ""a8w8_blockscale_1x128x128_256x128x64x128_16x16_32x32_2x1_8x32x1_8x32x1_1x32x1x8_8_1x1_intrawave_v3""}, {""kernelId"": 2, ""latency_cycles"": 193079.17, ""kernelName"": ""a8w8_blockscale_1x128x128_256x64x128x128_16x16_32x32_1x2_8x32x1_8x32x1_1x32x1x8_8_1x1_intrawave_v3""}]",
a8w8_blockscale,gfx950,56,32768,768,,True,device:0,256,aiter,4,a8w8_blockscale_1x128x128_256x16x256x128_8x16_16x16_1x4_16x16x1_8x32x1_1x16x1x16_8_1x2_intrawave_v1,16,256,128,2,16,16,128,0,25307.56,245.0200047484003,"[{""kernelId"": 4, ""latency_cycles"": 25307.56, ""kernelName"": ""a8w8_blockscale_1x128x128_256x16x256x128_8x16_16x16_1x4_16x16x1_8x32x1_1x16x1x16_8_1x2_intrawave_v1""}, {""kernelId"": 7, ""latency_cycles"": 26744.5, ""kernelName"": ""a8w8_blockscale_1x128x128_256x16x128x256_16x16_16x16_1x2_16x16x1_16x16x1_1x16x1x16_8_1x2_intrawave_v1""}, {""kernelId"": 5, ""latency_cycles"": 31294.92, ""kernelName"": ""a8w8_blockscale_1x128x128_256x16x128x128_8x16_16x16_1x2_16x16x1_8x32x1_1x16x1x16_8_1x2_intrawave_v1""}, {""kernelId"": 8, ""latency_cycles"": 32828.94, ""kernelName"": ""a8w8_blockscale_1x128x128_256x16x64x256_16x16_16x16_1x1_16x16x1_16x16x1_1x16x1x16_4_1x1_intrawave_v1""}, {""kernelId"": 6, ""latency_cycles"": 43269.65, ""kernelName"": ""a8w8_blockscale_1x128x128_256x16x64x128_8x16_16x16_1x1_16x16x1_8x32x1_1x16x1x16_4_1x1_intrawave_v1""}]",
a8w8_blockscale,gfx950,48,32768,8704,,True,device:0,256,aiter,7,a8w8_blockscale_1x128x128_256x16x128x256_16x16_16x16_1x2_16x16x1_16x16x1_1x16x1x16_8_1x2_intrawave_v1,16,128,256,2,16,16,128,0,178382.28,337.68441156743125,"[{""kernelId"": 7, ""latency_cycles"": 178382.28, ""kernelName"": ""a8w8_blockscale_1x128x128_256x16x128x256_16x16_16x16_1x2_16x16x1_16x16x1_1x16x1x16_8_1x2_intrawave_v1""}, {""kernelId"": 4, ""latency_cycles"": 228239.43, ""kernelName"": ""a8w8_blockscale_1x128x128_256x16x256x128_8x16_16x16_1x4_16x16x1_8x32x1_1x16x1x16_8_1x2_intrawave_v1""}, {""kernelId"": 5, ""latency_cycles"": 228387.68, ""kernelName"": ""a8w8_blockscale_1x128x128_256x16x128x128_8x16_16x16_1x2_16x16x1_8x32x1_1x16x1x16_8_1x2_intrawave_v1""}, {""kernelId"": 8, ""latency_cycles"": 241870.5, ""kernelName"": ""a8w8_blockscale_1x128x128_256x16x64x256_16x16_16x16_1x1_16x16x1_16x16x1_1x16x1x16_4_1x1_intrawave_v1""}, {""kernelId"": 6, ""latency_cycles"": 342803.89, ""kernelName"": ""a8w8_blockscale_1x128x128_256x16x64x128_8x16_16x16_1x1_16x16x1_8x32x1_1x16x1x16_4_1x1_intrawave_v1""}]",
a8w8_blockscale,gfx950,768,32768,18432,,True,device:0,256,aiter,0,a8w8_blockscale_1x128x128_256x128x128x128_16x16_32x32_2x2_8x32x1_8x32x1_1x32x1x8_8_1x1_intrawave_v3,128,128,128,2,32,32,64,0,1405245.53,1452.3927815159593,"[{""kernelId"": 0, ""latency_cycles"": 1405245.53, ""kernelName"": ""a8w8_blockscale_1x128x128_256x128x128x128_16x16_32x32_2x2_8x32x1_8x32x1_1x32x1x8_8_1x1_intrawave_v3""}, {""kernelId"": 14, ""latency_cycles"": 1640307.83, ""kernelName"": ""a8w8_blockscale_1x128x128_256x64x256x128_16x16_32x32_2x2_8x32x1_8x32x1_1x32x1x8_8_1x1_intrawave_v1""}, {""kernelId"": 17, ""latency_cycles"": 1881377.33, ""kernelName"": ""a8w8_blockscale_1x128x128_256x64x128x256_16x16_32x32_2x1_16x16x1_16x16x1_1x32x1x8_8_1x1_intrawave_v1""}, {""kernelId"": 1, ""latency_cycles"": 2304376.14, ""kernelName"": ""a8w8_blockscale_1x128x128_256x128x64x128_16x16_32x32_2x1_8x32x1_8x32x1_1x32x1x8_8_1x1_intrawave_v3""}, {""kernelId"": 2, ""latency_cycles"": 2304376.14, ""kernelName"": ""a8w8_blockscale_1x128x128_256x64x128x128_16x16_32x32_1x2_8x32x1_8x32x1_1x32x1x8_8_1x1_intrawave_v3""}]",
a8w8_blockscale,gfx950,1280,32768,18432,,True,device:0,256,aiter,0,a8w8_blockscale_1x128x128_256x128x128x128_16x16_32x32_2x2_8x32x1_8x32x1_1x32x1x8_8_1x1_intrawave_v3,128,128,128,2,32,32,64,0,2342075.88,1452.3927815159595,"[{""kernelId"": 0, ""latency_cycles"": 2342075.88, ""kernelName"": ""a8w8_blockscale_1x128x128_256x128x128x128_16x16_32x32_2x2_8x32x1_8x32x1_1x32x1x8_8_1x1_intrawave_v3""}, {""kernelId"": 14, ""latency_cycles"": 2733846.38, ""kernelName"": ""a8w8_blockscale_1x128x128_256x64x256x128_16x16_32x32_2x2_8x32x1_8x32x1_1x32x1x8_8_1x1_intrawave_v1""}, {""kernelId"": 17, ""latency_cycles"": 3135628.88, ""kernelName"": ""a8w8_blockscale_1x128x128_256x64x128x256_16x16_32x32_2x1_16x16x1_16x16x1_1x32x1x8_8_1x1_intrawave_v1""}, {""kernelId"": 1, ""latency_cycles"": 3840626.89, ""kernelName"": ""a8w8_blockscale_1x128x128_256x128x64x128_16x16_32x32_2x1_8x32x1_8x32x1_1x32x1x8_8_1x1_intrawave_v3""}, {""kernelId"": 2, ""latency_cycles"": 3840626.89, ""kernelName"": ""a8w8_blockscale_1x128x128_256x64x128x128_16x16_32x32_1x2_8x32x1_8x32x1_1x32x1x8_8_1x1_intrawave_v3""}]",
a8w8_blockscale,gfx950,7,36864,7168,,True,device:0,256,aiter,,,,,,,,,,,,,,no config scored
a8w8_blockscale,gfx950,12,36864,7168,,True,device:0,256,aiter,,,,,,,,,,,,,,no config scored
