family,gfx,M,N,K,q_dtype_w,available,hardware_source,cu_num,candidates,best_kernelId,best_kernelName,best_BLOCK_M,best_BLOCK_N,best_BLOCK_K,best_waves_per_eu,mi_m,mi_n,mi_k,splitK,pred_latency_cycles,pred_tflops,topk_json,error
a8w8_blockscale_bpreshuffle,gfx950,17,128,1536,,True,device:0,256,aiter,,,,,,,,,,,,,,no config scored
a8w8_blockscale_bpreshuffle,gfx950,96,128,6144,,True,device:0,256,aiter,7,a8w8_blockscale_bpreshuffle_1x128x128_256x16x64x256_16x16_16x16_16x16x1_16x16x1_1x16x1x16_4_1x1_intrawave_v1,16,64,256,2,16,16,128,0,20519.24,16.18913998279915,"[{""kernelId"": 7, ""latency_cycles"": 20519.24, ""kernelName"": ""a8w8_blockscale_bpreshuffle_1x128x128_256x16x64x256_16x16_16x16_16x16x1_16x16x1_1x16x1x16_4_1x1_intrawave_v1""}, {""kernelId"": 12, ""latency_cycles"": 23544.49, ""kernelName"": ""a8w8_blockscale_bpreshuffle_1x128x128_256x32x64x256_16x16_16x16_16x16x1_16x16x1_1x32x1x8_8_2x1_intrawave_v1""}, {""kernelId"": 11, ""latency_cycles"": 23792.75, ""kernelName"": ""a8w8_blockscale_bpreshuffle_1x128x128_256x32x128x256_16x16_16x16_16x16x1_16x16x1_1x32x1x8_8_2x1_intrawave_v1""}, {""kernelId"": 9, ""latency_cycles"": 26904.6, ""kernelName"": ""a8w8_blockscale_bpreshuffle_1x128x128_256x32x128x128_16x16_16x16_8x32x1_8x32x1_1x32x1x8_8_2x1_intrawave_v1""}, {""kernelId"": 6, ""latency_cycles"": 26974.25, ""kernelName"": ""a8w8_blockscale_bpreshuffle_1x128x128_256x16x128x256_16x16_16x16_16x16x1_16x16x1_1x16x1x16_8_1x2_intrawave_v1""}]",
a8w8_blockscale_bpreshuffle,gfx950,3072,128,6144,,True,device:0,256,aiter,,,,,,,,,,,,,,no config scored
a8w8_blockscale_bpreshuffle,gfx950,1000,256,512,,True,device:0,256,aiter,7,a8w8_blockscale_bpreshuffle_1x128x128_256x16x64x256_16x16_16x16_16x16x1_16x16x1_1x16x1x16_4_1x1_intrawave_v1,16,64,256,2,16,16,128,0,2683.14,214.94084704155492,"[{""kernelId"": 7, ""latency_cycles"": 2683.14, ""kernelName"": ""a8w8_blockscale_bpreshuffle_1x128x128_256x16x64x256_16x16_16x16_16x16x1_16x16x1_1x16x1x16_4_1x1_intrawave_v1""}, {""kernelId"": 12, ""latency_cycles"": 3357.82, ""kernelName"": ""a8w8_blockscale_bpreshuffle_1x128x128_256x32x64x256_16x16_16x16_16x16x1_16x16x1_1x32x1x8_8_2x1_intrawave_v1""}, {""kernelId"": 5, ""latency_cycles"": 3477.01, ""kernelName"": ""a8w8_blockscale_bpreshuffle_1x128x128_256x16x64x128_8x16_16x16_16x16x1_8x32x1_1x16x1x16_4_1x1_intrawave_v1""}, {""kernelId"": 10, ""latency_cycles"": 4059.05, ""kernelName"": ""a8w8_blockscale_bpreshuffle_1x128x128_256x32x64x128_16x16_16x16_8x32x1_8x32x1_1x32x1x8_8_2x1_intrawave_v1""}, {""kernelId"": 6, ""latency_cycles"": 4394.72, ""kernelName"": ""a8w8_blockscale_bpreshuffle_1x128x128_256x16x128x256_16x16_16x16_16x16x1_16x16x1_1x16x1x16_8_1x2_intrawave_v1""}]",
a8w8_blockscale_bpreshuffle,gfx950,80,256,1024,,True,device:0,256,aiter,7,a8w8_blockscale_bpreshuffle_1x128x128_256x16x64x256_16x16_16x16_16x16x1_16x16x1_1x16x1x16_4_1x1_intrawave_v1,16,64,256,2,16,16,128,0,4845.39,19.043824208659057,"[{""kernelId"": 7, ""latency_cycles"": 4845.39, ""kernelName"": ""a8w8_blockscale_bpreshuffle_1x128x128_256x16x64x256_16x16_16x16_16x16x1_16x16x1_1x16x1x16_4_1x1_intrawave_v1""}, {""kernelId"": 12, ""latency_cycles"": 6631.0, ""kernelName"": ""a8w8_blockscale_bpreshuffle_1x128x128_256x32x64x256_16x16_16x16_16x16x1_16x16x1_1x32x1x8_8_2x1_intrawave_v1""}, {""kernelId"": 5, ""latency_cycles"": 6640.41, ""kernelName"": ""a8w8_blockscale_bpreshuffle_1x128x128_256x16x64x128_8x16_16x16_16x16x1_8x32x1_1x16x1x16_4_1x1_intrawave_v1""}, {""kernelId"": 6, ""latency_cycles"": 7543.03, ""kernelName"": ""a8w8_blockscale_bpreshuffle_1x128x128_256x16x128x256_16x16_16x16_16x16x1_16x16x1_1x16x1x16_8_1x2_intrawave_v1""}, {""kernelId"": 10, ""latency_cycles"": 8301.78, ""kernelName"": ""a8w8_blockscale_bpreshuffle_1x128x128_256x32x64x128_16x16_16x16_8x32x1_8x32x1_1x32x1x8_8_2x1_intrawave_v1""}]",
a8w8_blockscale_bpreshuffle,gfx950,224,256,1024,,True,device:0,256,aiter,7,a8w8_blockscale_bpreshuffle_1x128x128_256x16x64x256_16x16_16x16_16x16x1_16x16x1_1x16x1x16_4_1x1_intrawave_v1,16,64,256,2,16,16,128,0,4878.08,52.96534384882248,"[{""kernelId"": 7, ""latency_cycles"": 4878.08, ""kernelName"": ""a8w8_blockscale_bpreshuffle_1x128x128_256x16x64x256_16x16_16x16_16x16x1_16x16x1_1x16x1x16_4_1x1_intrawave_v1""}, {""kernelId"": 12, ""latency_cycles"": 5809.27, ""kernelName"": ""a8w8_blockscale_bpreshuffle_1x128x128_256x32x64x256_16x16_16x16_16x16x1_16x16x1_1x32x1x8_8_2x1_intrawave_v1""}, {""kernelId"": 5, ""latency_cycles"": 6673.1, ""kernelName"": ""a8w8_blockscale_bpreshuffle_1x128x128_256x16x64x128_8x16_16x16_16x16x1_8x32x1_1x16x1x16_4_1x1_intrawave_v1""}, {""kernelId"": 10, ""latency_cycles"": 7514.65, ""kernelName"": ""a8w8_blockscale_bpreshuffle_1x128x128_256x32x64x128_16x16_16x16_8x32x1_8x32x1_1x32x1x8_8_2x1_intrawave_v1""}, {""kernelId"": 6, ""latency_cycles"": 7610.66, ""kernelName"": ""a8w8_blockscale_bpreshuffle_1x128x128_256x16x128x256_16x16_16x16_16x16x1_16x16x1_1x16x1x16_8_1x2_intrawave_v1""}]",
a8w8_blockscale_bpreshuffle,gfx950,320,256,1024,,True,device:0,256,aiter,7,a8w8_blockscale_bpreshuffle_1x128x128_256x16x64x256_16x16_16x16_16x16x1_16x16x1_1x16x1x16_4_1x1_intrawave_v1,16,64,256,2,16,16,128,0,4873.02,75.7433112224418,"[{""kernelId"": 7, ""latency_cycles"": 4873.02, ""kernelName"": ""a8w8_blockscale_bpreshuffle_1x128x128_256x16x64x256_16x16_16x16_16x16x1_16x16x1_1x16x1x16_4_1x1_intrawave_v1""}, {""kernelId"": 12, ""latency_cycles"": 5797.1, ""kernelName"": ""a8w8_blockscale_bpreshuffle_1x128x128_256x32x64x256_16x16_16x16_16x16x1_16x16x1_1x32x1x8_8_2x1_intrawave_v1""}, {""kernelId"": 5, ""latency_cycles"": 6668.04, ""kernelName"": ""a8w8_blockscale_bpreshuffle_1x128x128_256x16x64x128_8x16_16x16_16x16x1_8x32x1_1x16x1x16_4_1x1_intrawave_v1""}, {""kernelId"": 10, ""latency_cycles"": 7502.49, ""kernelName"": ""a8w8_blockscale_bpreshuffle_1x128x128_256x32x64x128_16x16_16x16_8x32x1_8x32x1_1x32x1x8_8_2x1_intrawave_v1""}, {""kernelId"": 6, ""latency_cycles"": 7598.49, ""kernelName"": ""a8w8_blockscale_bpreshuffle_1x128x128_256x16x128x256_16x16_16x16_16x16x1_16x16x1_1x16x1x16_8_1x2_intrawave_v1""}]",
a8w8_blockscale_bpreshuffle,gfx950,2560,256,1024,,True,device:0,256,aiter,17,a8w8_blockscale_bpreshuffle_1x128x128_256x64x64x256_16x16_16x16_16x16x1_16x16x1_1x32x1x8_8_2x1_intrawave_v1,64,64,256,2,16,16,128,0,7965.02,370.7198852812335,"[{""kernelId"": 17, ""latency_cycles"": 7965.02, ""kernelName"": ""a8w8_blockscale_bpreshuffle_1x128x128_256x64x64x256_16x16_16x16_16x16x1_16x16x1_1x32x1x8_8_2x1_intrawave_v1""}, {""kernelId"": 2, ""latency_cycles"": 9491.13, ""kernelName"": ""a8w8_blockscale_bpreshuffle_1x128x128_256x64x64x128_16x16_16x16_8x32x1_8x32x1_1x32x1x8_8_2x1_intrawave_v3""}, {""kernelId"": 15, ""latency_cycles"": 9491.13, ""kernelName"": ""a8w8_blockscale_bpreshuffle_1x128x128_256x64x64x128_16x16_16x16_8x32x1_8x32x1_1x32x1x8_8_2x1_intrawave_v1""}, {""kernelId"": 12, ""latency_cycles"": 11978.13, ""kernelName"": ""a8w8_blockscale_bpreshuffle_1x128x128_256x32x64x256_16x16_16x16_16x16x1_16x16x1_1x32x1x8_8_2x1_intrawave_v1""}, {""kernelId"": 7, ""latency_cycles"": 14779.87, ""kernelName"": ""a8w8_blockscale_bpreshuffle_1x128x128_256x16x64x256_16x16_16x16_16x16x1_16x16x1_1x16x1x16_4_1x1_intrawave_v1""}]",
a8w8_blockscale_bpreshuffle,gfx950,448,256,1280,,True,device:0,256,aiter,7,a8w8_blockscale_bpreshuffle_1x128x128_256x16x64x256_16x16_16x16_16x16x1_16x16x1_1x16x1x16_4_1x1_intrawave_v1,16,64,256,2,16,16,128,0,6068.47,106.43917885270237,"[{""kernelId"": 7, ""latency_cycles"": 6068.47, ""kernelName"": ""a8w8_blockscale_bpreshuffle_1x128x128_256x16x64x256_16x16_16x16_16x16x1_16x16x1_1x16x1x16_4_1x1_intrawave_v1""}, {""kernelId"": 12, ""latency_cycles"": 7131.41, ""kernelName"": ""a8w8_blockscale_bpreshuffle_1x128x128_256x32x64x256_16x16_16x16_16x16x1_16x16x1_1x32x1x8_8_2x1_intrawave_v1""}, {""kernelId"": 5, ""latency_cycles"": 8363.49, ""kernelName"": ""a8w8_blockscale_bpreshuffle_1x128x128_256x16x64x128_8x16_16x16_16x16x1_8x32x1_1x16x1x16_4_1x1_intrawave_v1""}, {""kernelId"": 17, ""latency_cycles"": 9237.11, ""kernelName"": ""a8w8_blockscale_bpreshuffle_1x128x128_256x64x64x256_16x16_16x16_16x16x1_16x16x1_1x32x1x8_8_2x1_intrawave_v1""}, {""kernelId"": 10, ""latency_cycles"": 9336.8, ""kernelName"": ""a8w8_blockscale_bpreshuffle_1x128x128_256x32x64x128_16x16_16x16_8x32x1_8x32x1_1x32x1x8_8_2x1_intrawave_v1""}]",
a8w8_blockscale_bpreshuffle,gfx950,4,512,384,,True,device:0,256,aiter,,,,,,,,,,,,,,no config scored
a8w8_blockscale_bpreshuffle,gfx950,20,512,2048,,True,device:0,256,aiter,,,,,,,,,,,,,,no config scored
a8w8_blockscale_bpreshuffle,gfx950,2,768,16384,,True,device:0,256,aiter,,,,,,,,,,,,,,no config scored
a8w8_blockscale_bpreshuffle,gfx950,6000,768,16384,,True,device:0,256,aiter,16,a8w8_blockscale_bpreshuffle_1x128x128_256x64x128x256_16x16_16x16_16x16x1_16x16x1_1x32x1x8_8_2x1_intrawave_v1,64,128,256,2,16,16,128,0,421767.28,787.6117777213009,"[{""kernelId"": 16, ""latency_cycles"": 421767.28, ""kernelName"": ""a8w8_blockscale_bpreshuffle_1x128x128_256x64x128x256_16x16_16x16_16x16x1_16x16x1_1x32x1x8_8_2x1_intrawave_v1""}, {""kernelId"": 0, ""latency_cycles"": 426754.34, ""kernelName"": ""a8w8_blockscale_bpreshuffle_1x128x128_256x128x128x128_16x16_16x16_8x32x1_8x32x1_1x32x1x8_8_2x1_intrawave_v3""}, {""kernelId"": 13, ""latency_cycles"": 494444.38, ""kernelName"": ""a8w8_blockscale_bpreshuffle_1x128x128_256x64x256x128_16x16_16x16_8x32x1_8x32x1_1x32x1x8_8_2x1_intrawave_v1""}, {""kernelId"": 1, ""latency_cycles"": 515514.68, ""kernelName"": ""a8w8_blockscale_bpreshuffle_1x128x128_256x64x128x128_16x16_16x16_8x32x1_8x32x1_1x32x1x8_8_2x1_intrawave_v3""}, {""kernelId"": 14, ""latency_cycles"": 515514.68, ""kernelName"": ""a8w8_blockscale_bpreshuffle_1x128x128_256x64x128x128_16x16_16x16_8x32x1_8x32x1_1x32x1x8_8_2x1_intrawave_v1""}]",
a8w8_blockscale_bpreshuffle,gfx950,640,1024,256,,True,device:0,256,aiter,2,a8w8_blockscale_bpreshuffle_1x128x128_256x64x64x128_16x16_16x16_8x32x1_8x32x1_1x32x1x8_8_2x1_intrawave_v3,64,64,128,2,16,16,128,0,3234.38,228.23489800916082,"[{""kernelId"": 2, ""latency_cycles"": 3234.38, ""kernelName"": ""a8w8_blockscale_bpreshuffle_1x128x128_256x64x64x128_16x16_16x16_8x32x1_8x32x1_1x32x1x8_8_2x1_intrawave_v3""}, {""kernelId"": 15, ""latency_cycles"": 3234.38, ""kernelName"": ""a8w8_blockscale_bpreshuffle_1x128x128_256x64x64x128_16x16_16x16_8x32x1_8x32x1_1x32x1x8_8_2x1_intrawave_v1""}, {""kernelId"": 9, ""latency_cycles"": 3563.44, ""kernelName"": ""a8w8_blockscale_bpreshuffle_1x128x128_256x32x128x128_16x16_16x16_8x32x1_8x32x1_1x32x1x8_8_2x1_intrawave_v1""}, {""kernelId"": 10, ""latency_cycles"": 4573.94, ""kernelName"": ""a8w8_blockscale_bpreshuffle_1x128x128_256x32x64x128_16x16_16x16_8x32x1_8x32x1_1x32x1x8_8_2x1_intrawave_v1""}, {""kernelId"": 3, ""latency_cycles"": 4715.18, ""kernelName"": ""a8w8_blockscale_bpreshuffle_1x128x128_256x16x256x128_8x16_16x16_16x16x1_8x32x1_1x16x1x16_8_1x2_intrawave_v1""}]",
a8w8_blockscale_bpreshuffle,gfx950,5120,1024,256,,True,device:0,256,aiter,2,a8w8_blockscale_bpreshuffle_1x128x128_256x64x64x128_16x16_16x16_8x32x1_8x32x1_1x32x1x8_8_2x1_intrawave_v3,64,64,128,2,16,16,128,0,17170.73,343.93300616642955,"[{""kernelId"": 2, ""latency_cycles"": 17170.73, ""kernelName"": ""a8w8_blockscale_bpreshuffle_1x128x128_256x64x64x128_16x16_16x16_8x32x1_8x32x1_1x32x1x8_8_2x1_intrawave_v3""}, {""kernelId"": 15, ""latency_cycles"": 17170.73, ""kernelName"": ""a8w8_blockscale_bpreshuffle_1x128x128_256x64x64x128_16x16_16x16_8x32x1_8x32x1_1x32x1x8_8_2x1_intrawave_v1""}, {""kernelId"": 1, ""latency_cycles"": 17185.48, ""kernelName"": ""a8w8_blockscale_bpreshuffle_1x128x128_256x64x128x128_16x16_16x16_8x32x1_8x32x1_1x32x1x8_8_2x1_intrawave_v3""}, {""kernelId"": 14, ""latency_cycles"": 17185.48, ""kernelName"": ""a8w8_blockscale_bpreshuffle_1x128x128_256x64x128x128_16x16_16x16_8x32x1_8x32x1_1x32x1x8_8_2x1_intrawave_v1""}, {""kernelId"": 9, ""latency_cycles"": 18767.72, ""kernelName"": ""a8w8_blockscale_bpreshuffle_1x128x128_256x32x128x128_16x16_16x16_8x32x1_8x32x1_1x32x1x8_8_2x1_intrawave_v1""}]",
a8w8_blockscale_bpreshuffle,gfx950,12,1024,1024,,True,device:0,256,aiter,,,,,,,,,,,,,,no config scored
a8w8_blockscale_bpreshuffle,gfx950,2560,1024,2048,,True,device:0,256,aiter,0,a8w8_blockscale_bpreshuffle_1x128x128_256x128x128x128_16x16_16x16_8x32x1_8x32x1_1x32x1x8_8_2x1_intrawave_v3,128,128,128,2,16,16,128,0,31000.15,762.0067423596681,"[{""kernelId"": 0, ""latency_cycles"": 31000.15, ""kernelName"": ""a8w8_blockscale_bpreshuffle_1x128x128_256x128x128x128_16x16_16x16_8x32x1_8x32x1_1x32x1x8_8_2x1_intrawave_v3""}, {""kernelId"": 13, ""latency_cycles"": 35457.83, ""kernelName"": ""a8w8_blockscale_bpreshuffle_1x128x128_256x64x256x128_16x16_16x16_8x32x1_8x32x1_1x32x1x8_8_2x1_intrawave_v1""}, {""kernelId"": 16, ""latency_cycles"": 41754.46, ""kernelName"": ""a8w8_blockscale_bpreshuffle_1x128x128_256x64x128x256_16x16_16x16_16x16x1_16x16x1_1x32x1x8_8_2x1_intrawave_v1""}, {""kernelId"": 17, ""latency_cycles"": 43368.87, ""kernelName"": ""a8w8_blockscale_bpreshuffle_1x128x128_256x64x64x256_16x16_16x16_16x16x1_16x16x1_1x32x1x8_8_2x1_intrawave_v1""}, {""kernelId"": 1, ""latency_cycles"": 48254.26, ""kernelName"": ""a8w8_blockscale_bpreshuffle_1x128x128_256x64x128x128_16x16_16x16_8x32x1_8x32x1_1x32x1x8_8_2x1_intrawave_v3""}]",
a8w8_blockscale_bpreshuffle,gfx950,3,1024,2304,,True,device:0,256,aiter,,,,,,,,,,,,,,no config scored
a8w8_blockscale_bpreshuffle,gfx950,112,1024,4096,,True,device:0,256,aiter,7,a8w8_blockscale_bpreshuffle_1x128x128_256x16x64x256_16x16_16x16_16x16x1_16x16x1_1x16x1x16_4_1x1_intrawave_v1,16,64,256,2,16,16,128,0,16814.36,122.92781717343803,"[{""kernelId"": 7, ""latency_cycles"": 16814.36, ""kernelName"": ""a8w8_blockscale_bpreshuffle_1x128x128_256x16x64x256_16x16_16x16_16x16x1_16x16x1_1x16x1x16_4_1x1_intrawave_v1""}, {""kernelId"": 5, ""latency_cycles"": 20609.38, ""kernelName"": ""a8w8_blockscale_bpreshuffle_1x128x128_256x16x64x128_8x16_16x16_16x16x1_8x32x1_1x16x1x16_4_1x1_intrawave_v1""}, {""kernelId"": 12, ""latency_cycles"": 21065.01, ""kernelName"": ""a8w8_blockscale_bpreshuffle_1x128x128_256x32x64x256_16x16_16x16_16x16x1_16x16x1_1x32x1x8_8_2x1_intrawave_v1""}, {""kernelId"": 6, ""latency_cycles"": 23350.53, ""kernelName"": ""a8w8_blockscale_bpreshuffle_1x128x128_256x16x128x256_16x16_16x16_16x16x1_16x16x1_1x16x1x16_8_1x2_intrawave_v1""}, {""kernelId"": 11, ""latency_cycles"": 26633.25, ""kernelName"": ""a8w8_blockscale_bpreshuffle_1x128x128_256x32x128x256_16x16_16x16_16x16x1_16x16x1_1x32x1x8_8_2x1_intrawave_v1""}]",
a8w8_blockscale_bpreshuffle,gfx950,11,1152,3072,,True,device:0,256,aiter,,,,,,,,,,,,,,no config scored
a8w8_blockscale_bpreshuffle,gfx950,256,1152,3072,,True,device:0,256,aiter,12,a8w8_blockscale_bpreshuffle_1x128x128_256x32x64x256_16x16_16x16_16x16x1_16x16x1_1x32x1x8_8_2x1_intrawave_v1,32,64,256,2,16,16,128,0,16427.33,242.6607080962469,"[{""kernelId"": 12, ""latency_cycles"": 16427.33, ""kernelName"": ""a8w8_blockscale_bpreshuffle_1x128x128_256x32x64x256_16x16_16x16_16x16x1_16x16x1_1x32x1x8_8_2x1_intrawave_v1""}, {""kernelId"": 17, ""latency_cycles"": 20451.33, ""kernelName"": ""a8w8_blockscale_bpreshuffle_1x128x128_256x64x64x256_16x16_16x16_16x16x1_16x16x1_1x32x1x8_8_2x1_intrawave_v1""}, {""kernelId"": 2, ""latency_cycles"": 21367.99, ""kernelName"": ""a8w8_blockscale_bpreshuffle_1x128x128_256x64x64x128_16x16_16x16_8x32x1_8x32x1_1x32x1x8_8_2x1_intrawave_v3""}, {""kernelId"": 15, ""latency_cycles"": 21367.99, ""kernelName"": ""a8w8_blockscale_bpreshuffle_1x128x128_256x64x64x128_16x16_16x16_8x32x1_8x32x1_1x32x1x8_8_2x1_intrawave_v1""}, {""kernelId"": 6, ""latency_cycles"": 21485.47, ""kernelName"": ""a8w8_blockscale_bpreshuffle_1x128x128_256x16x128x256_16x16_16x16_16x16x1_16x16x1_1x16x1x16_8_1x2_intrawave_v1""}]",
a8w8_blockscale_bpreshuffle,gfx950,768,1152,3072,,True,device:0,256,aiter,17,a8w8_blockscale_bpreshuffle_1x128x128_256x64x64x256_16x16_16x16_16x16x1_16x16x1_1x32x1x8_8_2x1_intrawave_v1,64,64,256,2,16,16,128,0,20817.76,574.4517690643929,"[{""kernelId"": 17, ""latency_cycles"": 20817.76, ""kernelName"": ""a8w8_blockscale_bpreshuffle_1x128x128_256x64x64x256_16x16_16x16_16x16x1_16x16x1_1x32x1x8_8_2x1_intrawave_v1""}, {""kernelId"": 11, ""latency_cycles"": 24189.86, ""kernelName"": ""a8w8_blockscale_bpreshuffle_1x128x128_256x32x128x256_16x16_16x16_16x16x1_16x16x1_1x32x1x8_8_2x1_intrawave_v1""}, {""kernelId"": 2, ""latency_cycles"": 26343.87, ""kernelName"": ""a8w8_blockscale_bpreshuffle_1x128x128_256x64x64x128_16x16_16x16_8x32x1_8x32x1_1x32x1x8_8_2x1_intrawave_v3""}, {""kernelId"": 15, ""latency_cycles"": 26343.87, ""kernelName"": ""a8w8_blockscale_bpreshuffle_1x128x128_256x64x64x128_16x16_16x16_8x32x1_8x32x1_1x32x1x8_8_2x1_intrawave_v1""}, {""kernelId"": 16, ""latency_cycles"": 28809.5, ""kernelName"": ""a8w8_blockscale_bpreshuffle_1x128x128_256x64x128x256_16x16_16x16_16x16x1_16x16x1_1x32x1x8_8_2x1_intrawave_v1""}]",
a8w8_blockscale_bpreshuffle,gfx950,1,1152,8192,,True,device:0,256,aiter,,,,,,,,,,,,,,no config scored
a8w8_blockscale_bpreshuffle,gfx950,6144,1280,2304,,True,device:0,256,aiter,0,a8w8_blockscale_bpreshuffle_1x128x128_256x128x128x128_16x16_16x16_8x32x1_8x32x1_1x32x1x8_8_2x1_intrawave_v3,128,128,128,2,16,16,128,0,70095.48,1137.3818831732601,"[{""kernelId"": 0, ""latency_cycles"": 70095.48, ""kernelName"": ""a8w8_blockscale_bpreshuffle_1x128x128_256x128x128x128_16x16_16x16_8x32x1_8x32x1_1x32x1x8_8_2x1_intrawave_v3""}, {""kernelId"": 13, ""latency_cycles"": 80057.76, ""kernelName"": ""a8w8_blockscale_bpreshuffle_1x128x128_256x64x256x128_16x16_16x16_8x32x1_8x32x1_1x32x1x8_8_2x1_intrawave_v1""}, {""kernelId"": 16, ""latency_cycles"": 92022.43, ""kernelName"": ""a8w8_blockscale_bpreshuffle_1x128x128_256x64x128x256_16x16_16x16_16x16x1_16x16x1_1x32x1x8_8_2x1_intrawave_v1""}, {""kernelId"": 1, ""latency_cycles"": 107022.03, ""kernelName"": ""a8w8_blockscale_bpreshuffle_1x128x128_256x64x128x128_16x16_16x16_8x32x1_8x32x1_1x32x1x8_8_2x1_intrawave_v3""}, {""kernelId"": 14, ""latency_cycles"": 107022.03, ""kernelName"": ""a8w8_blockscale_bpreshuffle_1x128x128_256x64x128x128_16x16_16x16_8x32x1_8x32x1_1x32x1x8_8_2x1_intrawave_v1""}]",
a8w8_blockscale_bpreshuffle,gfx950,13,1280,4096,,True,device:0,256,aiter,,,,,,,,,,,,,,no config scored
a8w8_blockscale_bpreshuffle,gfx950,5,1536,7168,,True,device:0,256,aiter,,,,,,,,,,,,,,no config scored
a8w8_blockscale_bpreshuffle,gfx950,40,2048,256,,True,device:0,256,aiter,5,a8w8_blockscale_bpreshuffle_1x128x128_256x16x64x128_8x16_16x16_16x16x1_8x32x1_1x16x1x16_4_1x1_intrawave_v1,16,64,128,2,16,16,128,0,1871.72,49.29952009706615,"[{""kernelId"": 5, ""latency_cycles"": 1871.72, ""kernelName"": ""a8w8_blockscale_bpreshuffle_1x128x128_256x16x64x128_8x16_16x16_16x16x1_8x32x1_1x16x1x16_4_1x1_intrawave_v1""}, {""kernelId"": 7, ""latency_cycles"": 2919.72, ""kernelName"": ""a8w8_blockscale_bpreshuffle_1x128x128_256x16x64x256_16x16_16x16_16x16x1_16x16x1_1x16x1x16_4_1x1_intrawave_v1""}, {""kernelId"": 4, ""latency_cycles"": 3013.36, ""kernelName"": ""a8w8_blockscale_bpreshuffle_1x128x128_256x16x128x128_8x16_16x16_16x16x1_8x32x1_1x16x1x16_8_1x2_intrawave_v1""}, {""kernelId"": 6, ""latency_cycles"": 4911.93, ""kernelName"": ""a8w8_blockscale_bpreshuffle_1x128x128_256x16x128x256_16x16_16x16_16x16x1_16x16x1_1x16x1x16_8_1x2_intrawave_v1""}, {""kernelId"": 3, ""latency_cycles"": 5280.82, ""kernelName"": ""a8w8_blockscale_bpreshuffle_1x128x128_256x16x256x128_8x16_16x16_16x16x1_8x32x1_1x16x1x16_8_1x2_intrawave_v1""}]",
a8w8_blockscale_bpreshuffle,gfx950,28,2048,384,,True,device:0,256,aiter,,,,,,,,,,,,,,no config scored
a8w8_blockscale_bpreshuffle,gfx950,256,2048,384,,True,device:0,256,aiter,10,a8w8_blockscale_bpreshuffle_1x128x128_256x32x64x128_16x16_16x16_8x32x1_8x32x1_1x32x1x8_8_2x1_intrawave_v1,32,64,128,2,16,16,128,0,3266.64,271.1769027030437,"[{""kernelId"": 10, ""latency_cycles"": 3266.64, ""kernelName"": ""a8w8_blockscale_bpreshuffle_1x128x128_256x32x64x128_16x16_16x16_8x32x1_8x32x1_1x32x1x8_8_2x1_intrawave_v1""}, {""kernelId"": 4, ""latency_cycles"": 3963.79, ""kernelName"": ""a8w8_blockscale_bpreshuffle_1x128x128_256x16x128x128_8x16_16x16_16x16x1_8x32x1_1x16x1x16_8_1x2_intrawave_v1""}, {""kernelId"": 2, ""latency_cycles"": 4199.21, ""kernelName"": ""a8w8_blockscale_bpreshuffle_1x128x128_256x64x64x128_16x16_16x16_8x32x1_8x32x1_1x32x1x8_8_2x1_intrawave_v3""}, {""kernelId"": 15, ""latency_cycles"": 4199.21, ""kernelName"": ""a8w8_blockscale_bpreshuffle_1x128x128_256x64x64x128_16x16_16x16_8x32x1_8x32x1_1x32x1x8_8_2x1_intrawave_v1""}, {""kernelId"": 9, ""latency_cycles"": 4663.97, ""kernelName"": ""a8w8_blockscale_bpreshuffle_1x128x128_256x32x128x128_16x16_16x16_8x32x1_8x32x1_1x32x1x8_8_2x1_intrawave_v1""}]",
a8w8_blockscale_bpreshuffle,gfx950,5,2048,512,,True,device:0,256,aiter,,,,,,,,,,,,,,no config scored
a8w8_blockscale_bpreshuffle,gfx950,80,2048,512,,True,device:0,256,aiter,7,a8w8_blockscale_bpreshuffle_1x128x128_256x16x64x256_16x16_16x16_16x16x1_16x16x1_1x16x1x16_4_1x1_intrawave_v1,16,64,256,2,16,16,128,0,2585.29,142.76874873036584,"[{""kernelId"": 7, ""latency_cycles"": 2585.29, ""kernelName"": ""a8w8_blockscale_bpreshuffle_1x128x128_256x16x64x256_16x16_16x16_16x16x1_16x16x1_1x16x1x16_4_1x1_intrawave_v1""}, {""kernelId"": 5, ""latency_cycles"": 3380.31, ""kernelName"": ""a8w8_blockscale_bpreshuffle_1x128x128_256x16x64x128_8x16_16x16_16x16x1_8x32x1_1x16x1x16_4_1x1_intrawave_v1""}, {""kernelId"": 12, ""latency_cycles"": 3758.91, ""kernelName"": ""a8w8_blockscale_bpreshuffle_1x128x128_256x32x64x256_16x16_16x16_16x16x1_16x16x1_1x32x1x8_8_2x1_intrawave_v1""}, {""kernelId"": 6, ""latency_cycles"": 4240.69, ""kernelName"": ""a8w8_blockscale_bpreshuffle_1x128x128_256x16x128x256_16x16_16x16_16x16x1_16x16x1_1x16x1x16_8_1x2_intrawave_v1""}, {""kernelId"": 10, ""latency_cycles"": 4429.69, ""kernelName"": ""a8w8_blockscale_bpreshuffle_1x128x128_256x32x64x128_16x16_16x16_8x32x1_8x32x1_1x32x1x8_8_2x1_intrawave_v1""}]",
a8w8_blockscale_bpreshuffle,gfx950,5120,2048,512,,True,device:0,256,aiter,0,a8w8_blockscale_bpreshuffle_1x128x128_256x128x128x128_16x16_16x16_8x32x1_8x32x1_1x32x1x8_8_2x1_intrawave_v3,128,128,128,2,16,16,128,0,38548.67,612.7920900799463,"[{""kernelId"": 0, ""latency_cycles"": 38548.67, ""kernelName"": ""a8w8_blockscale_bpreshuffle_1x128x128_256x128x128x128_16x16_16x16_8x32x1_8x32x1_1x32x1x8_8_2x1_intrawave_v3""}, {""kernelId"": 16, ""latency_cycles"": 40534.84, ""kernelName"": ""a8w8_blockscale_bpreshuffle_1x128x128_256x64x128x256_16x16_16x16_16x16x1_16x16x1_1x32x1x8_8_2x1_intrawave_v1""}, {""kernelId"": 1, ""latency_cycles"": 41784.35, ""kernelName"": ""a8w8_blockscale_bpreshuffle_1x128x128_256x64x128x128_16x16_16x16_8x32x1_8x32x1_1x32x1x8_8_2x1_intrawave_v3""}, {""kernelId"": 14, ""latency_cycles"": 41784.35, ""kernelName"": ""a8w8_blockscale_bpreshuffle_1x128x128_256x64x128x128_16x16_16x16_8x32x1_8x32x1_1x32x1x8_8_2x1_intrawave_v1""}, {""kernelId"": 13, ""latency_cycles"": 42093.44, ""kernelName"": ""a8w8_blockscale_bpreshuffle_1x128x128_256x64x256x128_16x16_16x16_8x32x1_8x32x1_1x32x1x8_8_2x1_intrawave_v1""}]",
a8w8_blockscale_bpreshuffle,gfx950,28,2048,1024,,True,device:0,256,aiter,,,,,,,,,,,,,,no config scored
a8w8_blockscale_bpreshuffle,gfx950,40,2048,1024,,True,device:0,256,aiter,7,a8w8_blockscale_bpreshuffle_1x128x128_256x16x64x256_16x16_16x16_16x16x1_16x16x1_1x16x1x16_4_1x1_intrawave_v1,16,64,256,2,16,16,128,0,5548.1,66.52710196143393,"[{""kernelId"": 7, ""latency_cycles"": 5548.1, ""kernelName"": ""a8w8_blockscale_bpreshuffle_1x128x128_256x16x64x256_16x16_16x16_16x16x1_16x16x1_1x16x1x16_4_1x1_intrawave_v1""}, {""kernelId"": 5, ""latency_cycles"": 7314.28, ""kernelName"": ""a8w8_blockscale_bpreshuffle_1x128x128_256x16x64x128_8x16_16x16_16x16x1_8x32x1_1x16x1x16_4_1x1_intrawave_v1""}, {""kernelId"": 6, ""latency_cycles"": 8843.01, ""kernelName"": ""a8w8_blockscale_bpreshuffle_1x128x128_256x16x128x256_16x16_16x16_16x16x1_16x16x1_1x16x1x16_8_1x2_intrawave_v1""}, {""kernelId"": 4, ""latency_cycles"": 10409.98, ""kernelName"": ""a8w8_blockscale_bpreshuffle_1x128x128_256x16x128x128_8x16_16x16_16x16x1_8x32x1_1x16x1x16_8_1x2_intrawave_v1""}, {""kernelId"": 3, ""latency_cycles"": 16585.54, ""kernelName"": ""a8w8_blockscale_bpreshuffle_1x128x128_256x16x256x128_8x16_16x16_16x16x1_8x32x1_1x16x1x16_8_1x2_intrawave_v1""}]",
a8w8_blockscale_bpreshuffle,gfx950,48,2048,1024,,True,device:0,256,aiter,7,a8w8_blockscale_bpreshuffle_1x128x128_256x16x64x256_16x16_16x16_16x16x1_16x16x1_1x16x1x16_4_1x1_intrawave_v1,16,64,256,2,16,16,128,0,4901.59,90.36222027302482,"[{""kernelId"": 7, ""latency_cycles"": 4901.59, ""kernelName"": ""a8w8_blockscale_bpreshuffle_1x128x128_256x16x64x256_16x16_16x16_16x16x1_16x16x1_1x16x1x16_4_1x1_intrawave_v1""}, {""kernelId"": 5, ""latency_cycles"": 6696.61, ""kernelName"": ""a8w8_blockscale_bpreshuffle_1x128x128_256x16x64x128_8x16_16x16_16x16x1_8x32x1_1x16x1x16_4_1x1_intrawave_v1""}, {""kernelId"": 6, ""latency_cycles"": 7644.21, ""kernelName"": ""a8w8_blockscale_bpreshuffle_1x128x128_256x16x128x256_16x16_16x16_16x16x1_16x16x1_1x16x1x16_8_1x2_intrawave_v1""}, {""kernelId"": 4, ""latency_cycles"": 9263.08, ""kernelName"": ""a8w8_blockscale_bpreshuffle_1x128x128_256x16x128x128_8x16_16x16_16x16x1_8x32x1_1x16x1x16_8_1x2_intrawave_v1""}, {""kernelId"": 3, ""latency_cycles"": 14367.25, ""kernelName"": ""a8w8_blockscale_bpreshuffle_1x128x128_256x16x256x128_8x16_16x16_16x16x1_8x32x1_1x16x1x16_8_1x2_intrawave_v1""}]",
a8w8_blockscale_bpreshuffle,gfx950,12,2048,4096,,True,device:0,256,aiter,,,,,,,,,,,,,,no config scored
a8w8_blockscale_bpreshuffle,gfx950,1234,2048,7168,,True,device:0,256,aiter,0,a8w8_blockscale_bpreshuffle_1x128x128_256x128x128x128_16x16_16x16_8x32x1_8x32x1_1x32x1x8_8_2x1_intrawave_v3,128,128,128,2,16,16,128,0,98593.1,808.4427242895202,"[{""kernelId"": 0, ""latency_cycles"": 98593.1, ""kernelName"": ""a8w8_blockscale_bpreshuffle_1x128x128_256x128x128x128_16x16_16x16_8x32x1_8x32x1_1x32x1x8_8_2x1_intrawave_v3""}, {""kernelId"": 13, ""latency_cycles"": 112973.29, ""kernelName"": ""a8w8_blockscale_bpreshuffle_1x128x128_256x64x256x128_16x16_16x16_8x32x1_8x32x1_1x32x1x8_8_2x1_intrawave_v1""}, {""kernelId"": 16, ""latency_cycles"": 130818.38, ""kernelName"": ""a8w8_blockscale_bpreshuffle_1x128x128_256x64x128x256_16x16_16x16_16x16x1_16x16x1_1x32x1x8_8_2x1_intrawave_v1""}, {""kernelId"": 17, ""latency_cycles"": 142311.13, ""kernelName"": ""a8w8_blockscale_bpreshuffle_1x128x128_256x64x64x256_16x16_16x16_16x16x1_16x16x1_1x32x1x8_8_2x1_intrawave_v1""}, {""kernelId"": 1, ""latency_cycles"": 157296.71, ""kernelName"": ""a8w8_blockscale_bpreshuffle_1x128x128_256x64x128x128_16x16_16x16_8x32x1_8x32x1_1x32x1x8_8_2x1_intrawave_v3""}]",
a8w8_blockscale_bpreshuffle,gfx950,2,2112,4608,,True,device:0,256,aiter,,,,,,,,,,,,,,no config scored
a8w8_blockscale_bpreshuffle,gfx950,10000,2112,8192,,True,device:0,256,aiter,0,a8w8_blockscale_bpreshuffle_1x128x128_256x128x128x128_16x16_16x16_8x32x1_8x32x1_1x32x1x8_8_2x1_intrawave_v3,128,128,128,2,16,16,128,0,668366.59,1138.9949606638095,"[{""kernelId"": 0, ""latency_cycles"": 668366.59, ""kernelName"": ""a8w8_blockscale_bpreshuffle_1x128x128_256x128x128x128_16x16_16x16_8x32x1_8x32x1_1x32x1x8_8_2x1_intrawave_v3""}, {""kernelId"": 13, ""latency_cycles"": 805996.16, ""kernelName"": ""a8w8_blockscale_bpreshuffle_1x128x128_256x64x256x128_16x16_16x16_8x32x1_8x32x1_1x32x1x8_8_2x1_intrawave_v1""}, {""kernelId"": 16, ""latency_cycles"": 814644.85, ""kernelName"": ""a8w8_blockscale_bpreshuffle_1x128x128_256x64x128x256_16x16_16x16_16x16x1_16x16x1_1x32x1x8_8_2x1_intrawave_v1""}, {""kernelId"": 1, ""latency_cycles"": 982282.09, ""kernelName"": ""a8w8_blockscale_bpreshuffle_1x128x128_256x64x128x128_16x16_16x16_8x32x1_8x32x1_1x32x1x8_8_2x1_intrawave_v3""}, {""kernelId"": 14, ""latency_cycles"": 982282.09, ""kernelName"": ""a8w8_blockscale_bpreshuffle_1x128x128_256x64x128x128_16x16_16x16_8x32x1_8x32x1_1x32x1x8_8_2x1_intrawave_v1""}]",
a8w8_blockscale_bpreshuffle,gfx950,2,2176,6144,,True,device:0,256,aiter,,,,,,,,,,,,,,no config scored
a8w8_blockscale_bpreshuffle,gfx950,128,2176,6144,,True,device:0,256,aiter,11,a8w8_blockscale_bpreshuffle_1x128x128_256x32x128x256_16x16_16x16_16x16x1_16x16x1_1x32x1x8_8_2x1_intrawave_v1,32,128,256,2,16,16,128,0,28266.73,266.3772716218628,"[{""kernelId"": 11, ""latency_cycles"": 28266.73, ""kernelName"": ""a8w8_blockscale_bpreshuffle_1x128x128_256x32x128x256_16x16_16x16_16x16x1_16x16x1_1x32x1x8_8_2x1_intrawave_v1""}, {""kernelId"": 9, ""latency_cycles"": 31735.17, ""kernelName"": ""a8w8_blockscale_bpreshuffle_1x128x128_256x32x128x128_16x16_16x16_8x32x1_8x32x1_1x32x1x8_8_2x1_intrawave_v1""}, {""kernelId"": 12, ""latency_cycles"": 32188.01, ""kernelName"": ""a8w8_blockscale_bpreshuffle_1x128x128_256x32x64x256_16x16_16x16_16x16x1_16x16x1_1x32x1x8_8_2x1_intrawave_v1""}, {""kernelId"": 6, ""latency_cycles"": 42131.29, ""kernelName"": ""a8w8_blockscale_bpreshuffle_1x128x128_256x16x128x256_16x16_16x16_16x16x1_16x16x1_1x16x1x16_8_1x2_intrawave_v1""}, {""kernelId"": 10, ""latency_cycles"": 43893.4, ""kernelName"": ""a8w8_blockscale_bpreshuffle_1x128x128_256x32x64x128_16x16_16x16_8x32x1_8x32x1_1x32x1x8_8_2x1_intrawave_v1""}]",
a8w8_blockscale_bpreshuffle,gfx950,10,2176,7168,,True,device:0,256,aiter,,,,,,,,,,,,,,no config scored
a8w8_blockscale_bpreshuffle,gfx950,777,2176,7168,,True,device:0,256,aiter,16,a8w8_blockscale_bpreshuffle_1x128x128_256x64x128x256_16x16_16x16_16x16x1_16x16x1_1x32x1x8_8_2x1_intrawave_v1,64,128,256,2,16,16,128,0,66984.19,796.0829177862302,"[{""kernelId"": 16, ""latency_cycles"": 66984.19, ""kernelName"": ""a8w8_blockscale_bpreshuffle_1x128x128_256x64x128x256_16x16_16x16_16x16x1_16x16x1_1x32x1x8_8_2x1_intrawave_v1""}, {""kernelId"": 1, ""latency_cycles"": 80127.26, ""kernelName"": ""a8w8_blockscale_bpreshuffle_1x128x128_256x64x128x128_16x16_16x16_8x32x1_8x32x1_1x32x1x8_8_2x1_intrawave_v3""}, {""kernelId"": 14, ""latency_cycles"": 80127.26, ""kernelName"": ""a8w8_blockscale_bpreshuffle_1x128x128_256x64x128x128_16x16_16x16_8x32x1_8x32x1_1x32x1x8_8_2x1_intrawave_v1""}, {""kernelId"": 0, ""latency_cycles"": 84098.11, ""kernelName"": ""a8w8_blockscale_bpreshuffle_1x128x128_256x128x128x128_16x16_16x16_8x32x1_8x32x1_1x32x1x8_8_2x1_intrawave_v3""}, {""kernelId"": 13, ""latency_cycles"": 91929.73, ""kernelName"": ""a8w8_blockscale_bpreshuffle_1x128x128_256x64x256x128_16x16_16x16_8x32x1_8x32x1_1x32x1x8_8_2x1_intrawave_v1""}]",
a8w8_blockscale_bpreshuffle,gfx950,24576,2176,16384,,True,device:0,256,aiter,0,a8w8_blockscale_bpreshuffle_1x128x128_256x128x128x128_16x16_16x16_8x32x1_8x32x1_1x32x1x8_8_2x1_intrawave_v3,128,128,128,2,16,16,128,0,2723006.56,1415.7742797790243,"[{""kernelId"": 0, ""latency_cycles"": 2723006.56, ""kernelName"": ""a8w8_blockscale_bpreshuffle_1x128x128_256x128x128x128_16x16_16x16_8x32x1_8x32x1_1x32x1x8_8_2x1_intrawave_v3""}, {""kernelId"": 13, ""latency_cycles"": 3563591.62, ""kernelName"": ""a8w8_blockscale_bpreshuffle_1x128x128_256x64x256x128_16x16_16x16_8x32x1_8x32x1_1x32x1x8_8_2x1_intrawave_v1""}, {""kernelId"": 16, ""latency_cycles"": 3641724.66, ""kernelName"": ""a8w8_blockscale_bpreshuffle_1x128x128_256x64x128x256_16x16_16x16_16x16x1_16x16x1_1x32x1x8_8_2x1_intrawave_v1""}, {""kernelId"": 1, ""latency_cycles"": 4454222.08, ""kernelName"": ""a8w8_blockscale_bpreshuffle_1x128x128_256x64x128x128_16x16_16x16_8x32x1_8x32x1_1x32x1x8_8_2x1_intrawave_v3""}, {""kernelId"": 14, ""latency_cycles"": 4454222.08, ""kernelName"": ""a8w8_blockscale_bpreshuffle_1x128x128_256x64x128x128_16x16_16x16_8x32x1_8x32x1_1x32x1x8_8_2x1_intrawave_v1""}]",
a8w8_blockscale_bpreshuffle,gfx950,1536,2240,16384,,True,device:0,256,aiter,0,a8w8_blockscale_bpreshuffle_1x128x128_256x128x128x128_16x16_16x16_8x32x1_8x32x1_1x32x1x8_8_2x1_intrawave_v3,128,128,128,2,16,16,128,0,213241.21,1163.1633646873167,"[{""kernelId"": 0, ""latency_cycles"": 213241.21, ""kernelName"": ""a8w8_blockscale_bpreshuffle_1x128x128_256x128x128x128_16x16_16x16_8x32x1_8x32x1_1x32x1x8_8_2x1_intrawave_v3""}, {""kernelId"": 13, ""latency_cycles"": 249091.09, ""kernelName"": ""a8w8_blockscale_bpreshuffle_1x128x128_256x64x256x128_16x16_16x16_8x32x1_8x32x1_1x32x1x8_8_2x1_intrawave_v1""}, {""kernelId"": 16, ""latency_cycles"": 286120.79, ""kernelName"": ""a8w8_blockscale_bpreshuffle_1x128x128_256x64x128x256_16x16_16x16_16x16x1_16x16x1_1x32x1x8_8_2x1_intrawave_v1""}, {""kernelId"": 1, ""latency_cycles"": 348604.13, ""kernelName"": ""a8w8_blockscale_bpreshuffle_1x128x128_256x64x128x128_16x16_16x16_8x32x1_8x32x1_1x32x1x8_8_2x1_intrawave_v3""}, {""kernelId"": 14, ""latency_cycles"": 348604.13, ""kernelName"": ""a8w8_blockscale_bpreshuffle_1x128x128_256x64x128x128_16x16_16x16_8x32x1_8x32x1_1x32x1x8_8_2x1_intrawave_v1""}]",
a8w8_blockscale_bpreshuffle,gfx950,32,2304,6144,,True,device:0,256,aiter,,,,,,,,,,,,,,no config scored
a8w8_blockscale_bpreshuffle,gfx950,256,2304,6144,,True,device:0,256,aiter,17,a8w8_blockscale_bpreshuffle_1x128x128_256x64x64x256_16x16_16x16_16x16x1_16x16x1_1x32x1x8_8_2x1_intrawave_v1,64,64,256,2,16,16,128,0,39636.47,402.2826739609519,"[{""kernelId"": 17, ""latency_cycles"": 39636.47, ""kernelName"": ""a8w8_blockscale_bpreshuffle_1x128x128_256x64x64x256_16x16_16x16_16x16x1_16x16x1_1x32x1x8_8_2x1_intrawave_v1""}, {""kernelId"": 16, ""latency_cycles"": 40184.51, ""kernelName"": ""a8w8_blockscale_bpreshuffle_1x128x128_256x64x128x256_16x16_16x16_16x16x1_16x16x1_1x32x1x8_8_2x1_intrawave_v1""}, {""kernelId"": 1, ""latency_cycles"": 43148.98, ""kernelName"": ""a8w8_blockscale_bpreshuffle_1x128x128_256x64x128x128_16x16_16x16_8x32x1_8x32x1_1x32x1x8_8_2x1_intrawave_v3""}, {""kernelId"": 14, ""latency_cycles"": 43148.98, ""kernelName"": ""a8w8_blockscale_bpreshuffle_1x128x128_256x64x128x128_16x16_16x16_8x32x1_8x32x1_1x32x1x8_8_2x1_intrawave_v1""}, {""kernelId"": 11, ""latency_cycles"": 46265.32, ""kernelName"": ""a8w8_blockscale_bpreshuffle_1x128x128_256x32x128x256_16x16_16x16_16x16x1_16x16x1_1x32x1x8_8_2x1_intrawave_v1""}]",
a8w8_blockscale_bpreshuffle,gfx950,11,2560,8192,,True,device:0,256,aiter,,,,,,,,,,,,,,no config scored
a8w8_blockscale_bpreshuffle,gfx950,32,2560,8192,,True,device:0,256,aiter,,,,,,,,,,,,,,no config scored
a8w8_blockscale_bpreshuffle,gfx950,8,2624,2304,,True,device:0,256,aiter,,,,,,,,,,,,,,no config scored
a8w8_blockscale_bpreshuffle,gfx950,3072,2624,2304,,True,device:0,256,aiter,0,a8w8_blockscale_bpreshuffle_1x128x128_256x128x128x128_16x16_16x16_8x32x1_8x32x1_1x32x1x8_8_2x1_intrawave_v3,128,128,128,2,16,16,128,0,71067.41,1149.872540170295,"[{""kernelId"": 0, ""latency_cycles"": 71067.41, ""kernelName"": ""a8w8_blockscale_bpreshuffle_1x128x128_256x128x128x128_16x16_16x16_8x32x1_8x32x1_1x32x1x8_8_2x1_intrawave_v3""}, {""kernelId"": 16, ""latency_cycles"": 93508.42, ""kernelName"": ""a8w8_blockscale_bpreshuffle_1x128x128_256x64x128x256_16x16_16x16_16x16x1_16x16x1_1x32x1x8_8_2x1_intrawave_v1""}, {""kernelId"": 1, ""latency_cycles"": 108479.92, ""kernelName"": ""a8w8_blockscale_bpreshuffle_1x128x128_256x64x128x128_16x16_16x16_8x32x1_8x32x1_1x32x1x8_8_2x1_intrawave_v3""}, {""kernelId"": 14, ""latency_cycles"": 108479.92, ""kernelName"": ""a8w8_blockscale_bpreshuffle_1x128x128_256x64x128x128_16x16_16x16_8x32x1_8x32x1_1x32x1x8_8_2x1_intrawave_v1""}, {""kernelId"": 13, ""latency_cycles"": 125553.73, ""kernelName"": ""a8w8_blockscale_bpreshuffle_1x128x128_256x64x256x128_16x16_16x16_8x32x1_8x32x1_1x32x1x8_8_2x1_intrawave_v1""}]",
a8w8_blockscale_bpreshuffle,gfx950,112,2624,6144,,True,device:0,256,aiter,12,a8w8_blockscale_bpreshuffle_1x128x128_256x32x64x256_16x16_16x16_16x16x1_16x16x1_1x32x1x8_8_2x1_intrawave_v1,32,64,256,2,16,16,128,0,35165.04,225.93036038259325,"[{""kernelId"": 12, ""latency_cycles"": 35165.04, ""kernelName"": ""a8w8_blockscale_bpreshuffle_1x128x128_256x32x64x256_16x16_16x16_16x16x1_16x16x1_1x32x1x8_8_2x1_intrawave_v1""}, {""kernelId"": 11, ""latency_cycles"": 36411.97, ""kernelName"": ""a8w8_blockscale_bpreshuffle_1x128x128_256x32x128x256_16x16_16x16_16x16x1_16x16x1_1x32x1x8_8_2x1_intrawave_v1""}, {""kernelId"": 9, ""latency_cycles"": 38426.53, ""kernelName"": ""a8w8_blockscale_bpreshuffle_1x128x128_256x32x128x128_16x16_16x16_8x32x1_8x32x1_1x32x1x8_8_2x1_intrawave_v1""}, {""kernelId"": 3, ""latency_cycles"": 41632.81, ""kernelName"": ""a8w8_blockscale_bpreshuffle_1x128x128_256x16x256x128_8x16_16x16_16x16x1_8x32x1_1x16x1x16_8_1x2_intrawave_v1""}, {""kernelId"": 6, ""latency_cycles"": 42918.2, ""kernelName"": ""a8w8_blockscale_bpreshuffle_1x128x128_256x16x128x256_16x16_16x16_16x16x1_16x16x1_1x16x1x16_8_1x2_intrawave_v1""}]",
a8w8_blockscale_bpreshuffle,gfx950,112,3072,1024,,True,device:0,256,aiter,12,a8w8_blockscale_bpreshuffle_1x128x128_256x32x64x256_16x16_16x16_16x16x1_16x16x1_1x32x1x8_8_2x1_intrawave_v1,32,64,256,2,16,16,128,0,6579.07,235.62830401749645,"[{""kernelId"": 12, ""latency_cycles"": 6579.07, ""kernelName"": ""a8w8_blockscale_bpreshuffle_1x128x128_256x32x64x256_16x16_16x16_16x16x1_16x16x1_1x32x1x8_8_2x1_intrawave_v1""}, {""kernelId"": 6, ""latency_cycles"": 7794.75, ""kernelName"": ""a8w8_blockscale_bpreshuffle_1x128x128_256x16x128x256_16x16_16x16_16x16x1_16x16x1_1x16x1x16_8_1x2_intrawave_v1""}, {""kernelId"": 10, ""latency_cycles"": 8259.74, ""kernelName"": ""a8w8_blockscale_bpreshuffle_1x128x128_256x32x64x128_16x16_16x16_8x32x1_8x32x1_1x32x1x8_8_2x1_intrawave_v1""}, {""kernelId"": 4, ""latency_cycles"": 9413.62, ""kernelName"": ""a8w8_blockscale_bpreshuffle_1x128x128_256x16x128x128_8x16_16x16_16x16x1_8x32x1_1x16x1x16_8_1x2_intrawave_v1""}, {""kernelId"": 7, ""latency_cycles"": 9914.08, ""kernelName"": ""a8w8_blockscale_bpreshuffle_1x128x128_256x16x64x256_16x16_16x16_16x16x1_16x16x1_1x16x1x16_4_1x1_intrawave_v1""}]",
a8w8_blockscale_bpreshuffle,gfx950,777,3072,1024,,True,device:0,256,aiter,0,a8w8_blockscale_bpreshuffle_1x128x128_256x128x128x128_16x16_16x16_8x32x1_8x32x1_1x32x1x8_8_2x1_intrawave_v3,128,128,128,2,16,16,128,0,20191.56,532.6292156744084,"[{""kernelId"": 0, ""latency_cycles"": 20191.56, ""kernelName"": ""a8w8_blockscale_bpreshuffle_1x128x128_256x128x128x128_16x16_16x16_8x32x1_8x32x1_1x32x1x8_8_2x1_intrawave_v3""}, {""kernelId"": 13, ""latency_cycles"": 21747.83, ""kernelName"": ""a8w8_blockscale_bpreshuffle_1x128x128_256x64x256x128_16x16_16x16_8x32x1_8x32x1_1x32x1x8_8_2x1_intrawave_v1""}, {""kernelId"": 17, ""latency_cycles"": 25710.5, ""kernelName"": ""a8w8_blockscale_bpreshuffle_1x128x128_256x64x64x256_16x16_16x16_16x16x1_16x16x1_1x32x1x8_8_2x1_intrawave_v1""}, {""kernelId"": 16, ""latency_cycles"": 26217.74, ""kernelName"": ""a8w8_blockscale_bpreshuffle_1x128x128_256x64x128x256_16x16_16x16_16x16x1_16x16x1_1x32x1x8_8_2x1_intrawave_v1""}, {""kernelId"": 1, ""latency_cycles"": 28676.77, ""kernelName"": ""a8w8_blockscale_bpreshuffle_1x128x128_256x64x128x128_16x16_16x16_8x32x1_8x32x1_1x32x1x8_8_2x1_intrawave_v3""}]",
a8w8_blockscale_bpreshuffle,gfx950,2048,3072,1024,,True,device:0,256,aiter,16,a8w8_blockscale_bpreshuffle_1x128x128_256x64x128x256_16x16_16x16_16x16x1_16x16x1_1x32x1x8_8_2x1_intrawave_v1,64,128,256,2,16,16,128,0,37091.17,764.246230710978,"[{""kernelId"": 16, ""latency_cycles"": 37091.17, ""kernelName"": ""a8w8_blockscale_bpreshuffle_1x128x128_256x64x128x256_16x16_16x16_16x16x1_16x16x1_1x32x1x8_8_2x1_intrawave_v1""}, {""kernelId"": 0, ""latency_cycles"": 38383.79, ""kernelName"": ""a8w8_blockscale_bpreshuffle_1x128x128_256x128x128x128_16x16_16x16_8x32x1_8x32x1_1x32x1x8_8_2x1_intrawave_v3""}, {""kernelId"": 1, ""latency_cycles"": 40840.87, ""kernelName"": ""a8w8_blockscale_bpreshuffle_1x128x128_256x64x128x128_16x16_16x16_8x32x1_8x32x1_1x32x1x8_8_2x1_intrawave_v3""}, {""kernelId"": 14, ""latency_cycles"": 40840.87, ""kernelName"": ""a8w8_blockscale_bpreshuffle_1x128x128_256x64x128x128_16x16_16x16_8x32x1_8x32x1_1x32x1x8_8_2x1_intrawave_v1""}, {""kernelId"": 13, ""latency_cycles"": 42918.14, ""kernelName"": ""a8w8_blockscale_bpreshuffle_1x128x128_256x64x256x128_16x16_16x16_8x32x1_8x32x1_1x32x1x8_8_2x1_intrawave_v1""}]",
a8w8_blockscale_bpreshuffle,gfx950,11,3072,2048,,True,device:0,256,aiter,,,,,,,,,,,,,,no config scored
a8w8_blockscale_bpreshuffle,gfx950,13,3072,2048,,True,device:0,256,aiter,,,,,,,,,,,,,,no config scored
a8w8_blockscale_bpreshuffle,gfx950,11,3072,6144,,True,device:0,256,aiter,,,,,,,,,,,,,,no config scored
a8w8_blockscale_bpreshuffle,gfx950,2560,3072,6144,,True,device:0,256,aiter,0,a8w8_blockscale_bpreshuffle_1x128x128_256x128x128x128_16x16_16x16_8x32x1_8x32x1_1x32x1x8_8_2x1_intrawave_v3,128,128,128,2,16,16,128,0,165230.56,1286.692288966982,"[{""kernelId"": 0, ""latency_cycles"": 165230.56, ""kernelName"": ""a8w8_blockscale_bpreshuffle_1x128x128_256x128x128x128_16x16_16x16_8x32x1_8x32x1_1x32x1x8_8_2x1_intrawave_v3""}, {""kernelId"": 13, ""latency_cycles"": 191476.6, ""kernelName"": ""a8w8_blockscale_bpreshuffle_1x128x128_256x64x256x128_16x16_16x16_8x32x1_8x32x1_1x32x1x8_8_2x1_intrawave_v1""}, {""kernelId"": 16, ""latency_cycles"": 219725.04, ""kernelName"": ""a8w8_blockscale_bpreshuffle_1x128x128_256x64x128x256_16x16_16x16_16x16x1_16x16x1_1x32x1x8_8_2x1_intrawave_v1""}, {""kernelId"": 1, ""latency_cycles"": 264724.64, ""kernelName"": ""a8w8_blockscale_bpreshuffle_1x128x128_256x64x128x128_16x16_16x16_8x32x1_8x32x1_1x32x1x8_8_2x1_intrawave_v3""}, {""kernelId"": 14, ""latency_cycles"": 264724.64, ""kernelName"": ""a8w8_blockscale_bpreshuffle_1x128x128_256x64x128x128_16x16_16x16_8x32x1_8x32x1_1x32x1x8_8_2x1_intrawave_v1""}]",
a8w8_blockscale_bpreshuffle,gfx950,224,3072,7168,,True,device:0,256,aiter,17,a8w8_blockscale_bpreshuffle_1x128x128_256x64x64x256_16x16_16x16_16x16x1_16x16x1_1x32x1x8_8_2x1_intrawave_v1,64,64,256,2,16,16,128,0,50688.19,428.1669054931291,"[{""kernelId"": 17, ""latency_cycles"": 50688.19, ""kernelName"": ""a8w8_blockscale_bpreshuffle_1x128x128_256x64x64x256_16x16_16x16_16x16x1_16x16x1_1x32x1x8_8_2x1_intrawave_v1""}, {""kernelId"": 16, ""latency_cycles"": 50777.0, ""kernelName"": ""a8w8_blockscale_bpreshuffle_1x128x128_256x64x128x256_16x16_16x16_16x16x1_16x16x1_1x32x1x8_8_2x1_intrawave_v1""}, {""kernelId"": 11, ""latency_cycles"": 53852.32, ""kernelName"": ""a8w8_blockscale_bpreshuffle_1x128x128_256x32x128x256_16x16_16x16_16x16x1_16x16x1_1x32x1x8_8_2x1_intrawave_v1""}, {""kernelId"": 8, ""latency_cycles"": 56876.07, ""kernelName"": ""a8w8_blockscale_bpreshuffle_1x128x128_256x32x256x128_16x16_16x16_8x32x1_8x32x1_1x32x1x8_8_2x1_intrawave_v1""}, {""kernelId"": 1, ""latency_cycles"": 56895.14, ""kernelName"": ""a8w8_blockscale_bpreshuffle_1x128x128_256x64x128x128_16x16_16x16_8x32x1_8x32x1_1x32x1x8_8_2x1_intrawave_v3""}]",
a8w8_blockscale_bpreshuffle,gfx950,1000,3072,8192,,True,device:0,256,aiter,0,a8w8_blockscale_bpreshuffle_1x128x128_256x128x128x128_16x16_16x16_8x32x1_8x32x1_1x32x1x8_8_2x1_intrawave_v3,128,128,128,2,16,16,128,0,112322.93,985.8149321910355,"[{""kernelId"": 0, ""latency_cycles"": 112322.93, ""kernelName"": ""a8w8_blockscale_bpreshuffle_1x128x128_256x128x128x128_16x16_16x16_8x32x1_8x32x1_1x32x1x8_8_2x1_intrawave_v3""}, {""kernelId"": 13, ""latency_cycles"": 128731.7, ""kernelName"": ""a8w8_blockscale_bpreshuffle_1x128x128_256x64x256x128_16x16_16x16_8x32x1_8x32x1_1x32x1x8_8_2x1_intrawave_v1""}, {""kernelId"": 16, ""latency_cycles"": 147823.77, ""kernelName"": ""a8w8_blockscale_bpreshuffle_1x128x128_256x64x128x256_16x16_16x16_16x16x1_16x16x1_1x32x1x8_8_2x1_intrawave_v1""}, {""kernelId"": 17, ""latency_cycles"": 161093.59, ""kernelName"": ""a8w8_blockscale_bpreshuffle_1x128x128_256x64x64x256_16x16_16x16_16x16x1_16x16x1_1x32x1x8_8_2x1_intrawave_v1""}, {""kernelId"": 1, ""latency_cycles"": 178309.75, ""kernelName"": ""a8w8_blockscale_bpreshuffle_1x128x128_256x64x128x128_16x16_16x16_8x32x1_8x32x1_1x32x1x8_8_2x1_intrawave_v3""}]",
a8w8_blockscale_bpreshuffle,gfx950,333,3584,512,,True,device:0,256,aiter,16,a8w8_blockscale_bpreshuffle_1x128x128_256x64x128x256_16x16_16x16_16x16x1_16x16x1_1x32x1x8_8_2x1_intrawave_v1,64,128,256,2,16,16,128,0,8612.87,312.1670252573409,"[{""kernelId"": 16, ""latency_cycles"": 8612.87, ""kernelName"": ""a8w8_blockscale_bpreshuffle_1x128x128_256x64x128x256_16x16_16x16_16x16x1_16x16x1_1x32x1x8_8_2x1_intrawave_v1""}, {""kernelId"": 1, ""latency_cycles"": 8727.44, ""kernelName"": ""a8w8_blockscale_bpreshuffle_1x128x128_256x64x128x128_16x16_16x16_8x32x1_8x32x1_1x32x1x8_8_2x1_intrawave_v3""}, {""kernelId"": 14, ""latency_cycles"": 8727.44, ""kernelName"": ""a8w8_blockscale_bpreshuffle_1x128x128_256x64x128x128_16x16_16x16_8x32x1_8x32x1_1x32x1x8_8_2x1_intrawave_v1""}, {""kernelId"": 8, ""latency_cycles"": 10204.83, ""kernelName"": ""a8w8_blockscale_bpreshuffle_1x128x128_256x32x256x128_16x16_16x16_8x32x1_8x32x1_1x32x1x8_8_2x1_intrawave_v1""}, {""kernelId"": 12, ""latency_cycles"": 10592.59, ""kernelName"": ""a8w8_blockscale_bpreshuffle_1x128x128_256x32x64x256_16x16_16x16_16x16x1_16x16x1_1x32x1x8_8_2x1_intrawave_v1""}]",
a8w8_blockscale_bpreshuffle,gfx950,10000,3584,512,,True,device:0,256,aiter,0,a8w8_blockscale_bpreshuffle_1x128x128_256x128x128x128_16x16_16x16_8x32x1_8x32x1_1x32x1x8_8_2x1_intrawave_v3,128,128,128,2,16,16,128,0,120502.09,670.0328057258588,"[{""kernelId"": 0, ""latency_cycles"": 120502.09, ""kernelName"": ""a8w8_blockscale_bpreshuffle_1x128x128_256x128x128x128_16x16_16x16_8x32x1_8x32x1_1x32x1x8_8_2x1_intrawave_v3""}, {""kernelId"": 13, ""latency_cycles"": 130915.21, ""kernelName"": ""a8w8_blockscale_bpreshuffle_1x128x128_256x64x256x128_16x16_16x16_8x32x1_8x32x1_1x32x1x8_8_2x1_intrawave_v1""}, {""kernelId"": 16, ""latency_cycles"": 150636.25, ""kernelName"": ""a8w8_blockscale_bpreshuffle_1x128x128_256x64x128x256_16x16_16x16_16x16x1_16x16x1_1x32x1x8_8_2x1_intrawave_v1""}, {""kernelId"": 1, ""latency_cycles"": 155109.58, ""kernelName"": ""a8w8_blockscale_bpreshuffle_1x128x128_256x64x128x128_16x16_16x16_8x32x1_8x32x1_1x32x1x8_8_2x1_intrawave_v3""}, {""kernelId"": 14, ""latency_cycles"": 155109.58, ""kernelName"": ""a8w8_blockscale_bpreshuffle_1x128x128_256x64x128x128_16x16_16x16_8x32x1_8x32x1_1x32x1x8_8_2x1_intrawave_v1""}]",
a8w8_blockscale_bpreshuffle,gfx950,12288,3584,7168,,True,device:0,256,aiter,0,a8w8_blockscale_bpreshuffle_1x128x128_256x128x128x128_16x16_16x16_8x32x1_8x32x1_1x32x1x8_8_2x1_intrawave_v3,128,128,128,2,16,16,128,0,1048299.49,1324.9957960228803,"[{""kernelId"": 0, ""latency_cycles"": 1048299.49, ""kernelName"": ""a8w8_blockscale_bpreshuffle_1x128x128_256x128x128x128_16x16_16x16_8x32x1_8x32x1_1x32x1x8_8_2x1_intrawave_v3""}, {""kernelId"": 13, ""latency_cycles"": 1216535.59, ""kernelName"": ""a8w8_blockscale_bpreshuffle_1x128x128_256x64x256x128_16x16_16x16_8x32x1_8x32x1_1x32x1x8_8_2x1_intrawave_v1""}, {""kernelId"": 16, ""latency_cycles"": 1332340.1, ""kernelName"": ""a8w8_blockscale_bpreshuffle_1x128x128_256x64x128x256_16x16_16x16_16x16x1_16x16x1_1x32x1x8_8_2x1_intrawave_v1""}, {""kernelId"": 1, ""latency_cycles"": 1610588.01, ""kernelName"": ""a8w8_blockscale_bpreshuffle_1x128x128_256x64x128x128_16x16_16x16_8x32x1_8x32x1_1x32x1x8_8_2x1_intrawave_v3""}, {""kernelId"": 14, ""latency_cycles"": 1610588.01, ""kernelName"": ""a8w8_blockscale_bpreshuffle_1x128x128_256x64x128x128_16x16_16x16_8x32x1_8x32x1_1x32x1x8_8_2x1_intrawave_v1""}]",
a8w8_blockscale_bpreshuffle,gfx950,4,3584,16384,,True,device:0,256,aiter,,,,,,,,,,,,,,no config scored
a8w8_blockscale_bpreshuffle,gfx950,40,4096,512,,True,device:0,256,aiter,7,a8w8_blockscale_bpreshuffle_1x128x128_256x16x64x256_16x16_16x16_16x16x1_16x16x1_1x16x1x16_4_1x1_intrawave_v1,16,64,256,2,16,16,128,0,2955.71,124.87661211802956,"[{""kernelId"": 7, ""latency_cycles"": 2955.71, ""kernelName"": ""a8w8_blockscale_bpreshuffle_1x128x128_256x16x64x256_16x16_16x16_16x16x1_16x16x1_1x16x1x16_4_1x1_intrawave_v1""}, {""kernelId"": 5, ""latency_cycles"": 3721.89, ""kernelName"": ""a8w8_blockscale_bpreshuffle_1x128x128_256x16x64x128_8x16_16x16_16x16x1_8x32x1_1x16x1x16_4_1x1_intrawave_v1""}, {""kernelId"": 6, ""latency_cycles"": 4943.56, ""kernelName"": ""a8w8_blockscale_bpreshuffle_1x128x128_256x16x128x256_16x16_16x16_16x16x1_16x16x1_1x16x1x16_8_1x2_intrawave_v1""}, {""kernelId"": 4, ""latency_cycles"": 5510.53, ""kernelName"": ""a8w8_blockscale_bpreshuffle_1x128x128_256x16x128x128_8x16_16x16_16x16x1_8x32x1_1x16x1x16_8_1x2_intrawave_v1""}, {""kernelId"": 3, ""latency_cycles"": 9096.52, ""kernelName"": ""a8w8_blockscale_bpreshuffle_1x128x128_256x16x256x128_8x16_16x16_16x16x1_8x32x1_1x16x1x16_8_1x2_intrawave_v1""}]",
a8w8_blockscale_bpreshuffle,gfx950,448,4096,1024,,True,device:0,256,aiter,16,a8w8_blockscale_bpreshuffle_1x128x128_256x64x128x256_16x16_16x16_16x16x1_16x16x1_1x32x1x8_8_2x1_intrawave_v1,64,128,256,2,16,16,128,0,12420.27,665.6711371428236,"[{""kernelId"": 16, ""latency_cycles"": 12420.27, ""kernelName"": ""a8w8_blockscale_bpreshuffle_1x128x128_256x64x128x256_16x16_16x16_16x16x1_16x16x1_1x32x1x8_8_2x1_intrawave_v1""}, {""kernelId"": 1, ""latency_cycles"": 13587.84, ""kernelName"": ""a8w8_blockscale_bpreshuffle_1x128x128_256x64x128x128_16x16_16x16_8x32x1_8x32x1_1x32x1x8_8_2x1_intrawave_v3""}, {""kernelId"": 14, ""latency_cycles"": 13587.84, ""kernelName"": ""a8w8_blockscale_bpreshuffle_1x128x128_256x64x128x128_16x16_16x16_8x32x1_8x32x1_1x32x1x8_8_2x1_intrawave_v1""}, {""kernelId"": 17, ""latency_cycles"": 16227.9, ""kernelName"": ""a8w8_blockscale_bpreshuffle_1x128x128_256x64x64x256_16x16_16x16_16x16x1_16x16x1_1x32x1x8_8_2x1_intrawave_v1""}, {""kernelId"": 8, ""latency_cycles"": 17017.6, ""kernelName"": ""a8w8_blockscale_bpreshuffle_1x128x128_256x32x256x128_16x16_16x16_8x32x1_8x32x1_1x32x1x8_8_2x1_intrawave_v1""}]",
a8w8_blockscale_bpreshuffle,gfx950,11,4096,1280,,True,device:0,256,aiter,,,,,,,,,,,,,,no config scored
a8w8_blockscale_bpreshuffle,gfx950,12288,4096,1280,,True,device:0,256,aiter,0,a8w8_blockscale_bpreshuffle_1x128x128_256x128x128x128_16x16_16x16_8x32x1_8x32x1_1x32x1x8_8_2x1_intrawave_v3,128,128,128,2,16,16,128,0,268356.77,1056.309637642615,"[{""kernelId"": 0, ""latency_cycles"": 268356.77, ""kernelName"": ""a8w8_blockscale_bpreshuffle_1x128x128_256x128x128x128_16x16_16x16_8x32x1_8x32x1_1x32x1x8_8_2x1_intrawave_v3""}, {""kernelId"": 13, ""latency_cycles"": 302076.38, ""kernelName"": ""a8w8_blockscale_bpreshuffle_1x128x128_256x64x256x128_16x16_16x16_8x32x1_8x32x1_1x32x1x8_8_2x1_intrawave_v1""}, {""kernelId"": 16, ""latency_cycles"": 347810.38, ""kernelName"": ""a8w8_blockscale_bpreshuffle_1x128x128_256x64x128x256_16x16_16x16_16x16x1_16x16x1_1x32x1x8_8_2x1_intrawave_v1""}, {""kernelId"": 1, ""latency_cycles"": 389808.0, ""kernelName"": ""a8w8_blockscale_bpreshuffle_1x128x128_256x64x128x128_16x16_16x16_8x32x1_8x32x1_1x32x1x8_8_2x1_intrawave_v3""}, {""kernelId"": 14, ""latency_cycles"": 389808.0, ""kernelName"": ""a8w8_blockscale_bpreshuffle_1x128x128_256x64x128x128_16x16_16x16_8x32x1_8x32x1_1x32x1x8_8_2x1_intrawave_v1""}]",
a8w8_blockscale_bpreshuffle,gfx950,2560,4096,2048,,True,device:0,256,aiter,0,a8w8_blockscale_bpreshuffle_1x128x128_256x128x128x128_16x16_16x16_8x32x1_8x32x1_1x32x1x8_8_2x1_intrawave_v3,128,128,128,2,16,16,128,0,95629.71,988.0744814883035,"[{""kernelId"": 0, ""latency_cycles"": 95629.71, ""kernelName"": ""a8w8_blockscale_bpreshuffle_1x128x128_256x128x128x128_16x16_16x16_8x32x1_8x32x1_1x32x1x8_8_2x1_intrawave_v3""}, {""kernelId"": 16, ""latency_cycles"": 104386.15, ""kernelName"": ""a8w8_blockscale_bpreshuffle_1x128x128_256x64x128x256_16x16_16x16_16x16x1_16x16x1_1x32x1x8_8_2x1_intrawave_v1""}, {""kernelId"": 13, ""latency_cycles"": 108944.75, ""kernelName"": ""a8w8_blockscale_bpreshuffle_1x128x128_256x64x256x128_16x16_16x16_8x32x1_8x32x1_1x32x1x8_8_2x1_intrawave_v1""}, {""kernelId"": 1, ""latency_cycles"": 120635.65, ""kernelName"": ""a8w8_blockscale_bpreshuffle_1x128x128_256x64x128x128_16x16_16x16_8x32x1_8x32x1_1x32x1x8_8_2x1_intrawave_v3""}, {""kernelId"": 14, ""latency_cycles"": 120635.65, ""kernelName"": ""a8w8_blockscale_bpreshuffle_1x128x128_256x64x128x128_16x16_16x16_8x32x1_8x32x1_1x32x1x8_8_2x1_intrawave_v1""}]",
a8w8_blockscale_bpreshuffle,gfx950,9,4096,3072,,True,device:0,256,aiter,,,,,,,,,,,,,,no config scored
a8w8_blockscale_bpreshuffle,gfx950,160,4096,4096,,True,device:0,256,aiter,17,a8w8_blockscale_bpreshuffle_1x128x128_256x64x64x256_16x16_16x16_16x16x1_16x16x1_1x32x1x8_8_2x1_intrawave_v1,64,64,256,2,16,16,128,0,30819.07,383.24188068574824,"[{""kernelId"": 17, ""latency_cycles"": 30819.07, ""kernelName"": ""a8w8_blockscale_bpreshuffle_1x128x128_256x64x64x256_16x16_16x16_16x16x1_16x16x1_1x32x1x8_8_2x1_intrawave_v1""}, {""kernelId"": 11, ""latency_cycles"": 31545.22, ""kernelName"": ""a8w8_blockscale_bpreshuffle_1x128x128_256x32x128x256_16x16_16x16_16x16x1_16x16x1_1x32x1x8_8_2x1_intrawave_v1""}, {""kernelId"": 16, ""latency_cycles"": 37394.93, ""kernelName"": ""a8w8_blockscale_bpreshuffle_1x128x128_256x64x128x256_16x16_16x16_16x16x1_16x16x1_1x32x1x8_8_2x1_intrawave_v1""}, {""kernelId"": 2, ""latency_cycles"": 38299.05, ""kernelName"": ""a8w8_blockscale_bpreshuffle_1x128x128_256x64x64x128_16x16_16x16_8x32x1_8x32x1_1x32x1x8_8_2x1_intrawave_v3""}, {""kernelId"": 15, ""latency_cycles"": 38299.05, ""kernelName"": ""a8w8_blockscale_bpreshuffle_1x128x128_256x64x64x128_16x16_16x16_8x32x1_8x32x1_1x32x1x8_8_2x1_intrawave_v1""}]",
a8w8_blockscale_bpreshuffle,gfx950,1500,4096,4096,,True,device:0,256,aiter,16,a8w8_blockscale_bpreshuffle_1x128x128_256x64x128x256_16x16_16x16_16x16x1_16x16x1_1x32x1x8_8_2x1_intrawave_v1,64,128,256,2,16,16,128,0,116360.04,951.6121212100002,"[{""kernelId"": 16, ""latency_cycles"": 116360.04, ""kernelName"": ""a8w8_blockscale_bpreshuffle_1x128x128_256x64x128x256_16x16_16x16_16x16x1_16x16x1_1x32x1x8_8_2x1_intrawave_v1""}, {""kernelId"": 0, ""latency_cycles"": 120558.39, ""kernelName"": ""a8w8_blockscale_bpreshuffle_1x128x128_256x128x128x128_16x16_16x16_8x32x1_8x32x1_1x32x1x8_8_2x1_intrawave_v3""}, {""kernelId"": 13, ""latency_cycles"": 135133.84, ""kernelName"": ""a8w8_blockscale_bpreshuffle_1x128x128_256x64x256x128_16x16_16x16_8x32x1_8x32x1_1x32x1x8_8_2x1_intrawave_v1""}, {""kernelId"": 1, ""latency_cycles"": 138089.01, ""kernelName"": ""a8w8_blockscale_bpreshuffle_1x128x128_256x64x128x128_16x16_16x16_8x32x1_8x32x1_1x32x1x8_8_2x1_intrawave_v3""}, {""kernelId"": 14, ""latency_cycles"": 138089.01, ""kernelName"": ""a8w8_blockscale_bpreshuffle_1x128x128_256x64x128x128_16x16_16x16_8x32x1_8x32x1_1x32x1x8_8_2x1_intrawave_v1""}]",
a8w8_blockscale_bpreshuffle,gfx950,2560,4096,4096,,True,device:0,256,aiter,0,a8w8_blockscale_bpreshuffle_1x128x128_256x128x128x128_16x16_16x16_8x32x1_8x32x1_1x32x1x8_8_2x1_intrawave_v3,128,128,128,2,16,16,128,0,171737.77,1100.3901886004235,"[{""kernelId"": 0, ""latency_cycles"": 171737.77, ""kernelName"": ""a8w8_blockscale_bpreshuffle_1x128x128_256x128x128x128_16x16_16x16_8x32x1_8x32x1_1x32x1x8_8_2x1_intrawave_v3""}, {""kernelId"": 16, ""latency_cycles"": 189521.22, ""kernelName"": ""a8w8_blockscale_bpreshuffle_1x128x128_256x64x128x256_16x16_16x16_16x16x1_16x16x1_1x32x1x8_8_2x1_intrawave_v1""}, {""kernelId"": 13, ""latency_cycles"": 198079.82, ""kernelName"": ""a8w8_blockscale_bpreshuffle_1x128x128_256x64x256x128_16x16_16x16_8x32x1_8x32x1_1x32x1x8_8_2x1_intrawave_v1""}, {""kernelId"": 1, ""latency_cycles"": 225770.73, ""kernelName"": ""a8w8_blockscale_bpreshuffle_1x128x128_256x64x128x128_16x16_16x16_8x32x1_8x32x1_1x32x1x8_8_2x1_intrawave_v3""}, {""kernelId"": 14, ""latency_cycles"": 225770.73, ""kernelName"": ""a8w8_blockscale_bpreshuffle_1x128x128_256x64x128x128_16x16_16x16_8x32x1_8x32x1_1x32x1x8_8_2x1_intrawave_v1""}]",
a8w8_blockscale_bpreshuffle,gfx950,8,4096,7168,,True,device:0,256,aiter,,,,,,,,,,,,,,no config scored
a8w8_blockscale_bpreshuffle,gfx950,64,4096,7168,,True,device:0,256,aiter,7,a8w8_blockscale_bpreshuffle_1x128x128_256x16x64x256_16x16_16x16_16x16x1_16x16x1_1x16x1x16_4_1x1_intrawave_v1,16,64,256,2,16,16,128,0,33283.56,248.40528855488958,"[{""kernelId"": 7, ""latency_cycles"": 33283.56, ""kernelName"": ""a8w8_blockscale_bpreshuffle_1x128x128_256x16x64x256_16x16_16x16_16x16x1_16x16x1_1x16x1x16_4_1x1_intrawave_v1""}, {""kernelId"": 6, ""latency_cycles"": 35378.24, ""kernelName"": ""a8w8_blockscale_bpreshuffle_1x128x128_256x16x128x256_16x16_16x16_16x16x1_16x16x1_1x16x1x16_8_1x2_intrawave_v1""}, {""kernelId"": 3, ""latency_cycles"": 40734.33, ""kernelName"": ""a8w8_blockscale_bpreshuffle_1x128x128_256x16x256x128_8x16_16x16_16x16x1_8x32x1_1x16x1x16_8_1x2_intrawave_v1""}, {""kernelId"": 4, ""latency_cycles"": 41997.12, ""kernelName"": ""a8w8_blockscale_bpreshuffle_1x128x128_256x16x128x128_8x16_16x16_16x16x1_8x32x1_1x16x1x16_8_1x2_intrawave_v1""}, {""kernelId"": 5, ""latency_cycles"": 47078.58, ""kernelName"": ""a8w8_blockscale_bpreshuffle_1x128x128_256x16x64x128_8x16_16x16_16x16x1_8x32x1_1x16x1x16_4_1x1_intrawave_v1""}]",
a8w8_blockscale_bpreshuffle,gfx950,192,4096,7168,,True,device:0,256,aiter,17,a8w8_blockscale_bpreshuffle_1x128x128_256x64x64x256_16x16_16x16_16x16x1_16x16x1_1x32x1x8_8_2x1_intrawave_v1,64,64,256,2,16,16,128,0,46109.05,537.9298826199981,"[{""kernelId"": 17, ""latency_cycles"": 46109.05, ""kernelName"": ""a8w8_blockscale_bpreshuffle_1x128x128_256x64x64x256_16x16_16x16_16x16x1_16x16x1_1x32x1x8_8_2x1_intrawave_v1""}, {""kernelId"": 16, ""latency_cycles"": 47003.37, ""kernelName"": ""a8w8_blockscale_bpreshuffle_1x128x128_256x64x128x256_16x16_16x16_16x16x1_16x16x1_1x32x1x8_8_2x1_intrawave_v1""}, {""kernelId"": 1, ""latency_cycles"": 53170.94, ""kernelName"": ""a8w8_blockscale_bpreshuffle_1x128x128_256x64x128x128_16x16_16x16_8x32x1_8x32x1_1x32x1x8_8_2x1_intrawave_v3""}, {""kernelId"": 14, ""latency_cycles"": 53170.94, ""kernelName"": ""a8w8_blockscale_bpreshuffle_1x128x128_256x64x128x128_16x16_16x16_8x32x1_8x32x1_1x32x1x8_8_2x1_intrawave_v1""}, {""kernelId"": 11, ""latency_cycles"": 53823.49, ""kernelName"": ""a8w8_blockscale_bpreshuffle_1x128x128_256x32x128x256_16x16_16x16_16x16x1_16x16x1_1x32x1x8_8_2x1_intrawave_v1""}]",
a8w8_blockscale_bpreshuffle,gfx950,2048,4096,7168,,True,device:0,256,aiter,0,a8w8_blockscale_bpreshuffle_1x128x128_256x128x128x128_16x16_16x16_8x32x1_8x32x1_1x32x1x8_8_2x1_intrawave_v3,128,128,128,2,16,16,128,0,190599.91,1388.0908339287314,"[{""kernelId"": 0, ""latency_cycles"": 190599.91, ""kernelName"": ""a8w8_blockscale_bpreshuffle_1x128x128_256x128x128x128_16x16_16x16_8x32x1_8x32x1_1x32x1x8_8_2x1_intrawave_v3""}, {""kernelId"": 13, ""latency_cycles"": 221188.29, ""kernelName"": ""a8w8_blockscale_bpreshuffle_1x128x128_256x64x256x128_16x16_16x16_8x32x1_8x32x1_1x32x1x8_8_2x1_intrawave_v1""}, {""kernelId"": 16, ""latency_cycles"": 253779.07, ""kernelName"": ""a8w8_blockscale_bpreshuffle_1x128x128_256x64x128x256_16x16_16x16_16x16x1_16x16x1_1x32x1x8_8_2x1_intrawave_v1""}, {""kernelId"": 1, ""latency_cycles"": 306778.67, ""kernelName"": ""a8w8_blockscale_bpreshuffle_1x128x128_256x64x128x128_16x16_16x16_8x32x1_8x32x1_1x32x1x8_8_2x1_intrawave_v3""}, {""kernelId"": 14, ""latency_cycles"": 306778.67, ""kernelName"": ""a8w8_blockscale_bpreshuffle_1x128x128_256x64x128x128_16x16_16x16_8x32x1_8x32x1_1x32x1x8_8_2x1_intrawave_v1""}]",
a8w8_blockscale_bpreshuffle,gfx950,17,4352,2304,,True,device:0,256,aiter,,,,,,,,,,,,,,no config scored
a8w8_blockscale_bpreshuffle,gfx950,10,4352,4096,,True,device:0,256,aiter,,,,,,,,,,,,,,no config scored
a8w8_blockscale_bpreshuffle,gfx950,192,4608,2048,,True,device:0,256,aiter,17,a8w8_blockscale_bpreshuffle_1x128x128_256x64x64x256_16x16_16x16_16x16x1_16x16x1_1x32x1x8_8_2x1_intrawave_v1,64,64,256,2,16,16,128,0,14475.42,550.7634044607742,"[{""kernelId"": 17, ""latency_cycles"": 14475.42, ""kernelName"": ""a8w8_blockscale_bpreshuffle_1x128x128_256x64x64x256_16x16_16x16_16x16x1_16x16x1_1x32x1x8_8_2x1_intrawave_v1""}, {""kernelId"": 11, ""latency_cycles"": 16761.94, ""kernelName"": ""a8w8_blockscale_bpreshuffle_1x128x128_256x32x128x256_16x16_16x16_16x16x1_16x16x1_1x32x1x8_8_2x1_intrawave_v1""}, {""kernelId"": 2, ""latency_cycles"": 18001.54, ""kernelName"": ""a8w8_blockscale_bpreshuffle_1x128x128_256x64x64x128_16x16_16x16_8x32x1_8x32x1_1x32x1x8_8_2x1_intrawave_v3""}, {""kernelId"": 15, ""latency_cycles"": 18001.54, ""kernelName"": ""a8w8_blockscale_bpreshuffle_1x128x128_256x64x64x128_16x16_16x16_8x32x1_8x32x1_1x32x1x8_8_2x1_intrawave_v1""}, {""kernelId"": 9, ""latency_cycles"": 20230.38, ""kernelName"": ""a8w8_blockscale_bpreshuffle_1x128x128_256x32x128x128_16x16_16x16_8x32x1_8x32x1_1x32x1x8_8_2x1_intrawave_v1""}]",
a8w8_blockscale_bpreshuffle,gfx950,10000,4608,7168,,True,device:0,256,aiter,0,a8w8_blockscale_bpreshuffle_1x128x128_256x128x128x128_16x16_16x16_8x32x1_8x32x1_1x32x1x8_8_2x1_intrawave_v3,128,128,128,2,16,16,128,0,1157661.15,1255.398726321197,"[{""kernelId"": 0, ""latency_cycles"": 1157661.15, ""kernelName"": ""a8w8_blockscale_bpreshuffle_1x128x128_256x128x128x128_16x16_16x16_8x32x1_8x32x1_1x32x1x8_8_2x1_intrawave_v3""}, {""kernelId"": 13, ""latency_cycles"": 1337374.01, ""kernelName"": ""a8w8_blockscale_bpreshuffle_1x128x128_256x64x256x128_16x16_16x16_8x32x1_8x32x1_1x32x1x8_8_2x1_intrawave_v1""}, {""kernelId"": 16, ""latency_cycles"": 1469923.09, ""kernelName"": ""a8w8_blockscale_bpreshuffle_1x128x128_256x64x128x256_16x16_16x16_16x16x1_16x16x1_1x32x1x8_8_2x1_intrawave_v1""}, {""kernelId"": 1, ""latency_cycles"": 1774639.02, ""kernelName"": ""a8w8_blockscale_bpreshuffle_1x128x128_256x64x128x128_16x16_16x16_8x32x1_8x32x1_1x32x1x8_8_2x1_intrawave_v3""}, {""kernelId"": 14, ""latency_cycles"": 1774639.02, ""kernelName"": ""a8w8_blockscale_bpreshuffle_1x128x128_256x64x128x128_16x16_16x16_8x32x1_8x32x1_1x32x1x8_8_2x1_intrawave_v1""}]",
a8w8_blockscale_bpreshuffle,gfx950,48,4608,16384,,True,device:0,256,aiter,6,a8w8_blockscale_bpreshuffle_1x128x128_256x16x128x256_16x16_16x16_16x16x1_16x16x1_1x16x1x16_8_1x2_intrawave_v1,16,128,256,2,16,16,128,0,65867.95,242.0762562890115,"[{""kernelId"": 6, ""latency_cycles"": 65867.95, ""kernelName"": ""a8w8_blockscale_bpreshuffle_1x128x128_256x16x128x256_16x16_16x16_16x16x1_16x16x1_1x16x1x16_8_1x2_intrawave_v1""}, {""kernelId"": 3, ""latency_cycles"": 68246.39, ""kernelName"": ""a8w8_blockscale_bpreshuffle_1x128x128_256x16x256x128_8x16_16x16_16x16x1_8x32x1_1x16x1x16_8_1x2_intrawave_v1""}, {""kernelId"": 7, ""latency_cycles"": 75697.91, ""kernelName"": ""a8w8_blockscale_bpreshuffle_1x128x128_256x16x64x256_16x16_16x16_16x16x1_16x16x1_1x16x1x16_4_1x1_intrawave_v1""}, {""kernelId"": 4, ""latency_cycles"": 81486.82, ""kernelName"": ""a8w8_blockscale_bpreshuffle_1x128x128_256x16x128x128_8x16_16x16_16x16x1_8x32x1_1x16x1x16_8_1x2_intrawave_v1""}, {""kernelId"": 5, ""latency_cycles"": 107492.93, ""kernelName"": ""a8w8_blockscale_bpreshuffle_1x128x128_256x16x64x128_8x16_16x16_16x16x1_8x32x1_1x16x1x16_4_1x1_intrawave_v1""}]",
a8w8_blockscale_bpreshuffle,gfx950,11,5120,1280,,True,device:0,256,aiter,,,,,,,,,,,,,,no config scored
a8w8_blockscale_bpreshuffle,gfx950,96,5120,1280,,True,device:0,256,aiter,12,a8w8_blockscale_bpreshuffle_1x128x128_256x32x64x256_16x16_16x16_16x16x1_16x16x1_1x32x1x8_8_2x1_intrawave_v1,32,64,256,2,16,16,128,0,7437.66,372.19240351829063,"[{""kernelId"": 12, ""latency_cycles"": 7437.66, ""kernelName"": ""a8w8_blockscale_bpreshuffle_1x128x128_256x32x64x256_16x16_16x16_16x16x1_16x16x1_1x32x1x8_8_2x1_intrawave_v1""}, {""kernelId"": 10, ""latency_cycles"": 9643.05, ""kernelName"": ""a8w8_blockscale_bpreshuffle_1x128x128_256x32x64x128_16x16_16x16_8x32x1_8x32x1_1x32x1x8_8_2x1_intrawave_v1""}, {""kernelId"": 6, ""latency_cycles"": 9646.15, ""kernelName"": ""a8w8_blockscale_bpreshuffle_1x128x128_256x16x128x256_16x16_16x16_16x16x1_16x16x1_1x16x1x16_8_1x2_intrawave_v1""}, {""kernelId"": 11, ""latency_cycles"": 11012.79, ""kernelName"": ""a8w8_blockscale_bpreshuffle_1x128x128_256x32x128x256_16x16_16x16_16x16x1_16x16x1_1x32x1x8_8_2x1_intrawave_v1""}, {""kernelId"": 4, ""latency_cycles"": 11765.02, ""kernelName"": ""a8w8_blockscale_bpreshuffle_1x128x128_256x16x128x128_8x16_16x16_16x16x1_8x32x1_1x16x1x16_8_1x2_intrawave_v1""}]",
a8w8_blockscale_bpreshuffle,gfx950,384,5120,1280,,True,device:0,256,aiter,16,a8w8_blockscale_bpreshuffle_1x128x128_256x64x128x256_16x16_16x16_16x16x1_16x16x1_1x32x1x8_8_2x1_intrawave_v1,64,128,256,2,16,16,128,0,14671.13,754.7448507368825,"[{""kernelId"": 16, ""latency_cycles"": 14671.13, ""kernelName"": ""a8w8_blockscale_bpreshuffle_1x128x128_256x64x128x256_16x16_16x16_16x16x1_16x16x1_1x32x1x8_8_2x1_intrawave_v1""}, {""kernelId"": 1, ""latency_cycles"": 16338.7, ""kernelName"": ""a8w8_blockscale_bpreshuffle_1x128x128_256x64x128x128_16x16_16x16_8x32x1_8x32x1_1x32x1x8_8_2x1_intrawave_v3""}, {""kernelId"": 14, ""latency_cycles"": 16338.7, ""kernelName"": ""a8w8_blockscale_bpreshuffle_1x128x128_256x64x128x128_16x16_16x16_8x32x1_8x32x1_1x32x1x8_8_2x1_intrawave_v1""}, {""kernelId"": 17, ""latency_cycles"": 19399.07, ""kernelName"": ""a8w8_blockscale_bpreshuffle_1x128x128_256x64x64x256_16x16_16x16_16x16x1_16x16x1_1x32x1x8_8_2x1_intrawave_v1""}, {""kernelId"": 8, ""latency_cycles"": 20582.66, ""kernelName"": ""a8w8_blockscale_bpreshuffle_1x128x128_256x32x256x128_16x16_16x16_8x32x1_8x32x1_1x32x1x8_8_2x1_intrawave_v1""}]",
a8w8_blockscale_bpreshuffle,gfx950,9,5120,8192,,True,device:0,256,aiter,,,,,,,,,,,,,,no config scored
a8w8_blockscale_bpreshuffle,gfx950,24576,5120,8192,,True,device:0,256,aiter,0,a8w8_blockscale_bpreshuffle_1x128x128_256x128x128x128_16x16_16x16_8x32x1_8x32x1_1x32x1x8_8_2x1_intrawave_v3,128,128,128,2,16,16,128,0,3239538.92,1400.0404316621746,"[{""kernelId"": 0, ""latency_cycles"": 3239538.92, ""kernelName"": ""a8w8_blockscale_bpreshuffle_1x128x128_256x128x128x128_16x16_16x16_8x32x1_8x32x1_1x32x1x8_8_2x1_intrawave_v3""}, {""kernelId"": 13, ""latency_cycles"": 3763499.7, ""kernelName"": ""a8w8_blockscale_bpreshuffle_1x128x128_256x64x256x128_16x16_16x16_8x32x1_8x32x1_1x32x1x8_8_2x1_intrawave_v1""}, {""kernelId"": 16, ""latency_cycles"": 4317496.43, ""kernelName"": ""a8w8_blockscale_bpreshuffle_1x128x128_256x64x128x256_16x16_16x16_16x16x1_16x16x1_1x32x1x8_8_2x1_intrawave_v1""}, {""kernelId"": 1, ""latency_cycles"": 5232490.48, ""kernelName"": ""a8w8_blockscale_bpreshuffle_1x128x128_256x64x128x128_16x16_16x16_8x32x1_8x32x1_1x32x1x8_8_2x1_intrawave_v3""}, {""kernelId"": 14, ""latency_cycles"": 5232490.48, ""kernelName"": ""a8w8_blockscale_bpreshuffle_1x128x128_256x64x128x128_16x16_16x16_8x32x1_8x32x1_1x32x1x8_8_2x1_intrawave_v1""}]",
a8w8_blockscale_bpreshuffle,gfx950,10,6144,1536,,True,device:0,256,aiter,,,,,,,,,,,,,,no config scored
a8w8_blockscale_bpreshuffle,gfx950,40,6144,1536,,True,device:0,256,aiter,6,a8w8_blockscale_bpreshuffle_1x128x128_256x16x128x256_16x16_16x16_16x16x1_16x16x1_1x16x1x16_8_1x2_intrawave_v1,16,128,256,2,16,16,128,0,12838.29,129.3742397698031,"[{""kernelId"": 6, ""latency_cycles"": 12838.29, ""kernelName"": ""a8w8_blockscale_bpreshuffle_1x128x128_256x16x128x256_16x16_16x16_16x16x1_16x16x1_1x16x1x16_8_1x2_intrawave_v1""}, {""kernelId"": 4, ""latency_cycles"": 15405.27, ""kernelName"": ""a8w8_blockscale_bpreshuffle_1x128x128_256x16x128x128_8x16_16x16_16x16x1_8x32x1_1x16x1x16_8_1x2_intrawave_v1""}, {""kernelId"": 7, ""latency_cycles"": 16352.42, ""kernelName"": ""a8w8_blockscale_bpreshuffle_1x128x128_256x16x64x256_16x16_16x16_16x16x1_16x16x1_1x16x1x16_4_1x1_intrawave_v1""}, {""kernelId"": 5, ""latency_cycles"": 21948.88, ""kernelName"": ""a8w8_blockscale_bpreshuffle_1x128x128_256x16x64x128_8x16_16x16_16x16x1_8x32x1_1x16x1x16_4_1x1_intrawave_v1""}, {""kernelId"": 3, ""latency_cycles"": 24202.24, ""kernelName"": ""a8w8_blockscale_bpreshuffle_1x128x128_256x16x256x128_8x16_16x16_16x16x1_8x32x1_1x16x1x16_8_1x2_intrawave_v1""}]",
a8w8_blockscale_bpreshuffle,gfx950,224,6144,1536,,True,device:0,256,aiter,16,a8w8_blockscale_bpreshuffle_1x128x128_256x64x128x256_16x16_16x16_16x16x1_16x16x1_1x32x1x8_8_2x1_intrawave_v1,64,128,256,2,16,16,128,0,18300.34,508.25758037327927,"[{""kernelId"": 16, ""latency_cycles"": 18300.34, ""kernelName"": ""a8w8_blockscale_bpreshuffle_1x128x128_256x64x128x256_16x16_16x16_16x16x1_16x16x1_1x32x1x8_8_2x1_intrawave_v1""}, {""kernelId"": 1, ""latency_cycles"": 20418.48, ""kernelName"": ""a8w8_blockscale_bpreshuffle_1x128x128_256x64x128x128_16x16_16x16_8x32x1_8x32x1_1x32x1x8_8_2x1_intrawave_v3""}, {""kernelId"": 14, ""latency_cycles"": 20418.48, ""kernelName"": ""a8w8_blockscale_bpreshuffle_1x128x128_256x64x128x128_16x16_16x16_8x32x1_8x32x1_1x32x1x8_8_2x1_intrawave_v1""}, {""kernelId"": 8, ""latency_cycles"": 23747.32, ""kernelName"": ""a8w8_blockscale_bpreshuffle_1x128x128_256x32x256x128_16x16_16x16_8x32x1_8x32x1_1x32x1x8_8_2x1_intrawave_v1""}, {""kernelId"": 17, ""latency_cycles"": 24784.28, ""kernelName"": ""a8w8_blockscale_bpreshuffle_1x128x128_256x64x64x256_16x16_16x16_16x16x1_16x16x1_1x32x1x8_8_2x1_intrawave_v1""}]",
a8w8_blockscale_bpreshuffle,gfx950,12288,6144,1536,,True,device:0,256,aiter,0,a8w8_blockscale_bpreshuffle_1x128x128_256x128x128x128_16x16_16x16_8x32x1_8x32x1_1x32x1x8_8_2x1_intrawave_v3,128,128,128,2,16,16,128,0,459616.2,1110.1482432379617,"[{""kernelId"": 0, ""latency_cycles"": 459616.2, ""kernelName"": ""a8w8_blockscale_bpreshuffle_1x128x128_256x128x128x128_16x16_16x16_8x32x1_8x32x1_1x32x1x8_8_2x1_intrawave_v3""}, {""kernelId"": 13, ""latency_cycles"": 519965.88, ""kernelName"": ""a8w8_blockscale_bpreshuffle_1x128x128_256x64x256x128_16x16_16x16_8x32x1_8x32x1_1x32x1x8_8_2x1_intrawave_v1""}, {""kernelId"": 16, ""latency_cycles"": 598337.13, ""kernelName"": ""a8w8_blockscale_bpreshuffle_1x128x128_256x64x128x256_16x16_16x16_16x16x1_16x16x1_1x32x1x8_8_2x1_intrawave_v1""}, {""kernelId"": 1, ""latency_cycles"": 679333.56, ""kernelName"": ""a8w8_blockscale_bpreshuffle_1x128x128_256x64x128x128_16x16_16x16_8x32x1_8x32x1_1x32x1x8_8_2x1_intrawave_v3""}, {""kernelId"": 14, ""latency_cycles"": 679333.56, ""kernelName"": ""a8w8_blockscale_bpreshuffle_1x128x128_256x64x128x128_16x16_16x16_8x32x1_8x32x1_1x32x1x8_8_2x1_intrawave_v1""}]",
a8w8_blockscale_bpreshuffle,gfx950,3,7168,256,,True,device:0,256,aiter,,,,,,,,,,,,,,no config scored
a8w8_blockscale_bpreshuffle,gfx950,40,7168,384,,True,device:0,256,aiter,4,a8w8_blockscale_bpreshuffle_1x128x128_256x16x128x128_8x16_16x16_16x16x1_8x32x1_1x16x1x16_8_1x2_intrawave_v1,16,128,128,2,16,16,128,0,4328.93,111.9081118370521,"[{""kernelId"": 4, ""latency_cycles"": 4328.93, ""kernelName"": ""a8w8_blockscale_bpreshuffle_1x128x128_256x16x128x128_8x16_16x16_16x16x1_8x32x1_1x16x1x16_8_1x2_intrawave_v1""}, {""kernelId"": 5, ""latency_cycles"": 5621.19, ""kernelName"": ""a8w8_blockscale_bpreshuffle_1x128x128_256x16x64x128_8x16_16x16_16x16x1_8x32x1_1x16x1x16_4_1x1_intrawave_v1""}, {""kernelId"": 3, ""latency_cycles"": 7260.42, ""kernelName"": ""a8w8_blockscale_bpreshuffle_1x128x128_256x16x256x128_8x16_16x16_16x16x1_8x32x1_1x16x1x16_8_1x2_intrawave_v1""}, {""kernelId"": 6, ""latency_cycles"": 39512.7, ""kernelName"": ""a8w8_blockscale_bpreshuffle_1x128x128_256x16x128x256_16x16_16x16_16x16x1_16x16x1_1x16x1x16_8_1x2_intrawave_v1""}, {""kernelId"": 7, ""latency_cycles"": 73783.18, ""kernelName"": ""a8w8_blockscale_bpreshuffle_1x128x128_256x16x64x256_16x16_16x16_16x16x1_16x16x1_1x16x1x16_4_1x1_intrawave_v1""}]",
a8w8_blockscale_bpreshuffle,gfx950,6,7168,2304,,True,device:0,256,aiter,,,,,,,,,,,,,,no config scored
a8w8_blockscale_bpreshuffle,gfx950,7,7168,4096,,True,device:0,256,aiter,,,,,,,,,,,,,,no config scored
a8w8_blockscale_bpreshuffle,gfx950,192,7168,4608,,True,device:0,256,aiter,16,a8w8_blockscale_bpreshuffle_1x128x128_256x64x128x256_16x16_16x16_16x16x1_16x16x1_1x32x1x8_8_2x1_intrawave_v1,64,128,256,2,16,16,128,0,41866.88,666.4902436643287,"[{""kernelId"": 16, ""latency_cycles"": 41866.88, ""kernelName"": ""a8w8_blockscale_bpreshuffle_1x128x128_256x64x128x256_16x16_16x16_16x16x1_16x16x1_1x32x1x8_8_2x1_intrawave_v1""}, {""kernelId"": 1, ""latency_cycles"": 50034.45, ""kernelName"": ""a8w8_blockscale_bpreshuffle_1x128x128_256x64x128x128_16x16_16x16_8x32x1_8x32x1_1x32x1x8_8_2x1_intrawave_v3""}, {""kernelId"": 14, ""latency_cycles"": 50034.45, ""kernelName"": ""a8w8_blockscale_bpreshuffle_1x128x128_256x64x128x128_16x16_16x16_8x32x1_8x32x1_1x32x1x8_8_2x1_intrawave_v1""}, {""kernelId"": 17, ""latency_cycles"": 60624.27, ""kernelName"": ""a8w8_blockscale_bpreshuffle_1x128x128_256x64x64x256_16x16_16x16_16x16x1_16x16x1_1x32x1x8_8_2x1_intrawave_v1""}, {""kernelId"": 8, ""latency_cycles"": 64862.85, ""kernelName"": ""a8w8_blockscale_bpreshuffle_1x128x128_256x32x256x128_16x16_16x16_8x32x1_8x32x1_1x32x1x8_8_2x1_intrawave_v1""}]",
a8w8_blockscale_bpreshuffle,gfx950,24,7168,7168,,True,device:0,256,aiter,,,,,,,,,,,,,,no config scored
a8w8_blockscale_bpreshuffle,gfx950,17,7168,16384,,True,device:0,256,aiter,,,,,,,,,,,,,,no config scored
a8w8_blockscale_bpreshuffle,gfx950,15,8192,1536,,True,device:0,256,aiter,,,,,,,,,,,,,,no config scored
a8w8_blockscale_bpreshuffle,gfx950,28,8192,1536,,True,device:0,256,aiter,,,,,,,,,,,,,,no config scored
a8w8_blockscale_bpreshuffle,gfx950,24,8192,3072,,True,device:0,256,aiter,,,,,,,,,,,,,,no config scored
a8w8_blockscale_bpreshuffle,gfx950,6,8192,6144,,True,device:0,256,aiter,,,,,,,,,,,,,,no config scored
a8w8_blockscale_bpreshuffle,gfx950,16,8192,6144,,True,device:0,256,aiter,,,,,,,,,,,,,,no config scored
a8w8_blockscale_bpreshuffle,gfx950,1536,8192,6144,,True,device:0,256,aiter,0,a8w8_blockscale_bpreshuffle_1x128x128_256x128x128x128_16x16_16x16_8x32x1_8x32x1_1x32x1x8_8_2x1_intrawave_v3,128,128,128,2,16,16,128,0,247845.83,1372.471774898114,"[{""kernelId"": 0, ""latency_cycles"": 247845.83, ""kernelName"": ""a8w8_blockscale_bpreshuffle_1x128x128_256x128x128x128_16x16_16x16_8x32x1_8x32x1_1x32x1x8_8_2x1_intrawave_v3""}, {""kernelId"": 13, ""latency_cycles"": 287214.9, ""kernelName"": ""a8w8_blockscale_bpreshuffle_1x128x128_256x64x256x128_16x16_16x16_8x32x1_8x32x1_1x32x1x8_8_2x1_intrawave_v1""}, {""kernelId"": 16, ""latency_cycles"": 329587.55, ""kernelName"": ""a8w8_blockscale_bpreshuffle_1x128x128_256x64x128x256_16x16_16x16_16x16x1_16x16x1_1x32x1x8_8_2x1_intrawave_v1""}, {""kernelId"": 1, ""latency_cycles"": 397086.96, ""kernelName"": ""a8w8_blockscale_bpreshuffle_1x128x128_256x64x128x128_16x16_16x16_8x32x1_8x32x1_1x32x1x8_8_2x1_intrawave_v3""}, {""kernelId"": 14, ""latency_cycles"": 397086.96, ""kernelName"": ""a8w8_blockscale_bpreshuffle_1x128x128_256x64x128x128_16x16_16x16_8x32x1_8x32x1_1x32x1x8_8_2x1_intrawave_v1""}]",
a8w8_blockscale_bpreshuffle,gfx950,256,8192,7168,,True,device:0,256,aiter,16,a8w8_blockscale_bpreshuffle_1x128x128_256x64x128x256_16x16_16x16_16x16x1_16x16x1_1x32x1x8_8_2x1_intrawave_v1,64,128,256,2,16,16,128,0,63759.38,1037.376773770629,"[{""kernelId"": 16, ""latency_cycles"": 63759.38, ""kernelName"": ""a8w8_blockscale_bpreshuffle_1x128x128_256x64x128x256_16x16_16x16_16x16x1_16x16x1_1x32x1x8_8_2x1_intrawave_v1""}, {""kernelId"": 1, ""latency_cycles"": 76926.95, ""kernelName"": ""a8w8_blockscale_bpreshuffle_1x128x128_256x64x128x128_16x16_16x16_8x32x1_8x32x1_1x32x1x8_8_2x1_intrawave_v3""}, {""kernelId"": 14, ""latency_cycles"": 76926.95, ""kernelName"": ""a8w8_blockscale_bpreshuffle_1x128x128_256x64x128x128_16x16_16x16_8x32x1_8x32x1_1x32x1x8_8_2x1_intrawave_v1""}, {""kernelId"": 13, ""latency_cycles"": 87578.82, ""kernelName"": ""a8w8_blockscale_bpreshuffle_1x128x128_256x64x256x128_16x16_16x16_8x32x1_8x32x1_1x32x1x8_8_2x1_intrawave_v1""}, {""kernelId"": 17, ""latency_cycles"": 92335.96, ""kernelName"": ""a8w8_blockscale_bpreshuffle_1x128x128_256x64x64x256_16x16_16x16_16x16x1_16x16x1_1x32x1x8_8_2x1_intrawave_v1""}]",
a8w8_blockscale_bpreshuffle,gfx950,3,8192,8192,,True,device:0,256,aiter,,,,,,,,,,,,,,no config scored
a8w8_blockscale_bpreshuffle,gfx950,6,8192,8192,,True,device:0,256,aiter,,,,,,,,,,,,,,no config scored
a8w8_blockscale_bpreshuffle,gfx950,640,8192,16384,,True,device:0,256,aiter,0,a8w8_blockscale_bpreshuffle_1x128x128_256x128x128x128_16x16_16x16_8x32x1_8x32x1_1x32x1x8_8_2x1_intrawave_v3,128,128,128,2,16,16,128,0,418924.09,902.2090998591821,"[{""kernelId"": 0, ""latency_cycles"": 418924.09, ""kernelName"": ""a8w8_blockscale_bpreshuffle_1x128x128_256x128x128x128_16x16_16x16_8x32x1_8x32x1_1x32x1x8_8_2x1_intrawave_v3""}, {""kernelId"": 16, ""latency_cycles"": 420199.0, ""kernelName"": ""a8w8_blockscale_bpreshuffle_1x128x128_256x64x128x256_16x16_16x16_16x16x1_16x16x1_1x32x1x8_8_2x1_intrawave_v1""}, {""kernelId"": 13, ""latency_cycles"": 488593.51, ""kernelName"": ""a8w8_blockscale_bpreshuffle_1x128x128_256x64x256x128_16x16_16x16_8x32x1_8x32x1_1x32x1x8_8_2x1_intrawave_v1""}, {""kernelId"": 1, ""latency_cycles"": 513948.7, ""kernelName"": ""a8w8_blockscale_bpreshuffle_1x128x128_256x64x128x128_16x16_16x16_8x32x1_8x32x1_1x32x1x8_8_2x1_intrawave_v3""}, {""kernelId"": 14, ""latency_cycles"": 513948.7, ""kernelName"": ""a8w8_blockscale_bpreshuffle_1x128x128_256x64x128x128_16x16_16x16_8x32x1_8x32x1_1x32x1x8_8_2x1_intrawave_v1""}]",
a8w8_blockscale_bpreshuffle,gfx950,28,8704,1024,,True,device:0,256,aiter,,,,,,,,,,,,,,no config scored
a8w8_blockscale_bpreshuffle,gfx950,300,8704,1024,,True,device:0,256,aiter,0,a8w8_blockscale_bpreshuffle_1x128x128_256x128x128x128_16x16_16x16_8x32x1_8x32x1_1x32x1x8_8_2x1_intrawave_v3,128,128,128,2,16,16,128,0,21820.44,539.1745036230726,"[{""kernelId"": 0, ""latency_cycles"": 21820.44, ""kernelName"": ""a8w8_blockscale_bpreshuffle_1x128x128_256x128x128x128_16x16_16x16_8x32x1_8x32x1_1x32x1x8_8_2x1_intrawave_v3""}, {""kernelId"": 13, ""latency_cycles"": 23692.46, ""kernelName"": ""a8w8_blockscale_bpreshuffle_1x128x128_256x64x256x128_16x16_16x16_8x32x1_8x32x1_1x32x1x8_8_2x1_intrawave_v1""}, {""kernelId"": 17, ""latency_cycles"": 26726.89, ""kernelName"": ""a8w8_blockscale_bpreshuffle_1x128x128_256x64x64x256_16x16_16x16_16x16x1_16x16x1_1x32x1x8_8_2x1_intrawave_v1""}, {""kernelId"": 16, ""latency_cycles"": 27592.4, ""kernelName"": ""a8w8_blockscale_bpreshuffle_1x128x128_256x64x128x256_16x16_16x16_16x16x1_16x16x1_1x32x1x8_8_2x1_intrawave_v1""}, {""kernelId"": 11, ""latency_cycles"": 29433.19, ""kernelName"": ""a8w8_blockscale_bpreshuffle_1x128x128_256x32x128x256_16x16_16x16_16x16x1_16x16x1_1x32x1x8_8_2x1_intrawave_v1""}]",
a8w8_blockscale_bpreshuffle,gfx950,24576,8704,1024,,True,device:0,256,aiter,0,a8w8_blockscale_bpreshuffle_1x128x128_256x128x128x128_16x16_16x16_8x32x1_8x32x1_1x32x1x8_8_2x1_intrawave_v3,128,128,128,2,16,16,128,0,978786.64,984.679008449393,"[{""kernelId"": 0, ""latency_cycles"": 978786.64, ""kernelName"": ""a8w8_blockscale_bpreshuffle_1x128x128_256x128x128x128_16x16_16x16_8x32x1_8x32x1_1x32x1x8_8_2x1_intrawave_v3""}, {""kernelId"": 13, ""latency_cycles"": 1094412.59, ""kernelName"": ""a8w8_blockscale_bpreshuffle_1x128x128_256x64x256x128_16x16_16x16_8x32x1_8x32x1_1x32x1x8_8_2x1_intrawave_v1""}, {""kernelId"": 16, ""latency_cycles"": 1261099.66, ""kernelName"": ""a8w8_blockscale_bpreshuffle_1x128x128_256x64x128x256_16x16_16x16_16x16x1_16x16x1_1x32x1x8_8_2x1_intrawave_v1""}, {""kernelId"": 1, ""latency_cycles"": 1388589.55, ""kernelName"": ""a8w8_blockscale_bpreshuffle_1x128x128_256x64x128x128_16x16_16x16_8x32x1_8x32x1_1x32x1x8_8_2x1_intrawave_v3""}, {""kernelId"": 14, ""latency_cycles"": 1388589.55, ""kernelName"": ""a8w8_blockscale_bpreshuffle_1x128x128_256x64x128x128_16x16_16x16_8x32x1_8x32x1_1x32x1x8_8_2x1_intrawave_v1""}]",
a8w8_blockscale_bpreshuffle,gfx950,12,8704,2048,,True,device:0,256,aiter,,,,,,,,,,,,,,no config scored
a8w8_blockscale_bpreshuffle,gfx950,11,8704,4096,,True,device:0,256,aiter,,,,,,,,,,,,,,no config scored
a8w8_blockscale_bpreshuffle,gfx950,896,8704,4096,,True,device:0,256,aiter,0,a8w8_blockscale_bpreshuffle_1x128x128_256x128x128x128_16x16_16x16_8x32x1_8x32x1_1x32x1x8_8_2x1_intrawave_v3,128,128,128,2,16,16,128,0,114491.85,1227.6228041573477,"[{""kernelId"": 0, ""latency_cycles"": 114491.85, ""kernelName"": ""a8w8_blockscale_bpreshuffle_1x128x128_256x128x128x128_16x16_16x16_8x32x1_8x32x1_1x32x1x8_8_2x1_intrawave_v3""}, {""kernelId"": 13, ""latency_cycles"": 132053.21, ""kernelName"": ""a8w8_blockscale_bpreshuffle_1x128x128_256x64x256x128_16x16_16x16_8x32x1_8x32x1_1x32x1x8_8_2x1_intrawave_v1""}, {""kernelId"": 16, ""latency_cycles"": 151616.98, ""kernelName"": ""a8w8_blockscale_bpreshuffle_1x128x128_256x64x128x256_16x16_16x16_16x16x1_16x16x1_1x32x1x8_8_2x1_intrawave_v1""}, {""kernelId"": 1, ""latency_cycles"": 180616.58, ""kernelName"": ""a8w8_blockscale_bpreshuffle_1x128x128_256x64x128x128_16x16_16x16_8x32x1_8x32x1_1x32x1x8_8_2x1_intrawave_v3""}, {""kernelId"": 14, ""latency_cycles"": 180616.58, ""kernelName"": ""a8w8_blockscale_bpreshuffle_1x128x128_256x64x128x128_16x16_16x16_8x32x1_8x32x1_1x32x1x8_8_2x1_intrawave_v1""}]",
a8w8_blockscale_bpreshuffle,gfx950,2560,8704,4096,,True,device:0,256,aiter,0,a8w8_blockscale_bpreshuffle_1x128x128_256x128x128x128_16x16_16x16_8x32x1_8x32x1_1x32x1x8_8_2x1_intrawave_v3,128,128,128,2,16,16,128,0,343475.55,1169.16457538795,"[{""kernelId"": 0, ""latency_cycles"": 343475.55, ""kernelName"": ""a8w8_blockscale_bpreshuffle_1x128x128_256x128x128x128_16x16_16x16_8x32x1_8x32x1_1x32x1x8_8_2x1_intrawave_v3""}, {""kernelId"": 13, ""latency_cycles"": 396159.64, ""kernelName"": ""a8w8_blockscale_bpreshuffle_1x128x128_256x64x256x128_16x16_16x16_8x32x1_8x32x1_1x32x1x8_8_2x1_intrawave_v1""}, {""kernelId"": 16, ""latency_cycles"": 416946.69, ""kernelName"": ""a8w8_blockscale_bpreshuffle_1x128x128_256x64x128x256_16x16_16x16_16x16x1_16x16x1_1x32x1x8_8_2x1_intrawave_v1""}, {""kernelId"": 1, ""latency_cycles"": 496695.6, ""kernelName"": ""a8w8_blockscale_bpreshuffle_1x128x128_256x64x128x128_16x16_16x16_8x32x1_8x32x1_1x32x1x8_8_2x1_intrawave_v3""}, {""kernelId"": 14, ""latency_cycles"": 496695.6, ""kernelName"": ""a8w8_blockscale_bpreshuffle_1x128x128_256x64x128x128_16x16_16x16_8x32x1_8x32x1_1x32x1x8_8_2x1_intrawave_v1""}]",
a8w8_blockscale_bpreshuffle,gfx950,448,9216,1024,,True,device:0,256,aiter,13,a8w8_blockscale_bpreshuffle_1x128x128_256x64x256x128_16x16_16x16_8x32x1_8x32x1_1x32x1x8_8_2x1_intrawave_v1,64,256,128,2,16,16,128,0,21833.81,852.0077765883498,"[{""kernelId"": 13, ""latency_cycles"": 21833.81, ""kernelName"": ""a8w8_blockscale_bpreshuffle_1x128x128_256x64x256x128_16x16_16x16_8x32x1_8x32x1_1x32x1x8_8_2x1_intrawave_v1""}, {""kernelId"": 16, ""latency_cycles"": 24727.44, ""kernelName"": ""a8w8_blockscale_bpreshuffle_1x128x128_256x64x128x256_16x16_16x16_16x16x1_16x16x1_1x32x1x8_8_2x1_intrawave_v1""}, {""kernelId"": 1, ""latency_cycles"": 27227.25, ""kernelName"": ""a8w8_blockscale_bpreshuffle_1x128x128_256x64x128x128_16x16_16x16_8x32x1_8x32x1_1x32x1x8_8_2x1_intrawave_v3""}, {""kernelId"": 14, ""latency_cycles"": 27227.25, ""kernelName"": ""a8w8_blockscale_bpreshuffle_1x128x128_256x64x128x128_16x16_16x16_8x32x1_8x32x1_1x32x1x8_8_2x1_intrawave_v1""}, {""kernelId"": 17, ""latency_cycles"": 32455.81, ""kernelName"": ""a8w8_blockscale_bpreshuffle_1x128x128_256x64x64x256_16x16_16x16_16x16x1_16x16x1_1x32x1x8_8_2x1_intrawave_v1""}]",
a8w8_blockscale_bpreshuffle,gfx950,777,9216,1024,,True,device:0,256,aiter,0,a8w8_blockscale_bpreshuffle_1x128x128_256x128x128x128_16x16_16x16_8x32x1_8x32x1_1x32x1x8_8_2x1_intrawave_v3,128,128,128,2,16,16,128,0,42134.85,765.7282732089606,"[{""kernelId"": 0, ""latency_cycles"": 42134.85, ""kernelName"": ""a8w8_blockscale_bpreshuffle_1x128x128_256x128x128x128_16x16_16x16_8x32x1_8x32x1_1x32x1x8_8_2x1_intrawave_v3""}, {""kernelId"": 13, ""latency_cycles"": 45496.22, ""kernelName"": ""a8w8_blockscale_bpreshuffle_1x128x128_256x64x256x128_16x16_16x16_8x32x1_8x32x1_1x32x1x8_8_2x1_intrawave_v1""}, {""kernelId"": 16, ""latency_cycles"": 52435.48, ""kernelName"": ""a8w8_blockscale_bpreshuffle_1x128x128_256x64x128x256_16x16_16x16_16x16x1_16x16x1_1x32x1x8_8_2x1_intrawave_v1""}, {""kernelId"": 1, ""latency_cycles"": 57353.54, ""kernelName"": ""a8w8_blockscale_bpreshuffle_1x128x128_256x64x128x128_16x16_16x16_8x32x1_8x32x1_1x32x1x8_8_2x1_intrawave_v3""}, {""kernelId"": 14, ""latency_cycles"": 57353.54, ""kernelName"": ""a8w8_blockscale_bpreshuffle_1x128x128_256x64x128x128_16x16_16x16_8x32x1_8x32x1_1x32x1x8_8_2x1_intrawave_v1""}]",
a8w8_blockscale_bpreshuffle,gfx950,13,9216,2048,,True,device:0,256,aiter,,,,,,,,,,,,,,no config scored
a8w8_blockscale_bpreshuffle,gfx950,384,9216,2048,,True,device:0,256,aiter,0,a8w8_blockscale_bpreshuffle_1x128x128_256x128x128x128_16x16_16x16_8x32x1_8x32x1_1x32x1x8_8_2x1_intrawave_v3,128,128,128,2,16,16,128,0,31672.42,1006.8739637784732,"[{""kernelId"": 0, ""latency_cycles"": 31672.42, ""kernelName"": ""a8w8_blockscale_bpreshuffle_1x128x128_256x128x128x128_16x16_16x16_8x32x1_8x32x1_1x32x1x8_8_2x1_intrawave_v3""}, {""kernelId"": 13, ""latency_cycles"": 36130.1, ""kernelName"": ""a8w8_blockscale_bpreshuffle_1x128x128_256x64x256x128_16x16_16x16_8x32x1_8x32x1_1x32x1x8_8_2x1_intrawave_v1""}, {""kernelId"": 16, ""latency_cycles"": 41754.46, ""kernelName"": ""a8w8_blockscale_bpreshuffle_1x128x128_256x64x128x256_16x16_16x16_16x16x1_16x16x1_1x32x1x8_8_2x1_intrawave_v1""}, {""kernelId"": 1, ""latency_cycles"": 48254.26, ""kernelName"": ""a8w8_blockscale_bpreshuffle_1x128x128_256x64x128x128_16x16_16x16_8x32x1_8x32x1_1x32x1x8_8_2x1_intrawave_v3""}, {""kernelId"": 14, ""latency_cycles"": 48254.26, ""kernelName"": ""a8w8_blockscale_bpreshuffle_1x128x128_256x64x128x128_16x16_16x16_8x32x1_8x32x1_1x32x1x8_8_2x1_intrawave_v1""}]",
a8w8_blockscale_bpreshuffle,gfx950,10,9216,2304,,True,device:0,256,aiter,,,,,,,,,,,,,,no config scored
a8w8_blockscale_bpreshuffle,gfx950,112,9216,2304,,True,device:0,256,aiter,3,a8w8_blockscale_bpreshuffle_1x128x128_256x16x256x128_8x16_16x16_16x16x1_8x32x1_1x16x1x16_8_1x2_intrawave_v1,16,256,128,2,16,16,128,0,31604.37,331.09181153901125,"[{""kernelId"": 3, ""latency_cycles"": 31604.37, ""kernelName"": ""a8w8_blockscale_bpreshuffle_1x128x128_256x16x256x128_8x16_16x16_16x16x1_8x32x1_1x16x1x16_8_1x2_intrawave_v1""}, {""kernelId"": 6, ""latency_cycles"": 32857.39, ""kernelName"": ""a8w8_blockscale_bpreshuffle_1x128x128_256x16x128x256_16x16_16x16_16x16x1_16x16x1_1x16x1x16_8_1x2_intrawave_v1""}, {""kernelId"": 8, ""latency_cycles"": 37416.14, ""kernelName"": ""a8w8_blockscale_bpreshuffle_1x128x128_256x32x256x128_16x16_16x16_8x32x1_8x32x1_1x32x1x8_8_2x1_intrawave_v1""}, {""kernelId"": 11, ""latency_cycles"": 41030.74, ""kernelName"": ""a8w8_blockscale_bpreshuffle_1x128x128_256x32x128x256_16x16_16x16_16x16x1_16x16x1_1x32x1x8_8_2x1_intrawave_v1""}, {""kernelId"": 12, ""latency_cycles"": 41126.39, ""kernelName"": ""a8w8_blockscale_bpreshuffle_1x128x128_256x32x64x256_16x16_16x16_16x16x1_16x16x1_1x32x1x8_8_2x1_intrawave_v1""}]",
a8w8_blockscale_bpreshuffle,gfx950,1500,9216,2304,,True,device:0,256,aiter,0,a8w8_blockscale_bpreshuffle_1x128x128_256x128x128x128_16x16_16x16_8x32x1_8x32x1_1x32x1x8_8_2x1_intrawave_v3,128,128,128,2,16,16,128,0,150865.02,928.9242835038843,"[{""kernelId"": 0, ""latency_cycles"": 150865.02, ""kernelName"": ""a8w8_blockscale_bpreshuffle_1x128x128_256x128x128x128_16x16_16x16_8x32x1_8x32x1_1x32x1x8_8_2x1_intrawave_v3""}, {""kernelId"": 13, ""latency_cycles"": 164452.97, ""kernelName"": ""a8w8_blockscale_bpreshuffle_1x128x128_256x64x256x128_16x16_16x16_8x32x1_8x32x1_1x32x1x8_8_2x1_intrawave_v1""}, {""kernelId"": 16, ""latency_cycles"": 165301.33, ""kernelName"": ""a8w8_blockscale_bpreshuffle_1x128x128_256x64x128x256_16x16_16x16_16x16x1_16x16x1_1x32x1x8_8_2x1_intrawave_v1""}, {""kernelId"": 1, ""latency_cycles"": 191502.24, ""kernelName"": ""a8w8_blockscale_bpreshuffle_1x128x128_256x64x128x128_16x16_16x16_8x32x1_8x32x1_1x32x1x8_8_2x1_intrawave_v3""}, {""kernelId"": 14, ""latency_cycles"": 191502.24, ""kernelName"": ""a8w8_blockscale_bpreshuffle_1x128x128_256x64x128x128_16x16_16x16_8x32x1_8x32x1_1x32x1x8_8_2x1_intrawave_v1""}]",
a8w8_blockscale_bpreshuffle,gfx950,17,9216,6144,,True,device:0,256,aiter,,,,,,,,,,,,,,no config scored
a8w8_blockscale_bpreshuffle,gfx950,768,9216,7168,,True,device:0,256,aiter,0,a8w8_blockscale_bpreshuffle_1x128x128_256x128x128x128_16x16_16x16_8x32x1_8x32x1_1x32x1x8_8_2x1_intrawave_v3,128,128,128,2,16,16,128,0,190599.91,1171.2016411273673,"[{""kernelId"": 0, ""latency_cycles"": 190599.91, ""kernelName"": ""a8w8_blockscale_bpreshuffle_1x128x128_256x128x128x128_16x16_16x16_8x32x1_8x32x1_1x32x1x8_8_2x1_intrawave_v3""}, {""kernelId"": 13, ""latency_cycles"": 221188.29, ""kernelName"": ""a8w8_blockscale_bpreshuffle_1x128x128_256x64x256x128_16x16_16x16_8x32x1_8x32x1_1x32x1x8_8_2x1_intrawave_v1""}, {""kernelId"": 16, ""latency_cycles"": 253779.07, ""kernelName"": ""a8w8_blockscale_bpreshuffle_1x128x128_256x64x128x256_16x16_16x16_16x16x1_16x16x1_1x32x1x8_8_2x1_intrawave_v1""}, {""kernelId"": 1, ""latency_cycles"": 306778.67, ""kernelName"": ""a8w8_blockscale_bpreshuffle_1x128x128_256x64x128x128_16x16_16x16_8x32x1_8x32x1_1x32x1x8_8_2x1_intrawave_v3""}, {""kernelId"": 14, ""latency_cycles"": 306778.67, ""kernelName"": ""a8w8_blockscale_bpreshuffle_1x128x128_256x64x128x128_16x16_16x16_8x32x1_8x32x1_1x32x1x8_8_2x1_intrawave_v1""}]",
a8w8_blockscale_bpreshuffle,gfx950,14,10240,384,,True,device:0,256,aiter,,,,,,,,,,,,,,no config scored
a8w8_blockscale_bpreshuffle,gfx950,6,11264,384,,True,device:0,256,aiter,,,,,,,,,,,,,,no config scored
a8w8_blockscale_bpreshuffle,gfx950,448,11264,384,,True,device:0,256,aiter,1,a8w8_blockscale_bpreshuffle_1x128x128_256x64x128x128_16x16_16x16_8x32x1_8x32x1_1x32x1x8_8_2x1_intrawave_v3,64,128,128,2,16,16,128,0,21128.04,403.54808624106175,"[{""kernelId"": 1, ""latency_cycles"": 21128.04, ""kernelName"": ""a8w8_blockscale_bpreshuffle_1x128x128_256x64x128x128_16x16_16x16_8x32x1_8x32x1_1x32x1x8_8_2x1_intrawave_v3""}, {""kernelId"": 14, ""latency_cycles"": 21128.04, ""kernelName"": ""a8w8_blockscale_bpreshuffle_1x128x128_256x64x128x128_16x16_16x16_8x32x1_8x32x1_1x32x1x8_8_2x1_intrawave_v1""}, {""kernelId"": 2, ""latency_cycles"": 22384.69, ""kernelName"": ""a8w8_blockscale_bpreshuffle_1x128x128_256x64x64x128_16x16_16x16_8x32x1_8x32x1_1x32x1x8_8_2x1_intrawave_v3""}, {""kernelId"": 15, ""latency_cycles"": 22384.69, ""kernelName"": ""a8w8_blockscale_bpreshuffle_1x128x128_256x64x64x128_16x16_16x16_8x32x1_8x32x1_1x32x1x8_8_2x1_intrawave_v1""}, {""kernelId"": 0, ""latency_cycles"": 23624.47, ""kernelName"": ""a8w8_blockscale_bpreshuffle_1x128x128_256x128x128x128_16x16_16x16_8x32x1_8x32x1_1x32x1x8_8_2x1_intrawave_v3""}]",
a8w8_blockscale_bpreshuffle,gfx950,24576,11264,384,,True,device:0,256,aiter,0,a8w8_blockscale_bpreshuffle_1x128x128_256x128x128x128_16x16_16x16_8x32x1_8x32x1_1x32x1x8_8_2x1_intrawave_v3,128,128,128,2,16,16,128,0,743422.16,629.1471561428558,"[{""kernelId"": 0, ""latency_cycles"": 743422.16, ""kernelName"": ""a8w8_blockscale_bpreshuffle_1x128x128_256x128x128x128_16x16_16x16_8x32x1_8x32x1_1x32x1x8_8_2x1_intrawave_v3""}, {""kernelId"": 13, ""latency_cycles"": 803495.02, ""kernelName"": ""a8w8_blockscale_bpreshuffle_1x128x128_256x64x256x128_16x16_16x16_8x32x1_8x32x1_1x32x1x8_8_2x1_intrawave_v1""}, {""kernelId"": 1, ""latency_cycles"": 929633.88, ""kernelName"": ""a8w8_blockscale_bpreshuffle_1x128x128_256x64x128x128_16x16_16x16_8x32x1_8x32x1_1x32x1x8_8_2x1_intrawave_v3""}, {""kernelId"": 14, ""latency_cycles"": 929633.88, ""kernelName"": ""a8w8_blockscale_bpreshuffle_1x128x128_256x64x128x128_16x16_16x16_8x32x1_8x32x1_1x32x1x8_8_2x1_intrawave_v1""}, {""kernelId"": 8, ""latency_cycles"": 1109852.45, ""kernelName"": ""a8w8_blockscale_bpreshuffle_1x128x128_256x32x256x128_16x16_16x16_8x32x1_8x32x1_1x32x1x8_8_2x1_intrawave_v1""}]",
a8w8_blockscale_bpreshuffle,gfx950,20000,11264,1536,,True,device:0,256,aiter,0,a8w8_blockscale_bpreshuffle_1x128x128_256x128x128x128_16x16_16x16_8x32x1_8x32x1_1x32x1x8_8_2x1_intrawave_v3,128,128,128,2,16,16,128,0,1408602.7,1080.8813277368688,"[{""kernelId"": 0, ""latency_cycles"": 1408602.7, ""kernelName"": ""a8w8_blockscale_bpreshuffle_1x128x128_256x128x128x128_16x16_16x16_8x32x1_8x32x1_1x32x1x8_8_2x1_intrawave_v3""}, {""kernelId"": 13, ""latency_cycles"": 1587623.99, ""kernelName"": ""a8w8_blockscale_bpreshuffle_1x128x128_256x64x256x128_16x16_16x16_8x32x1_8x32x1_1x32x1x8_8_2x1_intrawave_v1""}, {""kernelId"": 16, ""latency_cycles"": 1823077.19, ""kernelName"": ""a8w8_blockscale_bpreshuffle_1x128x128_256x64x128x256_16x16_16x16_16x16x1_16x16x1_1x32x1x8_8_2x1_intrawave_v1""}, {""kernelId"": 1, ""latency_cycles"": 2066016.71, ""kernelName"": ""a8w8_blockscale_bpreshuffle_1x128x128_256x64x128x128_16x16_16x16_8x32x1_8x32x1_1x32x1x8_8_2x1_intrawave_v3""}, {""kernelId"": 14, ""latency_cycles"": 2066016.71, ""kernelName"": ""a8w8_blockscale_bpreshuffle_1x128x128_256x64x128x128_16x16_16x16_8x32x1_8x32x1_1x32x1x8_8_2x1_intrawave_v1""}]",
a8w8_blockscale_bpreshuffle,gfx950,12,11264,7168,,True,device:0,256,aiter,,,,,,,,,,,,,,no config scored
a8w8_blockscale_bpreshuffle,gfx950,20,11264,7168,,True,device:0,256,aiter,,,,,,,,,,,,,,no config scored
a8w8_blockscale_bpreshuffle,gfx950,28,11264,7168,,True,device:0,256,aiter,,,,,,,,,,,,,,no config scored
a8w8_blockscale_bpreshuffle,gfx950,3072,11264,7168,,True,device:0,256,aiter,0,a8w8_blockscale_bpreshuffle_1x128x128_256x128x128x128_16x16_16x16_8x32x1_8x32x1_1x32x1x8_8_2x1_intrawave_v3,128,128,128,2,16,16,128,0,857699.59,1272.416597768004,"[{""kernelId"": 0, ""latency_cycles"": 857699.59, ""kernelName"": ""a8w8_blockscale_bpreshuffle_1x128x128_256x128x128x128_16x16_16x16_8x32x1_8x32x1_1x32x1x8_8_2x1_intrawave_v3""}, {""kernelId"": 13, ""latency_cycles"": 995347.3, ""kernelName"": ""a8w8_blockscale_bpreshuffle_1x128x128_256x64x256x128_16x16_16x16_8x32x1_8x32x1_1x32x1x8_8_2x1_intrawave_v1""}, {""kernelId"": 16, ""latency_cycles"": 1078561.03, ""kernelName"": ""a8w8_blockscale_bpreshuffle_1x128x128_256x64x128x256_16x16_16x16_16x16x1_16x16x1_1x32x1x8_8_2x1_intrawave_v1""}, {""kernelId"": 1, ""latency_cycles"": 1303809.34, ""kernelName"": ""a8w8_blockscale_bpreshuffle_1x128x128_256x64x128x128_16x16_16x16_8x32x1_8x32x1_1x32x1x8_8_2x1_intrawave_v3""}, {""kernelId"": 14, ""latency_cycles"": 1303809.34, ""kernelName"": ""a8w8_blockscale_bpreshuffle_1x128x128_256x64x128x128_16x16_16x16_8x32x1_8x32x1_1x32x1x8_8_2x1_intrawave_v1""}]",
a8w8_blockscale_bpreshuffle,gfx950,1,12288,6144,,True,device:0,256,aiter,,,,,,,,,,,,,,no config scored
a8w8_blockscale_bpreshuffle,gfx950,56,12288,8192,,True,device:0,256,aiter,3,a8w8_blockscale_bpreshuffle_1x128x128_256x16x256x128_8x16_16x16_16x16x1_8x32x1_1x16x1x16_8_1x2_intrawave_v1,16,256,128,2,16,16,128,0,118104.67,210.01232163428892,"[{""kernelId"": 3, ""latency_cycles"": 118104.67, ""kernelName"": ""a8w8_blockscale_bpreshuffle_1x128x128_256x16x256x128_8x16_16x16_16x16x1_8x32x1_1x16x1x16_8_1x2_intrawave_v1""}, {""kernelId"": 7, ""latency_cycles"": 123272.18, ""kernelName"": ""a8w8_blockscale_bpreshuffle_1x128x128_256x16x64x256_16x16_16x16_16x16x1_16x16x1_1x16x1x16_4_1x1_intrawave_v1""}, {""kernelId"": 6, ""latency_cycles"": 123325.84, ""kernelName"": ""a8w8_blockscale_bpreshuffle_1x128x128_256x16x128x256_16x16_16x16_16x16x1_16x16x1_1x16x1x16_8_1x2_intrawave_v1""}, {""kernelId"": 4, ""latency_cycles"": 154601.05, ""kernelName"": ""a8w8_blockscale_bpreshuffle_1x128x128_256x16x128x128_8x16_16x16_16x16x1_8x32x1_1x16x1x16_8_1x2_intrawave_v1""}, {""kernelId"": 5, ""latency_cycles"": 170687.44, ""kernelName"": ""a8w8_blockscale_bpreshuffle_1x128x128_256x16x64x128_8x16_16x16_16x16x1_8x32x1_1x16x1x16_4_1x1_intrawave_v1""}]",
a8w8_blockscale_bpreshuffle,gfx950,40,14336,1536,,True,device:0,256,aiter,3,a8w8_blockscale_bpreshuffle_1x128x128_256x16x256x128_8x16_16x16_16x16x1_8x32x1_1x16x1x16_8_1x2_intrawave_v1,16,256,128,2,16,16,128,0,24335.08,159.2572177041405,"[{""kernelId"": 3, ""latency_cycles"": 24335.08, ""kernelName"": ""a8w8_blockscale_bpreshuffle_1x128x128_256x16x256x128_8x16_16x16_16x16x1_8x32x1_1x16x1x16_8_1x2_intrawave_v1""}, {""kernelId"": 7, ""latency_cycles"": 24528.63, ""kernelName"": ""a8w8_blockscale_bpreshuffle_1x128x128_256x16x64x256_16x16_16x16_16x16x1_16x16x1_1x16x1x16_4_1x1_intrawave_v1""}, {""kernelId"": 6, ""latency_cycles"": 25633.58, ""kernelName"": ""a8w8_blockscale_bpreshuffle_1x128x128_256x16x128x256_16x16_16x16_16x16x1_16x16x1_1x16x1x16_8_1x2_intrawave_v1""}, {""kernelId"": 4, ""latency_cycles"": 30884.11, ""kernelName"": ""a8w8_blockscale_bpreshuffle_1x128x128_256x16x128x128_8x16_16x16_16x16x1_8x32x1_1x16x1x16_8_1x2_intrawave_v1""}, {""kernelId"": 5, ""latency_cycles"": 32923.32, ""kernelName"": ""a8w8_blockscale_bpreshuffle_1x128x128_256x16x64x128_8x16_16x16_16x16x1_8x32x1_1x16x1x16_4_1x1_intrawave_v1""}]",
a8w8_blockscale_bpreshuffle,gfx950,640,14336,1536,,True,device:0,256,aiter,0,a8w8_blockscale_bpreshuffle_1x128x128_256x128x128x128_16x16_16x16_8x32x1_8x32x1_1x32x1x8_8_2x1_intrawave_v3,128,128,128,2,16,16,128,0,76602.7,809.4830940276802,"[{""kernelId"": 0, ""latency_cycles"": 76602.7, ""kernelName"": ""a8w8_blockscale_bpreshuffle_1x128x128_256x128x128x128_16x16_16x16_8x32x1_8x32x1_1x32x1x8_8_2x1_intrawave_v3""}, {""kernelId"": 16, ""latency_cycles"": 83102.38, ""kernelName"": ""a8w8_blockscale_bpreshuffle_1x128x128_256x64x128x256_16x16_16x16_16x16x1_16x16x1_1x32x1x8_8_2x1_intrawave_v1""}, {""kernelId"": 13, ""latency_cycles"": 86660.98, ""kernelName"": ""a8w8_blockscale_bpreshuffle_1x128x128_256x64x256x128_16x16_16x16_8x32x1_8x32x1_1x32x1x8_8_2x1_intrawave_v1""}, {""kernelId"": 1, ""latency_cycles"": 94351.88, ""kernelName"": ""a8w8_blockscale_bpreshuffle_1x128x128_256x64x128x128_16x16_16x16_8x32x1_8x32x1_1x32x1x8_8_2x1_intrawave_v3""}, {""kernelId"": 14, ""latency_cycles"": 94351.88, ""kernelName"": ""a8w8_blockscale_bpreshuffle_1x128x128_256x64x128x128_16x16_16x16_8x32x1_8x32x1_1x32x1x8_8_2x1_intrawave_v1""}]",
a8w8_blockscale_bpreshuffle,gfx950,6,14336,8192,,True,device:0,256,aiter,,,,,,,,,,,,,,no config scored
a8w8_blockscale_bpreshuffle,gfx950,17,17408,384,,True,device:0,256,aiter,,,,,,,,,,,,,,no config scored
a8w8_blockscale_bpreshuffle,gfx950,448,17408,384,,True,device:0,256,aiter,13,a8w8_blockscale_bpreshuffle_1x128x128_256x64x256x128_16x16_16x16_8x32x1_8x32x1_1x32x1x8_8_2x1_intrawave_v1,64,256,128,2,16,16,128,0,24348.33,541.1797580393487,"[{""kernelId"": 13, ""latency_cycles"": 24348.33, ""kernelName"": ""a8w8_blockscale_bpreshuffle_1x128x128_256x64x256x128_16x16_16x16_8x32x1_8x32x1_1x32x1x8_8_2x1_intrawave_v1""}, {""kernelId"": 1, ""latency_cycles"": 28170.72, ""kernelName"": ""a8w8_blockscale_bpreshuffle_1x128x128_256x64x128x128_16x16_16x16_8x32x1_8x32x1_1x32x1x8_8_2x1_intrawave_v3""}, {""kernelId"": 14, ""latency_cycles"": 28170.72, ""kernelName"": ""a8w8_blockscale_bpreshuffle_1x128x128_256x64x128x128_16x16_16x16_8x32x1_8x32x1_1x32x1x8_8_2x1_intrawave_v1""}, {""kernelId"": 8, ""latency_cycles"": 33631.89, ""kernelName"": ""a8w8_blockscale_bpreshuffle_1x128x128_256x32x256x128_16x16_16x16_8x32x1_8x32x1_1x32x1x8_8_2x1_intrawave_v1""}, {""kernelId"": 0, ""latency_cycles"": 35436.71, ""kernelName"": ""a8w8_blockscale_bpreshuffle_1x128x128_256x128x128x128_16x16_16x16_8x32x1_8x32x1_1x32x1x8_8_2x1_intrawave_v3""}]",
a8w8_blockscale_bpreshuffle,gfx950,10,17408,1024,,True,device:0,256,aiter,,,,,,,,,,,,,,no config scored
a8w8_blockscale_bpreshuffle,gfx950,14,36864,1536,,True,device:0,256,aiter,,,,,,,,,,,,,,no config scored
a8w8_blockscale_bpreshuffle,gfx950,9,36864,2304,,True,device:0,256,aiter,,,,,,,,,,,,,,no config scored
a8w8_blockscale_bpreshuffle,gfx950,16384,36864,2304,,True,device:0,256,aiter,0,a8w8_blockscale_bpreshuffle_1x128x128_256x128x128x128_16x16_16x16_8x32x1_8x32x1_1x32x1x8_8_2x1_intrawave_v3,128,128,128,2,16,16,128,0,5046874.65,1213.2073420514776,"[{""kernelId"": 0, ""latency_cycles"": 5046874.65, ""kernelName"": ""a8w8_blockscale_bpreshuffle_1x128x128_256x128x128x128_16x16_16x16_8x32x1_8x32x1_1x32x1x8_8_2x1_intrawave_v3""}, {""kernelId"": 13, ""latency_cycles"": 5764158.37, ""kernelName"": ""a8w8_blockscale_bpreshuffle_1x128x128_256x64x256x128_16x16_16x16_8x32x1_8x32x1_1x32x1x8_8_2x1_intrawave_v1""}, {""kernelId"": 16, ""latency_cycles"": 6625614.64, ""kernelName"": ""a8w8_blockscale_bpreshuffle_1x128x128_256x64x128x256_16x16_16x16_16x16x1_16x16x1_1x32x1x8_8_2x1_intrawave_v1""}, {""kernelId"": 1, ""latency_cycles"": 7705586.08, ""kernelName"": ""a8w8_blockscale_bpreshuffle_1x128x128_256x64x128x128_16x16_16x16_8x32x1_8x32x1_1x32x1x8_8_2x1_intrawave_v3""}, {""kernelId"": 14, ""latency_cycles"": 7705586.08, ""kernelName"": ""a8w8_blockscale_bpreshuffle_1x128x128_256x64x128x128_16x16_16x16_8x32x1_8x32x1_1x32x1x8_8_2x1_intrawave_v1""}]",
a8w8_blockscale_bpreshuffle,gfx950,4,36864,8192,,True,device:0,256,aiter,,,,,,,,,,,,,,no config scored
a8w8_blockscale_bpreshuffle,gfx950,1500,36864,8192,,True,device:0,256,aiter,0,a8w8_blockscale_bpreshuffle_1x128x128_256x128x128x128_16x16_16x16_8x32x1_8x32x1_1x32x1x8_8_2x1_intrawave_v3,128,128,128,2,16,16,128,0,1565922.83,1272.8170384710581,"[{""kernelId"": 0, ""latency_cycles"": 1565922.83, ""kernelName"": ""a8w8_blockscale_bpreshuffle_1x128x128_256x128x128x128_16x16_16x16_8x32x1_8x32x1_1x32x1x8_8_2x1_intrawave_v3""}, {""kernelId"": 13, ""latency_cycles"": 1792454.47, ""kernelName"": ""a8w8_blockscale_bpreshuffle_1x128x128_256x64x256x128_16x16_16x16_8x32x1_8x32x1_1x32x1x8_8_2x1_intrawave_v1""}, {""kernelId"": 16, ""latency_cycles"": 1983582.18, ""kernelName"": ""a8w8_blockscale_bpreshuffle_1x128x128_256x64x128x256_16x16_16x16_16x16x1_16x16x1_1x32x1x8_8_2x1_intrawave_v1""}, {""kernelId"": 1, ""latency_cycles"": 2395142.87, ""kernelName"": ""a8w8_blockscale_bpreshuffle_1x128x128_256x64x128x128_16x16_16x16_8x32x1_8x32x1_1x32x1x8_8_2x1_intrawave_v3""}, {""kernelId"": 14, ""latency_cycles"": 2395142.87, ""kernelName"": ""a8w8_blockscale_bpreshuffle_1x128x128_256x64x128x128_16x16_16x16_8x32x1_8x32x1_1x32x1x8_8_2x1_intrawave_v1""}]",
a8w8_blockscale_bpreshuffle,gfx950,2,65536,1280,,True,device:0,256,aiter,,,,,,,,,,,,,,no config scored
a8w8_blockscale_bpreshuffle,gfx950,80,65536,1280,,True,device:0,256,aiter,8,a8w8_blockscale_bpreshuffle_1x128x128_256x32x256x128_16x16_16x16_8x32x1_8x32x1_1x32x1x8_8_2x1_intrawave_v1,32,256,128,2,16,16,128,0,69687.71,423.7174637528256,"[{""kernelId"": 8, ""latency_cycles"": 69687.71, ""kernelName"": ""a8w8_blockscale_bpreshuffle_1x128x128_256x32x256x128_16x16_16x16_8x32x1_8x32x1_1x32x1x8_8_2x1_intrawave_v1""}, {""kernelId"": 11, ""latency_cycles"": 76363.01, ""kernelName"": ""a8w8_blockscale_bpreshuffle_1x128x128_256x32x128x256_16x16_16x16_16x16x1_16x16x1_1x32x1x8_8_2x1_intrawave_v1""}, {""kernelId"": 9, ""latency_cycles"": 88248.65, ""kernelName"": ""a8w8_blockscale_bpreshuffle_1x128x128_256x32x128x128_16x16_16x16_8x32x1_8x32x1_1x32x1x8_8_2x1_intrawave_v1""}, {""kernelId"": 3, ""latency_cycles"": 91102.84, ""kernelName"": ""a8w8_blockscale_bpreshuffle_1x128x128_256x16x256x128_8x16_16x16_16x16x1_8x32x1_1x16x1x16_8_1x2_intrawave_v1""}, {""kernelId"": 6, ""latency_cycles"": 95435.65, ""kernelName"": ""a8w8_blockscale_bpreshuffle_1x128x128_256x16x128x256_16x16_16x16_16x16x1_16x16x1_1x16x1x16_8_1x2_intrawave_v1""}]",
a8w8_blockscale_bpreshuffle,gfx950,768,65536,1280,,True,device:0,256,aiter,0,a8w8_blockscale_bpreshuffle_1x128x128_256x128x128x128_16x16_16x16_8x32x1_8x32x1_1x32x1x8_8_2x1_intrawave_v3,128,128,128,2,16,16,128,0,268356.77,1056.309637642615,"[{""kernelId"": 0, ""latency_cycles"": 268356.77, ""kernelName"": ""a8w8_blockscale_bpreshuffle_1x128x128_256x128x128x128_16x16_16x16_8x32x1_8x32x1_1x32x1x8_8_2x1_intrawave_v3""}, {""kernelId"": 13, ""latency_cycles"": 302076.38, ""kernelName"": ""a8w8_blockscale_bpreshuffle_1x128x128_256x64x256x128_16x16_16x16_8x32x1_8x32x1_1x32x1x8_8_2x1_intrawave_v1""}, {""kernelId"": 16, ""latency_cycles"": 347810.38, ""kernelName"": ""a8w8_blockscale_bpreshuffle_1x128x128_256x64x128x256_16x16_16x16_16x16x1_16x16x1_1x32x1x8_8_2x1_intrawave_v1""}, {""kernelId"": 1, ""latency_cycles"": 389808.0, ""kernelName"": ""a8w8_blockscale_bpreshuffle_1x128x128_256x64x128x128_16x16_16x16_8x32x1_8x32x1_1x32x1x8_8_2x1_intrawave_v3""}, {""kernelId"": 14, ""latency_cycles"": 389808.0, ""kernelName"": ""a8w8_blockscale_bpreshuffle_1x128x128_256x64x128x128_16x16_16x16_8x32x1_8x32x1_1x32x1x8_8_2x1_intrawave_v1""}]",
