family,gfx,M,N,K,q_dtype_w,available,hardware_source,cu_num,candidates,best_kernelId,best_kernelName,best_BLOCK_M,best_BLOCK_N,best_BLOCK_K,best_waves_per_eu,mi_m,mi_n,mi_k,splitK,pred_latency_cycles,pred_tflops,topk_json,error
a8w8_bpreshuffle,gfx950,64,64,7168,torch.float8_e4m3fn,True,device:0,256,aiter,8,a8w8_bpreshuffle_128x32x16x512_16x16_16x16_32x4x1_32x4x1_1x32x1x4_4x4x1_1x1_intrawave_v1,32,16,512,2,16,16,128,0,18453.95,7.000373685777305,"[{""kernelId"": 8, ""latency_cycles"": 18453.95, ""kernelName"": ""a8w8_bpreshuffle_128x32x16x512_16x16_16x16_32x4x1_32x4x1_1x32x1x4_4x4x1_1x1_intrawave_v1""}, {""kernelId"": 10, ""latency_cycles"": 18453.95, ""kernelName"": ""a8w8_bpreshuffle_128x16x32x512_16x16_16x16_32x4x1_32x4x1_1x16x1x8_4x4x1_1x1_intrawave_v1""}, {""kernelId"": 22, ""latency_cycles"": 18453.95, ""kernelName"": ""a8w8_bpreshuffle_128x32x16x512_16x16_16x16_32x4x1_32x4x1_1x32x1x4_4x4x1_1x1_intrawave_v2""}, {""kernelId"": 24, ""latency_cycles"": 18453.95, ""kernelName"": ""a8w8_bpreshuffle_128x16x32x512_16x16_16x16_32x4x1_32x4x1_1x16x1x8_4x4x1_1x1_intrawave_v2""}, {""kernelId"": 15, ""latency_cycles"": 22191.61, ""kernelName"": ""a8w8_bpreshuffle_256x16x64x256_16x16_16x16_16x16x1_16x16x1_1x16x1x16_4x4x1_1x1_intrawave_v1""}]",
a8w8_bpreshuffle,gfx950,64,64,16384,torch.float8_e4m3fn,True,device:0,256,aiter,9,a8w8_bpreshuffle_128x16x32x128_16x16_16x16_8x16x1_8x16x1_1x16x1x8_4x4x1_1x1_intrawave_v1,16,32,128,2,16,16,128,0,18755.79,15.743354284279256,"[{""kernelId"": 9, ""latency_cycles"": 18755.79, ""kernelName"": ""a8w8_bpreshuffle_128x16x32x128_16x16_16x16_8x16x1_8x16x1_1x16x1x8_4x4x1_1x1_intrawave_v1""}, {""kernelId"": 23, ""latency_cycles"": 18755.79, ""kernelName"": ""a8w8_bpreshuffle_128x16x32x128_16x16_16x16_8x16x1_8x16x1_1x16x1x8_4x4x1_1x1_intrawave_v2""}, {""kernelId"": 76, ""latency_cycles"": 20697.0, ""kernelName"": ""a8w8_bpreshuffle_256x32x64x128_16x16_16x16_8x32x1_8x32x1_1x32x1x8_8x8x1_2x1_intrawave_v1""}, {""kernelId"": 15, ""latency_cycles"": 22173.66, ""kernelName"": ""a8w8_bpreshuffle_256x16x64x256_16x16_16x16_16x16x1_16x16x1_1x16x1x16_4x4x1_1x1_intrawave_v1""}, {""kernelId"": 29, ""latency_cycles"": 22173.66, ""kernelName"": ""a8w8_bpreshuffle_256x16x64x256_16x16_16x16_16x16x1_16x16x1_1x16x1x16_4x4x1_1x1_intrawave_v2""}]",
a8w8_bpreshuffle,gfx950,320,64,16384,torch.float8_e4m3fn,True,device:0,256,aiter,76,a8w8_bpreshuffle_256x32x64x128_16x16_16x16_8x32x1_8x32x1_1x32x1x8_8x8x1_2x1_intrawave_v1,32,64,128,2,16,16,128,0,21720.68,67.97185793701595,"[{""kernelId"": 76, ""latency_cycles"": 21720.68, ""kernelName"": ""a8w8_bpreshuffle_256x32x64x128_16x16_16x16_8x32x1_8x32x1_1x32x1x8_8x8x1_2x1_intrawave_v1""}, {""kernelId"": 15, ""latency_cycles"": 22492.27, ""kernelName"": ""a8w8_bpreshuffle_256x16x64x256_16x16_16x16_16x16x1_16x16x1_1x16x1x16_4x4x1_1x1_intrawave_v1""}, {""kernelId"": 29, ""latency_cycles"": 22492.27, ""kernelName"": ""a8w8_bpreshuffle_256x16x64x256_16x16_16x16_16x16x1_16x16x1_1x16x1x16_4x4x1_1x1_intrawave_v2""}, {""kernelId"": 108, ""latency_cycles"": 22492.27, ""kernelName"": ""a8w8_bpreshuffle_256x16x64x256_16x16_16x16_16x16x1_16x16x1_1x16x1x16_4x4x1_1x1_intrawave_v1""}, {""kernelId"": 77, ""latency_cycles"": 23611.21, ""kernelName"": ""a8w8_bpreshuffle_256x64x64x128_16x16_16x16_8x32x1_8x32x1_1x32x1x8_8x8x1_2x1_intrawave_v3""}]",
a8w8_bpreshuffle,gfx950,2,128,7168,torch.float8_e4m3fn,True,device:0,256,aiter,75,a8w8_bpreshuffle_128x16x256x64_16x16_16x16_4x16x1_4x32x1_1x16x1x8_8x8x1_1x2_intrawave_v1,16,256,64,2,16,16,128,0,202203.26,0.03993029274225628,"[{""kernelId"": 75, ""latency_cycles"": 202203.26, ""kernelName"": ""a8w8_bpreshuffle_128x16x256x64_16x16_16x16_4x16x1_4x32x1_1x16x1x8_8x8x1_1x2_intrawave_v1""}, {""kernelId"": 73, ""latency_cycles"": 389024.06, ""kernelName"": ""a8w8_bpreshuffle_256x32x256x64_16x16_16x16_4x32x1_4x64x1_1x32x1x8_8x8x1_2x1_intrawave_v1""}, {""kernelId"": 71, ""latency_cycles"": 604052.08, ""kernelName"": ""a8w8_bpreshuffle_256x128x128x64_16x16_16x16_4x64x1_4x64x1_1x32x1x8_8x8x1_2x1_intrawave_v3""}, {""kernelId"": 72, ""latency_cycles"": 764535.77, ""kernelName"": ""a8w8_bpreshuffle_256x64x256x64_16x16_16x16_4x64x1_4x64x1_1x16x1x16_8x8x1_1x2_intrawave_v1""}, {""kernelId"": 74, ""latency_cycles"": 764535.77, ""kernelName"": ""a8w8_bpreshuffle_256x64x256x64_16x16_16x16_4x64x1_4x64x1_1x32x1x8_8x8x1_2x1_intrawave_v1""}]",
a8w8_bpreshuffle,gfx950,2048,128,7168,torch.float8_e4m3fn,True,device:0,256,aiter,13,a8w8_bpreshuffle_256x64x16x512_16x16_16x16_32x8x1_32x8x1_1x64x1x4_4x4x1_1x1_intrawave_v1,64,16,512,2,16,16,128,0,26693.52,309.7310842073098,"[{""kernelId"": 13, ""latency_cycles"": 26693.52, ""kernelName"": ""a8w8_bpreshuffle_256x64x16x512_16x16_16x16_32x8x1_32x8x1_1x64x1x4_4x4x1_1x1_intrawave_v1""}, {""kernelId"": 14, ""latency_cycles"": 26693.52, ""kernelName"": ""a8w8_bpreshuffle_256x64x16x512_16x16_16x16_32x8x1_32x8x1_1x64x1x4_4x4x1_1x1_intrawave_v1""}, {""kernelId"": 27, ""latency_cycles"": 26693.52, ""kernelName"": ""a8w8_bpreshuffle_256x64x16x512_16x16_16x16_32x8x1_32x8x1_1x64x1x4_4x4x1_1x1_intrawave_v2""}, {""kernelId"": 28, ""latency_cycles"": 26693.52, ""kernelName"": ""a8w8_bpreshuffle_256x64x16x512_16x16_16x16_32x8x1_32x8x1_1x64x1x4_4x4x1_1x1_intrawave_v2""}, {""kernelId"": 8, ""latency_cycles"": 36962.48, ""kernelName"": ""a8w8_bpreshuffle_128x32x16x512_16x16_16x16_32x4x1_32x4x1_1x32x1x4_4x4x1_1x1_intrawave_v1""}]",
a8w8_bpreshuffle,gfx950,7,128,8192,torch.float8_e4m3fn,True,device:0,256,aiter,75,a8w8_bpreshuffle_128x16x256x64_16x16_16x16_4x16x1_4x32x1_1x16x1x8_8x8x1_1x2_intrawave_v1,16,256,64,2,16,16,128,0,61894.01,0.521797482533096,"[{""kernelId"": 75, ""latency_cycles"": 61894.01, ""kernelName"": ""a8w8_bpreshuffle_128x16x256x64_16x16_16x16_4x16x1_4x32x1_1x16x1x8_8x8x1_1x2_intrawave_v1""}, {""kernelId"": 73, ""latency_cycles"": 112224.96, ""kernelName"": ""a8w8_bpreshuffle_256x32x256x64_16x16_16x16_4x32x1_4x64x1_1x32x1x8_8x8x1_2x1_intrawave_v1""}, {""kernelId"": 71, ""latency_cycles"": 186443.48, ""kernelName"": ""a8w8_bpreshuffle_256x128x128x64_16x16_16x16_4x64x1_4x64x1_1x32x1x8_8x8x1_2x1_intrawave_v3""}, {""kernelId"": 72, ""latency_cycles"": 228565.79, ""kernelName"": ""a8w8_bpreshuffle_256x64x256x64_16x16_16x16_4x64x1_4x64x1_1x16x1x16_8x8x1_1x2_intrawave_v1""}, {""kernelId"": 74, ""latency_cycles"": 228565.79, ""kernelName"": ""a8w8_bpreshuffle_256x64x256x64_16x16_16x16_4x64x1_4x64x1_1x32x1x8_8x8x1_2x1_intrawave_v1""}]",
a8w8_bpreshuffle,gfx950,15,128,8192,torch.float8_e4m3fn,True,device:0,256,aiter,75,a8w8_bpreshuffle_128x16x256x64_16x16_16x16_4x16x1_4x32x1_1x16x1x8_8x8x1_1x2_intrawave_v1,16,256,64,2,16,16,128,0,39183.96,1.7661820783785112,"[{""kernelId"": 75, ""latency_cycles"": 39183.96, ""kernelName"": ""a8w8_bpreshuffle_128x16x256x64_16x16_16x16_4x16x1_4x32x1_1x16x1x8_8x8x1_1x2_intrawave_v1""}, {""kernelId"": 73, ""latency_cycles"": 63034.92, ""kernelName"": ""a8w8_bpreshuffle_256x32x256x64_16x16_16x16_4x32x1_4x64x1_1x32x1x8_8x8x1_2x1_intrawave_v1""}, {""kernelId"": 71, ""latency_cycles"": 97873.95, ""kernelName"": ""a8w8_bpreshuffle_256x128x128x64_16x16_16x16_4x64x1_4x64x1_1x32x1x8_8x8x1_2x1_intrawave_v3""}, {""kernelId"": 72, ""latency_cycles"": 118053.66, ""kernelName"": ""a8w8_bpreshuffle_256x64x256x64_16x16_16x16_4x64x1_4x64x1_1x16x1x16_8x8x1_1x2_intrawave_v1""}, {""kernelId"": 74, ""latency_cycles"": 118053.66, ""kernelName"": ""a8w8_bpreshuffle_256x64x256x64_16x16_16x16_4x64x1_4x64x1_1x32x1x8_8x8x1_2x1_intrawave_v1""}]",
a8w8_bpreshuffle,gfx950,17,128,8192,torch.float8_e4m3fn,True,device:0,256,aiter,75,a8w8_bpreshuffle_128x16x256x64_16x16_16x16_4x16x1_4x32x1_1x16x1x8_8x8x1_1x2_intrawave_v1,16,256,64,2,16,16,128,0,53978.74,1.4530440032146128,"[{""kernelId"": 75, ""latency_cycles"": 53978.74, ""kernelName"": ""a8w8_bpreshuffle_128x16x256x64_16x16_16x16_4x16x1_4x32x1_1x16x1x8_8x8x1_1x2_intrawave_v1""}, {""kernelId"": 73, ""latency_cycles"": 58138.42, ""kernelName"": ""a8w8_bpreshuffle_256x32x256x64_16x16_16x16_4x32x1_4x64x1_1x32x1x8_8x8x1_2x1_intrawave_v1""}, {""kernelId"": 71, ""latency_cycles"": 88871.28, ""kernelName"": ""a8w8_bpreshuffle_256x128x128x64_16x16_16x16_4x64x1_4x64x1_1x32x1x8_8x8x1_2x1_intrawave_v3""}, {""kernelId"": 72, ""latency_cycles"": 106844.6, ""kernelName"": ""a8w8_bpreshuffle_256x64x256x64_16x16_16x16_4x64x1_4x64x1_1x16x1x16_8x8x1_1x2_intrawave_v1""}, {""kernelId"": 74, ""latency_cycles"": 106844.6, ""kernelName"": ""a8w8_bpreshuffle_256x64x256x64_16x16_16x16_4x64x1_4x64x1_1x32x1x8_8x8x1_2x1_intrawave_v1""}]",
a8w8_bpreshuffle,gfx950,224,128,8192,torch.float8_e4m3fn,True,device:0,256,aiter,8,a8w8_bpreshuffle_128x32x16x512_16x16_16x16_32x4x1_32x4x1_1x32x1x4_4x4x1_1x1_intrawave_v1,32,16,512,2,16,16,128,0,16046.14,64.40653244898547,"[{""kernelId"": 8, ""latency_cycles"": 16046.14, ""kernelName"": ""a8w8_bpreshuffle_128x32x16x512_16x16_16x16_32x4x1_32x4x1_1x32x1x4_4x4x1_1x1_intrawave_v1""}, {""kernelId"": 10, ""latency_cycles"": 16046.14, ""kernelName"": ""a8w8_bpreshuffle_128x16x32x512_16x16_16x16_32x4x1_32x4x1_1x16x1x8_4x4x1_1x1_intrawave_v1""}, {""kernelId"": 22, ""latency_cycles"": 16046.14, ""kernelName"": ""a8w8_bpreshuffle_128x32x16x512_16x16_16x16_32x4x1_32x4x1_1x32x1x4_4x4x1_1x1_intrawave_v2""}, {""kernelId"": 24, ""latency_cycles"": 16046.14, ""kernelName"": ""a8w8_bpreshuffle_128x16x32x512_16x16_16x16_32x4x1_32x4x1_1x16x1x8_4x4x1_1x1_intrawave_v2""}, {""kernelId"": 76, ""latency_cycles"": 20531.94, ""kernelName"": ""a8w8_bpreshuffle_256x32x64x128_16x16_16x16_8x32x1_8x32x1_1x32x1x8_8x8x1_2x1_intrawave_v1""}]",
a8w8_bpreshuffle,gfx950,224,192,1024,torch.float8_e4m3fn,True,device:0,256,aiter,8,a8w8_bpreshuffle_128x32x16x512_16x16_16x16_32x4x1_32x4x1_1x32x1x4_4x4x1_1x1_intrawave_v1,32,16,512,2,16,16,128,0,2731.88,70.9317152948126,"[{""kernelId"": 8, ""latency_cycles"": 2731.88, ""kernelName"": ""a8w8_bpreshuffle_128x32x16x512_16x16_16x16_32x4x1_32x4x1_1x32x1x4_4x4x1_1x1_intrawave_v1""}, {""kernelId"": 10, ""latency_cycles"": 2731.88, ""kernelName"": ""a8w8_bpreshuffle_128x16x32x512_16x16_16x16_32x4x1_32x4x1_1x16x1x8_4x4x1_1x1_intrawave_v1""}, {""kernelId"": 22, ""latency_cycles"": 2731.88, ""kernelName"": ""a8w8_bpreshuffle_128x32x16x512_16x16_16x16_32x4x1_32x4x1_1x32x1x4_4x4x1_1x1_intrawave_v2""}, {""kernelId"": 24, ""latency_cycles"": 2731.88, ""kernelName"": ""a8w8_bpreshuffle_128x16x32x512_16x16_16x16_32x4x1_32x4x1_1x16x1x8_4x4x1_1x1_intrawave_v2""}, {""kernelId"": 5, ""latency_cycles"": 4278.5, ""kernelName"": ""a8w8_bpreshuffle_256x16x64x512_16x16_16x16_32x8x1_32x8x1_1x16x1x16_4x4x1_1x1_intrawave_v1""}]",
a8w8_bpreshuffle,gfx950,13,384,7168,torch.float8_e4m3fn,True,device:0,256,aiter,75,a8w8_bpreshuffle_128x16x256x64_16x16_16x16_4x16x1_4x32x1_1x16x1x8_8x8x1_1x2_intrawave_v1,16,256,64,2,16,16,128,0,34481.74,4.566002335888344,"[{""kernelId"": 75, ""latency_cycles"": 34481.74, ""kernelName"": ""a8w8_bpreshuffle_128x16x256x64_16x16_16x16_4x16x1_4x32x1_1x16x1x8_8x8x1_1x2_intrawave_v1""}, {""kernelId"": 73, ""latency_cycles"": 52985.77, ""kernelName"": ""a8w8_bpreshuffle_256x32x256x64_16x16_16x16_4x32x1_4x64x1_1x32x1x8_8x8x1_2x1_intrawave_v1""}, {""kernelId"": 72, ""latency_cycles"": 95622.17, ""kernelName"": ""a8w8_bpreshuffle_256x64x256x64_16x16_16x16_4x64x1_4x64x1_1x16x1x16_8x8x1_1x2_intrawave_v1""}, {""kernelId"": 74, ""latency_cycles"": 95622.17, ""kernelName"": ""a8w8_bpreshuffle_256x64x256x64_16x16_16x16_4x64x1_4x64x1_1x32x1x8_8x8x1_2x1_intrawave_v1""}, {""kernelId"": 71, ""latency_cycles"": 110041.63, ""kernelName"": ""a8w8_bpreshuffle_256x128x128x64_16x16_16x16_4x64x1_4x64x1_1x32x1x8_8x8x1_2x1_intrawave_v3""}]",
a8w8_bpreshuffle,gfx950,24,512,4096,torch.float8_e4m3fn,True,device:0,256,aiter,75,a8w8_bpreshuffle_128x16x256x64_16x16_16x16_4x16x1_4x32x1_1x16x1x8_8x8x1_1x2_intrawave_v1,16,256,64,2,16,16,128,0,30693.12,7.215272381631954,"[{""kernelId"": 75, ""latency_cycles"": 30693.12, ""kernelName"": ""a8w8_bpreshuffle_128x16x256x64_16x16_16x16_4x16x1_4x32x1_1x16x1x8_8x8x1_1x2_intrawave_v1""}, {""kernelId"": 73, ""latency_cycles"": 35730.01, ""kernelName"": ""a8w8_bpreshuffle_256x32x256x64_16x16_16x16_4x32x1_4x64x1_1x32x1x8_8x8x1_2x1_intrawave_v1""}, {""kernelId"": 72, ""latency_cycles"": 53211.47, ""kernelName"": ""a8w8_bpreshuffle_256x64x256x64_16x16_16x16_4x64x1_4x64x1_1x16x1x16_8x8x1_1x2_intrawave_v1""}, {""kernelId"": 74, ""latency_cycles"": 53211.47, ""kernelName"": ""a8w8_bpreshuffle_256x64x256x64_16x16_16x16_4x64x1_4x64x1_1x32x1x8_8x8x1_2x1_intrawave_v1""}, {""kernelId"": 71, ""latency_cycles"": 68939.0, ""kernelName"": ""a8w8_bpreshuffle_256x128x128x64_16x16_16x16_4x64x1_4x64x1_1x32x1x8_8x8x1_2x1_intrawave_v3""}]",
a8w8_bpreshuffle,gfx950,3333,512,4096,torch.float8_e4m3fn,True,device:0,256,aiter,117,a8w8_bpreshuffle_256x112x64x256_16x16_16x16_16x16x1_16x16x1_1x16x1x16_4x4x1_1x1_intrawave_v3,112,64,256,2,16,16,128,0,36752.17,836.8255249821812,"[{""kernelId"": 117, ""latency_cycles"": 36752.17, ""kernelName"": ""a8w8_bpreshuffle_256x112x64x256_16x16_16x16_16x16x1_16x16x1_1x16x1x16_4x4x1_1x1_intrawave_v3""}, {""kernelId"": 121, ""latency_cycles"": 38571.66, ""kernelName"": ""a8w8_bpreshuffle_256x64x128x256_16x16_16x16_16x16x1_16x16x1_1x16x1x16_8x8x1_1x2_intrawave_v3""}, {""kernelId"": 65, ""latency_cycles"": 39115.48, ""kernelName"": ""a8w8_bpreshuffle_256x128x64x256_16x16_16x16_16x16x1_16x16x1_1x32x1x8_8x8x1_2x1_intrawave_v3""}, {""kernelId"": 144, ""latency_cycles"": 39115.48, ""kernelName"": ""a8w8_bpreshuffle_256x128x64x256_16x16_16x16_16x16x1_16x16x1_1x32x1x8_8x8x1_2x1_intrawave_v3""}, {""kernelId"": 122, ""latency_cycles"": 42185.89, ""kernelName"": ""a8w8_bpreshuffle_256x80x128x256_16x16_16x16_16x16x1_16x16x1_1x16x1x16_8x8x1_1x2_intrawave_v3""}]",
a8w8_bpreshuffle,gfx950,56,512,7168,torch.float8_e4m3fn,True,device:0,256,aiter,10,a8w8_bpreshuffle_128x16x32x512_16x16_16x16_32x4x1_32x4x1_1x16x1x8_4x4x1_1x1_intrawave_v1,16,32,512,2,16,16,128,0,20201.32,44.764003008716905,"[{""kernelId"": 10, ""latency_cycles"": 20201.32, ""kernelName"": ""a8w8_bpreshuffle_128x16x32x512_16x16_16x16_32x4x1_32x4x1_1x16x1x8_4x4x1_1x1_intrawave_v1""}, {""kernelId"": 24, ""latency_cycles"": 20201.32, ""kernelName"": ""a8w8_bpreshuffle_128x16x32x512_16x16_16x16_32x4x1_32x4x1_1x16x1x8_4x4x1_1x1_intrawave_v2""}, {""kernelId"": 15, ""latency_cycles"": 24400.65, ""kernelName"": ""a8w8_bpreshuffle_256x16x64x256_16x16_16x16_16x16x1_16x16x1_1x16x1x16_4x4x1_1x1_intrawave_v1""}, {""kernelId"": 29, ""latency_cycles"": 24400.65, ""kernelName"": ""a8w8_bpreshuffle_256x16x64x256_16x16_16x16_16x16x1_16x16x1_1x16x1x16_4x4x1_1x1_intrawave_v2""}, {""kernelId"": 108, ""latency_cycles"": 24400.65, ""kernelName"": ""a8w8_bpreshuffle_256x16x64x256_16x16_16x16_16x16x1_16x16x1_1x16x1x16_4x4x1_1x1_intrawave_v1""}]",
a8w8_bpreshuffle,gfx950,224,512,7168,torch.float8_e4m3fn,True,device:0,256,aiter,8,a8w8_bpreshuffle_128x32x16x512_16x16_16x16_32x4x1_32x4x1_1x32x1x4_4x4x1_1x1_intrawave_v1,32,16,512,2,16,16,128,0,18552.97,194.96436521307294,"[{""kernelId"": 8, ""latency_cycles"": 18552.97, ""kernelName"": ""a8w8_bpreshuffle_128x32x16x512_16x16_16x16_32x4x1_32x4x1_1x32x1x4_4x4x1_1x1_intrawave_v1""}, {""kernelId"": 10, ""latency_cycles"": 18552.97, ""kernelName"": ""a8w8_bpreshuffle_128x16x32x512_16x16_16x16_32x4x1_32x4x1_1x16x1x8_4x4x1_1x1_intrawave_v1""}, {""kernelId"": 22, ""latency_cycles"": 18552.97, ""kernelName"": ""a8w8_bpreshuffle_128x32x16x512_16x16_16x16_32x4x1_32x4x1_1x32x1x4_4x4x1_1x1_intrawave_v2""}, {""kernelId"": 24, ""latency_cycles"": 18552.97, ""kernelName"": ""a8w8_bpreshuffle_128x16x32x512_16x16_16x16_32x4x1_32x4x1_1x16x1x8_4x4x1_1x1_intrawave_v2""}, {""kernelId"": 15, ""latency_cycles"": 23885.31, ""kernelName"": ""a8w8_bpreshuffle_256x16x64x256_16x16_16x16_16x16x1_16x16x1_1x16x1x16_4x4x1_1x1_intrawave_v1""}]",
a8w8_bpreshuffle,gfx950,40,576,6400,torch.float8_e4m3fn,True,device:0,256,aiter,15,a8w8_bpreshuffle_256x16x64x256_16x16_16x16_16x16x1_16x16x1_1x16x1x16_4x4x1_1x1_intrawave_v1,16,64,256,2,16,16,128,0,23394.48,27.733308482011953,"[{""kernelId"": 15, ""latency_cycles"": 23394.48, ""kernelName"": ""a8w8_bpreshuffle_256x16x64x256_16x16_16x16_16x16x1_16x16x1_1x16x1x16_4x4x1_1x1_intrawave_v1""}, {""kernelId"": 29, ""latency_cycles"": 23394.48, ""kernelName"": ""a8w8_bpreshuffle_256x16x64x256_16x16_16x16_16x16x1_16x16x1_1x16x1x16_4x4x1_1x1_intrawave_v2""}, {""kernelId"": 108, ""latency_cycles"": 23394.48, ""kernelName"": ""a8w8_bpreshuffle_256x16x64x256_16x16_16x16_16x16x1_16x16x1_1x16x1x16_4x4x1_1x1_intrawave_v1""}, {""kernelId"": 10, ""latency_cycles"": 23918.38, ""kernelName"": ""a8w8_bpreshuffle_128x16x32x512_16x16_16x16_32x4x1_32x4x1_1x16x1x8_4x4x1_1x1_intrawave_v1""}, {""kernelId"": 24, ""latency_cycles"": 23918.38, ""kernelName"": ""a8w8_bpreshuffle_128x16x32x512_16x16_16x16_32x4x1_32x4x1_1x16x1x8_4x4x1_1x1_intrawave_v2""}]",
a8w8_bpreshuffle,gfx950,40,576,7168,torch.float8_e4m3fn,True,device:0,256,aiter,10,a8w8_bpreshuffle_128x16x32x512_16x16_16x16_32x4x1_32x4x1_1x16x1x8_4x4x1_1x1_intrawave_v1,16,32,512,2,16,16,128,0,20870.74,34.81731294302068,"[{""kernelId"": 10, ""latency_cycles"": 20870.74, ""kernelName"": ""a8w8_bpreshuffle_128x16x32x512_16x16_16x16_32x4x1_32x4x1_1x16x1x8_4x4x1_1x1_intrawave_v1""}, {""kernelId"": 24, ""latency_cycles"": 20870.74, ""kernelName"": ""a8w8_bpreshuffle_128x16x32x512_16x16_16x16_32x4x1_32x4x1_1x16x1x8_4x4x1_1x1_intrawave_v2""}, {""kernelId"": 15, ""latency_cycles"": 24708.67, ""kernelName"": ""a8w8_bpreshuffle_256x16x64x256_16x16_16x16_16x16x1_16x16x1_1x16x1x16_4x4x1_1x1_intrawave_v1""}, {""kernelId"": 29, ""latency_cycles"": 24708.67, ""kernelName"": ""a8w8_bpreshuffle_256x16x64x256_16x16_16x16_16x16x1_16x16x1_1x16x1x16_4x4x1_1x1_intrawave_v2""}, {""kernelId"": 108, ""latency_cycles"": 24708.67, ""kernelName"": ""a8w8_bpreshuffle_256x16x64x256_16x16_16x16_16x16x1_16x16x1_1x16x1x16_4x4x1_1x1_intrawave_v1""}]",
a8w8_bpreshuffle,gfx950,4096,576,7168,torch.float8_e4m3fn,True,device:0,256,aiter,64,a8w8_bpreshuffle_256x128x96x256_16x16_16x16_16x16x1_16x16x1_1x64x1x4_8x8x1_2x1_intrawave_v3,128,96,256,2,16,16,128,0,72752.97,1022.7802836297391,"[{""kernelId"": 64, ""latency_cycles"": 72752.97, ""kernelName"": ""a8w8_bpreshuffle_256x128x96x256_16x16_16x16_16x16x1_16x16x1_1x64x1x4_8x8x1_2x1_intrawave_v3""}, {""kernelId"": 128, ""latency_cycles"": 80467.41, ""kernelName"": ""a8w8_bpreshuffle_256x64x192x256_16x16_16x16_16x16x1_16x16x1_1x32x1x8_8x8x1_2x1_intrawave_v3""}, {""kernelId"": 123, ""latency_cycles"": 80665.78, ""kernelName"": ""a8w8_bpreshuffle_256x96x128x256_16x16_16x16_16x16x1_16x16x1_1x16x1x16_8x8x1_1x2_intrawave_v3""}, {""kernelId"": 124, ""latency_cycles"": 85488.1, ""kernelName"": ""a8w8_bpreshuffle_256x112x128x256_16x16_16x16_16x16x1_16x16x1_1x16x1x16_8x8x1_1x2_intrawave_v3""}, {""kernelId"": 61, ""latency_cycles"": 85619.67, ""kernelName"": ""a8w8_bpreshuffle_256x128x96x128_16x16_16x16_8x32x1_8x32x1_1x64x1x4_8x8x1_2x1_intrawave_v3""}]",
a8w8_bpreshuffle,gfx950,7,1024,8192,torch.float8_e4m3fn,True,device:0,256,aiter,75,a8w8_bpreshuffle_128x16x256x64_16x16_16x16_4x16x1_4x32x1_1x16x1x8_8x8x1_1x2_intrawave_v1,16,256,64,2,16,16,128,0,40902.71,6.316675267983405,"[{""kernelId"": 75, ""latency_cycles"": 40902.71, ""kernelName"": ""a8w8_bpreshuffle_128x16x256x64_16x16_16x16_4x16x1_4x32x1_1x16x1x8_8x8x1_1x2_intrawave_v1""}, {""kernelId"": 73, ""latency_cycles"": 66007.13, ""kernelName"": ""a8w8_bpreshuffle_256x32x256x64_16x16_16x16_4x32x1_4x64x1_1x32x1x8_8x8x1_2x1_intrawave_v1""}, {""kernelId"": 72, ""latency_cycles"": 124858.51, ""kernelName"": ""a8w8_bpreshuffle_256x64x256x64_16x16_16x16_4x64x1_4x64x1_1x16x1x16_8x8x1_1x2_intrawave_v1""}, {""kernelId"": 74, ""latency_cycles"": 124858.51, ""kernelName"": ""a8w8_bpreshuffle_256x64x256x64_16x16_16x16_4x64x1_4x64x1_1x32x1x8_8x8x1_2x1_intrawave_v1""}, {""kernelId"": 71, ""latency_cycles"": 193447.73, ""kernelName"": ""a8w8_bpreshuffle_256x128x128x64_16x16_16x16_4x64x1_4x64x1_1x32x1x8_8x8x1_2x1_intrawave_v3""}]",
a8w8_bpreshuffle,gfx950,4096,1280,5120,torch.float8_e4m3fn,True,device:0,256,aiter,69,a8w8_bpreshuffle_256x128x160x128_16x16_16x16_8x32x1_8x32x1_1x64x1x4_8x8x1_2x1_intrawave_v3,128,160,128,2,16,16,128,0,77584.76,1522.3556432385228,"[{""kernelId"": 69, ""latency_cycles"": 77584.76, ""kernelName"": ""a8w8_bpreshuffle_256x128x160x128_16x16_16x16_8x32x1_8x32x1_1x64x1x4_8x8x1_2x1_intrawave_v3""}, {""kernelId"": 149, ""latency_cycles"": 78846.39, ""kernelName"": ""a8w8_bpreshuffle_256x128x192x256_16x16_16x16_16x16x1_16x16x1_1x32x1x8_8x8x1_2x1_intrawave_v3""}, {""kernelId"": 142, ""latency_cycles"": 82454.6, ""kernelName"": ""a8w8_bpreshuffle_256x176x128x128_8x16_16x16_16x16x1_8x32x1_1x16x1x16_8x8x1_1x2_intrawave_v3""}, {""kernelId"": 137, ""latency_cycles"": 84343.02, ""kernelName"": ""a8w8_bpreshuffle_256x96x256x256_16x16_16x16_16x16x1_16x16x1_1x16x1x16_8x8x1_1x2_intrawave_v3""}, {""kernelId"": 4, ""latency_cycles"": 85666.65, ""kernelName"": ""a8w8_bpreshuffle_256x192x128x128_16x16_16x16_8x32x1_8x32x1_1x32x1x8_8x8x1_1x2_intrawave_v3""}]",
a8w8_bpreshuffle,gfx950,6,1280,9216,torch.float8_e4m3fn,True,device:0,256,aiter,75,a8w8_bpreshuffle_128x16x256x64_16x16_16x16_4x16x1_4x32x1_1x16x1x8_8x8x1_1x2_intrawave_v1,16,256,64,2,16,16,128,0,47183.02,6.6004060487070255,"[{""kernelId"": 75, ""latency_cycles"": 47183.02, ""kernelName"": ""a8w8_bpreshuffle_128x16x256x64_16x16_16x16_4x16x1_4x32x1_1x16x1x8_8x8x1_1x2_intrawave_v1""}, {""kernelId"": 73, ""latency_cycles"": 77295.37, ""kernelName"": ""a8w8_bpreshuffle_256x32x256x64_16x16_16x16_4x32x1_4x64x1_1x32x1x8_8x8x1_2x1_intrawave_v1""}, {""kernelId"": 72, ""latency_cycles"": 147272.51, ""kernelName"": ""a8w8_bpreshuffle_256x64x256x64_16x16_16x16_4x64x1_4x64x1_1x16x1x16_8x8x1_1x2_intrawave_v1""}, {""kernelId"": 74, ""latency_cycles"": 147272.51, ""kernelName"": ""a8w8_bpreshuffle_256x64x256x64_16x16_16x16_4x64x1_4x64x1_1x32x1x8_8x8x1_2x1_intrawave_v1""}, {""kernelId"": 71, ""latency_cycles"": 215297.49, ""kernelName"": ""a8w8_bpreshuffle_256x128x128x64_16x16_16x16_4x64x1_4x64x1_1x32x1x8_8x8x1_2x1_intrawave_v3""}]",
a8w8_bpreshuffle,gfx950,17,1280,9216,torch.float8_e4m3fn,True,device:0,256,aiter,73,a8w8_bpreshuffle_256x32x256x64_16x16_16x16_4x32x1_4x64x1_1x32x1x8_8x8x1_2x1_intrawave_v1,32,256,64,2,16,16,128,0,41110.19,21.463698444362368,"[{""kernelId"": 73, ""latency_cycles"": 41110.19, ""kernelName"": ""a8w8_bpreshuffle_256x32x256x64_16x16_16x16_4x32x1_4x64x1_1x32x1x8_8x8x1_2x1_intrawave_v1""}, {""kernelId"": 75, ""latency_cycles"": 44890.35, ""kernelName"": ""a8w8_bpreshuffle_128x16x256x64_16x16_16x16_4x16x1_4x32x1_1x16x1x8_8x8x1_1x2_intrawave_v1""}, {""kernelId"": 72, ""latency_cycles"": 66689.24, ""kernelName"": ""a8w8_bpreshuffle_256x64x256x64_16x16_16x16_4x64x1_4x64x1_1x16x1x16_8x8x1_1x2_intrawave_v1""}, {""kernelId"": 74, ""latency_cycles"": 66689.24, ""kernelName"": ""a8w8_bpreshuffle_256x64x256x64_16x16_16x16_4x64x1_4x64x1_1x32x1x8_8x8x1_2x1_intrawave_v1""}, {""kernelId"": 71, ""latency_cycles"": 90032.72, ""kernelName"": ""a8w8_bpreshuffle_256x128x128x64_16x16_16x16_4x64x1_4x64x1_1x32x1x8_8x8x1_2x1_intrawave_v3""}]",
a8w8_bpreshuffle,gfx950,192,1280,9216,torch.float8_e4m3fn,True,device:0,256,aiter,113,a8w8_bpreshuffle_256x48x64x256_16x16_16x16_16x16x1_16x16x1_1x16x1x16_4x4x1_1x1_intrawave_v1,48,64,256,2,16,16,128,0,29146.27,341.9190930400919,"[{""kernelId"": 113, ""latency_cycles"": 29146.27, ""kernelName"": ""a8w8_bpreshuffle_256x48x64x256_16x16_16x16_16x16x1_16x16x1_1x16x1x16_4x4x1_1x1_intrawave_v1""}, {""kernelId"": 85, ""latency_cycles"": 30158.41, ""kernelName"": ""a8w8_bpreshuffle_256x64x128x128_16x16_16x16_8x32x1_8x32x1_1x32x1x8_8x8x1_2x1_intrawave_v3""}, {""kernelId"": 12, ""latency_cycles"": 30594.31, ""kernelName"": ""a8w8_bpreshuffle_256x32x64x512_16x16_16x16_32x8x1_32x8x1_1x32x1x8_8x8x1_1x2_intrawave_v1""}, {""kernelId"": 26, ""latency_cycles"": 30594.31, ""kernelName"": ""a8w8_bpreshuffle_256x32x64x512_16x16_16x16_32x8x1_32x8x1_1x32x1x8_8x8x1_1x2_intrawave_v2""}, {""kernelId"": 114, ""latency_cycles"": 32781.16, ""kernelName"": ""a8w8_bpreshuffle_256x64x64x256_16x16_16x16_16x16x1_16x16x1_1x32x1x8_8x8x1_2x1_intrawave_v3""}]",
a8w8_bpreshuffle,gfx950,1280,1536,512,torch.float8_e4m3fn,True,device:0,256,aiter,65,a8w8_bpreshuffle_256x128x64x256_16x16_16x16_16x16x1_16x16x1_1x32x1x8_8x8x1_2x1_intrawave_v3,128,64,256,2,16,16,128,0,8286.0,534.5381817669152,"[{""kernelId"": 65, ""latency_cycles"": 8286.0, ""kernelName"": ""a8w8_bpreshuffle_256x128x64x256_16x16_16x16_16x16x1_16x16x1_1x32x1x8_8x8x1_2x1_intrawave_v3""}, {""kernelId"": 121, ""latency_cycles"": 8286.0, ""kernelName"": ""a8w8_bpreshuffle_256x64x128x256_16x16_16x16_16x16x1_16x16x1_1x16x1x16_8x8x1_1x2_intrawave_v3""}, {""kernelId"": 144, ""latency_cycles"": 8286.0, ""kernelName"": ""a8w8_bpreshuffle_256x128x64x256_16x16_16x16_16x16x1_16x16x1_1x32x1x8_8x8x1_2x1_intrawave_v3""}, {""kernelId"": 62, ""latency_cycles"": 8453.57, ""kernelName"": ""a8w8_bpreshuffle_256x128x64x128_16x16_16x16_8x32x1_8x32x1_1x32x1x8_8x8x1_2x1_intrawave_v3""}, {""kernelId"": 79, ""latency_cycles"": 8453.57, ""kernelName"": ""a8w8_bpreshuffle_256x128x64x128_16x16_16x16_8x32x1_8x32x1_1x16x1x16_4x4x1_1x1_intrawave_v3""}]",
a8w8_bpreshuffle,gfx950,512,1536,1024,torch.float8_e4m3fn,True,device:0,256,aiter,114,a8w8_bpreshuffle_256x64x64x256_16x16_16x16_16x16x1_16x16x1_1x32x1x8_8x8x1_2x1_intrawave_v3,64,64,256,2,16,16,128,0,8055.02,439.89308448941586,"[{""kernelId"": 114, ""latency_cycles"": 8055.02, ""kernelName"": ""a8w8_bpreshuffle_256x64x64x256_16x16_16x16_16x16x1_16x16x1_1x32x1x8_8x8x1_2x1_intrawave_v3""}, {""kernelId"": 119, ""latency_cycles"": 9255.95, ""kernelName"": ""a8w8_bpreshuffle_256x32x128x256_16x16_16x16_16x16x1_16x16x1_1x16x1x16_8x8x1_1x2_intrawave_v1""}, {""kernelId"": 115, ""latency_cycles"": 9513.71, ""kernelName"": ""a8w8_bpreshuffle_256x80x64x256_16x16_16x16_16x16x1_16x16x1_1x16x1x16_4x4x1_1x1_intrawave_v3""}, {""kernelId"": 77, ""latency_cycles"": 9581.13, ""kernelName"": ""a8w8_bpreshuffle_256x64x64x128_16x16_16x16_8x32x1_8x32x1_1x32x1x8_8x8x1_2x1_intrawave_v3""}, {""kernelId"": 116, ""latency_cycles"": 10686.32, ""kernelName"": ""a8w8_bpreshuffle_256x96x64x256_16x16_16x16_16x16x1_16x16x1_1x32x1x8_8x8x1_2x1_intrawave_v3""}]",
a8w8_bpreshuffle,gfx950,1024,1536,4096,torch.float8_e4m3fn,True,device:0,256,aiter,117,a8w8_bpreshuffle_256x112x64x256_16x16_16x16_16x16x1_16x16x1_1x16x1x16_4x4x1_1x1_intrawave_v3,112,64,256,2,16,16,128,0,37673.41,752.4348535744165,"[{""kernelId"": 117, ""latency_cycles"": 37673.41, ""kernelName"": ""a8w8_bpreshuffle_256x112x64x256_16x16_16x16_16x16x1_16x16x1_1x16x1x16_4x4x1_1x1_intrawave_v3""}, {""kernelId"": 65, ""latency_cycles"": 37747.71, ""kernelName"": ""a8w8_bpreshuffle_256x128x64x256_16x16_16x16_16x16x1_16x16x1_1x32x1x8_8x8x1_2x1_intrawave_v3""}, {""kernelId"": 121, ""latency_cycles"": 37747.71, ""kernelName"": ""a8w8_bpreshuffle_256x64x128x256_16x16_16x16_16x16x1_16x16x1_1x16x1x16_8x8x1_1x2_intrawave_v3""}, {""kernelId"": 144, ""latency_cycles"": 37747.71, ""kernelName"": ""a8w8_bpreshuffle_256x128x64x256_16x16_16x16_16x16x1_16x16x1_1x32x1x8_8x8x1_2x1_intrawave_v3""}, {""kernelId"": 126, ""latency_cycles"": 41683.59, ""kernelName"": ""a8w8_bpreshuffle_256x32x192x256_16x16_16x16_16x16x1_16x16x1_1x32x1x8_8x8x1_2x1_intrawave_v1""}]",
a8w8_bpreshuffle,gfx950,768,1536,7168,torch.float8_e4m3fn,True,device:0,256,aiter,115,a8w8_bpreshuffle_256x80x64x256_16x16_16x16_16x16x1_16x16x1_1x16x1x16_4x4x1_1x1_intrawave_v3,80,64,256,2,16,16,128,0,52365.39,710.491336271036,"[{""kernelId"": 115, ""latency_cycles"": 52365.39, ""kernelName"": ""a8w8_bpreshuffle_256x80x64x256_16x16_16x16_16x16x1_16x16x1_1x16x1x16_4x4x1_1x1_intrawave_v3""}, {""kernelId"": 116, ""latency_cycles"": 54698.64, ""kernelName"": ""a8w8_bpreshuffle_256x96x64x256_16x16_16x16_16x16x1_16x16x1_1x32x1x8_8x8x1_2x1_intrawave_v3""}, {""kernelId"": 122, ""latency_cycles"": 55802.34, ""kernelName"": ""a8w8_bpreshuffle_256x80x128x256_16x16_16x16_16x16x1_16x16x1_1x16x1x16_8x8x1_1x2_intrawave_v3""}, {""kernelId"": 64, ""latency_cycles"": 58346.52, ""kernelName"": ""a8w8_bpreshuffle_256x128x96x256_16x16_16x16_16x16x1_16x16x1_1x64x1x4_8x8x1_2x1_intrawave_v3""}, {""kernelId"": 123, ""latency_cycles"": 58346.52, ""kernelName"": ""a8w8_bpreshuffle_256x96x128x256_16x16_16x16_16x16x1_16x16x1_1x16x1x16_8x8x1_1x2_intrawave_v3""}]",
a8w8_bpreshuffle,gfx950,11,1792,1536,torch.float8_e4m3fn,True,device:0,256,aiter,75,a8w8_bpreshuffle_128x16x256x64_16x16_16x16_4x16x1_4x32x1_1x16x1x8_8x8x1_1x2_intrawave_v1,16,256,64,2,16,16,128,0,26704.01,4.98882377972015,"[{""kernelId"": 75, ""latency_cycles"": 26704.01, ""kernelName"": ""a8w8_bpreshuffle_128x16x256x64_16x16_16x16_4x16x1_4x32x1_1x16x1x8_8x8x1_1x2_intrawave_v1""}, {""kernelId"": 73, ""latency_cycles"": 43182.69, ""kernelName"": ""a8w8_bpreshuffle_256x32x256x64_16x16_16x16_4x32x1_4x64x1_1x32x1x8_8x8x1_2x1_intrawave_v1""}, {""kernelId"": 72, ""latency_cycles"": 81128.81, ""kernelName"": ""a8w8_bpreshuffle_256x64x256x64_16x16_16x16_4x64x1_4x64x1_1x16x1x16_8x8x1_1x2_intrawave_v1""}, {""kernelId"": 74, ""latency_cycles"": 81128.81, ""kernelName"": ""a8w8_bpreshuffle_256x64x256x64_16x16_16x16_4x64x1_4x64x1_1x32x1x8_8x8x1_2x1_intrawave_v1""}, {""kernelId"": 71, ""latency_cycles"": 125127.75, ""kernelName"": ""a8w8_bpreshuffle_256x128x128x64_16x16_16x16_4x64x1_4x64x1_1x32x1x8_8x8x1_2x1_intrawave_v3""}]",
a8w8_bpreshuffle,gfx950,1,1792,4608,torch.float8_e4m3fn,True,device:0,256,aiter,75,a8w8_bpreshuffle_128x16x256x64_16x16_16x16_4x16x1_4x32x1_1x16x1x8_8x8x1_1x2_intrawave_v1,16,256,64,2,16,16,128,0,175828.06,0.2066402750968004,"[{""kernelId"": 75, ""latency_cycles"": 175828.06, ""kernelName"": ""a8w8_bpreshuffle_128x16x256x64_16x16_16x16_4x16x1_4x32x1_1x16x1x8_8x8x1_1x2_intrawave_v1""}, {""kernelId"": 73, ""latency_cycles"": 346755.13, ""kernelName"": ""a8w8_bpreshuffle_256x32x256x64_16x16_16x16_4x32x1_4x64x1_1x32x1x8_8x8x1_2x1_intrawave_v1""}, {""kernelId"": 72, ""latency_cycles"": 750543.25, ""kernelName"": ""a8w8_bpreshuffle_256x64x256x64_16x16_16x16_4x64x1_4x64x1_1x16x1x16_8x8x1_1x2_intrawave_v1""}, {""kernelId"": 74, ""latency_cycles"": 750543.25, ""kernelName"": ""a8w8_bpreshuffle_256x64x256x64_16x16_16x16_4x64x1_4x64x1_1x32x1x8_8x8x1_2x1_intrawave_v1""}, {""kernelId"": 71, ""latency_cycles"": 1189508.08, ""kernelName"": ""a8w8_bpreshuffle_256x128x128x64_16x16_16x16_4x64x1_4x64x1_1x32x1x8_8x8x1_2x1_intrawave_v3""}]",
a8w8_bpreshuffle,gfx950,16,1792,4608,torch.float8_e4m3fn,True,device:0,256,aiter,75,a8w8_bpreshuffle_128x16x256x64_16x16_16x16_4x16x1_4x32x1_1x16x1x8_8x8x1_1x2_intrawave_v1,16,256,64,2,16,16,128,0,27727.87,20.965566908625817,"[{""kernelId"": 75, ""latency_cycles"": 27727.87, ""kernelName"": ""a8w8_bpreshuffle_128x16x256x64_16x16_16x16_4x16x1_4x32x1_1x16x1x8_8x8x1_1x2_intrawave_v1""}, {""kernelId"": 73, ""latency_cycles"": 40078.79, ""kernelName"": ""a8w8_bpreshuffle_256x32x256x64_16x16_16x16_4x32x1_4x64x1_1x32x1x8_8x8x1_2x1_intrawave_v1""}, {""kernelId"": 72, ""latency_cycles"": 66592.35, ""kernelName"": ""a8w8_bpreshuffle_256x64x256x64_16x16_16x16_4x64x1_4x64x1_1x16x1x16_8x8x1_1x2_intrawave_v1""}, {""kernelId"": 74, ""latency_cycles"": 66592.35, ""kernelName"": ""a8w8_bpreshuffle_256x64x256x64_16x16_16x16_4x64x1_4x64x1_1x32x1x8_8x8x1_2x1_intrawave_v1""}, {""kernelId"": 71, ""latency_cycles"": 93301.46, ""kernelName"": ""a8w8_bpreshuffle_256x128x128x64_16x16_16x16_4x64x1_4x64x1_1x32x1x8_8x8x1_2x1_intrawave_v3""}]",
a8w8_bpreshuffle,gfx950,4096,1792,4608,torch.float8_e4m3fn,True,device:0,256,aiter,154,a8w8_bpreshuffle_256x128x256x256_16x16_16x16_16x16x1_16x16x1_1x16x1x16_8x8x1_1x2_intrawave_v3,128,256,256,2,16,16,128,0,83361.48,1785.2444746155295,"[{""kernelId"": 154, ""latency_cycles"": 83361.48, ""kernelName"": ""a8w8_bpreshuffle_256x128x256x256_16x16_16x16_16x16x1_16x16x1_1x16x1x16_8x8x1_1x2_intrawave_v3""}, {""kernelId"": 67, ""latency_cycles"": 84070.6, ""kernelName"": ""a8w8_bpreshuffle_256x128x224x128_16x16_16x16_8x32x1_8x32x1_1x64x1x4_8x8x1_2x1_intrawave_v3""}, {""kernelId"": 3, ""latency_cycles"": 89723.82, ""kernelName"": ""a8w8_bpreshuffle_256x256x128x128_16x16_16x16_8x32x1_8x32x1_1x32x1x8_8x8x1_1x2_intrawave_v3""}, {""kernelId"": 37, ""latency_cycles"": 89723.82, ""kernelName"": ""a8w8_bpreshuffle_256x256x128x128_16x16_16x16_8x32x1_8x32x1_1x32x1x8_8x8x1_2x1_intrawave_v3""}, {""kernelId"": 66, ""latency_cycles"": 89723.82, ""kernelName"": ""a8w8_bpreshuffle_256x128x256x128_16x16_16x16_8x32x1_8x32x1_1x32x1x8_8x8x1_2x1_intrawave_v3""}]",
a8w8_bpreshuffle,gfx950,49152,1792,4608,torch.float8_e4m3fn,True,device:0,256,aiter,34,a8w8_bpreshuffle_256x256x224x128_16x16_16x16_8x32x1_8x32x1_1x64x1x4_8x8x1_2x1_intrawave_v3,256,224,128,2,16,16,128,0,688054.09,2595.5043873756285,"[{""kernelId"": 34, ""latency_cycles"": 688054.09, ""kernelName"": ""a8w8_bpreshuffle_256x256x224x128_16x16_16x16_8x32x1_8x32x1_1x64x1x4_8x8x1_2x1_intrawave_v3""}, {""kernelId"": 2, ""latency_cycles"": 737519.47, ""kernelName"": ""a8w8_bpreshuffle_256x256x256x128_16x16_16x16_8x32x1_8x32x1_1x32x1x8_8x8x1_1x2_intrawave_v3""}, {""kernelId"": 33, ""latency_cycles"": 737519.47, ""kernelName"": ""a8w8_bpreshuffle_256x256x256x128_16x16_16x16_8x32x1_8x32x1_1x32x1x8_8x8x1_2x1_intrawave_v3""}, {""kernelId"": 107, ""latency_cycles"": 737519.47, ""kernelName"": ""a8w8_bpreshuffle_256x256x256x128_16x16_16x16_8x32x1_8x32x1_1x16x1x16_4x4x1_1x1_intrawave_v3""}, {""kernelId"": 47, ""latency_cycles"": 745020.16, ""kernelName"": ""a8w8_bpreshuffle_256x192x256x128_16x16_16x16_8x32x1_8x32x1_1x32x1x8_8x8x1_2x1_intrawave_v3""}]",
a8w8_bpreshuffle,gfx950,11,1792,5120,torch.float8_e4m3fn,True,device:0,256,aiter,75,a8w8_bpreshuffle_128x16x256x64_16x16_16x16_4x16x1_4x32x1_1x16x1x8_8x8x1_1x2_intrawave_v1,16,256,64,2,16,16,128,0,33072.31,13.427304990926842,"[{""kernelId"": 75, ""latency_cycles"": 33072.31, ""kernelName"": ""a8w8_bpreshuffle_128x16x256x64_16x16_16x16_4x16x1_4x32x1_1x16x1x8_8x8x1_1x2_intrawave_v1""}, {""kernelId"": 73, ""latency_cycles"": 48983.85, ""kernelName"": ""a8w8_bpreshuffle_256x32x256x64_16x16_16x16_4x32x1_4x64x1_1x32x1x8_8x8x1_2x1_intrawave_v1""}, {""kernelId"": 72, ""latency_cycles"": 86929.97, ""kernelName"": ""a8w8_bpreshuffle_256x64x256x64_16x16_16x16_4x64x1_4x64x1_1x16x1x16_8x8x1_1x2_intrawave_v1""}, {""kernelId"": 74, ""latency_cycles"": 86929.97, ""kernelName"": ""a8w8_bpreshuffle_256x64x256x64_16x16_16x16_4x64x1_4x64x1_1x32x1x8_8x8x1_2x1_intrawave_v1""}, {""kernelId"": 71, ""latency_cycles"": 126339.78, ""kernelName"": ""a8w8_bpreshuffle_256x128x128x64_16x16_16x16_4x64x1_4x64x1_1x32x1x8_8x8x1_2x1_intrawave_v3""}]",
a8w8_bpreshuffle,gfx950,33,1792,5120,torch.float8_e4m3fn,True,device:0,256,aiter,10,a8w8_bpreshuffle_128x16x32x512_16x16_16x16_32x4x1_32x4x1_1x16x1x8_4x4x1_1x1_intrawave_v1,16,32,512,2,16,16,128,0,17130.25,77.76978286966835,"[{""kernelId"": 10, ""latency_cycles"": 17130.25, ""kernelName"": ""a8w8_bpreshuffle_128x16x32x512_16x16_16x16_32x4x1_32x4x1_1x16x1x8_4x4x1_1x1_intrawave_v1""}, {""kernelId"": 24, ""latency_cycles"": 17130.25, ""kernelName"": ""a8w8_bpreshuffle_128x16x32x512_16x16_16x16_32x4x1_32x4x1_1x16x1x8_4x4x1_1x1_intrawave_v2""}, {""kernelId"": 15, ""latency_cycles"": 22025.52, ""kernelName"": ""a8w8_bpreshuffle_256x16x64x256_16x16_16x16_16x16x1_16x16x1_1x16x1x16_4x4x1_1x1_intrawave_v1""}, {""kernelId"": 29, ""latency_cycles"": 22025.52, ""kernelName"": ""a8w8_bpreshuffle_256x16x64x256_16x16_16x16_16x16x1_16x16x1_1x16x1x16_4x4x1_1x1_intrawave_v2""}, {""kernelId"": 108, ""latency_cycles"": 22025.52, ""kernelName"": ""a8w8_bpreshuffle_256x16x64x256_16x16_16x16_16x16x1_16x16x1_1x16x1x16_4x4x1_1x1_intrawave_v1""}]",
a8w8_bpreshuffle,gfx950,48,1792,5120,torch.float8_e4m3fn,True,device:0,256,aiter,10,a8w8_bpreshuffle_128x16x32x512_16x16_16x16_32x4x1_32x4x1_1x16x1x8_4x4x1_1x1_intrawave_v1,16,32,512,2,16,16,128,0,13272.11,146.00307677386894,"[{""kernelId"": 10, ""latency_cycles"": 13272.11, ""kernelName"": ""a8w8_bpreshuffle_128x16x32x512_16x16_16x16_32x4x1_32x4x1_1x16x1x8_4x4x1_1x1_intrawave_v1""}, {""kernelId"": 24, ""latency_cycles"": 13272.11, ""kernelName"": ""a8w8_bpreshuffle_128x16x32x512_16x16_16x16_32x4x1_32x4x1_1x16x1x8_4x4x1_1x1_intrawave_v2""}, {""kernelId"": 15, ""latency_cycles"": 18810.41, ""kernelName"": ""a8w8_bpreshuffle_256x16x64x256_16x16_16x16_16x16x1_16x16x1_1x16x1x16_4x4x1_1x1_intrawave_v1""}, {""kernelId"": 29, ""latency_cycles"": 18810.41, ""kernelName"": ""a8w8_bpreshuffle_256x16x64x256_16x16_16x16_16x16x1_16x16x1_1x16x1x16_4x4x1_1x1_intrawave_v2""}, {""kernelId"": 108, ""latency_cycles"": 18810.41, ""kernelName"": ""a8w8_bpreshuffle_256x16x64x256_16x16_16x16_16x16x1_16x16x1_1x16x1x16_4x4x1_1x1_intrawave_v1""}]",
a8w8_bpreshuffle,gfx950,11,2048,512,torch.float8_e4m3fn,True,device:0,256,aiter,75,a8w8_bpreshuffle_128x16x256x64_16x16_16x16_4x16x1_4x32x1_1x16x1x8_8x8x1_1x2_intrawave_v1,16,256,64,2,16,16,128,0,19783.19,2.5653631481899444,"[{""kernelId"": 75, ""latency_cycles"": 19783.19, ""kernelName"": ""a8w8_bpreshuffle_128x16x256x64_16x16_16x16_4x16x1_4x32x1_1x16x1x8_8x8x1_1x2_intrawave_v1""}, {""kernelId"": 73, ""latency_cycles"": 35691.85, ""kernelName"": ""a8w8_bpreshuffle_256x32x256x64_16x16_16x16_4x32x1_4x64x1_1x32x1x8_8x8x1_2x1_intrawave_v1""}, {""kernelId"": 72, ""latency_cycles"": 73637.97, ""kernelName"": ""a8w8_bpreshuffle_256x64x256x64_16x16_16x16_4x64x1_4x64x1_1x16x1x16_8x8x1_1x2_intrawave_v1""}, {""kernelId"": 74, ""latency_cycles"": 73637.97, ""kernelName"": ""a8w8_bpreshuffle_256x64x256x64_16x16_16x16_4x64x1_4x64x1_1x32x1x8_8x8x1_2x1_intrawave_v1""}, {""kernelId"": 71, ""latency_cycles"": 113141.57, ""kernelName"": ""a8w8_bpreshuffle_256x128x128x64_16x16_16x16_4x64x1_4x64x1_1x32x1x8_8x8x1_2x1_intrawave_v3""}]",
a8w8_bpreshuffle,gfx950,256,2048,16384,torch.float8_e4m3fn,True,device:0,256,aiter,135,a8w8_bpreshuffle_256x64x256x256_16x16_16x16_16x16x1_16x16x1_1x16x1x16_8x8x1_1x2_intrawave_v3,64,256,256,2,16,16,128,0,52577.44,718.8579847319154,"[{""kernelId"": 135, ""latency_cycles"": 52577.44, ""kernelName"": ""a8w8_bpreshuffle_256x64x256x256_16x16_16x16_16x16x1_16x16x1_1x16x1x16_8x8x1_1x2_intrawave_v3""}, {""kernelId"": 121, ""latency_cycles"": 54959.06, ""kernelName"": ""a8w8_bpreshuffle_256x64x128x256_16x16_16x16_16x16x1_16x16x1_1x16x1x16_8x8x1_1x2_intrawave_v3""}, {""kernelId"": 101, ""latency_cycles"": 55027.92, ""kernelName"": ""a8w8_bpreshuffle_256x64x256x128_16x16_16x16_8x32x1_8x32x1_1x32x1x8_8x8x1_2x1_intrawave_v3""}, {""kernelId"": 85, ""latency_cycles"": 60682.08, ""kernelName"": ""a8w8_bpreshuffle_256x64x128x128_16x16_16x16_8x32x1_8x32x1_1x32x1x8_8x8x1_2x1_intrawave_v3""}, {""kernelId"": 128, ""latency_cycles"": 60996.24, ""kernelName"": ""a8w8_bpreshuffle_256x64x192x256_16x16_16x16_16x16x1_16x16x1_1x32x1x8_8x8x1_2x1_intrawave_v3""}]",
a8w8_bpreshuffle,gfx950,12288,2112,6656,torch.float8_e4m3fn,True,device:0,256,aiter,34,a8w8_bpreshuffle_256x256x224x128_16x16_16x16_8x32x1_8x32x1_1x64x1x4_8x8x1_2x1_intrawave_v3,256,224,128,2,16,16,128,0,323403.35,2350.1554602930637,"[{""kernelId"": 34, ""latency_cycles"": 323403.35, ""kernelName"": ""a8w8_bpreshuffle_256x256x224x128_16x16_16x16_8x32x1_8x32x1_1x64x1x4_8x8x1_2x1_intrawave_v3""}, {""kernelId"": 40, ""latency_cycles"": 350977.86, ""kernelName"": ""a8w8_bpreshuffle_256x224x256x128_16x16_16x16_8x32x1_8x32x1_1x32x1x8_8x8x1_2x1_intrawave_v3""}, {""kernelId"": 106, ""latency_cycles"": 350977.86, ""kernelName"": ""a8w8_bpreshuffle_256x224x256x128_16x16_16x16_8x32x1_8x32x1_1x16x1x16_4x4x1_1x1_intrawave_v3""}, {""kernelId"": 2, ""latency_cycles"": 351984.3, ""kernelName"": ""a8w8_bpreshuffle_256x256x256x128_16x16_16x16_8x32x1_8x32x1_1x32x1x8_8x8x1_1x2_intrawave_v3""}, {""kernelId"": 33, ""latency_cycles"": 351984.3, ""kernelName"": ""a8w8_bpreshuffle_256x256x256x128_16x16_16x16_8x32x1_8x32x1_1x32x1x8_8x8x1_2x1_intrawave_v3""}]",
a8w8_bpreshuffle,gfx950,333,2304,5120,torch.float8_e4m3fn,True,device:0,256,aiter,113,a8w8_bpreshuffle_256x48x64x256_16x16_16x16_16x16x1_16x16x1_1x16x1x16_4x4x1_1x1_intrawave_v1,48,64,256,2,16,16,128,0,31357.86,551.1920133685641,"[{""kernelId"": 113, ""latency_cycles"": 31357.86, ""kernelName"": ""a8w8_bpreshuffle_256x48x64x256_16x16_16x16_16x16x1_16x16x1_1x16x1x16_4x4x1_1x1_intrawave_v1""}, {""kernelId"": 120, ""latency_cycles"": 36473.2, ""kernelName"": ""a8w8_bpreshuffle_256x48x128x256_16x16_16x16_16x16x1_16x16x1_1x16x1x16_8x8x1_1x2_intrawave_v1""}, {""kernelId"": 114, ""latency_cycles"": 37010.62, ""kernelName"": ""a8w8_bpreshuffle_256x64x64x256_16x16_16x16_16x16x1_16x16x1_1x32x1x8_8x8x1_2x1_intrawave_v3""}, {""kernelId"": 117, ""latency_cycles"": 38134.74, ""kernelName"": ""a8w8_bpreshuffle_256x112x64x256_16x16_16x16_16x16x1_16x16x1_1x16x1x16_4x4x1_1x1_intrawave_v3""}, {""kernelId"": 119, ""latency_cycles"": 40673.97, ""kernelName"": ""a8w8_bpreshuffle_256x32x128x256_16x16_16x16_16x16x1_16x16x1_1x16x1x16_8x8x1_1x2_intrawave_v1""}]",
a8w8_bpreshuffle,gfx950,24,2304,6144,torch.float8_e4m3fn,True,device:0,256,aiter,75,a8w8_bpreshuffle_128x16x256x64_16x16_16x16_4x16x1_4x32x1_1x16x1x8_8x8x1_1x2_intrawave_v1,16,256,64,2,16,16,128,0,36211.63,41.28093247653696,"[{""kernelId"": 75, ""latency_cycles"": 36211.63, ""kernelName"": ""a8w8_bpreshuffle_128x16x256x64_16x16_16x16_4x16x1_4x32x1_1x16x1x8_8x8x1_1x2_intrawave_v1""}, {""kernelId"": 73, ""latency_cycles"": 36662.89, ""kernelName"": ""a8w8_bpreshuffle_256x32x256x64_16x16_16x16_4x32x1_4x64x1_1x32x1x8_8x8x1_2x1_intrawave_v1""}, {""kernelId"": 72, ""latency_cycles"": 53931.6, ""kernelName"": ""a8w8_bpreshuffle_256x64x256x64_16x16_16x16_4x64x1_4x64x1_1x16x1x16_8x8x1_1x2_intrawave_v1""}, {""kernelId"": 74, ""latency_cycles"": 53931.6, ""kernelName"": ""a8w8_bpreshuffle_256x64x256x64_16x16_16x16_4x64x1_4x64x1_1x32x1x8_8x8x1_2x1_intrawave_v1""}, {""kernelId"": 71, ""latency_cycles"": 70102.96, ""kernelName"": ""a8w8_bpreshuffle_256x128x128x64_16x16_16x16_4x64x1_4x64x1_1x32x1x8_8x8x1_2x1_intrawave_v3""}]",
a8w8_bpreshuffle,gfx950,24,2304,13312,torch.float8_e4m3fn,True,device:0,256,aiter,73,a8w8_bpreshuffle_256x32x256x64_16x16_16x16_4x32x1_4x64x1_1x32x1x8_8x8x1_2x1_intrawave_v1,32,256,64,2,16,16,128,0,47397.21,68.33400677238716,"[{""kernelId"": 73, ""latency_cycles"": 47397.21, ""kernelName"": ""a8w8_bpreshuffle_256x32x256x64_16x16_16x16_4x32x1_4x64x1_1x32x1x8_8x8x1_2x1_intrawave_v1""}, {""kernelId"": 75, ""latency_cycles"": 58623.9, ""kernelName"": ""a8w8_bpreshuffle_128x16x256x64_16x16_16x16_4x16x1_4x32x1_1x16x1x8_8x8x1_1x2_intrawave_v1""}, {""kernelId"": 72, ""latency_cycles"": 73435.72, ""kernelName"": ""a8w8_bpreshuffle_256x64x256x64_16x16_16x16_4x64x1_4x64x1_1x16x1x16_8x8x1_1x2_intrawave_v1""}, {""kernelId"": 74, ""latency_cycles"": 73435.72, ""kernelName"": ""a8w8_bpreshuffle_256x64x256x64_16x16_16x16_4x64x1_4x64x1_1x32x1x8_8x8x1_2x1_intrawave_v1""}, {""kernelId"": 71, ""latency_cycles"": 117256.96, ""kernelName"": ""a8w8_bpreshuffle_256x128x128x64_16x16_16x16_4x64x1_4x64x1_1x32x1x8_8x8x1_2x1_intrawave_v3""}]",
a8w8_bpreshuffle,gfx950,65536,2304,16384,torch.float8_e4m3fn,True,device:0,256,aiter,2,a8w8_bpreshuffle_256x256x256x128_16x16_16x16_8x32x1_8x32x1_1x32x1x8_8x8x1_1x2_intrawave_v3,256,256,128,2,16,16,128,0,3318007.24,3280.633320859069,"[{""kernelId"": 2, ""latency_cycles"": 3318007.24, ""kernelName"": ""a8w8_bpreshuffle_256x256x256x128_16x16_16x16_8x32x1_8x32x1_1x32x1x8_8x8x1_1x2_intrawave_v3""}, {""kernelId"": 33, ""latency_cycles"": 3318007.24, ""kernelName"": ""a8w8_bpreshuffle_256x256x256x128_16x16_16x16_8x32x1_8x32x1_1x32x1x8_8x8x1_2x1_intrawave_v3""}, {""kernelId"": 107, ""latency_cycles"": 3318007.24, ""kernelName"": ""a8w8_bpreshuffle_256x256x256x128_16x16_16x16_8x32x1_8x32x1_1x16x1x16_4x4x1_1x1_intrawave_v3""}, {""kernelId"": 40, ""latency_cycles"": 3831538.97, ""kernelName"": ""a8w8_bpreshuffle_256x224x256x128_16x16_16x16_8x32x1_8x32x1_1x32x1x8_8x8x1_2x1_intrawave_v3""}, {""kernelId"": 106, ""latency_cycles"": 3831538.97, ""kernelName"": ""a8w8_bpreshuffle_256x224x256x128_16x16_16x16_8x32x1_8x32x1_1x16x1x16_4x4x1_1x1_intrawave_v3""}]",
a8w8_bpreshuffle,gfx950,13,2560,5120,torch.float8_e4m3fn,True,device:0,256,aiter,75,a8w8_bpreshuffle_128x16x256x64_16x16_16x16_4x16x1_4x32x1_1x16x1x8_8x8x1_1x2_intrawave_v1,16,256,64,2,16,16,128,0,32640.46,22.969399622836594,"[{""kernelId"": 75, ""latency_cycles"": 32640.46, ""kernelName"": ""a8w8_bpreshuffle_128x16x256x64_16x16_16x16_4x16x1_4x32x1_1x16x1x8_8x8x1_1x2_intrawave_v1""}, {""kernelId"": 73, ""latency_cycles"": 47316.94, ""kernelName"": ""a8w8_bpreshuffle_256x32x256x64_16x16_16x16_4x32x1_4x64x1_1x32x1x8_8x8x1_2x1_intrawave_v1""}, {""kernelId"": 72, ""latency_cycles"": 77055.76, ""kernelName"": ""a8w8_bpreshuffle_256x64x256x64_16x16_16x16_4x64x1_4x64x1_1x16x1x16_8x8x1_1x2_intrawave_v1""}, {""kernelId"": 74, ""latency_cycles"": 77055.76, ""kernelName"": ""a8w8_bpreshuffle_256x64x256x64_16x16_16x16_4x64x1_4x64x1_1x32x1x8_8x8x1_2x1_intrawave_v1""}, {""kernelId"": 71, ""latency_cycles"": 110253.52, ""kernelName"": ""a8w8_bpreshuffle_256x128x128x64_16x16_16x16_4x64x1_4x64x1_1x32x1x8_8x8x1_2x1_intrawave_v3""}]",
a8w8_bpreshuffle,gfx950,20,2560,8192,torch.float8_e4m3fn,True,device:0,256,aiter,75,a8w8_bpreshuffle_128x16x256x64_16x16_16x16_4x16x1_4x32x1_1x16x1x8_8x8x1_1x2_intrawave_v1,16,256,64,2,16,16,128,0,50866.19,36.28134546322823,"[{""kernelId"": 75, ""latency_cycles"": 50866.19, ""kernelName"": ""a8w8_bpreshuffle_128x16x256x64_16x16_16x16_4x16x1_4x32x1_1x16x1x8_8x8x1_1x2_intrawave_v1""}, {""kernelId"": 73, ""latency_cycles"": 51016.51, ""kernelName"": ""a8w8_bpreshuffle_256x32x256x64_16x16_16x16_4x32x1_4x64x1_1x32x1x8_8x8x1_2x1_intrawave_v1""}, {""kernelId"": 72, ""latency_cycles"": 82208.87, ""kernelName"": ""a8w8_bpreshuffle_256x64x256x64_16x16_16x16_4x64x1_4x64x1_1x16x1x16_8x8x1_1x2_intrawave_v1""}, {""kernelId"": 74, ""latency_cycles"": 82208.87, ""kernelName"": ""a8w8_bpreshuffle_256x64x256x64_16x16_16x16_4x64x1_4x64x1_1x32x1x8_8x8x1_2x1_intrawave_v1""}, {""kernelId"": 71, ""latency_cycles"": 101979.05, ""kernelName"": ""a8w8_bpreshuffle_256x128x128x64_16x16_16x16_4x64x1_4x64x1_1x32x1x8_8x8x1_2x1_intrawave_v3""}]",
a8w8_bpreshuffle,gfx950,640,3072,2048,torch.float8_e4m3fn,True,device:0,256,aiter,65,a8w8_bpreshuffle_256x128x64x256_16x16_16x16_16x16x1_16x16x1_1x32x1x8_8x8x1_2x1_intrawave_v3,128,64,256,2,16,16,128,0,21056.26,841.3999726582198,"[{""kernelId"": 65, ""latency_cycles"": 21056.26, ""kernelName"": ""a8w8_bpreshuffle_256x128x64x256_16x16_16x16_16x16x1_16x16x1_1x32x1x8_8x8x1_2x1_intrawave_v3""}, {""kernelId"": 121, ""latency_cycles"": 21056.26, ""kernelName"": ""a8w8_bpreshuffle_256x64x128x256_16x16_16x16_16x16x1_16x16x1_1x16x1x16_8x8x1_1x2_intrawave_v3""}, {""kernelId"": 144, ""latency_cycles"": 21056.26, ""kernelName"": ""a8w8_bpreshuffle_256x128x64x256_16x16_16x16_16x16x1_16x16x1_1x32x1x8_8x8x1_2x1_intrawave_v3""}, {""kernelId"": 122, ""latency_cycles"": 22739.1, ""kernelName"": ""a8w8_bpreshuffle_256x80x128x256_16x16_16x16_16x16x1_16x16x1_1x16x1x16_8x8x1_1x2_intrawave_v3""}, {""kernelId"": 62, ""latency_cycles"": 24223.83, ""kernelName"": ""a8w8_bpreshuffle_256x128x64x128_16x16_16x16_8x32x1_8x32x1_1x32x1x8_8x8x1_2x1_intrawave_v3""}]",
a8w8_bpreshuffle,gfx950,768,3072,3072,torch.float8_e4m3fn,True,device:0,256,aiter,122,a8w8_bpreshuffle_256x80x128x256_16x16_16x16_16x16x1_16x16x1_1x16x1x16_8x8x1_1x2_intrawave_v3,80,128,256,2,16,16,128,0,33738.85,945.2050377384282,"[{""kernelId"": 122, ""latency_cycles"": 33738.85, ""kernelName"": ""a8w8_bpreshuffle_256x80x128x256_16x16_16x16_16x16x1_16x16x1_1x16x1x16_8x8x1_1x2_intrawave_v3""}, {""kernelId"": 64, ""latency_cycles"": 34356.61, ""kernelName"": ""a8w8_bpreshuffle_256x128x96x256_16x16_16x16_16x16x1_16x16x1_1x64x1x4_8x8x1_2x1_intrawave_v3""}, {""kernelId"": 123, ""latency_cycles"": 34356.61, ""kernelName"": ""a8w8_bpreshuffle_256x96x128x256_16x16_16x16_16x16x1_16x16x1_1x16x1x16_8x8x1_1x2_intrawave_v3""}, {""kernelId"": 127, ""latency_cycles"": 35259.96, ""kernelName"": ""a8w8_bpreshuffle_256x48x192x256_16x16_16x16_16x16x1_16x16x1_1x16x1x16_4x4x1_1x1_intrawave_v1""}, {""kernelId"": 128, ""latency_cycles"": 37728.7, ""kernelName"": ""a8w8_bpreshuffle_256x64x192x256_16x16_16x16_16x16x1_16x16x1_1x32x1x8_8x8x1_2x1_intrawave_v3""}]",
a8w8_bpreshuffle,gfx950,10240,3072,3072,torch.float8_e4m3fn,True,device:0,256,aiter,2,a8w8_bpreshuffle_256x256x256x128_16x16_16x16_8x32x1_8x32x1_1x32x1x8_8x8x1_1x2_intrawave_v3,256,256,128,2,16,16,128,0,181731.76,2339.721762697233,"[{""kernelId"": 2, ""latency_cycles"": 181731.76, ""kernelName"": ""a8w8_bpreshuffle_256x256x256x128_16x16_16x16_8x32x1_8x32x1_1x32x1x8_8x8x1_1x2_intrawave_v3""}, {""kernelId"": 33, ""latency_cycles"": 181731.76, ""kernelName"": ""a8w8_bpreshuffle_256x256x256x128_16x16_16x16_8x32x1_8x32x1_1x32x1x8_8x8x1_2x1_intrawave_v3""}, {""kernelId"": 107, ""latency_cycles"": 181731.76, ""kernelName"": ""a8w8_bpreshuffle_256x256x256x128_16x16_16x16_8x32x1_8x32x1_1x16x1x16_4x4x1_1x1_intrawave_v3""}, {""kernelId"": 54, ""latency_cycles"": 213054.97, ""kernelName"": ""a8w8_bpreshuffle_256x160x256x128_16x16_16x16_8x32x1_8x32x1_1x32x1x8_8x8x1_2x1_intrawave_v3""}, {""kernelId"": 104, ""latency_cycles"": 213054.97, ""kernelName"": ""a8w8_bpreshuffle_256x160x256x128_16x16_16x16_8x32x1_8x32x1_1x16x1x16_4x4x1_1x1_intrawave_v3""}]",
a8w8_bpreshuffle,gfx950,80,4096,2048,torch.float8_e4m3fn,True,device:0,256,aiter,12,a8w8_bpreshuffle_256x32x64x512_16x16_16x16_32x8x1_32x8x1_1x32x1x8_8x8x1_1x2_intrawave_v1,32,64,512,2,16,16,128,0,11351.48,260.12373616820577,"[{""kernelId"": 12, ""latency_cycles"": 11351.48, ""kernelName"": ""a8w8_bpreshuffle_256x32x64x512_16x16_16x16_32x8x1_32x8x1_1x32x1x8_8x8x1_1x2_intrawave_v1""}, {""kernelId"": 26, ""latency_cycles"": 11351.48, ""kernelName"": ""a8w8_bpreshuffle_256x32x64x512_16x16_16x16_32x8x1_32x8x1_1x32x1x8_8x8x1_1x2_intrawave_v2""}, {""kernelId"": 112, ""latency_cycles"": 12693.05, ""kernelName"": ""a8w8_bpreshuffle_256x32x64x256_16x16_16x16_16x16x1_16x16x1_1x32x1x8_8x8x1_2x1_intrawave_v1""}, {""kernelId"": 6, ""latency_cycles"": 13430.45, ""kernelName"": ""a8w8_bpreshuffle_256x16x128x512_16x16_16x16_32x8x1_32x8x1_1x16x1x16_8x8x1_1x2_intrawave_v1""}, {""kernelId"": 20, ""latency_cycles"": 13430.45, ""kernelName"": ""a8w8_bpreshuffle_256x16x128x512_16x16_16x16_32x8x1_32x8x1_1x16x1x16_8x8x1_1x2_intrawave_v2""}]",
a8w8_bpreshuffle,gfx950,20,4096,3072,torch.float8_e4m3fn,True,device:0,256,aiter,73,a8w8_bpreshuffle_256x32x256x64_16x16_16x16_4x32x1_4x64x1_1x32x1x8_8x8x1_2x1_intrawave_v1,32,256,64,2,16,16,128,0,47051.78,23.533566975496093,"[{""kernelId"": 73, ""latency_cycles"": 47051.78, ""kernelName"": ""a8w8_bpreshuffle_256x32x256x64_16x16_16x16_4x32x1_4x64x1_1x32x1x8_8x8x1_2x1_intrawave_v1""}, {""kernelId"": 75, ""latency_cycles"": 47573.34, ""kernelName"": ""a8w8_bpreshuffle_128x16x256x64_16x16_16x16_4x16x1_4x32x1_1x16x1x8_8x8x1_1x2_intrawave_v1""}, {""kernelId"": 72, ""latency_cycles"": 67629.17, ""kernelName"": ""a8w8_bpreshuffle_256x64x256x64_16x16_16x16_4x64x1_4x64x1_1x16x1x16_8x8x1_1x2_intrawave_v1""}, {""kernelId"": 74, ""latency_cycles"": 67629.17, ""kernelName"": ""a8w8_bpreshuffle_256x64x256x64_16x16_16x16_4x64x1_4x64x1_1x32x1x8_8x8x1_2x1_intrawave_v1""}, {""kernelId"": 71, ""latency_cycles"": 83777.75, ""kernelName"": ""a8w8_bpreshuffle_256x128x128x64_16x16_16x16_4x64x1_4x64x1_1x32x1x8_8x8x1_2x1_intrawave_v3""}]",
a8w8_bpreshuffle,gfx950,768,4096,3072,torch.float8_e4m3fn,True,device:0,256,aiter,123,a8w8_bpreshuffle_256x96x128x256_16x16_16x16_16x16x1_16x16x1_1x16x1x16_8x8x1_1x2_intrawave_v3,96,128,256,2,16,16,128,0,35063.33,1212.6680661663797,"[{""kernelId"": 123, ""latency_cycles"": 35063.33, ""kernelName"": ""a8w8_bpreshuffle_256x96x128x256_16x16_16x16_16x16x1_16x16x1_1x16x1x16_8x8x1_1x2_intrawave_v3""}, {""kernelId"": 1, ""latency_cycles"": 39479.01, ""kernelName"": ""a8w8_bpreshuffle_256x128x128x256_16x16_16x16_16x16x1_16x16x1_1x32x1x8_8x8x1_1x2_intrawave_v3""}, {""kernelId"": 63, ""latency_cycles"": 39479.01, ""kernelName"": ""a8w8_bpreshuffle_256x128x128x256_16x16_16x16_16x16x1_16x16x1_1x32x1x8_8x8x1_2x1_intrawave_v3""}, {""kernelId"": 139, ""latency_cycles"": 39479.01, ""kernelName"": ""a8w8_bpreshuffle_256x128x128x256_16x16_16x16_16x16x1_16x16x1_1x16x1x16_8x8x1_1x2_intrawave_v3""}, {""kernelId"": 86, ""latency_cycles"": 39930.02, ""kernelName"": ""a8w8_bpreshuffle_256x96x128x128_16x16_16x16_8x32x1_8x32x1_1x32x1x8_8x8x1_2x1_intrawave_v3""}]",
a8w8_bpreshuffle,gfx950,8,4096,7168,torch.float8_e4m3fn,True,device:0,256,aiter,75,a8w8_bpreshuffle_128x16x256x64_16x16_16x16_4x16x1_4x32x1_1x16x1x8_8x8x1_1x2_intrawave_v1,16,256,64,2,16,16,128,0,50409.9,20.5014607208399,"[{""kernelId"": 75, ""latency_cycles"": 50409.9, ""kernelName"": ""a8w8_bpreshuffle_128x16x256x64_16x16_16x16_4x16x1_4x32x1_1x16x1x8_8x8x1_1x2_intrawave_v1""}, {""kernelId"": 73, ""latency_cycles"": 82903.86, ""kernelName"": ""a8w8_bpreshuffle_256x32x256x64_16x16_16x16_4x32x1_4x64x1_1x32x1x8_8x8x1_2x1_intrawave_v1""}, {""kernelId"": 72, ""latency_cycles"": 148608.53, ""kernelName"": ""a8w8_bpreshuffle_256x64x256x64_16x16_16x16_4x64x1_4x64x1_1x16x1x16_8x8x1_1x2_intrawave_v1""}, {""kernelId"": 74, ""latency_cycles"": 148608.53, ""kernelName"": ""a8w8_bpreshuffle_256x64x256x64_16x16_16x16_4x64x1_4x64x1_1x32x1x8_8x8x1_2x1_intrawave_v1""}, {""kernelId"": 71, ""latency_cycles"": 380072.74, ""kernelName"": ""a8w8_bpreshuffle_256x128x128x64_16x16_16x16_4x64x1_4x64x1_1x32x1x8_8x8x1_2x1_intrawave_v3""}]",
a8w8_bpreshuffle,gfx950,320,4096,7168,torch.float8_e4m3fn,True,device:0,256,aiter,115,a8w8_bpreshuffle_256x80x64x256_16x16_16x16_16x16x1_16x16x1_1x16x1x16_4x4x1_1x1_intrawave_v3,80,64,256,2,16,16,128,0,50698.31,815.3932295880543,"[{""kernelId"": 115, ""latency_cycles"": 50698.31, ""kernelName"": ""a8w8_bpreshuffle_256x80x64x256_16x16_16x16_16x16x1_16x16x1_1x16x1x16_4x4x1_1x1_intrawave_v3""}, {""kernelId"": 122, ""latency_cycles"": 55555.49, ""kernelName"": ""a8w8_bpreshuffle_256x80x128x256_16x16_16x16_16x16x1_16x16x1_1x16x1x16_8x8x1_1x2_intrawave_v3""}, {""kernelId"": 120, ""latency_cycles"": 61434.43, ""kernelName"": ""a8w8_bpreshuffle_256x48x128x256_16x16_16x16_16x16x1_16x16x1_1x16x1x16_8x8x1_1x2_intrawave_v1""}, {""kernelId"": 117, ""latency_cycles"": 62487.84, ""kernelName"": ""a8w8_bpreshuffle_256x112x64x256_16x16_16x16_16x16x1_16x16x1_1x16x1x16_4x4x1_1x1_intrawave_v3""}, {""kernelId"": 116, ""latency_cycles"": 62766.44, ""kernelName"": ""a8w8_bpreshuffle_256x96x64x256_16x16_16x16_16x16x1_16x16x1_1x32x1x8_8x8x1_2x1_intrawave_v3""}]",
a8w8_bpreshuffle,gfx950,10240,4096,26624,torch.float8_e4m3fn,True,device:0,256,aiter,40,a8w8_bpreshuffle_256x224x256x128_16x16_16x16_8x32x1_8x32x1_1x32x1x8_8x8x1_2x1_intrawave_v3,224,256,128,2,16,16,128,0,1660281.95,2959.402523668212,"[{""kernelId"": 40, ""latency_cycles"": 1660281.95, ""kernelName"": ""a8w8_bpreshuffle_256x224x256x128_16x16_16x16_8x32x1_8x32x1_1x32x1x8_8x8x1_2x1_intrawave_v3""}, {""kernelId"": 106, ""latency_cycles"": 1660281.95, ""kernelName"": ""a8w8_bpreshuffle_256x224x256x128_16x16_16x16_8x32x1_8x32x1_1x16x1x16_4x4x1_1x1_intrawave_v3""}, {""kernelId"": 34, ""latency_cycles"": 1702029.1, ""kernelName"": ""a8w8_bpreshuffle_256x256x224x128_16x16_16x16_8x32x1_8x32x1_1x64x1x4_8x8x1_2x1_intrawave_v3""}, {""kernelId"": 2, ""latency_cycles"": 1747083.0, ""kernelName"": ""a8w8_bpreshuffle_256x256x256x128_16x16_16x16_8x32x1_8x32x1_1x32x1x8_8x8x1_1x2_intrawave_v3""}, {""kernelId"": 33, ""latency_cycles"": 1747083.0, ""kernelName"": ""a8w8_bpreshuffle_256x256x256x128_16x16_16x16_8x32x1_8x32x1_1x32x1x8_8x8x1_2x1_intrawave_v3""}]",
a8w8_bpreshuffle,gfx950,11,4608,4096,torch.float8_e4m3fn,True,device:0,256,aiter,75,a8w8_bpreshuffle_128x16x256x64_16x16_16x16_4x16x1_4x32x1_1x16x1x8_8x8x1_1x2_intrawave_v1,16,256,64,2,16,16,128,0,44513.61,20.52224893731587,"[{""kernelId"": 75, ""latency_cycles"": 44513.61, ""kernelName"": ""a8w8_bpreshuffle_128x16x256x64_16x16_16x16_4x16x1_4x32x1_1x16x1x8_8x8x1_1x2_intrawave_v1""}, {""kernelId"": 73, ""latency_cycles"": 71251.31, ""kernelName"": ""a8w8_bpreshuffle_256x32x256x64_16x16_16x16_4x32x1_4x64x1_1x32x1x8_8x8x1_2x1_intrawave_v1""}, {""kernelId"": 72, ""latency_cycles"": 124736.99, ""kernelName"": ""a8w8_bpreshuffle_256x64x256x64_16x16_16x16_4x64x1_4x64x1_1x16x1x16_8x8x1_1x2_intrawave_v1""}, {""kernelId"": 74, ""latency_cycles"": 124736.99, ""kernelName"": ""a8w8_bpreshuffle_256x64x256x64_16x16_16x16_4x64x1_4x64x1_1x32x1x8_8x8x1_2x1_intrawave_v1""}, {""kernelId"": 71, ""latency_cycles"": 206564.21, ""kernelName"": ""a8w8_bpreshuffle_256x128x128x64_16x16_16x16_4x64x1_4x64x1_1x32x1x8_8x8x1_2x1_intrawave_v3""}]",
a8w8_bpreshuffle,gfx950,17,4608,4096,torch.float8_e4m3fn,True,device:0,256,aiter,75,a8w8_bpreshuffle_128x16x256x64_16x16_16x16_4x16x1_4x32x1_1x16x1x8_8x8x1_1x2_intrawave_v1,16,256,64,2,16,16,128,0,52828.13,26.724451179754173,"[{""kernelId"": 75, ""latency_cycles"": 52828.13, ""kernelName"": ""a8w8_bpreshuffle_128x16x256x64_16x16_16x16_4x16x1_4x32x1_1x16x1x8_8x8x1_1x2_intrawave_v1""}, {""kernelId"": 73, ""latency_cycles"": 53694.69, ""kernelName"": ""a8w8_bpreshuffle_256x32x256x64_16x16_16x16_4x32x1_4x64x1_1x32x1x8_8x8x1_2x1_intrawave_v1""}, {""kernelId"": 72, ""latency_cycles"": 88785.51, ""kernelName"": ""a8w8_bpreshuffle_256x64x256x64_16x16_16x16_4x64x1_4x64x1_1x16x1x16_8x8x1_1x2_intrawave_v1""}, {""kernelId"": 74, ""latency_cycles"": 88785.51, ""kernelName"": ""a8w8_bpreshuffle_256x64x256x64_16x16_16x16_4x64x1_4x64x1_1x32x1x8_8x8x1_2x1_intrawave_v1""}, {""kernelId"": 71, ""latency_cycles"": 141615.93, ""kernelName"": ""a8w8_bpreshuffle_256x128x128x64_16x16_16x16_4x64x1_4x64x1_1x32x1x8_8x8x1_2x1_intrawave_v3""}]",
a8w8_bpreshuffle,gfx950,64,4608,7168,torch.float8_e4m3fn,True,device:0,256,aiter,125,a8w8_bpreshuffle_256x16x192x256_16x16_16x16_16x16x1_16x16x1_1x16x1x16_4x4x1_1x1_intrawave_v1,16,192,256,2,16,16,128,0,39675.48,234.4341794715259,"[{""kernelId"": 125, ""latency_cycles"": 39675.48, ""kernelName"": ""a8w8_bpreshuffle_256x16x192x256_16x16_16x16_16x16x1_16x16x1_1x16x1x16_4x4x1_1x1_intrawave_v1""}, {""kernelId"": 17, ""latency_cycles"": 42087.26, ""kernelName"": ""a8w8_bpreshuffle_256x16x256x256_16x16_16x16_16x16x1_16x16x1_1x16x1x16_8x8x1_1x2_intrawave_v1""}, {""kernelId"": 31, ""latency_cycles"": 42087.26, ""kernelName"": ""a8w8_bpreshuffle_256x16x256x256_16x16_16x16_16x16x1_16x16x1_1x16x1x16_8x8x1_1x2_intrawave_v2""}, {""kernelId"": 110, ""latency_cycles"": 42087.26, ""kernelName"": ""a8w8_bpreshuffle_256x16x256x256_16x16_16x16_16x16x1_16x16x1_1x16x1x16_8x8x1_1x2_intrawave_v1""}, {""kernelId"": 132, ""latency_cycles"": 42087.26, ""kernelName"": ""a8w8_bpreshuffle_256x16x256x256_16x16_16x16_16x16x1_16x16x1_1x16x1x16_8x8x1_1x2_intrawave_v1""}]",
a8w8_bpreshuffle,gfx950,512,4608,7168,torch.float8_e4m3fn,True,device:0,256,aiter,64,a8w8_bpreshuffle_256x128x96x256_16x16_16x16_16x16x1_16x16x1_1x64x1x4_8x8x1_2x1_intrawave_v3,128,96,256,2,16,16,128,0,72752.97,1022.7802836297391,"[{""kernelId"": 64, ""latency_cycles"": 72752.97, ""kernelName"": ""a8w8_bpreshuffle_256x128x96x256_16x16_16x16_16x16x1_16x16x1_1x64x1x4_8x8x1_2x1_intrawave_v3""}, {""kernelId"": 122, ""latency_cycles"": 73266.47, ""kernelName"": ""a8w8_bpreshuffle_256x80x128x256_16x16_16x16_16x16x1_16x16x1_1x16x1x16_8x8x1_1x2_intrawave_v3""}, {""kernelId"": 123, ""latency_cycles"": 79737.3, ""kernelName"": ""a8w8_bpreshuffle_256x96x128x256_16x16_16x16_16x16x1_16x16x1_1x16x1x16_8x8x1_1x2_intrawave_v3""}, {""kernelId"": 128, ""latency_cycles"": 80467.41, ""kernelName"": ""a8w8_bpreshuffle_256x64x192x256_16x16_16x16_16x16x1_16x16x1_1x32x1x8_8x8x1_2x1_intrawave_v3""}, {""kernelId"": 1, ""latency_cycles"": 81696.76, ""kernelName"": ""a8w8_bpreshuffle_256x128x128x256_16x16_16x16_16x16x1_16x16x1_1x32x1x8_8x8x1_1x2_intrawave_v3""}]",
a8w8_bpreshuffle,gfx950,6144,4608,16384,torch.float8_e4m3fn,True,device:0,256,aiter,34,a8w8_bpreshuffle_256x256x224x128_16x16_16x16_8x32x1_8x32x1_1x64x1x4_8x8x1_2x1_intrawave_v3,256,224,128,2,16,16,128,0,706763.88,2887.765635613636,"[{""kernelId"": 34, ""latency_cycles"": 706763.88, ""kernelName"": ""a8w8_bpreshuffle_256x256x224x128_16x16_16x16_8x32x1_8x32x1_1x64x1x4_8x8x1_2x1_intrawave_v3""}, {""kernelId"": 40, ""latency_cycles"": 706763.88, ""kernelName"": ""a8w8_bpreshuffle_256x224x256x128_16x16_16x16_8x32x1_8x32x1_1x32x1x8_8x8x1_2x1_intrawave_v3""}, {""kernelId"": 106, ""latency_cycles"": 706763.88, ""kernelName"": ""a8w8_bpreshuffle_256x224x256x128_16x16_16x16_8x32x1_8x32x1_1x16x1x16_4x4x1_1x1_intrawave_v3""}, {""kernelId"": 2, ""latency_cycles"": 737334.94, ""kernelName"": ""a8w8_bpreshuffle_256x256x256x128_16x16_16x16_8x32x1_8x32x1_1x32x1x8_8x8x1_1x2_intrawave_v3""}, {""kernelId"": 33, ""latency_cycles"": 737334.94, ""kernelName"": ""a8w8_bpreshuffle_256x256x256x128_16x16_16x16_8x32x1_8x32x1_1x32x1x8_8x8x1_2x1_intrawave_v3""}]",
a8w8_bpreshuffle,gfx950,6,5120,256,torch.float8_e4m3fn,True,device:0,256,aiter,75,a8w8_bpreshuffle_128x16x256x64_16x16_16x16_4x16x1_4x32x1_1x16x1x8_8x8x1_1x2_intrawave_v1,16,256,64,2,16,16,128,0,20066.21,1.7244420028786718,"[{""kernelId"": 75, ""latency_cycles"": 20066.21, ""kernelName"": ""a8w8_bpreshuffle_128x16x256x64_16x16_16x16_4x16x1_4x32x1_1x16x1x8_8x8x1_1x2_intrawave_v1""}, {""kernelId"": 73, ""latency_cycles"": 38093.23, ""kernelName"": ""a8w8_bpreshuffle_256x32x256x64_16x16_16x16_4x32x1_4x64x1_1x32x1x8_8x8x1_2x1_intrawave_v1""}, {""kernelId"": 72, ""latency_cycles"": 74174.0, ""kernelName"": ""a8w8_bpreshuffle_256x64x256x64_16x16_16x16_4x64x1_4x64x1_1x16x1x16_8x8x1_1x2_intrawave_v1""}, {""kernelId"": 74, ""latency_cycles"": 74174.0, ""kernelName"": ""a8w8_bpreshuffle_256x64x256x64_16x16_16x16_4x64x1_4x64x1_1x32x1x8_8x8x1_2x1_intrawave_v1""}, {""kernelId"": 71, ""latency_cycles"": 106995.41, ""kernelName"": ""a8w8_bpreshuffle_256x128x128x64_16x16_16x16_4x64x1_4x64x1_1x32x1x8_8x8x1_2x1_intrawave_v3""}]",
a8w8_bpreshuffle,gfx950,17,5120,640,torch.float8_e4m3fn,True,device:0,256,aiter,75,a8w8_bpreshuffle_128x16x256x64_16x16_16x16_4x16x1_4x32x1_1x16x1x8_8x8x1_1x2_intrawave_v1,16,256,64,2,16,16,128,0,28347.01,8.64657788804919,"[{""kernelId"": 75, ""latency_cycles"": 28347.01, ""kernelName"": ""a8w8_bpreshuffle_128x16x256x64_16x16_16x16_4x16x1_4x32x1_1x16x1x8_8x8x1_1x2_intrawave_v1""}, {""kernelId"": 73, ""latency_cycles"": 36249.86, ""kernelName"": ""a8w8_bpreshuffle_256x32x256x64_16x16_16x16_4x32x1_4x64x1_1x32x1x8_8x8x1_2x1_intrawave_v1""}, {""kernelId"": 72, ""latency_cycles"": 66473.43, ""kernelName"": ""a8w8_bpreshuffle_256x64x256x64_16x16_16x16_4x64x1_4x64x1_1x16x1x16_8x8x1_1x2_intrawave_v1""}, {""kernelId"": 74, ""latency_cycles"": 66473.43, ""kernelName"": ""a8w8_bpreshuffle_256x64x256x64_16x16_16x16_4x64x1_4x64x1_1x32x1x8_8x8x1_2x1_intrawave_v1""}, {""kernelId"": 71, ""latency_cycles"": 93262.43, ""kernelName"": ""a8w8_bpreshuffle_256x128x128x64_16x16_16x16_4x64x1_4x64x1_1x32x1x8_8x8x1_2x1_intrawave_v3""}]",
a8w8_bpreshuffle,gfx950,20,5120,1280,torch.float8_e4m3fn,True,device:0,256,aiter,75,a8w8_bpreshuffle_128x16x256x64_16x16_16x16_4x16x1_4x32x1_1x16x1x8_8x8x1_1x2_intrawave_v1,16,256,64,2,16,16,128,0,31773.33,18.150971549062486,"[{""kernelId"": 75, ""latency_cycles"": 31773.33, ""kernelName"": ""a8w8_bpreshuffle_128x16x256x64_16x16_16x16_4x16x1_4x32x1_1x16x1x8_8x8x1_1x2_intrawave_v1""}, {""kernelId"": 73, ""latency_cycles"": 35479.09, ""kernelName"": ""a8w8_bpreshuffle_256x32x256x64_16x16_16x16_4x32x1_4x64x1_1x32x1x8_8x8x1_2x1_intrawave_v1""}, {""kernelId"": 72, ""latency_cycles"": 61738.9, ""kernelName"": ""a8w8_bpreshuffle_256x64x256x64_16x16_16x16_4x64x1_4x64x1_1x16x1x16_8x8x1_1x2_intrawave_v1""}, {""kernelId"": 74, ""latency_cycles"": 61738.9, ""kernelName"": ""a8w8_bpreshuffle_256x64x256x64_16x16_16x16_4x64x1_4x64x1_1x32x1x8_8x8x1_2x1_intrawave_v1""}, {""kernelId"": 71, ""latency_cycles"": 85757.95, ""kernelName"": ""a8w8_bpreshuffle_256x128x128x64_16x16_16x16_4x64x1_4x64x1_1x32x1x8_8x8x1_2x1_intrawave_v3""}]",
a8w8_bpreshuffle,gfx950,15,5120,1536,torch.float8_e4m3fn,True,device:0,256,aiter,75,a8w8_bpreshuffle_128x16x256x64_16x16_16x16_4x16x1_4x32x1_1x16x1x8_8x8x1_1x2_intrawave_v1,16,256,64,2,16,16,128,0,25750.44,20.156747159301773,"[{""kernelId"": 75, ""latency_cycles"": 25750.44, ""kernelName"": ""a8w8_bpreshuffle_128x16x256x64_16x16_16x16_4x16x1_4x32x1_1x16x1x8_8x8x1_1x2_intrawave_v1""}, {""kernelId"": 73, ""latency_cycles"": 37891.27, ""kernelName"": ""a8w8_bpreshuffle_256x32x256x64_16x16_16x16_4x32x1_4x64x1_1x32x1x8_8x8x1_2x1_intrawave_v1""}, {""kernelId"": 72, ""latency_cycles"": 66081.6, ""kernelName"": ""a8w8_bpreshuffle_256x64x256x64_16x16_16x16_4x64x1_4x64x1_1x16x1x16_8x8x1_1x2_intrawave_v1""}, {""kernelId"": 74, ""latency_cycles"": 66081.6, ""kernelName"": ""a8w8_bpreshuffle_256x64x256x64_16x16_16x16_4x64x1_4x64x1_1x32x1x8_8x8x1_2x1_intrawave_v1""}, {""kernelId"": 71, ""latency_cycles"": 100656.72, ""kernelName"": ""a8w8_bpreshuffle_256x128x128x64_16x16_16x16_4x64x1_4x64x1_1x32x1x8_8x8x1_2x1_intrawave_v3""}]",
a8w8_bpreshuffle,gfx950,17,5120,1536,torch.float8_e4m3fn,True,device:0,256,aiter,75,a8w8_bpreshuffle_128x16x256x64_16x16_16x16_4x16x1_4x32x1_1x16x1x8_8x8x1_1x2_intrawave_v1,16,256,64,2,16,16,128,0,33991.5,17.305828105092328,"[{""kernelId"": 75, ""latency_cycles"": 33991.5, ""kernelName"": ""a8w8_bpreshuffle_128x16x256x64_16x16_16x16_4x16x1_4x32x1_1x16x1x8_8x8x1_1x2_intrawave_v1""}, {""kernelId"": 73, ""latency_cycles"": 36210.83, ""kernelName"": ""a8w8_bpreshuffle_256x32x256x64_16x16_16x16_4x32x1_4x64x1_1x32x1x8_8x8x1_2x1_intrawave_v1""}, {""kernelId"": 72, ""latency_cycles"": 61244.88, ""kernelName"": ""a8w8_bpreshuffle_256x64x256x64_16x16_16x16_4x64x1_4x64x1_1x16x1x16_8x8x1_1x2_intrawave_v1""}, {""kernelId"": 74, ""latency_cycles"": 61244.88, ""kernelName"": ""a8w8_bpreshuffle_256x64x256x64_16x16_16x16_4x64x1_4x64x1_1x32x1x8_8x8x1_2x1_intrawave_v1""}, {""kernelId"": 71, ""latency_cycles"": 84995.83, ""kernelName"": ""a8w8_bpreshuffle_256x128x128x64_16x16_16x16_4x64x1_4x64x1_1x32x1x8_8x8x1_2x1_intrawave_v3""}]",
a8w8_bpreshuffle,gfx950,14,5120,3072,torch.float8_e4m3fn,True,device:0,256,aiter,75,a8w8_bpreshuffle_128x16x256x64_16x16_16x16_4x16x1_4x32x1_1x16x1x8_8x8x1_1x2_intrawave_v1,16,256,64,2,16,16,128,0,38634.09,25.07847944971144,"[{""kernelId"": 75, ""latency_cycles"": 38634.09, ""kernelName"": ""a8w8_bpreshuffle_128x16x256x64_16x16_16x16_4x16x1_4x32x1_1x16x1x8_8x8x1_1x2_intrawave_v1""}, {""kernelId"": 73, ""latency_cycles"": 52737.8, ""kernelName"": ""a8w8_bpreshuffle_256x32x256x64_16x16_16x16_4x32x1_4x64x1_1x32x1x8_8x8x1_2x1_intrawave_v1""}, {""kernelId"": 72, ""latency_cycles"": 81085.59, ""kernelName"": ""a8w8_bpreshuffle_256x64x256x64_16x16_16x16_4x64x1_4x64x1_1x16x1x16_8x8x1_1x2_intrawave_v1""}, {""kernelId"": 74, ""latency_cycles"": 81085.59, ""kernelName"": ""a8w8_bpreshuffle_256x64x256x64_16x16_16x16_4x64x1_4x64x1_1x32x1x8_8x8x1_2x1_intrawave_v1""}, {""kernelId"": 71, ""latency_cycles"": 152454.55, ""kernelName"": ""a8w8_bpreshuffle_256x128x128x64_16x16_16x16_4x64x1_4x64x1_1x32x1x8_8x8x1_2x1_intrawave_v3""}]",
a8w8_bpreshuffle,gfx950,56,5120,3072,torch.float8_e4m3fn,True,device:0,256,aiter,6,a8w8_bpreshuffle_256x16x128x512_16x16_16x16_32x8x1_32x8x1_1x16x1x16_8x8x1_1x2_intrawave_v1,16,128,512,2,16,16,128,0,21612.98,179.31522555972563,"[{""kernelId"": 6, ""latency_cycles"": 21612.98, ""kernelName"": ""a8w8_bpreshuffle_256x16x128x512_16x16_16x16_32x8x1_32x8x1_1x16x1x16_8x8x1_1x2_intrawave_v1""}, {""kernelId"": 20, ""latency_cycles"": 21612.98, ""kernelName"": ""a8w8_bpreshuffle_256x16x128x512_16x16_16x16_32x8x1_32x8x1_1x16x1x16_8x8x1_1x2_intrawave_v2""}, {""kernelId"": 16, ""latency_cycles"": 23776.59, ""kernelName"": ""a8w8_bpreshuffle_256x16x128x256_16x16_16x16_16x16x1_16x16x1_1x16x1x16_8x8x1_1x2_intrawave_v1""}, {""kernelId"": 30, ""latency_cycles"": 23776.59, ""kernelName"": ""a8w8_bpreshuffle_256x16x128x256_16x16_16x16_16x16x1_16x16x1_1x16x1x16_8x8x1_1x2_intrawave_v2""}, {""kernelId"": 109, ""latency_cycles"": 23776.59, ""kernelName"": ""a8w8_bpreshuffle_256x16x128x256_16x16_16x16_16x16x1_16x16x1_1x16x1x16_8x8x1_1x2_intrawave_v1""}]",
a8w8_bpreshuffle,gfx950,17,5120,5120,torch.float8_e4m3fn,True,device:0,256,aiter,73,a8w8_bpreshuffle_256x32x256x64_16x16_16x16_4x32x1_4x64x1_1x32x1x8_8x8x1_2x1_intrawave_v1,32,256,64,2,16,16,128,0,48623.44,40.326996962076116,"[{""kernelId"": 73, ""latency_cycles"": 48623.44, ""kernelName"": ""a8w8_bpreshuffle_256x32x256x64_16x16_16x16_4x32x1_4x64x1_1x32x1x8_8x8x1_2x1_intrawave_v1""}, {""kernelId"": 75, ""latency_cycles"": 65516.86, ""kernelName"": ""a8w8_bpreshuffle_128x16x256x64_16x16_16x16_4x16x1_4x32x1_1x16x1x8_8x8x1_1x2_intrawave_v1""}, {""kernelId"": 72, ""latency_cycles"": 78399.76, ""kernelName"": ""a8w8_bpreshuffle_256x64x256x64_16x16_16x16_4x64x1_4x64x1_1x16x1x16_8x8x1_1x2_intrawave_v1""}, {""kernelId"": 74, ""latency_cycles"": 78399.76, ""kernelName"": ""a8w8_bpreshuffle_256x64x256x64_16x16_16x16_4x64x1_4x64x1_1x32x1x8_8x8x1_2x1_intrawave_v1""}, {""kernelId"": 71, ""latency_cycles"": 183814.39, ""kernelName"": ""a8w8_bpreshuffle_256x128x128x64_16x16_16x16_4x64x1_4x64x1_1x32x1x8_8x8x1_2x1_intrawave_v3""}]",
a8w8_bpreshuffle,gfx950,256,5120,8192,torch.float8_e4m3fn,True,device:0,256,aiter,102,a8w8_bpreshuffle_256x96x256x128_16x16_16x16_8x32x1_8x32x1_1x32x1x8_8x8x1_2x1_intrawave_v3,96,256,128,2,16,16,128,0,67662.58,698.2388560679009,"[{""kernelId"": 102, ""latency_cycles"": 67662.58, ""kernelName"": ""a8w8_bpreshuffle_256x96x256x128_16x16_16x16_8x32x1_8x32x1_1x32x1x8_8x8x1_2x1_intrawave_v3""}, {""kernelId"": 116, ""latency_cycles"": 68451.05, ""kernelName"": ""a8w8_bpreshuffle_256x96x64x256_16x16_16x16_16x16x1_16x16x1_1x32x1x8_8x8x1_2x1_intrawave_v3""}, {""kernelId"": 128, ""latency_cycles"": 69216.56, ""kernelName"": ""a8w8_bpreshuffle_256x64x192x256_16x16_16x16_16x16x1_16x16x1_1x32x1x8_8x8x1_2x1_intrawave_v3""}, {""kernelId"": 123, ""latency_cycles"": 69527.08, ""kernelName"": ""a8w8_bpreshuffle_256x96x128x256_16x16_16x16_16x16x1_16x16x1_1x16x1x16_8x8x1_1x2_intrawave_v3""}, {""kernelId"": 121, ""latency_cycles"": 71621.73, ""kernelName"": ""a8w8_bpreshuffle_256x64x128x256_16x16_16x16_16x16x1_16x16x1_1x16x1x16_8x8x1_1x2_intrawave_v3""}]",
a8w8_bpreshuffle,gfx950,1280,5120,8192,torch.float8_e4m3fn,True,device:0,256,aiter,57,a8w8_bpreshuffle_256x160x160x128_16x16_16x16_8x32x1_8x32x1_1x32x1x8_4x4x1_1x1_intrawave_v3,160,160,128,2,16,16,128,0,129816.25,1819.6736342610639,"[{""kernelId"": 57, ""latency_cycles"": 129816.25, ""kernelName"": ""a8w8_bpreshuffle_256x160x160x128_16x16_16x16_8x32x1_8x32x1_1x32x1x8_4x4x1_1x1_intrawave_v3""}, {""kernelId"": 138, ""latency_cycles"": 135187.9, ""kernelName"": ""a8w8_bpreshuffle_256x112x256x256_16x16_16x16_16x16x1_16x16x1_1x16x1x16_8x8x1_1x2_intrawave_v3""}, {""kernelId"": 154, ""latency_cycles"": 135302.79, ""kernelName"": ""a8w8_bpreshuffle_256x128x256x256_16x16_16x16_16x16x1_16x16x1_1x16x1x16_8x8x1_1x2_intrawave_v3""}, {""kernelId"": 67, ""latency_cycles"": 139719.27, ""kernelName"": ""a8w8_bpreshuffle_256x128x224x128_16x16_16x16_8x32x1_8x32x1_1x64x1x4_8x8x1_2x1_intrawave_v3""}, {""kernelId"": 56, ""latency_cycles"": 140757.7, ""kernelName"": ""a8w8_bpreshuffle_256x160x192x128_16x16_16x16_8x32x1_8x32x1_1x32x1x8_8x8x1_2x1_intrawave_v3""}]",
a8w8_bpreshuffle,gfx950,20,6144,1536,torch.float8_e4m3fn,True,device:0,256,aiter,75,a8w8_bpreshuffle_128x16x256x64_16x16_16x16_4x16x1_4x32x1_1x16x1x8_8x8x1_1x2_intrawave_v1,16,256,64,2,16,16,128,0,31884.8,26.046023051833505,"[{""kernelId"": 75, ""latency_cycles"": 31884.8, ""kernelName"": ""a8w8_bpreshuffle_128x16x256x64_16x16_16x16_4x16x1_4x32x1_1x16x1x8_8x8x1_1x2_intrawave_v1""}, {""kernelId"": 73, ""latency_cycles"": 34935.88, ""kernelName"": ""a8w8_bpreshuffle_256x32x256x64_16x16_16x16_4x32x1_4x64x1_1x32x1x8_8x8x1_2x1_intrawave_v1""}, {""kernelId"": 72, ""latency_cycles"": 56419.11, ""kernelName"": ""a8w8_bpreshuffle_256x64x256x64_16x16_16x16_4x64x1_4x64x1_1x16x1x16_8x8x1_1x2_intrawave_v1""}, {""kernelId"": 74, ""latency_cycles"": 56419.11, ""kernelName"": ""a8w8_bpreshuffle_256x64x256x64_16x16_16x16_4x64x1_4x64x1_1x32x1x8_8x8x1_2x1_intrawave_v1""}, {""kernelId"": 71, ""latency_cycles"": 78626.85, ""kernelName"": ""a8w8_bpreshuffle_256x128x128x64_16x16_16x16_4x64x1_4x64x1_1x32x1x8_8x8x1_2x1_intrawave_v3""}]",
a8w8_bpreshuffle,gfx950,448,6144,2304,torch.float8_e4m3fn,True,device:0,256,aiter,124,a8w8_bpreshuffle_256x112x128x256_16x16_16x16_16x16x1_16x16x1_1x16x1x16_8x8x1_1x2_intrawave_v3,112,128,256,2,16,16,128,0,29311.4,951.9800604595454,"[{""kernelId"": 124, ""latency_cycles"": 29311.4, ""kernelName"": ""a8w8_bpreshuffle_256x112x128x256_16x16_16x16_16x16x1_16x16x1_1x16x1x16_8x8x1_1x2_intrawave_v3""}, {""kernelId"": 128, ""latency_cycles"": 30034.82, ""kernelName"": ""a8w8_bpreshuffle_256x64x192x256_16x16_16x16_16x16x1_16x16x1_1x32x1x8_8x8x1_2x1_intrawave_v3""}, {""kernelId"": 123, ""latency_cycles"": 30085.19, ""kernelName"": ""a8w8_bpreshuffle_256x96x128x256_16x16_16x16_16x16x1_16x16x1_1x16x1x16_8x8x1_1x2_intrawave_v3""}, {""kernelId"": 64, ""latency_cycles"": 30444.14, ""kernelName"": ""a8w8_bpreshuffle_256x128x96x256_16x16_16x16_16x16x1_16x16x1_1x64x1x4_8x8x1_2x1_intrawave_v3""}, {""kernelId"": 93, ""latency_cycles"": 33343.84, ""kernelName"": ""a8w8_bpreshuffle_256x64x192x128_16x16_16x16_8x32x1_8x32x1_1x32x1x8_8x8x1_2x1_intrawave_v3""}]",
a8w8_bpreshuffle,gfx950,5,6144,3072,torch.float8_e4m3fn,True,device:0,256,aiter,75,a8w8_bpreshuffle_128x16x256x64_16x16_16x16_4x16x1_4x32x1_1x16x1x8_8x8x1_1x2_intrawave_v1,16,256,64,2,16,16,128,0,72011.26,5.7662662124593815,"[{""kernelId"": 75, ""latency_cycles"": 72011.26, ""kernelName"": ""a8w8_bpreshuffle_128x16x256x64_16x16_16x16_4x16x1_4x32x1_1x16x1x8_8x8x1_1x2_intrawave_v1""}, {""kernelId"": 73, ""latency_cycles"": 112352.59, ""kernelName"": ""a8w8_bpreshuffle_256x32x256x64_16x16_16x16_4x32x1_4x64x1_1x32x1x8_8x8x1_2x1_intrawave_v1""}, {""kernelId"": 72, ""latency_cycles"": 193425.0, ""kernelName"": ""a8w8_bpreshuffle_256x64x256x64_16x16_16x16_4x64x1_4x64x1_1x16x1x16_8x8x1_1x2_intrawave_v1""}, {""kernelId"": 74, ""latency_cycles"": 193425.0, ""kernelName"": ""a8w8_bpreshuffle_256x64x256x64_16x16_16x16_4x64x1_4x64x1_1x32x1x8_8x8x1_2x1_intrawave_v1""}, {""kernelId"": 71, ""latency_cycles"": 437596.41, ""kernelName"": ""a8w8_bpreshuffle_256x128x128x64_16x16_16x16_4x64x1_4x64x1_1x32x1x8_8x8x1_2x1_intrawave_v3""}]",
a8w8_bpreshuffle,gfx950,12288,6144,3072,torch.float8_e4m3fn,True,device:0,256,aiter,2,a8w8_bpreshuffle_256x256x256x128_16x16_16x16_8x32x1_8x32x1_1x32x1x8_8x8x1_1x2_intrawave_v3,256,256,128,2,16,16,128,0,454329.41,2246.1328921893432,"[{""kernelId"": 2, ""latency_cycles"": 454329.41, ""kernelName"": ""a8w8_bpreshuffle_256x256x256x128_16x16_16x16_8x32x1_8x32x1_1x32x1x8_8x8x1_1x2_intrawave_v3""}, {""kernelId"": 33, ""latency_cycles"": 454329.41, ""kernelName"": ""a8w8_bpreshuffle_256x256x256x128_16x16_16x16_8x32x1_8x32x1_1x32x1x8_8x8x1_2x1_intrawave_v3""}, {""kernelId"": 107, ""latency_cycles"": 454329.41, ""kernelName"": ""a8w8_bpreshuffle_256x256x256x128_16x16_16x16_8x32x1_8x32x1_1x16x1x16_4x4x1_1x1_intrawave_v3""}, {""kernelId"": 35, ""latency_cycles"": 465805.05, ""kernelName"": ""a8w8_bpreshuffle_256x256x192x128_16x16_16x16_8x32x1_8x32x1_1x32x1x8_8x8x1_2x1_intrawave_v3""}, {""kernelId"": 47, ""latency_cycles"": 465805.05, ""kernelName"": ""a8w8_bpreshuffle_256x192x256x128_16x16_16x16_8x32x1_8x32x1_1x32x1x8_8x8x1_2x1_intrawave_v3""}]",
a8w8_bpreshuffle,gfx950,5120,6144,4096,torch.float8_e4m3fn,True,device:0,256,aiter,2,a8w8_bpreshuffle_256x256x256x128_16x16_16x16_8x32x1_8x32x1_1x32x1x8_8x8x1_1x2_intrawave_v3,256,256,128,2,16,16,128,0,224470.47,2525.658202904867,"[{""kernelId"": 2, ""latency_cycles"": 224470.47, ""kernelName"": ""a8w8_bpreshuffle_256x256x256x128_16x16_16x16_8x32x1_8x32x1_1x32x1x8_8x8x1_1x2_intrawave_v3""}, {""kernelId"": 33, ""latency_cycles"": 224470.47, ""kernelName"": ""a8w8_bpreshuffle_256x256x256x128_16x16_16x16_8x32x1_8x32x1_1x32x1x8_8x8x1_2x1_intrawave_v3""}, {""kernelId"": 107, ""latency_cycles"": 224470.47, ""kernelName"": ""a8w8_bpreshuffle_256x256x256x128_16x16_16x16_8x32x1_8x32x1_1x16x1x16_4x4x1_1x1_intrawave_v3""}, {""kernelId"": 54, ""latency_cycles"": 267392.76, ""kernelName"": ""a8w8_bpreshuffle_256x160x256x128_16x16_16x16_8x32x1_8x32x1_1x32x1x8_8x8x1_2x1_intrawave_v3""}, {""kernelId"": 104, ""latency_cycles"": 267392.76, ""kernelName"": ""a8w8_bpreshuffle_256x160x256x128_16x16_16x16_8x32x1_8x32x1_1x16x1x16_4x4x1_1x1_intrawave_v3""}]",
a8w8_bpreshuffle,gfx950,10000,6144,4096,torch.float8_e4m3fn,True,device:0,256,aiter,2,a8w8_bpreshuffle_256x256x256x128_16x16_16x16_8x32x1_8x32x1_1x32x1x8_8x8x1_1x2_intrawave_v3,256,256,128,2,16,16,128,0,463470.57,2389.1404050574865,"[{""kernelId"": 2, ""latency_cycles"": 463470.57, ""kernelName"": ""a8w8_bpreshuffle_256x256x256x128_16x16_16x16_8x32x1_8x32x1_1x32x1x8_8x8x1_1x2_intrawave_v3""}, {""kernelId"": 33, ""latency_cycles"": 463470.57, ""kernelName"": ""a8w8_bpreshuffle_256x256x256x128_16x16_16x16_8x32x1_8x32x1_1x32x1x8_8x8x1_2x1_intrawave_v3""}, {""kernelId"": 107, ""latency_cycles"": 463470.57, ""kernelName"": ""a8w8_bpreshuffle_256x256x256x128_16x16_16x16_8x32x1_8x32x1_1x16x1x16_4x4x1_1x1_intrawave_v3""}, {""kernelId"": 47, ""latency_cycles"": 496870.13, ""kernelName"": ""a8w8_bpreshuffle_256x192x256x128_16x16_16x16_8x32x1_8x32x1_1x32x1x8_8x8x1_2x1_intrawave_v3""}, {""kernelId"": 105, ""latency_cycles"": 496870.13, ""kernelName"": ""a8w8_bpreshuffle_256x192x256x128_16x16_16x16_8x32x1_8x32x1_1x16x1x16_4x4x1_1x1_intrawave_v3""}]",
a8w8_bpreshuffle,gfx950,14,6144,5120,torch.float8_e4m3fn,True,device:0,256,aiter,75,a8w8_bpreshuffle_128x16x256x64_16x16_16x16_4x16x1_4x32x1_1x16x1x8_8x8x1_1x2_intrawave_v1,16,256,64,2,16,16,128,0,38632.14,50.159489327186975,"[{""kernelId"": 75, ""latency_cycles"": 38632.14, ""kernelName"": ""a8w8_bpreshuffle_128x16x256x64_16x16_16x16_4x16x1_4x32x1_1x16x1x8_8x8x1_1x2_intrawave_v1""}, {""kernelId"": 73, ""latency_cycles"": 58449.15, ""kernelName"": ""a8w8_bpreshuffle_256x32x256x64_16x16_16x16_4x32x1_4x64x1_1x32x1x8_8x8x1_2x1_intrawave_v1""}, {""kernelId"": 72, ""latency_cycles"": 98392.76, ""kernelName"": ""a8w8_bpreshuffle_256x64x256x64_16x16_16x16_4x64x1_4x64x1_1x16x1x16_8x8x1_1x2_intrawave_v1""}, {""kernelId"": 74, ""latency_cycles"": 98392.76, ""kernelName"": ""a8w8_bpreshuffle_256x64x256x64_16x16_16x16_4x64x1_4x64x1_1x32x1x8_8x8x1_2x1_intrawave_v1""}, {""kernelId"": 71, ""latency_cycles"": 245806.26, ""kernelName"": ""a8w8_bpreshuffle_256x128x128x64_16x16_16x16_4x64x1_4x64x1_1x32x1x8_8x8x1_2x1_intrawave_v3""}]",
a8w8_bpreshuffle,gfx950,100,6144,5120,torch.float8_e4m3fn,True,device:0,256,aiter,126,a8w8_bpreshuffle_256x32x192x256_16x16_16x16_16x16x1_16x16x1_1x32x1x8_8x8x1_2x1_intrawave_v1,32,192,256,2,16,16,128,0,45262.98,305.79523097365654,"[{""kernelId"": 126, ""latency_cycles"": 45262.98, ""kernelName"": ""a8w8_bpreshuffle_256x32x192x256_16x16_16x16_16x16x1_16x16x1_1x32x1x8_8x8x1_2x1_intrawave_v1""}, {""kernelId"": 119, ""latency_cycles"": 46832.72, ""kernelName"": ""a8w8_bpreshuffle_256x32x128x256_16x16_16x16_16x16x1_16x16x1_1x16x1x16_8x8x1_1x2_intrawave_v1""}, {""kernelId"": 92, ""latency_cycles"": 49381.44, ""kernelName"": ""a8w8_bpreshuffle_256x32x192x128_16x16_16x16_8x32x1_8x32x1_1x32x1x8_8x8x1_2x1_intrawave_v1""}, {""kernelId"": 125, ""latency_cycles"": 51334.98, ""kernelName"": ""a8w8_bpreshuffle_256x16x192x256_16x16_16x16_16x16x1_16x16x1_1x16x1x16_4x4x1_1x1_intrawave_v1""}, {""kernelId"": 127, ""latency_cycles"": 54397.85, ""kernelName"": ""a8w8_bpreshuffle_256x48x192x256_16x16_16x16_16x16x1_16x16x1_1x16x1x16_4x4x1_1x1_intrawave_v1""}]",
a8w8_bpreshuffle,gfx950,448,6144,5120,torch.float8_e4m3fn,True,device:0,256,aiter,124,a8w8_bpreshuffle_256x112x128x256_16x16_16x16_16x16x1_16x16x1_1x16x1x16_8x8x1_1x2_intrawave_v3,112,128,256,2,16,16,128,0,57201.58,1084.036343349993,"[{""kernelId"": 124, ""latency_cycles"": 57201.58, ""kernelName"": ""a8w8_bpreshuffle_256x112x128x256_16x16_16x16_16x16x1_16x16x1_1x16x1x16_8x8x1_1x2_intrawave_v3""}, {""kernelId"": 123, ""latency_cycles"": 57975.37, ""kernelName"": ""a8w8_bpreshuffle_256x96x128x256_16x16_16x16_16x16x1_16x16x1_1x16x1x16_8x8x1_1x2_intrawave_v3""}, {""kernelId"": 128, ""latency_cycles"": 59417.68, ""kernelName"": ""a8w8_bpreshuffle_256x64x192x256_16x16_16x16_16x16x1_16x16x1_1x32x1x8_8x8x1_2x1_intrawave_v3""}, {""kernelId"": 64, ""latency_cycles"": 59827.0, ""kernelName"": ""a8w8_bpreshuffle_256x128x96x256_16x16_16x16_16x16x1_16x16x1_1x64x1x4_8x8x1_2x1_intrawave_v3""}, {""kernelId"": 86, ""latency_cycles"": 66813.23, ""kernelName"": ""a8w8_bpreshuffle_256x96x128x128_16x16_16x16_8x32x1_8x32x1_1x32x1x8_8x8x1_2x1_intrawave_v3""}]",
a8w8_bpreshuffle,gfx950,777,6144,5120,torch.float8_e4m3fn,True,device:0,256,aiter,131,a8w8_bpreshuffle_256x112x192x256_16x16_16x16_16x16x1_16x16x1_1x16x1x16_4x4x1_1x1_intrawave_v3,112,192,256,2,16,16,128,0,77937.42,1379.9038078357182,"[{""kernelId"": 131, ""latency_cycles"": 77937.42, ""kernelName"": ""a8w8_bpreshuffle_256x112x192x256_16x16_16x16_16x16x1_16x16x1_1x16x1x16_4x4x1_1x1_intrawave_v3""}, {""kernelId"": 136, ""latency_cycles"": 81876.19, ""kernelName"": ""a8w8_bpreshuffle_256x80x256x256_16x16_16x16_16x16x1_16x16x1_1x16x1x16_8x8x1_1x2_intrawave_v3""}, {""kernelId"": 58, ""latency_cycles"": 83143.92, ""kernelName"": ""a8w8_bpreshuffle_256x160x128x128_16x16_16x16_8x32x1_8x32x1_1x32x1x8_8x8x1_2x1_intrawave_v3""}, {""kernelId"": 88, ""latency_cycles"": 83143.92, ""kernelName"": ""a8w8_bpreshuffle_256x160x128x128_16x16_16x16_8x32x1_8x32x1_1x16x1x16_4x4x1_1x1_intrawave_v3""}, {""kernelId"": 141, ""latency_cycles"": 83143.92, ""kernelName"": ""a8w8_bpreshuffle_256x160x128x128_16x16_16x16_8x32x1_8x32x1_1x16x1x16_8x8x1_1x2_intrawave_v3""}]",
a8w8_bpreshuffle,gfx950,56,6400,5120,torch.float8_e4m3fn,True,device:0,256,aiter,6,a8w8_bpreshuffle_256x16x128x512_16x16_16x16_32x8x1_32x8x1_1x16x1x16_8x8x1_1x2_intrawave_v1,16,128,512,2,16,16,128,0,34813.75,231.92087359640533,"[{""kernelId"": 6, ""latency_cycles"": 34813.75, ""kernelName"": ""a8w8_bpreshuffle_256x16x128x512_16x16_16x16_32x8x1_32x8x1_1x16x1x16_8x8x1_1x2_intrawave_v1""}, {""kernelId"": 20, ""latency_cycles"": 34813.75, ""kernelName"": ""a8w8_bpreshuffle_256x16x128x512_16x16_16x16_32x8x1_32x8x1_1x16x1x16_8x8x1_1x2_intrawave_v2""}, {""kernelId"": 16, ""latency_cycles"": 38977.36, ""kernelName"": ""a8w8_bpreshuffle_256x16x128x256_16x16_16x16_16x16x1_16x16x1_1x16x1x16_8x8x1_1x2_intrawave_v1""}, {""kernelId"": 30, ""latency_cycles"": 38977.36, ""kernelName"": ""a8w8_bpreshuffle_256x16x128x256_16x16_16x16_16x16x1_16x16x1_1x16x1x16_8x8x1_1x2_intrawave_v2""}, {""kernelId"": 109, ""latency_cycles"": 38977.36, ""kernelName"": ""a8w8_bpreshuffle_256x16x128x256_16x16_16x16_16x16x1_16x16x1_1x16x1x16_8x8x1_1x2_intrawave_v1""}]",
a8w8_bpreshuffle,gfx950,96,6400,18432,torch.float8_e4m3fn,True,device:0,256,aiter,133,a8w8_bpreshuffle_256x32x256x256_16x16_16x16_16x16x1_16x16x1_1x16x1x16_8x8x1_1x2_intrawave_v1,32,256,256,2,16,16,128,0,97572.99,510.67750091441087,"[{""kernelId"": 133, ""latency_cycles"": 97572.99, ""kernelName"": ""a8w8_bpreshuffle_256x32x256x256_16x16_16x16_16x16x1_16x16x1_1x16x1x16_8x8x1_1x2_intrawave_v1""}, {""kernelId"": 126, ""latency_cycles"": 101991.61, ""kernelName"": ""a8w8_bpreshuffle_256x32x192x256_16x16_16x16_16x16x1_16x16x1_1x32x1x8_8x8x1_2x1_intrawave_v1""}, {""kernelId"": 100, ""latency_cycles"": 105699.17, ""kernelName"": ""a8w8_bpreshuffle_256x32x256x128_16x16_16x16_8x32x1_8x32x1_1x32x1x8_8x8x1_2x1_intrawave_v1""}, {""kernelId"": 92, ""latency_cycles"": 119215.04, ""kernelName"": ""a8w8_bpreshuffle_256x32x192x128_16x16_16x16_8x32x1_8x32x1_1x32x1x8_8x8x1_2x1_intrawave_v1""}, {""kernelId"": 119, ""latency_cycles"": 135508.12, ""kernelName"": ""a8w8_bpreshuffle_256x32x128x256_16x16_16x16_16x16x1_16x16x1_1x16x1x16_8x8x1_1x2_intrawave_v1""}]",
a8w8_bpreshuffle,gfx950,15,6656,1024,torch.float8_e4m3fn,True,device:0,256,aiter,75,a8w8_bpreshuffle_128x16x256x64_16x16_16x16_4x16x1_4x32x1_1x16x1x8_8x8x1_1x2_intrawave_v1,16,256,64,2,16,16,128,0,22234.25,20.23180740831266,"[{""kernelId"": 75, ""latency_cycles"": 22234.25, ""kernelName"": ""a8w8_bpreshuffle_128x16x256x64_16x16_16x16_4x16x1_4x32x1_1x16x1x8_8x8x1_1x2_intrawave_v1""}, {""kernelId"": 73, ""latency_cycles"": 34500.21, ""kernelName"": ""a8w8_bpreshuffle_256x32x256x64_16x16_16x16_4x32x1_4x64x1_1x32x1x8_8x8x1_2x1_intrawave_v1""}, {""kernelId"": 72, ""latency_cycles"": 62690.54, ""kernelName"": ""a8w8_bpreshuffle_256x64x256x64_16x16_16x16_4x64x1_4x64x1_1x16x1x16_8x8x1_1x2_intrawave_v1""}, {""kernelId"": 74, ""latency_cycles"": 62690.54, ""kernelName"": ""a8w8_bpreshuffle_256x64x256x64_16x16_16x16_4x64x1_4x64x1_1x32x1x8_8x8x1_2x1_intrawave_v1""}, {""kernelId"": 71, ""latency_cycles"": 93523.32, ""kernelName"": ""a8w8_bpreshuffle_256x128x128x64_16x16_16x16_4x64x1_4x64x1_1x32x1x8_8x8x1_2x1_intrawave_v3""}]",
a8w8_bpreshuffle,gfx950,10,6656,28672,torch.float8_e4m3fn,True,device:0,256,aiter,75,a8w8_bpreshuffle_128x16x256x64_16x16_16x16_4x16x1_4x32x1_1x16x1x8_8x8x1_1x2_intrawave_v1,16,256,64,2,16,16,128,0,200173.9,41.94850971458588,"[{""kernelId"": 75, ""latency_cycles"": 200173.9, ""kernelName"": ""a8w8_bpreshuffle_128x16x256x64_16x16_16x16_4x16x1_4x32x1_1x16x1x8_8x8x1_1x2_intrawave_v1""}, {""kernelId"": 73, ""latency_cycles"": 361994.36, ""kernelName"": ""a8w8_bpreshuffle_256x32x256x64_16x16_16x16_4x32x1_4x64x1_1x32x1x8_8x8x1_2x1_intrawave_v1""}, {""kernelId"": 72, ""latency_cycles"": 687823.74, ""kernelName"": ""a8w8_bpreshuffle_256x64x256x64_16x16_16x16_4x64x1_4x64x1_1x16x1x16_8x8x1_1x2_intrawave_v1""}, {""kernelId"": 74, ""latency_cycles"": 687823.74, ""kernelName"": ""a8w8_bpreshuffle_256x64x256x64_16x16_16x16_4x64x1_4x64x1_1x32x1x8_8x8x1_2x1_intrawave_v1""}, {""kernelId"": 71, ""latency_cycles"": 2019664.63, ""kernelName"": ""a8w8_bpreshuffle_256x128x128x64_16x16_16x16_4x64x1_4x64x1_1x32x1x8_8x8x1_2x1_intrawave_v3""}]",
a8w8_bpreshuffle,gfx950,1280,6656,28672,torch.float8_e4m3fn,True,device:0,256,aiter,55,a8w8_bpreshuffle_256x160x224x128_16x16_16x16_8x32x1_8x32x1_1x32x1x8_4x4x1_1x1_intrawave_v3,160,224,128,2,16,16,128,0,495118.73,2170.8238891880587,"[{""kernelId"": 55, ""latency_cycles"": 495118.73, ""kernelName"": ""a8w8_bpreshuffle_256x160x224x128_16x16_16x16_8x32x1_8x32x1_1x32x1x8_4x4x1_1x1_intrawave_v3""}, {""kernelId"": 49, ""latency_cycles"": 517557.18, ""kernelName"": ""a8w8_bpreshuffle_256x192x192x128_16x16_16x16_8x32x1_8x32x1_1x32x1x8_8x8x1_2x1_intrawave_v3""}, {""kernelId"": 97, ""latency_cycles"": 517557.18, ""kernelName"": ""a8w8_bpreshuffle_256x192x192x128_16x16_16x16_8x32x1_8x32x1_1x16x1x16_4x4x1_1x1_intrawave_v3""}, {""kernelId"": 153, ""latency_cycles"": 517557.18, ""kernelName"": ""a8w8_bpreshuffle_256x192x192x128_16x16_16x16_8x32x1_8x32x1_1x32x1x8_8x8x1_2x1_intrawave_v3""}, {""kernelId"": 43, ""latency_cycles"": 518112.92, ""kernelName"": ""a8w8_bpreshuffle_256x224x160x128_16x16_16x16_8x32x1_8x32x1_1x32x1x8_4x4x1_1x1_intrawave_v3""}]",
a8w8_bpreshuffle,gfx950,17,7168,256,torch.float8_e4m3fn,True,device:0,256,aiter,75,a8w8_bpreshuffle_128x16x256x64_16x16_16x16_4x16x1_4x32x1_1x16x1x8_8x8x1_1x2_intrawave_v1,16,256,64,2,16,16,128,0,12364.26,11.101238654926568,"[{""kernelId"": 75, ""latency_cycles"": 12364.26, ""kernelName"": ""a8w8_bpreshuffle_128x16x256x64_16x16_16x16_4x16x1_4x32x1_1x16x1x8_8x8x1_1x2_intrawave_v1""}, {""kernelId"": 73, ""latency_cycles"": 17385.09, ""kernelName"": ""a8w8_bpreshuffle_256x32x256x64_16x16_16x16_4x32x1_4x64x1_1x32x1x8_8x8x1_2x1_intrawave_v1""}, {""kernelId"": 72, ""latency_cycles"": 31682.62, ""kernelName"": ""a8w8_bpreshuffle_256x64x256x64_16x16_16x16_4x64x1_4x64x1_1x16x1x16_8x8x1_1x2_intrawave_v1""}, {""kernelId"": 74, ""latency_cycles"": 31682.62, ""kernelName"": ""a8w8_bpreshuffle_256x64x256x64_16x16_16x16_4x64x1_4x64x1_1x32x1x8_8x8x1_2x1_intrawave_v1""}, {""kernelId"": 71, ""latency_cycles"": 41245.41, ""kernelName"": ""a8w8_bpreshuffle_256x128x128x64_16x16_16x16_4x64x1_4x64x1_1x32x1x8_8x8x1_2x1_intrawave_v3""}]",
a8w8_bpreshuffle,gfx950,2000,7168,256,torch.float8_e4m3fn,True,device:0,256,aiter,56,a8w8_bpreshuffle_256x160x192x128_16x16_16x16_8x32x1_8x32x1_1x32x1x8_8x8x1_2x1_intrawave_v3,160,192,128,2,16,16,128,0,35098.44,460.07948706344735,"[{""kernelId"": 56, ""latency_cycles"": 35098.44, ""kernelName"": ""a8w8_bpreshuffle_256x160x192x128_16x16_16x16_8x32x1_8x32x1_1x32x1x8_8x8x1_2x1_intrawave_v3""}, {""kernelId"": 96, ""latency_cycles"": 35098.44, ""kernelName"": ""a8w8_bpreshuffle_256x160x192x128_16x16_16x16_8x32x1_8x32x1_1x16x1x16_4x4x1_1x1_intrawave_v3""}, {""kernelId"": 151, ""latency_cycles"": 35098.44, ""kernelName"": ""a8w8_bpreshuffle_256x160x192x128_16x16_16x16_8x32x1_8x32x1_1x32x1x8_8x8x1_2x1_intrawave_v3""}, {""kernelId"": 50, ""latency_cycles"": 35113.49, ""kernelName"": ""a8w8_bpreshuffle_256x192x160x128_16x16_16x16_8x32x1_8x32x1_1x64x1x4_8x8x1_2x1_intrawave_v3""}, {""kernelId"": 67, ""latency_cycles"": 36199.45, ""kernelName"": ""a8w8_bpreshuffle_256x128x224x128_16x16_16x16_8x32x1_8x32x1_1x64x1x4_8x8x1_2x1_intrawave_v3""}]",
a8w8_bpreshuffle,gfx950,9,7168,512,torch.float8_e4m3fn,True,device:0,256,aiter,75,a8w8_bpreshuffle_128x16x256x64_16x16_16x16_4x16x1_4x32x1_1x16x1x8_8x8x1_1x2_intrawave_v1,16,256,64,2,16,16,128,0,28255.31,5.143551672272617,"[{""kernelId"": 75, ""latency_cycles"": 28255.31, ""kernelName"": ""a8w8_bpreshuffle_128x16x256x64_16x16_16x16_4x16x1_4x32x1_1x16x1x8_8x8x1_1x2_intrawave_v1""}, {""kernelId"": 73, ""latency_cycles"": 52166.41, ""kernelName"": ""a8w8_bpreshuffle_256x32x256x64_16x16_16x16_4x32x1_4x64x1_1x32x1x8_8x8x1_2x1_intrawave_v1""}, {""kernelId"": 72, ""latency_cycles"": 100000.1, ""kernelName"": ""a8w8_bpreshuffle_256x64x256x64_16x16_16x16_4x64x1_4x64x1_1x16x1x16_8x8x1_1x2_intrawave_v1""}, {""kernelId"": 74, ""latency_cycles"": 100000.1, ""kernelName"": ""a8w8_bpreshuffle_256x64x256x64_16x16_16x16_4x64x1_4x64x1_1x32x1x8_8x8x1_2x1_intrawave_v1""}, {""kernelId"": 71, ""latency_cycles"": 136752.76, ""kernelName"": ""a8w8_bpreshuffle_256x128x128x64_16x16_16x16_4x64x1_4x64x1_1x32x1x8_8x8x1_2x1_intrawave_v3""}]",
a8w8_bpreshuffle,gfx950,4096,7168,1024,torch.float8_e4m3fn,True,device:0,256,aiter,34,a8w8_bpreshuffle_256x256x224x128_16x16_16x16_8x32x1_8x32x1_1x64x1x4_8x8x1_2x1_intrawave_v3,256,224,128,2,16,16,128,0,87364.98,1514.1649215996904,"[{""kernelId"": 34, ""latency_cycles"": 87364.98, ""kernelName"": ""a8w8_bpreshuffle_256x256x224x128_16x16_16x16_8x32x1_8x32x1_1x64x1x4_8x8x1_2x1_intrawave_v3""}, {""kernelId"": 2, ""latency_cycles"": 96254.35, ""kernelName"": ""a8w8_bpreshuffle_256x256x256x128_16x16_16x16_8x32x1_8x32x1_1x32x1x8_8x8x1_1x2_intrawave_v3""}, {""kernelId"": 33, ""latency_cycles"": 96254.35, ""kernelName"": ""a8w8_bpreshuffle_256x256x256x128_16x16_16x16_8x32x1_8x32x1_1x32x1x8_8x8x1_2x1_intrawave_v3""}, {""kernelId"": 107, ""latency_cycles"": 96254.35, ""kernelName"": ""a8w8_bpreshuffle_256x256x256x128_16x16_16x16_8x32x1_8x32x1_1x16x1x16_4x4x1_1x1_intrawave_v3""}, {""kernelId"": 36, ""latency_cycles"": 104576.74, ""kernelName"": ""a8w8_bpreshuffle_256x256x160x128_16x16_16x16_8x32x1_8x32x1_1x64x1x4_8x8x1_2x1_intrawave_v3""}]",
a8w8_bpreshuffle,gfx950,6,7168,3072,torch.float8_e4m3fn,True,device:0,256,aiter,75,a8w8_bpreshuffle_128x16x256x64_16x16_16x16_4x16x1_4x32x1_1x16x1x8_8x8x1_1x2_intrawave_v1,16,256,64,2,16,16,128,0,69837.62,8.324031857733372,"[{""kernelId"": 75, ""latency_cycles"": 69837.62, ""kernelName"": ""a8w8_bpreshuffle_128x16x256x64_16x16_16x16_4x16x1_4x32x1_1x16x1x8_8x8x1_1x2_intrawave_v1""}, {""kernelId"": 73, ""latency_cycles"": 106351.01, ""kernelName"": ""a8w8_bpreshuffle_256x32x256x64_16x16_16x16_4x32x1_4x64x1_1x32x1x8_8x8x1_2x1_intrawave_v1""}, {""kernelId"": 72, ""latency_cycles"": 179720.7, ""kernelName"": ""a8w8_bpreshuffle_256x64x256x64_16x16_16x16_4x64x1_4x64x1_1x16x1x16_8x8x1_1x2_intrawave_v1""}, {""kernelId"": 74, ""latency_cycles"": 179720.7, ""kernelName"": ""a8w8_bpreshuffle_256x64x256x64_16x16_16x16_4x64x1_4x64x1_1x32x1x8_8x8x1_2x1_intrawave_v1""}, {""kernelId"": 71, ""latency_cycles"": 399124.69, ""kernelName"": ""a8w8_bpreshuffle_256x128x128x64_16x16_16x16_4x64x1_4x64x1_1x32x1x8_8x8x1_2x1_intrawave_v3""}]",
a8w8_bpreshuffle,gfx950,7,7168,4096,torch.float8_e4m3fn,True,device:0,256,aiter,75,a8w8_bpreshuffle_128x16x256x64_16x16_16x16_4x16x1_4x32x1_1x16x1x8_8x8x1_1x2_intrawave_v1,16,256,64,2,16,16,128,0,68663.55,13.169897276348506,"[{""kernelId"": 75, ""latency_cycles"": 68663.55, ""kernelName"": ""a8w8_bpreshuffle_128x16x256x64_16x16_16x16_4x16x1_4x32x1_1x16x1x8_8x8x1_1x2_intrawave_v1""}, {""kernelId"": 73, ""latency_cycles"": 119887.94, ""kernelName"": ""a8w8_bpreshuffle_256x32x256x64_16x16_16x16_4x32x1_4x64x1_1x32x1x8_8x8x1_2x1_intrawave_v1""}, {""kernelId"": 72, ""latency_cycles"": 222348.38, ""kernelName"": ""a8w8_bpreshuffle_256x64x256x64_16x16_16x16_4x64x1_4x64x1_1x16x1x16_8x8x1_1x2_intrawave_v1""}, {""kernelId"": 74, ""latency_cycles"": 222348.38, ""kernelName"": ""a8w8_bpreshuffle_256x64x256x64_16x16_16x16_4x64x1_4x64x1_1x32x1x8_8x8x1_2x1_intrawave_v1""}, {""kernelId"": 71, ""latency_cycles"": 447437.95, ""kernelName"": ""a8w8_bpreshuffle_256x128x128x64_16x16_16x16_4x64x1_4x64x1_1x32x1x8_8x8x1_2x1_intrawave_v3""}]",
a8w8_bpreshuffle,gfx950,14,7168,4096,torch.float8_e4m3fn,True,device:0,256,aiter,75,a8w8_bpreshuffle_128x16x256x64_16x16_16x16_4x16x1_4x32x1_1x16x1x8_8x8x1_1x2_intrawave_v1,16,256,64,2,16,16,128,0,44612.99,40.539404538717264,"[{""kernelId"": 75, ""latency_cycles"": 44612.99, ""kernelName"": ""a8w8_bpreshuffle_128x16x256x64_16x16_16x16_4x16x1_4x32x1_1x16x1x8_8x8x1_1x2_intrawave_v1""}, {""kernelId"": 73, ""latency_cycles"": 70566.0, ""kernelName"": ""a8w8_bpreshuffle_256x32x256x64_16x16_16x16_4x32x1_4x64x1_1x32x1x8_8x8x1_2x1_intrawave_v1""}, {""kernelId"": 72, ""latency_cycles"": 122478.53, ""kernelName"": ""a8w8_bpreshuffle_256x64x256x64_16x16_16x16_4x64x1_4x64x1_1x16x1x16_8x8x1_1x2_intrawave_v1""}, {""kernelId"": 74, ""latency_cycles"": 122478.53, ""kernelName"": ""a8w8_bpreshuffle_256x64x256x64_16x16_16x16_4x64x1_4x64x1_1x32x1x8_8x8x1_2x1_intrawave_v1""}, {""kernelId"": 71, ""latency_cycles"": 235973.98, ""kernelName"": ""a8w8_bpreshuffle_256x128x128x64_16x16_16x16_4x64x1_4x64x1_1x32x1x8_8x8x1_2x1_intrawave_v3""}]",
a8w8_bpreshuffle,gfx950,17,7168,4096,torch.float8_e4m3fn,True,device:0,256,aiter,73,a8w8_bpreshuffle_256x32x256x64_16x16_16x16_4x32x1_4x64x1_1x32x1x8_8x8x1_2x1_intrawave_v1,32,256,64,2,16,16,128,0,62219.07,35.296858996528364,"[{""kernelId"": 73, ""latency_cycles"": 62219.07, ""kernelName"": ""a8w8_bpreshuffle_256x32x256x64_16x16_16x16_4x32x1_4x64x1_1x32x1x8_8x8x1_2x1_intrawave_v1""}, {""kernelId"": 75, ""latency_cycles"": 67527.53, ""kernelName"": ""a8w8_bpreshuffle_128x16x256x64_16x16_16x16_4x16x1_4x32x1_1x16x1x8_8x8x1_1x2_intrawave_v1""}, {""kernelId"": 72, ""latency_cycles"": 105211.38, ""kernelName"": ""a8w8_bpreshuffle_256x64x256x64_16x16_16x16_4x64x1_4x64x1_1x16x1x16_8x8x1_1x2_intrawave_v1""}, {""kernelId"": 74, ""latency_cycles"": 105211.38, ""kernelName"": ""a8w8_bpreshuffle_256x64x256x64_16x16_16x16_4x64x1_4x64x1_1x32x1x8_8x8x1_2x1_intrawave_v1""}, {""kernelId"": 71, ""latency_cycles"": 198838.89, ""kernelName"": ""a8w8_bpreshuffle_256x128x128x64_16x16_16x16_4x64x1_4x64x1_1x32x1x8_8x8x1_2x1_intrawave_v3""}]",
a8w8_bpreshuffle,gfx950,448,7168,4096,torch.float8_e4m3fn,True,device:0,256,aiter,124,a8w8_bpreshuffle_256x112x128x256_16x16_16x16_16x16x1_16x16x1_1x16x1x16_8x8x1_1x2_intrawave_v3,112,128,256,2,16,16,128,0,47432.58,1220.1461666414389,"[{""kernelId"": 124, ""latency_cycles"": 47432.58, ""kernelName"": ""a8w8_bpreshuffle_256x112x128x256_16x16_16x16_16x16x1_16x16x1_1x16x1x16_8x8x1_1x2_intrawave_v3""}, {""kernelId"": 1, ""latency_cycles"": 55946.24, ""kernelName"": ""a8w8_bpreshuffle_256x128x128x256_16x16_16x16_16x16x1_16x16x1_1x32x1x8_8x8x1_1x2_intrawave_v3""}, {""kernelId"": 63, ""latency_cycles"": 55946.24, ""kernelName"": ""a8w8_bpreshuffle_256x128x128x256_16x16_16x16_16x16x1_16x16x1_1x32x1x8_8x8x1_2x1_intrawave_v3""}, {""kernelId"": 139, ""latency_cycles"": 55946.24, ""kernelName"": ""a8w8_bpreshuffle_256x128x128x256_16x16_16x16_16x16x1_16x16x1_1x16x1x16_8x8x1_1x2_intrawave_v3""}, {""kernelId"": 129, ""latency_cycles"": 56816.53, ""kernelName"": ""a8w8_bpreshuffle_256x80x192x256_16x16_16x16_16x16x1_16x16x1_1x16x1x16_4x4x1_1x1_intrawave_v3""}]",
a8w8_bpreshuffle,gfx950,24,7168,9216,torch.float8_e4m3fn,True,device:0,256,aiter,73,a8w8_bpreshuffle_256x32x256x64_16x16_16x16_4x32x1_4x64x1_1x32x1x8_8x8x1_2x1_intrawave_v1,32,256,64,2,16,16,128,0,90378.72,77.18593826118959,"[{""kernelId"": 73, ""latency_cycles"": 90378.72, ""kernelName"": ""a8w8_bpreshuffle_256x32x256x64_16x16_16x16_4x32x1_4x64x1_1x32x1x8_8x8x1_2x1_intrawave_v1""}, {""kernelId"": 75, ""latency_cycles"": 104332.13, ""kernelName"": ""a8w8_bpreshuffle_128x16x256x64_16x16_16x16_4x16x1_4x32x1_1x16x1x8_8x8x1_1x2_intrawave_v1""}, {""kernelId"": 72, ""latency_cycles"": 154391.42, ""kernelName"": ""a8w8_bpreshuffle_256x64x256x64_16x16_16x16_4x64x1_4x64x1_1x16x1x16_8x8x1_1x2_intrawave_v1""}, {""kernelId"": 74, ""latency_cycles"": 154391.42, ""kernelName"": ""a8w8_bpreshuffle_256x64x256x64_16x16_16x16_4x64x1_4x64x1_1x32x1x8_8x8x1_2x1_intrawave_v1""}, {""kernelId"": 71, ""latency_cycles"": 309921.23, ""kernelName"": ""a8w8_bpreshuffle_256x128x128x64_16x16_16x16_4x64x1_4x64x1_1x32x1x8_8x8x1_2x1_intrawave_v3""}]",
a8w8_bpreshuffle,gfx950,56,7168,16384,torch.float8_e4m3fn,True,device:0,256,aiter,7,a8w8_bpreshuffle_256x16x256x512_16x16_16x16_32x8x1_32x8x1_1x16x1x16_8x8x1_1x2_intrawave_v1,16,256,512,2,16,16,128,0,106537.94,271.6153638821075,"[{""kernelId"": 7, ""latency_cycles"": 106537.94, ""kernelName"": ""a8w8_bpreshuffle_256x16x256x512_16x16_16x16_32x8x1_32x8x1_1x16x1x16_8x8x1_1x2_intrawave_v1""}, {""kernelId"": 21, ""latency_cycles"": 106537.94, ""kernelName"": ""a8w8_bpreshuffle_256x16x256x512_16x16_16x16_32x8x1_32x8x1_1x16x1x16_8x8x1_1x2_intrawave_v2""}, {""kernelId"": 6, ""latency_cycles"": 107251.52, ""kernelName"": ""a8w8_bpreshuffle_256x16x128x512_16x16_16x16_32x8x1_32x8x1_1x16x1x16_8x8x1_1x2_intrawave_v1""}, {""kernelId"": 20, ""latency_cycles"": 107251.52, ""kernelName"": ""a8w8_bpreshuffle_256x16x128x512_16x16_16x16_32x8x1_32x8x1_1x16x1x16_8x8x1_1x2_intrawave_v2""}, {""kernelId"": 17, ""latency_cycles"": 112931.06, ""kernelName"": ""a8w8_bpreshuffle_256x16x256x256_16x16_16x16_16x16x1_16x16x1_1x16x1x16_8x8x1_1x2_intrawave_v1""}]",
a8w8_bpreshuffle,gfx950,2560,8192,512,torch.float8_e4m3fn,True,device:0,256,aiter,54,a8w8_bpreshuffle_256x160x256x128_16x16_16x16_8x32x1_8x32x1_1x32x1x8_8x8x1_2x1_intrawave_v3,160,256,128,2,16,16,128,0,51473.65,917.8413251423558,"[{""kernelId"": 54, ""latency_cycles"": 51473.65, ""kernelName"": ""a8w8_bpreshuffle_256x160x256x128_16x16_16x16_8x32x1_8x32x1_1x32x1x8_8x8x1_2x1_intrawave_v3""}, {""kernelId"": 104, ""latency_cycles"": 51473.65, ""kernelName"": ""a8w8_bpreshuffle_256x160x256x128_16x16_16x16_8x32x1_8x32x1_1x16x1x16_4x4x1_1x1_intrawave_v3""}, {""kernelId"": 156, ""latency_cycles"": 51473.65, ""kernelName"": ""a8w8_bpreshuffle_256x160x256x128_16x16_16x16_8x32x1_8x32x1_1x16x1x16_8x8x1_1x2_intrawave_v3""}, {""kernelId"": 157, ""latency_cycles"": 58060.22, ""kernelName"": ""a8w8_bpreshuffle_256x176x256x128_8x16_16x16_16x16x1_8x32x1_1x16x1x16_8x8x1_1x2_intrawave_v3""}, {""kernelId"": 67, ""latency_cycles"": 58994.24, ""kernelName"": ""a8w8_bpreshuffle_256x128x224x128_16x16_16x16_8x32x1_8x32x1_1x64x1x4_8x8x1_2x1_intrawave_v3""}]",
a8w8_bpreshuffle,gfx950,64,8192,1536,torch.float8_e4m3fn,True,device:0,256,aiter,6,a8w8_bpreshuffle_256x16x128x512_16x16_16x16_32x8x1_32x8x1_1x16x1x16_8x8x1_1x2_intrawave_v1,16,128,512,2,16,16,128,0,10602.93,334.18582854463637,"[{""kernelId"": 6, ""latency_cycles"": 10602.93, ""kernelName"": ""a8w8_bpreshuffle_256x16x128x512_16x16_16x16_32x8x1_32x8x1_1x16x1x16_8x8x1_1x2_intrawave_v1""}, {""kernelId"": 20, ""latency_cycles"": 10602.93, ""kernelName"": ""a8w8_bpreshuffle_256x16x128x512_16x16_16x16_32x8x1_32x8x1_1x16x1x16_8x8x1_1x2_intrawave_v2""}, {""kernelId"": 16, ""latency_cycles"": 11340.68, ""kernelName"": ""a8w8_bpreshuffle_256x16x128x256_16x16_16x16_16x16x1_16x16x1_1x16x1x16_8x8x1_1x2_intrawave_v1""}, {""kernelId"": 30, ""latency_cycles"": 11340.68, ""kernelName"": ""a8w8_bpreshuffle_256x16x128x256_16x16_16x16_16x16x1_16x16x1_1x16x1x16_8x8x1_1x2_intrawave_v2""}, {""kernelId"": 109, ""latency_cycles"": 11340.68, ""kernelName"": ""a8w8_bpreshuffle_256x16x128x256_16x16_16x16_16x16x1_16x16x1_1x16x1x16_8x8x1_1x2_intrawave_v1""}]",
a8w8_bpreshuffle,gfx950,13,8192,3584,torch.float8_e4m3fn,True,device:0,256,aiter,75,a8w8_bpreshuffle_128x16x256x64_16x16_16x16_4x16x1_4x32x1_1x16x1x8_8x8x1_1x2_intrawave_v1,16,256,64,2,16,16,128,0,48326.41,34.75117410319153,"[{""kernelId"": 75, ""latency_cycles"": 48326.41, ""kernelName"": ""a8w8_bpreshuffle_128x16x256x64_16x16_16x16_4x16x1_4x32x1_1x16x1x8_8x8x1_1x2_intrawave_v1""}, {""kernelId"": 73, ""latency_cycles"": 70733.26, ""kernelName"": ""a8w8_bpreshuffle_256x32x256x64_16x16_16x16_4x32x1_4x64x1_1x32x1x8_8x8x1_2x1_intrawave_v1""}, {""kernelId"": 72, ""latency_cycles"": 115758.0, ""kernelName"": ""a8w8_bpreshuffle_256x64x256x64_16x16_16x16_4x64x1_4x64x1_1x16x1x16_8x8x1_1x2_intrawave_v1""}, {""kernelId"": 74, ""latency_cycles"": 115758.0, ""kernelName"": ""a8w8_bpreshuffle_256x64x256x64_16x16_16x16_4x64x1_4x64x1_1x32x1x8_8x8x1_2x1_intrawave_v1""}, {""kernelId"": 71, ""latency_cycles"": 250224.09, ""kernelName"": ""a8w8_bpreshuffle_256x128x128x64_16x16_16x16_4x64x1_4x64x1_1x32x1x8_8x8x1_2x1_intrawave_v3""}]",
a8w8_bpreshuffle,gfx950,15,8192,5120,torch.float8_e4m3fn,True,device:0,256,aiter,75,a8w8_bpreshuffle_128x16x256x64_16x16_16x16_4x16x1_4x32x1_1x16x1x8_8x8x1_1x2_intrawave_v1,16,256,64,2,16,16,128,0,53010.03,52.221073148418114,"[{""kernelId"": 75, ""latency_cycles"": 53010.03, ""kernelName"": ""a8w8_bpreshuffle_128x16x256x64_16x16_16x16_4x16x1_4x32x1_1x16x1x8_8x8x1_1x2_intrawave_v1""}, {""kernelId"": 73, ""latency_cycles"": 85897.1, ""kernelName"": ""a8w8_bpreshuffle_256x32x256x64_16x16_16x16_4x32x1_4x64x1_1x32x1x8_8x8x1_2x1_intrawave_v1""}, {""kernelId"": 72, ""latency_cycles"": 151676.33, ""kernelName"": ""a8w8_bpreshuffle_256x64x256x64_16x16_16x16_4x64x1_4x64x1_1x16x1x16_8x8x1_1x2_intrawave_v1""}, {""kernelId"": 74, ""latency_cycles"": 151676.33, ""kernelName"": ""a8w8_bpreshuffle_256x64x256x64_16x16_16x16_4x64x1_4x64x1_1x32x1x8_8x8x1_2x1_intrawave_v1""}, {""kernelId"": 71, ""latency_cycles"": 295946.94, ""kernelName"": ""a8w8_bpreshuffle_256x128x128x64_16x16_16x16_4x64x1_4x64x1_1x32x1x8_8x8x1_2x1_intrawave_v3""}]",
a8w8_bpreshuffle,gfx950,3072,8192,5120,torch.float8_e4m3fn,True,device:0,256,aiter,47,a8w8_bpreshuffle_256x192x256x128_16x16_16x16_8x32x1_8x32x1_1x32x1x8_8x8x1_2x1_intrawave_v3,192,256,128,2,16,16,128,0,232061.09,2443.04503238385,"[{""kernelId"": 47, ""latency_cycles"": 232061.09, ""kernelName"": ""a8w8_bpreshuffle_256x192x256x128_16x16_16x16_8x32x1_8x32x1_1x32x1x8_8x8x1_2x1_intrawave_v3""}, {""kernelId"": 105, ""latency_cycles"": 232061.09, ""kernelName"": ""a8w8_bpreshuffle_256x192x256x128_16x16_16x16_8x32x1_8x32x1_1x16x1x16_4x4x1_1x1_intrawave_v3""}, {""kernelId"": 158, ""latency_cycles"": 232061.09, ""kernelName"": ""a8w8_bpreshuffle_256x192x256x128_16x16_16x16_8x32x1_8x32x1_1x16x1x16_8x8x1_1x2_intrawave_v3""}, {""kernelId"": 34, ""latency_cycles"": 251560.26, ""kernelName"": ""a8w8_bpreshuffle_256x256x224x128_16x16_16x16_8x32x1_8x32x1_1x64x1x4_8x8x1_2x1_intrawave_v3""}, {""kernelId"": 40, ""latency_cycles"": 265442.76, ""kernelName"": ""a8w8_bpreshuffle_256x224x256x128_16x16_16x16_8x32x1_8x32x1_1x32x1x8_8x8x1_2x1_intrawave_v3""}]",
a8w8_bpreshuffle,gfx950,20,8192,13312,torch.float8_e4m3fn,True,device:0,256,aiter,73,a8w8_bpreshuffle_256x32x256x64_16x16_16x16_4x32x1_4x64x1_1x32x1x8_8x8x1_2x1_intrawave_v1,32,256,64,2,16,16,128,0,154291.68,62.19757120902808,"[{""kernelId"": 73, ""latency_cycles"": 154291.68, ""kernelName"": ""a8w8_bpreshuffle_256x32x256x64_16x16_16x16_4x32x1_4x64x1_1x32x1x8_8x8x1_2x1_intrawave_v1""}, {""kernelId"": 75, ""latency_cycles"": 160934.33, ""kernelName"": ""a8w8_bpreshuffle_128x16x256x64_16x16_16x16_4x16x1_4x32x1_1x16x1x8_8x8x1_1x2_intrawave_v1""}, {""kernelId"": 72, ""latency_cycles"": 278105.28, ""kernelName"": ""a8w8_bpreshuffle_256x64x256x64_16x16_16x16_4x64x1_4x64x1_1x16x1x16_8x8x1_1x2_intrawave_v1""}, {""kernelId"": 74, ""latency_cycles"": 278105.28, ""kernelName"": ""a8w8_bpreshuffle_256x64x256x64_16x16_16x16_4x64x1_4x64x1_1x32x1x8_8x8x1_2x1_intrawave_v1""}, {""kernelId"": 71, ""latency_cycles"": 562824.47, ""kernelName"": ""a8w8_bpreshuffle_256x128x128x64_16x16_16x16_4x64x1_4x64x1_1x32x1x8_8x8x1_2x1_intrawave_v3""}]",
a8w8_bpreshuffle,gfx950,32,8192,13312,torch.float8_e4m3fn,True,device:0,256,aiter,73,a8w8_bpreshuffle_256x32x256x64_16x16_16x16_4x32x1_4x64x1_1x32x1x8_8x8x1_2x1_intrawave_v1,32,256,64,2,16,16,128,0,107905.92,142.29532126902012,"[{""kernelId"": 73, ""latency_cycles"": 107905.92, ""kernelName"": ""a8w8_bpreshuffle_256x32x256x64_16x16_16x16_4x32x1_4x64x1_1x32x1x8_8x8x1_2x1_intrawave_v1""}, {""kernelId"": 75, ""latency_cycles"": 116184.63, ""kernelName"": ""a8w8_bpreshuffle_128x16x256x64_16x16_16x16_4x16x1_4x32x1_1x16x1x8_8x8x1_1x2_intrawave_v1""}, {""kernelId"": 72, ""latency_cycles"": 187981.31, ""kernelName"": ""a8w8_bpreshuffle_256x64x256x64_16x16_16x16_4x64x1_4x64x1_1x16x1x16_8x8x1_1x2_intrawave_v1""}, {""kernelId"": 74, ""latency_cycles"": 187981.31, ""kernelName"": ""a8w8_bpreshuffle_256x64x256x64_16x16_16x16_4x64x1_4x64x1_1x32x1x8_8x8x1_2x1_intrawave_v1""}, {""kernelId"": 71, ""latency_cycles"": 368908.49, ""kernelName"": ""a8w8_bpreshuffle_256x128x128x64_16x16_16x16_4x64x1_4x64x1_1x32x1x8_8x8x1_2x1_intrawave_v3""}]",
a8w8_bpreshuffle,gfx950,10000,8192,13312,torch.float8_e4m3fn,True,device:0,256,aiter,2,a8w8_bpreshuffle_256x256x256x128_16x16_16x16_8x32x1_8x32x1_1x32x1x8_8x8x1_1x2_intrawave_v3,256,256,128,2,16,16,128,0,1559718.0,3076.3790569253815,"[{""kernelId"": 2, ""latency_cycles"": 1559718.0, ""kernelName"": ""a8w8_bpreshuffle_256x256x256x128_16x16_16x16_8x32x1_8x32x1_1x32x1x8_8x8x1_1x2_intrawave_v3""}, {""kernelId"": 33, ""latency_cycles"": 1559718.0, ""kernelName"": ""a8w8_bpreshuffle_256x256x256x128_16x16_16x16_8x32x1_8x32x1_1x32x1x8_8x8x1_2x1_intrawave_v3""}, {""kernelId"": 107, ""latency_cycles"": 1559718.0, ""kernelName"": ""a8w8_bpreshuffle_256x256x256x128_16x16_16x16_8x32x1_8x32x1_1x16x1x16_4x4x1_1x1_intrawave_v3""}, {""kernelId"": 40, ""latency_cycles"": 1742941.12, ""kernelName"": ""a8w8_bpreshuffle_256x224x256x128_16x16_16x16_8x32x1_8x32x1_1x32x1x8_8x8x1_2x1_intrawave_v3""}, {""kernelId"": 106, ""latency_cycles"": 1742941.12, ""kernelName"": ""a8w8_bpreshuffle_256x224x256x128_16x16_16x16_8x32x1_8x32x1_1x16x1x16_4x4x1_1x1_intrawave_v3""}]",
a8w8_bpreshuffle,gfx950,160,8192,28672,torch.float8_e4m3fn,True,device:0,256,aiter,134,a8w8_bpreshuffle_256x48x256x256_16x16_16x16_16x16x1_16x16x1_1x16x1x16_8x8x1_1x2_intrawave_v1,48,256,256,2,16,16,128,0,230741.53,716.6297390454156,"[{""kernelId"": 134, ""latency_cycles"": 230741.53, ""kernelName"": ""a8w8_bpreshuffle_256x48x256x256_16x16_16x16_16x16x1_16x16x1_1x16x1x16_8x8x1_1x2_intrawave_v1""}, {""kernelId"": 135, ""latency_cycles"": 243968.91, ""kernelName"": ""a8w8_bpreshuffle_256x64x256x256_16x16_16x16_16x16x1_16x16x1_1x16x1x16_8x8x1_1x2_intrawave_v3""}, {""kernelId"": 120, ""latency_cycles"": 260049.21, ""kernelName"": ""a8w8_bpreshuffle_256x48x128x256_16x16_16x16_16x16x1_16x16x1_1x16x1x16_8x8x1_1x2_intrawave_v1""}, {""kernelId"": 101, ""latency_cycles"": 270304.05, ""kernelName"": ""a8w8_bpreshuffle_256x64x256x128_16x16_16x16_8x32x1_8x32x1_1x32x1x8_8x8x1_2x1_intrawave_v3""}, {""kernelId"": 126, ""latency_cycles"": 273656.89, ""kernelName"": ""a8w8_bpreshuffle_256x32x192x256_16x16_16x16_16x16x1_16x16x1_1x32x1x8_8x8x1_2x1_intrawave_v1""}]",
a8w8_bpreshuffle,gfx950,320,9216,4096,torch.float8_e4m3fn,True,device:0,256,aiter,128,a8w8_bpreshuffle_256x64x192x256_16x16_16x16_16x16x1_16x16x1_1x32x1x8_8x8x1_2x1_intrawave_v3,64,192,256,2,16,16,128,0,48916.74,1086.5446831855659,"[{""kernelId"": 128, ""latency_cycles"": 48916.74, ""kernelName"": ""a8w8_bpreshuffle_256x64x192x256_16x16_16x16_16x16x1_16x16x1_1x32x1x8_8x8x1_2x1_intrawave_v3""}, {""kernelId"": 124, ""latency_cycles"": 51734.81, ""kernelName"": ""a8w8_bpreshuffle_256x112x128x256_16x16_16x16_16x16x1_16x16x1_1x16x1x16_8x8x1_1x2_intrawave_v3""}, {""kernelId"": 129, ""latency_cycles"": 51954.95, ""kernelName"": ""a8w8_bpreshuffle_256x80x192x256_16x16_16x16_16x16x1_16x16x1_1x16x1x16_4x4x1_1x1_intrawave_v3""}, {""kernelId"": 93, ""latency_cycles"": 55725.76, ""kernelName"": ""a8w8_bpreshuffle_256x64x192x128_16x16_16x16_8x32x1_8x32x1_1x32x1x8_8x8x1_2x1_intrawave_v3""}, {""kernelId"": 1, ""latency_cycles"": 57921.39, ""kernelName"": ""a8w8_bpreshuffle_256x128x128x256_16x16_16x16_16x16x1_16x16x1_1x32x1x8_8x8x1_1x2_intrawave_v3""}]",
a8w8_bpreshuffle,gfx950,896,9216,7168,torch.float8_e4m3fn,True,device:0,256,aiter,154,a8w8_bpreshuffle_256x128x256x256_16x16_16x16_16x16x1_16x16x1_1x16x1x16_8x8x1_1x2_intrawave_v3,128,256,256,2,16,16,128,0,121820.32,2137.8705611897967,"[{""kernelId"": 154, ""latency_cycles"": 121820.32, ""kernelName"": ""a8w8_bpreshuffle_256x128x256x256_16x16_16x16_16x16x1_16x16x1_1x16x1x16_8x8x1_1x2_intrawave_v3""}, {""kernelId"": 66, ""latency_cycles"": 133182.66, ""kernelName"": ""a8w8_bpreshuffle_256x128x256x128_16x16_16x16_8x32x1_8x32x1_1x32x1x8_8x8x1_2x1_intrawave_v3""}, {""kernelId"": 103, ""latency_cycles"": 133182.66, ""kernelName"": ""a8w8_bpreshuffle_256x128x256x128_16x16_16x16_8x32x1_8x32x1_1x16x1x16_4x4x1_1x1_intrawave_v3""}, {""kernelId"": 43, ""latency_cycles"": 134401.01, ""kernelName"": ""a8w8_bpreshuffle_256x224x160x128_16x16_16x16_8x32x1_8x32x1_1x32x1x8_4x4x1_1x1_intrawave_v3""}, {""kernelId"": 42, ""latency_cycles"": 142863.57, ""kernelName"": ""a8w8_bpreshuffle_256x224x192x128_16x16_16x16_8x32x1_8x32x1_1x32x1x8_8x8x1_2x1_intrawave_v3""}]",
a8w8_bpreshuffle,gfx950,16,10240,3200,torch.float8_e4m3fn,True,device:0,256,aiter,75,a8w8_bpreshuffle_128x16x256x64_16x16_16x16_4x16x1_4x32x1_1x16x1x8_8x8x1_1x2_intrawave_v1,16,256,64,2,16,16,128,0,54393.69,42.41056535558969,"[{""kernelId"": 75, ""latency_cycles"": 54393.69, ""kernelName"": ""a8w8_bpreshuffle_128x16x256x64_16x16_16x16_4x16x1_4x32x1_1x16x1x8_8x8x1_1x2_intrawave_v1""}, {""kernelId"": 73, ""latency_cycles"": 82244.44, ""kernelName"": ""a8w8_bpreshuffle_256x32x256x64_16x16_16x16_4x32x1_4x64x1_1x32x1x8_8x8x1_2x1_intrawave_v1""}, {""kernelId"": 72, ""latency_cycles"": 135524.73, ""kernelName"": ""a8w8_bpreshuffle_256x64x256x64_16x16_16x16_4x64x1_4x64x1_1x16x1x16_8x8x1_1x2_intrawave_v1""}, {""kernelId"": 74, ""latency_cycles"": 135524.73, ""kernelName"": ""a8w8_bpreshuffle_256x64x256x64_16x16_16x16_4x64x1_4x64x1_1x32x1x8_8x8x1_2x1_intrawave_v1""}, {""kernelId"": 71, ""latency_cycles"": 233602.37, ""kernelName"": ""a8w8_bpreshuffle_256x128x128x64_16x16_16x16_4x64x1_4x64x1_1x32x1x8_8x8x1_2x1_intrawave_v3""}]",
a8w8_bpreshuffle,gfx950,2,10240,8192,torch.float8_e4m3fn,True,device:0,256,aiter,75,a8w8_bpreshuffle_128x16x256x64_16x16_16x16_4x16x1_4x32x1_1x16x1x8_8x8x1_1x2_intrawave_v1,16,256,64,2,16,16,128,0,518056.07,1.4249374540540243,"[{""kernelId"": 75, ""latency_cycles"": 518056.07, ""kernelName"": ""a8w8_bpreshuffle_128x16x256x64_16x16_16x16_4x16x1_4x32x1_1x16x1x8_8x8x1_1x2_intrawave_v1""}, {""kernelId"": 73, ""latency_cycles"": 1012689.33, ""kernelName"": ""a8w8_bpreshuffle_256x32x256x64_16x16_16x16_4x32x1_4x64x1_1x32x1x8_8x8x1_2x1_intrawave_v1""}, {""kernelId"": 72, ""latency_cycles"": 2001978.56, ""kernelName"": ""a8w8_bpreshuffle_256x64x256x64_16x16_16x16_4x64x1_4x64x1_1x16x1x16_8x8x1_1x2_intrawave_v1""}, {""kernelId"": 74, ""latency_cycles"": 2001978.56, ""kernelName"": ""a8w8_bpreshuffle_256x64x256x64_16x16_16x16_4x64x1_4x64x1_1x32x1x8_8x8x1_2x1_intrawave_v1""}, {""kernelId"": 71, ""latency_cycles"": 4137388.57, ""kernelName"": ""a8w8_bpreshuffle_256x128x128x64_16x16_16x16_4x64x1_4x64x1_1x32x1x8_8x8x1_2x1_intrawave_v3""}]",
a8w8_bpreshuffle,gfx950,12,10240,8192,torch.float8_e4m3fn,True,device:0,256,aiter,75,a8w8_bpreshuffle_128x16x256x64_16x16_16x16_4x16x1_4x32x1_1x16x1x8_8x8x1_1x2_intrawave_v1,16,256,64,2,16,16,128,0,108290.08,40.901114485534706,"[{""kernelId"": 75, ""latency_cycles"": 108290.08, ""kernelName"": ""a8w8_bpreshuffle_128x16x256x64_16x16_16x16_4x16x1_4x32x1_1x16x1x8_8x8x1_1x2_intrawave_v1""}, {""kernelId"": 73, ""latency_cycles"": 191302.14, ""kernelName"": ""a8w8_bpreshuffle_256x32x256x64_16x16_16x16_4x32x1_4x64x1_1x32x1x8_8x8x1_2x1_intrawave_v1""}, {""kernelId"": 72, ""latency_cycles"": 357341.47, ""kernelName"": ""a8w8_bpreshuffle_256x64x256x64_16x16_16x16_4x64x1_4x64x1_1x16x1x16_8x8x1_1x2_intrawave_v1""}, {""kernelId"": 74, ""latency_cycles"": 357341.47, ""kernelName"": ""a8w8_bpreshuffle_256x64x256x64_16x16_16x16_4x64x1_4x64x1_1x32x1x8_8x8x1_2x1_intrawave_v1""}, {""kernelId"": 71, ""latency_cycles"": 722684.47, ""kernelName"": ""a8w8_bpreshuffle_256x128x128x64_16x16_16x16_4x64x1_4x64x1_1x32x1x8_8x8x1_2x1_intrawave_v3""}]",
a8w8_bpreshuffle,gfx950,48,10240,18432,torch.float8_e4m3fn,True,device:0,256,aiter,7,a8w8_bpreshuffle_256x16x256x512_16x16_16x16_32x8x1_32x8x1_1x16x1x16_8x8x1_1x2_intrawave_v1,16,256,512,2,16,16,128,0,104649.63,380.9154909759688,"[{""kernelId"": 7, ""latency_cycles"": 104649.63, ""kernelName"": ""a8w8_bpreshuffle_256x16x256x512_16x16_16x16_32x8x1_32x8x1_1x16x1x16_8x8x1_1x2_intrawave_v1""}, {""kernelId"": 21, ""latency_cycles"": 104649.63, ""kernelName"": ""a8w8_bpreshuffle_256x16x256x512_16x16_16x16_32x8x1_32x8x1_1x16x1x16_8x8x1_1x2_intrawave_v2""}, {""kernelId"": 6, ""latency_cycles"": 107734.33, ""kernelName"": ""a8w8_bpreshuffle_256x16x128x512_16x16_16x16_32x8x1_32x8x1_1x16x1x16_8x8x1_1x2_intrawave_v1""}, {""kernelId"": 20, ""latency_cycles"": 107734.33, ""kernelName"": ""a8w8_bpreshuffle_256x16x128x512_16x16_16x16_32x8x1_32x8x1_1x16x1x16_8x8x1_1x2_intrawave_v2""}, {""kernelId"": 17, ""latency_cycles"": 112182.81, ""kernelName"": ""a8w8_bpreshuffle_256x16x256x256_16x16_16x16_16x16x1_16x16x1_1x16x1x16_8x8x1_1x2_intrawave_v1""}]",
a8w8_bpreshuffle,gfx950,10,11264,5120,torch.float8_e4m3fn,True,device:0,256,aiter,75,a8w8_bpreshuffle_128x16x256x64_16x16_16x16_4x16x1_4x32x1_1x16x1x8_8x8x1_1x2_intrawave_v1,16,256,64,2,16,16,128,0,90570.74,28.017371169102596,"[{""kernelId"": 75, ""latency_cycles"": 90570.74, ""kernelName"": ""a8w8_bpreshuffle_128x16x256x64_16x16_16x16_4x16x1_4x32x1_1x16x1x8_8x8x1_1x2_intrawave_v1""}, {""kernelId"": 73, ""latency_cycles"": 159427.48, ""kernelName"": ""a8w8_bpreshuffle_256x32x256x64_16x16_16x16_4x32x1_4x64x1_1x32x1x8_8x8x1_2x1_intrawave_v1""}, {""kernelId"": 72, ""latency_cycles"": 297150.45, ""kernelName"": ""a8w8_bpreshuffle_256x64x256x64_16x16_16x16_4x64x1_4x64x1_1x16x1x16_8x8x1_1x2_intrawave_v1""}, {""kernelId"": 74, ""latency_cycles"": 297150.45, ""kernelName"": ""a8w8_bpreshuffle_256x64x256x64_16x16_16x16_4x64x1_4x64x1_1x32x1x8_8x8x1_2x1_intrawave_v1""}, {""kernelId"": 71, ""latency_cycles"": 677590.84, ""kernelName"": ""a8w8_bpreshuffle_256x128x128x64_16x16_16x16_4x64x1_4x64x1_1x32x1x8_8x8x1_2x1_intrawave_v3""}]",
a8w8_bpreshuffle,gfx950,500,11264,5120,torch.float8_e4m3fn,True,device:0,256,aiter,149,a8w8_bpreshuffle_256x128x192x256_16x16_16x16_16x16x1_16x16x1_1x32x1x8_8x8x1_2x1_intrawave_v3,128,192,256,2,16,16,128,0,83973.78,1510.9204263247939,"[{""kernelId"": 149, ""latency_cycles"": 83973.78, ""kernelName"": ""a8w8_bpreshuffle_256x128x192x256_16x16_16x16_16x16x1_16x16x1_1x32x1x8_8x8x1_2x1_intrawave_v3""}, {""kernelId"": 68, ""latency_cycles"": 91920.66, ""kernelName"": ""a8w8_bpreshuffle_256x128x192x128_16x16_16x16_8x32x1_8x32x1_1x32x1x8_8x8x1_2x1_intrawave_v3""}, {""kernelId"": 95, ""latency_cycles"": 91920.66, ""kernelName"": ""a8w8_bpreshuffle_256x128x192x128_16x16_16x16_8x32x1_8x32x1_1x16x1x16_4x4x1_1x1_intrawave_v3""}, {""kernelId"": 138, ""latency_cycles"": 94591.39, ""kernelName"": ""a8w8_bpreshuffle_256x112x256x256_16x16_16x16_16x16x1_16x16x1_1x16x1x16_8x8x1_1x2_intrawave_v3""}, {""kernelId"": 150, ""latency_cycles"": 98238.01, ""kernelName"": ""a8w8_bpreshuffle_256x144x192x128_8x16_16x16_16x16x1_8x32x1_1x16x1x16_4x4x1_1x1_intrawave_v3""}]",
a8w8_bpreshuffle,gfx950,11,11264,16384,torch.float8_e4m3fn,True,device:0,256,aiter,75,a8w8_bpreshuffle_128x16x256x64_16x16_16x16_4x16x1_4x32x1_1x16x1x8_8x8x1_1x2_intrawave_v1,16,256,64,2,16,16,128,0,238403.89,37.466628424429,"[{""kernelId"": 75, ""latency_cycles"": 238403.89, ""kernelName"": ""a8w8_bpreshuffle_128x16x256x64_16x16_16x16_4x16x1_4x32x1_1x16x1x8_8x8x1_1x2_intrawave_v1""}, {""kernelId"": 73, ""latency_cycles"": 436902.75, ""kernelName"": ""a8w8_bpreshuffle_256x32x256x64_16x16_16x16_4x32x1_4x64x1_1x32x1x8_8x8x1_2x1_intrawave_v1""}, {""kernelId"": 72, ""latency_cycles"": 833923.43, ""kernelName"": ""a8w8_bpreshuffle_256x64x256x64_16x16_16x16_4x64x1_4x64x1_1x16x1x16_8x8x1_1x2_intrawave_v1""}, {""kernelId"": 74, ""latency_cycles"": 833923.43, ""kernelName"": ""a8w8_bpreshuffle_256x64x256x64_16x16_16x16_4x64x1_4x64x1_1x32x1x8_8x8x1_2x1_intrawave_v1""}, {""kernelId"": 71, ""latency_cycles"": 1944047.3, ""kernelName"": ""a8w8_bpreshuffle_256x128x128x64_16x16_16x16_4x64x1_4x64x1_1x32x1x8_8x8x1_2x1_intrawave_v3""}]",
a8w8_bpreshuffle,gfx950,5,12288,1536,torch.float8_e4m3fn,True,device:0,256,aiter,75,a8w8_bpreshuffle_128x16x256x64_16x16_16x16_4x16x1_4x32x1_1x16x1x8_8x8x1_1x2_intrawave_v1,16,256,64,2,16,16,128,0,74533.9,5.571103599284501,"[{""kernelId"": 75, ""latency_cycles"": 74533.9, ""kernelName"": ""a8w8_bpreshuffle_128x16x256x64_16x16_16x16_4x16x1_4x32x1_1x16x1x8_8x8x1_1x2_intrawave_v1""}, {""kernelId"": 73, ""latency_cycles"": 132533.58, ""kernelName"": ""a8w8_bpreshuffle_256x32x256x64_16x16_16x16_4x32x1_4x64x1_1x32x1x8_8x8x1_2x1_intrawave_v1""}, {""kernelId"": 72, ""latency_cycles"": 248543.33, ""kernelName"": ""a8w8_bpreshuffle_256x64x256x64_16x16_16x16_4x64x1_4x64x1_1x16x1x16_8x8x1_1x2_intrawave_v1""}, {""kernelId"": 74, ""latency_cycles"": 248543.33, ""kernelName"": ""a8w8_bpreshuffle_256x64x256x64_16x16_16x16_4x64x1_4x64x1_1x32x1x8_8x8x1_2x1_intrawave_v1""}, {""kernelId"": 71, ""latency_cycles"": 428052.1, ""kernelName"": ""a8w8_bpreshuffle_256x128x128x64_16x16_16x16_4x64x1_4x64x1_1x32x1x8_8x8x1_2x1_intrawave_v3""}]",
a8w8_bpreshuffle,gfx950,448,12288,1536,torch.float8_e4m3fn,True,device:0,256,aiter,131,a8w8_bpreshuffle_256x112x192x256_16x16_16x16_16x16x1_16x16x1_1x16x1x16_4x4x1_1x1_intrawave_v3,112,192,256,2,16,16,128,0,29492.22,1261.524185493607,"[{""kernelId"": 131, ""latency_cycles"": 29492.22, ""kernelName"": ""a8w8_bpreshuffle_256x112x192x256_16x16_16x16_16x16x1_16x16x1_1x16x1x16_4x4x1_1x1_intrawave_v3""}, {""kernelId"": 149, ""latency_cycles"": 34388.98, ""kernelName"": ""a8w8_bpreshuffle_256x128x192x256_16x16_16x16_16x16x1_16x16x1_1x32x1x8_8x8x1_2x1_intrawave_v3""}, {""kernelId"": 138, ""latency_cycles"": 34805.95, ""kernelName"": ""a8w8_bpreshuffle_256x112x256x256_16x16_16x16_16x16x1_16x16x1_1x16x1x16_8x8x1_1x2_intrawave_v3""}, {""kernelId"": 68, ""latency_cycles"": 35270.67, ""kernelName"": ""a8w8_bpreshuffle_256x128x192x128_16x16_16x16_8x32x1_8x32x1_1x32x1x8_8x8x1_2x1_intrawave_v3""}, {""kernelId"": 95, ""latency_cycles"": 35270.67, ""kernelName"": ""a8w8_bpreshuffle_256x128x192x128_16x16_16x16_8x32x1_8x32x1_1x16x1x16_4x4x1_1x1_intrawave_v3""}]",
a8w8_bpreshuffle,gfx950,1000,12288,13312,torch.float8_e4m3fn,True,device:0,256,aiter,35,a8w8_bpreshuffle_256x256x192x128_16x16_16x16_8x32x1_8x32x1_1x32x1x8_8x8x1_2x1_intrawave_v3,256,192,128,2,16,16,128,0,287603.05,2502.55538936841,"[{""kernelId"": 35, ""latency_cycles"": 287603.05, ""kernelName"": ""a8w8_bpreshuffle_256x256x192x128_16x16_16x16_8x32x1_8x32x1_1x32x1x8_8x8x1_2x1_intrawave_v3""}, {""kernelId"": 99, ""latency_cycles"": 287603.05, ""kernelName"": ""a8w8_bpreshuffle_256x256x192x128_16x16_16x16_8x32x1_8x32x1_1x16x1x16_4x4x1_1x1_intrawave_v3""}, {""kernelId"": 34, ""latency_cycles"": 305971.0, ""kernelName"": ""a8w8_bpreshuffle_256x256x224x128_16x16_16x16_8x32x1_8x32x1_1x64x1x4_8x8x1_2x1_intrawave_v3""}, {""kernelId"": 40, ""latency_cycles"": 314708.02, ""kernelName"": ""a8w8_bpreshuffle_256x224x256x128_16x16_16x16_8x32x1_8x32x1_1x32x1x8_8x8x1_2x1_intrawave_v3""}, {""kernelId"": 106, ""latency_cycles"": 314708.02, ""kernelName"": ""a8w8_bpreshuffle_256x224x256x128_16x16_16x16_8x32x1_8x32x1_1x16x1x16_4x4x1_1x1_intrawave_v3""}]",
a8w8_bpreshuffle,gfx950,32768,12288,13312,torch.float8_e4m3fn,True,device:0,256,aiter,2,a8w8_bpreshuffle_256x256x256x128_16x16_16x16_8x32x1_8x32x1_1x32x1x8_8x8x1_1x2_intrawave_v3,256,256,128,2,16,16,128,0,7309425.89,3226.590537306014,"[{""kernelId"": 2, ""latency_cycles"": 7309425.89, ""kernelName"": ""a8w8_bpreshuffle_256x256x256x128_16x16_16x16_8x32x1_8x32x1_1x32x1x8_8x8x1_1x2_intrawave_v3""}, {""kernelId"": 33, ""latency_cycles"": 7309425.89, ""kernelName"": ""a8w8_bpreshuffle_256x256x256x128_16x16_16x16_8x32x1_8x32x1_1x32x1x8_8x8x1_2x1_intrawave_v3""}, {""kernelId"": 107, ""latency_cycles"": 7309425.89, ""kernelName"": ""a8w8_bpreshuffle_256x256x256x128_16x16_16x16_8x32x1_8x32x1_1x16x1x16_4x4x1_1x1_intrawave_v3""}, {""kernelId"": 34, ""latency_cycles"": 8053944.13, ""kernelName"": ""a8w8_bpreshuffle_256x256x224x128_16x16_16x16_8x32x1_8x32x1_1x64x1x4_8x8x1_2x1_intrawave_v3""}, {""kernelId"": 40, ""latency_cycles"": 8067496.27, ""kernelName"": ""a8w8_bpreshuffle_256x224x256x128_16x16_16x16_8x32x1_8x32x1_1x32x1x8_8x8x1_2x1_intrawave_v3""}]",
a8w8_bpreshuffle,gfx950,13,14336,3200,torch.float8_e4m3fn,True,device:0,256,aiter,75,a8w8_bpreshuffle_128x16x256x64_16x16_16x16_4x16x1_4x32x1_1x16x1x8_8x8x1_1x2_intrawave_v1,16,256,64,2,16,16,128,0,65643.73,39.97428948863847,"[{""kernelId"": 75, ""latency_cycles"": 65643.73, ""kernelName"": ""a8w8_bpreshuffle_128x16x256x64_16x16_16x16_4x16x1_4x32x1_1x16x1x8_8x8x1_1x2_intrawave_v1""}, {""kernelId"": 73, ""latency_cycles"": 109690.09, ""kernelName"": ""a8w8_bpreshuffle_256x32x256x64_16x16_16x16_4x32x1_4x64x1_1x32x1x8_8x8x1_2x1_intrawave_v1""}, {""kernelId"": 72, ""latency_cycles"": 197788.75, ""kernelName"": ""a8w8_bpreshuffle_256x64x256x64_16x16_16x16_4x64x1_4x64x1_1x16x1x16_8x8x1_1x2_intrawave_v1""}, {""kernelId"": 74, ""latency_cycles"": 197788.75, ""kernelName"": ""a8w8_bpreshuffle_256x64x256x64_16x16_16x16_4x64x1_4x64x1_1x32x1x8_8x8x1_2x1_intrawave_v1""}, {""kernelId"": 71, ""latency_cycles"": 378034.87, ""kernelName"": ""a8w8_bpreshuffle_256x128x128x64_16x16_16x16_4x64x1_4x64x1_1x32x1x8_8x8x1_2x1_intrawave_v3""}]",
a8w8_bpreshuffle,gfx950,15,14336,3200,torch.float8_e4m3fn,True,device:0,256,aiter,75,a8w8_bpreshuffle_128x16x256x64_16x16_16x16_4x16x1_4x32x1_1x16x1x8_8x8x1_1x2_intrawave_v1,16,256,64,2,16,16,128,0,61266.47,49.41957682495492,"[{""kernelId"": 75, ""latency_cycles"": 61266.47, ""kernelName"": ""a8w8_bpreshuffle_128x16x256x64_16x16_16x16_4x16x1_4x32x1_1x16x1x8_8x8x1_1x2_intrawave_v1""}, {""kernelId"": 73, ""latency_cycles"": 99531.06, ""kernelName"": ""a8w8_bpreshuffle_256x32x256x64_16x16_16x16_4x32x1_4x64x1_1x32x1x8_8x8x1_2x1_intrawave_v1""}, {""kernelId"": 72, ""latency_cycles"": 176065.95, ""kernelName"": ""a8w8_bpreshuffle_256x64x256x64_16x16_16x16_4x64x1_4x64x1_1x16x1x16_8x8x1_1x2_intrawave_v1""}, {""kernelId"": 74, ""latency_cycles"": 176065.95, ""kernelName"": ""a8w8_bpreshuffle_256x64x256x64_16x16_16x16_4x64x1_4x64x1_1x32x1x8_8x8x1_2x1_intrawave_v1""}, {""kernelId"": 71, ""latency_cycles"": 331736.32, ""kernelName"": ""a8w8_bpreshuffle_256x128x128x64_16x16_16x16_4x64x1_4x64x1_1x32x1x8_8x8x1_2x1_intrawave_v3""}]",
a8w8_bpreshuffle,gfx950,17,14336,3200,torch.float8_e4m3fn,True,device:0,256,aiter,75,a8w8_bpreshuffle_128x16x256x64_16x16_16x16_4x16x1_4x32x1_1x16x1x8_8x8x1_1x2_intrawave_v1,16,256,64,2,16,16,128,0,83557.09,41.067308205998174,"[{""kernelId"": 75, ""latency_cycles"": 83557.09, ""kernelName"": ""a8w8_bpreshuffle_128x16x256x64_16x16_16x16_4x16x1_4x32x1_1x16x1x8_8x8x1_1x2_intrawave_v1""}, {""kernelId"": 73, ""latency_cycles"": 92092.85, ""kernelName"": ""a8w8_bpreshuffle_256x32x256x64_16x16_16x16_4x32x1_4x64x1_1x32x1x8_8x8x1_2x1_intrawave_v1""}, {""kernelId"": 72, ""latency_cycles"": 159784.86, ""kernelName"": ""a8w8_bpreshuffle_256x64x256x64_16x16_16x16_4x64x1_4x64x1_1x16x1x16_8x8x1_1x2_intrawave_v1""}, {""kernelId"": 74, ""latency_cycles"": 159784.86, ""kernelName"": ""a8w8_bpreshuffle_256x64x256x64_16x16_16x16_4x64x1_4x64x1_1x32x1x8_8x8x1_2x1_intrawave_v1""}, {""kernelId"": 71, ""latency_cycles"": 291743.26, ""kernelName"": ""a8w8_bpreshuffle_256x128x128x64_16x16_16x16_4x64x1_4x64x1_1x32x1x8_8x8x1_2x1_intrawave_v3""}]",
a8w8_bpreshuffle,gfx950,112,14336,3200,torch.float8_e4m3fn,True,device:0,256,aiter,100,a8w8_bpreshuffle_256x32x256x128_16x16_16x16_8x32x1_8x32x1_1x32x1x8_8x8x1_2x1_intrawave_v1,32,256,128,2,16,16,128,0,50972.9,443.5160164271228,"[{""kernelId"": 100, ""latency_cycles"": 50972.9, ""kernelName"": ""a8w8_bpreshuffle_256x32x256x128_16x16_16x16_8x32x1_8x32x1_1x32x1x8_8x8x1_2x1_intrawave_v1""}, {""kernelId"": 127, ""latency_cycles"": 51149.21, ""kernelName"": ""a8w8_bpreshuffle_256x48x192x256_16x16_16x16_16x16x1_16x16x1_1x16x1x16_4x4x1_1x1_intrawave_v1""}, {""kernelId"": 133, ""latency_cycles"": 52947.29, ""kernelName"": ""a8w8_bpreshuffle_256x32x256x256_16x16_16x16_16x16x1_16x16x1_1x16x1x16_8x8x1_1x2_intrawave_v1""}, {""kernelId"": 134, ""latency_cycles"": 61621.2, ""kernelName"": ""a8w8_bpreshuffle_256x48x256x256_16x16_16x16_16x16x1_16x16x1_1x16x1x16_8x8x1_1x2_intrawave_v1""}, {""kernelId"": 84, ""latency_cycles"": 66875.9, ""kernelName"": ""a8w8_bpreshuffle_256x32x128x128_16x16_16x16_8x32x1_8x32x1_1x32x1x8_8x8x1_2x1_intrawave_v1""}]",
a8w8_bpreshuffle,gfx950,24,14336,3584,torch.float8_e4m3fn,True,device:0,256,aiter,75,a8w8_bpreshuffle_128x16x256x64_16x16_16x16_4x16x1_4x32x1_1x16x1x8_8x8x1_1x2_intrawave_v1,16,256,64,2,16,16,128,0,73898.96,73.42121364854268,"[{""kernelId"": 75, ""latency_cycles"": 73898.96, ""kernelName"": ""a8w8_bpreshuffle_128x16x256x64_16x16_16x16_4x16x1_4x32x1_1x16x1x8_8x8x1_1x2_intrawave_v1""}, {""kernelId"": 73, ""latency_cycles"": 81664.36, ""kernelName"": ""a8w8_bpreshuffle_256x32x256x64_16x16_16x16_4x32x1_4x64x1_1x32x1x8_8x8x1_2x1_intrawave_v1""}, {""kernelId"": 72, ""latency_cycles"": 133512.09, ""kernelName"": ""a8w8_bpreshuffle_256x64x256x64_16x16_16x16_4x64x1_4x64x1_1x16x1x16_8x8x1_1x2_intrawave_v1""}, {""kernelId"": 74, ""latency_cycles"": 133512.09, ""kernelName"": ""a8w8_bpreshuffle_256x64x256x64_16x16_16x16_4x64x1_4x64x1_1x32x1x8_8x8x1_2x1_intrawave_v1""}, {""kernelId"": 71, ""latency_cycles"": 238841.42, ""kernelName"": ""a8w8_bpreshuffle_256x128x128x64_16x16_16x16_4x64x1_4x64x1_1x32x1x8_8x8x1_2x1_intrawave_v3""}]",
a8w8_bpreshuffle,gfx950,9,14336,4096,torch.float8_e4m3fn,True,device:0,256,aiter,75,a8w8_bpreshuffle_128x16x256x64_16x16_16x16_4x16x1_4x32x1_1x16x1x8_8x8x1_1x2_intrawave_v1,16,256,64,2,16,16,128,0,98821.4,23.53055361166463,"[{""kernelId"": 75, ""latency_cycles"": 98821.4, ""kernelName"": ""a8w8_bpreshuffle_128x16x256x64_16x16_16x16_4x16x1_4x32x1_1x16x1x8_8x8x1_1x2_intrawave_v1""}, {""kernelId"": 73, ""latency_cycles"": 176137.03, ""kernelName"": ""a8w8_bpreshuffle_256x32x256x64_16x16_16x16_4x32x1_4x64x1_1x32x1x8_8x8x1_2x1_intrawave_v1""}, {""kernelId"": 72, ""latency_cycles"": 330775.27, ""kernelName"": ""a8w8_bpreshuffle_256x64x256x64_16x16_16x16_4x64x1_4x64x1_1x16x1x16_8x8x1_1x2_intrawave_v1""}, {""kernelId"": 74, ""latency_cycles"": 330775.27, ""kernelName"": ""a8w8_bpreshuffle_256x64x256x64_16x16_16x16_4x64x1_4x64x1_1x32x1x8_8x8x1_2x1_intrawave_v1""}, {""kernelId"": 71, ""latency_cycles"": 677574.99, ""kernelName"": ""a8w8_bpreshuffle_256x128x128x64_16x16_16x16_4x64x1_4x64x1_1x32x1x8_8x8x1_2x1_intrawave_v3""}]",
a8w8_bpreshuffle,gfx950,224,14336,4096,torch.float8_e4m3fn,True,device:0,256,aiter,129,a8w8_bpreshuffle_256x80x192x256_16x16_16x16_16x16x1_16x16x1_1x16x1x16_4x4x1_1x1_intrawave_v3,80,192,256,2,16,16,128,0,58126.84,995.6619383326232,"[{""kernelId"": 129, ""latency_cycles"": 58126.84, ""kernelName"": ""a8w8_bpreshuffle_256x80x192x256_16x16_16x16_16x16x1_16x16x1_1x16x1x16_4x4x1_1x1_intrawave_v3""}, {""kernelId"": 135, ""latency_cycles"": 66388.57, ""kernelName"": ""a8w8_bpreshuffle_256x64x256x256_16x16_16x16_16x16x1_16x16x1_1x16x1x16_8x8x1_1x2_intrawave_v3""}, {""kernelId"": 130, ""latency_cycles"": 68205.14, ""kernelName"": ""a8w8_bpreshuffle_256x96x192x256_16x16_16x16_16x16x1_16x16x1_1x32x1x8_8x8x1_2x1_intrawave_v3""}, {""kernelId"": 136, ""latency_cycles"": 69914.11, ""kernelName"": ""a8w8_bpreshuffle_256x80x256x256_16x16_16x16_16x16x1_16x16x1_1x16x1x16_8x8x1_1x2_intrawave_v3""}, {""kernelId"": 101, ""latency_cycles"": 72756.66, ""kernelName"": ""a8w8_bpreshuffle_256x64x256x128_16x16_16x16_8x32x1_8x32x1_1x32x1x8_8x8x1_2x1_intrawave_v3""}]",
a8w8_bpreshuffle,gfx950,32768,14336,6400,torch.float8_e4m3fn,True,device:0,256,aiter,2,a8w8_bpreshuffle_256x256x256x128_16x16_16x16_8x32x1_8x32x1_1x32x1x8_8x8x1_1x2_intrawave_v3,256,256,128,2,16,16,128,0,4488855.82,2946.9646189337714,"[{""kernelId"": 2, ""latency_cycles"": 4488855.82, ""kernelName"": ""a8w8_bpreshuffle_256x256x256x128_16x16_16x16_8x32x1_8x32x1_1x32x1x8_8x8x1_1x2_intrawave_v3""}, {""kernelId"": 33, ""latency_cycles"": 4488855.82, ""kernelName"": ""a8w8_bpreshuffle_256x256x256x128_16x16_16x16_8x32x1_8x32x1_1x32x1x8_8x8x1_2x1_intrawave_v3""}, {""kernelId"": 107, ""latency_cycles"": 4488855.82, ""kernelName"": ""a8w8_bpreshuffle_256x256x256x128_16x16_16x16_8x32x1_8x32x1_1x16x1x16_4x4x1_1x1_intrawave_v3""}, {""kernelId"": 34, ""latency_cycles"": 4805512.83, ""kernelName"": ""a8w8_bpreshuffle_256x256x224x128_16x16_16x16_8x32x1_8x32x1_1x64x1x4_8x8x1_2x1_intrawave_v3""}, {""kernelId"": 40, ""latency_cycles"": 4972200.19, ""kernelName"": ""a8w8_bpreshuffle_256x224x256x128_16x16_16x16_8x32x1_8x32x1_1x32x1x8_8x8x1_2x1_intrawave_v3""}]",
a8w8_bpreshuffle,gfx950,7,16384,512,torch.float8_e4m3fn,True,device:0,256,aiter,75,a8w8_bpreshuffle_128x16x256x64_16x16_16x16_4x16x1_4x32x1_1x16x1x8_8x8x1_1x2_intrawave_v1,16,256,64,2,16,16,128,0,38723.81,6.672100483453114,"[{""kernelId"": 75, ""latency_cycles"": 38723.81, ""kernelName"": ""a8w8_bpreshuffle_128x16x256x64_16x16_16x16_4x16x1_4x32x1_1x16x1x8_8x8x1_1x2_intrawave_v1""}, {""kernelId"": 73, ""latency_cycles"": 73237.57, ""kernelName"": ""a8w8_bpreshuffle_256x32x256x64_16x16_16x16_4x32x1_4x64x1_1x32x1x8_8x8x1_2x1_intrawave_v1""}, {""kernelId"": 72, ""latency_cycles"": 142269.95, ""kernelName"": ""a8w8_bpreshuffle_256x64x256x64_16x16_16x16_4x64x1_4x64x1_1x16x1x16_8x8x1_1x2_intrawave_v1""}, {""kernelId"": 74, ""latency_cycles"": 142269.95, ""kernelName"": ""a8w8_bpreshuffle_256x64x256x64_16x16_16x16_4x64x1_4x64x1_1x32x1x8_8x8x1_2x1_intrawave_v1""}, {""kernelId"": 71, ""latency_cycles"": 179689.35, ""kernelName"": ""a8w8_bpreshuffle_256x128x128x64_16x16_16x16_4x64x1_4x64x1_1x32x1x8_8x8x1_2x1_intrawave_v3""}]",
a8w8_bpreshuffle,gfx950,2560,16384,512,torch.float8_e4m3fn,True,device:0,256,aiter,34,a8w8_bpreshuffle_256x256x224x128_16x16_16x16_8x32x1_8x32x1_1x64x1x4_8x8x1_2x1_intrawave_v3,256,224,128,2,16,16,128,0,100933.37,936.1549763183388,"[{""kernelId"": 34, ""latency_cycles"": 100933.37, ""kernelName"": ""a8w8_bpreshuffle_256x256x224x128_16x16_16x16_8x32x1_8x32x1_1x64x1x4_8x8x1_2x1_intrawave_v3""}, {""kernelId"": 40, ""latency_cycles"": 101951.11, ""kernelName"": ""a8w8_bpreshuffle_256x224x256x128_16x16_16x16_8x32x1_8x32x1_1x32x1x8_8x8x1_2x1_intrawave_v3""}, {""kernelId"": 106, ""latency_cycles"": 101951.11, ""kernelName"": ""a8w8_bpreshuffle_256x224x256x128_16x16_16x16_8x32x1_8x32x1_1x16x1x16_4x4x1_1x1_intrawave_v3""}, {""kernelId"": 54, ""latency_cycles"": 102947.29, ""kernelName"": ""a8w8_bpreshuffle_256x160x256x128_16x16_16x16_8x32x1_8x32x1_1x32x1x8_8x8x1_2x1_intrawave_v3""}, {""kernelId"": 104, ""latency_cycles"": 102947.29, ""kernelName"": ""a8w8_bpreshuffle_256x160x256x128_16x16_16x16_8x32x1_8x32x1_1x16x1x16_4x4x1_1x1_intrawave_v3""}]",
a8w8_bpreshuffle,gfx950,1,18432,7168,torch.float8_e4m3fn,True,device:0,256,aiter,75,a8w8_bpreshuffle_128x16x256x64_16x16_16x16_4x16x1_4x32x1_1x16x1x8_8x8x1_1x2_intrawave_v1,16,256,64,2,16,16,128,0,1605406.08,0.3621080939614687,"[{""kernelId"": 75, ""latency_cycles"": 1605406.08, ""kernelName"": ""a8w8_bpreshuffle_128x16x256x64_16x16_16x16_4x16x1_4x32x1_1x16x1x8_8x8x1_1x2_intrawave_v1""}, {""kernelId"": 73, ""latency_cycles"": 3182689.59, ""kernelName"": ""a8w8_bpreshuffle_256x32x256x64_16x16_16x16_4x32x1_4x64x1_1x32x1x8_8x8x1_2x1_intrawave_v1""}, {""kernelId"": 72, ""latency_cycles"": 6337268.58, ""kernelName"": ""a8w8_bpreshuffle_256x64x256x64_16x16_16x16_4x64x1_4x64x1_1x16x1x16_8x8x1_1x2_intrawave_v1""}, {""kernelId"": 74, ""latency_cycles"": 6337268.58, ""kernelName"": ""a8w8_bpreshuffle_256x64x256x64_16x16_16x16_4x64x1_4x64x1_1x32x1x8_8x8x1_2x1_intrawave_v1""}, {""kernelId"": 71, ""latency_cycles"": 16793448.54, ""kernelName"": ""a8w8_bpreshuffle_256x128x128x64_16x16_16x16_4x64x1_4x64x1_1x32x1x8_8x8x1_2x1_intrawave_v3""}]",
a8w8_bpreshuffle,gfx950,320,18432,7168,torch.float8_e4m3fn,True,device:0,256,aiter,138,a8w8_bpreshuffle_256x112x256x256_16x16_16x16_16x16x1_16x16x1_1x16x1x16_8x8x1_1x2_intrawave_v3,112,256,256,2,16,16,128,0,124911.94,1489.255342790278,"[{""kernelId"": 138, ""latency_cycles"": 124911.94, ""kernelName"": ""a8w8_bpreshuffle_256x112x256x256_16x16_16x16_16x16x1_16x16x1_1x16x1x16_8x8x1_1x2_intrawave_v3""}, {""kernelId"": 154, ""latency_cycles"": 139842.16, ""kernelName"": ""a8w8_bpreshuffle_256x128x256x256_16x16_16x16_16x16x1_16x16x1_1x16x1x16_8x8x1_1x2_intrawave_v3""}, {""kernelId"": 67, ""latency_cycles"": 141580.71, ""kernelName"": ""a8w8_bpreshuffle_256x128x224x128_16x16_16x16_8x32x1_8x32x1_1x64x1x4_8x8x1_2x1_intrawave_v3""}, {""kernelId"": 66, ""latency_cycles"": 151066.08, ""kernelName"": ""a8w8_bpreshuffle_256x128x256x128_16x16_16x16_8x32x1_8x32x1_1x32x1x8_8x8x1_2x1_intrawave_v3""}, {""kernelId"": 103, ""latency_cycles"": 151066.08, ""kernelName"": ""a8w8_bpreshuffle_256x128x256x128_16x16_16x16_8x32x1_8x32x1_1x16x1x16_4x4x1_1x1_intrawave_v3""}]",
a8w8_bpreshuffle,gfx950,768,18432,7168,torch.float8_e4m3fn,True,device:0,256,aiter,34,a8w8_bpreshuffle_256x256x224x128_16x16_16x16_8x32x1_8x32x1_1x64x1x4_8x8x1_2x1_intrawave_v3,256,224,128,2,16,16,128,0,167319.54,2668.3186626332763,"[{""kernelId"": 34, ""latency_cycles"": 167319.54, ""kernelName"": ""a8w8_bpreshuffle_256x256x224x128_16x16_16x16_8x32x1_8x32x1_1x64x1x4_8x8x1_2x1_intrawave_v3""}, {""kernelId"": 2, ""latency_cycles"": 175371.98, ""kernelName"": ""a8w8_bpreshuffle_256x256x256x128_16x16_16x16_8x32x1_8x32x1_1x32x1x8_8x8x1_1x2_intrawave_v3""}, {""kernelId"": 33, ""latency_cycles"": 175371.98, ""kernelName"": ""a8w8_bpreshuffle_256x256x256x128_16x16_16x16_8x32x1_8x32x1_1x32x1x8_8x8x1_2x1_intrawave_v3""}, {""kernelId"": 107, ""latency_cycles"": 175371.98, ""kernelName"": ""a8w8_bpreshuffle_256x256x256x128_16x16_16x16_8x32x1_8x32x1_1x16x1x16_4x4x1_1x1_intrawave_v3""}, {""kernelId"": 154, ""latency_cycles"": 241869.77, ""kernelName"": ""a8w8_bpreshuffle_256x128x256x256_16x16_16x16_16x16x1_16x16x1_1x16x1x16_8x8x1_1x2_intrawave_v3""}]",
a8w8_bpreshuffle,gfx950,40000,18432,7168,torch.float8_e4m3fn,True,device:0,256,aiter,2,a8w8_bpreshuffle_256x256x256x128_16x16_16x16_8x32x1_8x32x1_1x32x1x8_8x8x1_1x2_intrawave_v3,256,256,128,2,16,16,128,0,7961876.59,2920.570435559224,"[{""kernelId"": 2, ""latency_cycles"": 7961876.59, ""kernelName"": ""a8w8_bpreshuffle_256x256x256x128_16x16_16x16_8x32x1_8x32x1_1x32x1x8_8x8x1_1x2_intrawave_v3""}, {""kernelId"": 33, ""latency_cycles"": 7961876.59, ""kernelName"": ""a8w8_bpreshuffle_256x256x256x128_16x16_16x16_8x32x1_8x32x1_1x32x1x8_8x8x1_2x1_intrawave_v3""}, {""kernelId"": 107, ""latency_cycles"": 7961876.59, ""kernelName"": ""a8w8_bpreshuffle_256x256x256x128_16x16_16x16_8x32x1_8x32x1_1x16x1x16_4x4x1_1x1_intrawave_v3""}, {""kernelId"": 40, ""latency_cycles"": 8448680.29, ""kernelName"": ""a8w8_bpreshuffle_256x224x256x128_16x16_16x16_8x32x1_8x32x1_1x32x1x8_8x8x1_2x1_intrawave_v3""}, {""kernelId"": 106, ""latency_cycles"": 8448680.29, ""kernelName"": ""a8w8_bpreshuffle_256x224x256x128_16x16_16x16_8x32x1_8x32x1_1x16x1x16_4x4x1_1x1_intrawave_v3""}]",
a8w8_bpreshuffle,gfx950,2000,18432,13312,torch.float8_e4m3fn,True,device:0,256,aiter,35,a8w8_bpreshuffle_256x256x192x128_16x16_16x16_8x32x1_8x32x1_1x32x1x8_8x8x1_2x1_intrawave_v3,256,192,128,2,16,16,128,0,850142.32,2539.842627225327,"[{""kernelId"": 35, ""latency_cycles"": 850142.32, ""kernelName"": ""a8w8_bpreshuffle_256x256x192x128_16x16_16x16_8x32x1_8x32x1_1x32x1x8_8x8x1_2x1_intrawave_v3""}, {""kernelId"": 99, ""latency_cycles"": 850142.32, ""kernelName"": ""a8w8_bpreshuffle_256x256x192x128_16x16_16x16_8x32x1_8x32x1_1x16x1x16_4x4x1_1x1_intrawave_v3""}, {""kernelId"": 41, ""latency_cycles"": 856870.81, ""kernelName"": ""a8w8_bpreshuffle_256x224x224x128_16x16_16x16_8x32x1_8x32x1_1x32x1x8_4x4x1_1x1_intrawave_v3""}, {""kernelId"": 40, ""latency_cycles"": 908439.96, ""kernelName"": ""a8w8_bpreshuffle_256x224x256x128_16x16_16x16_8x32x1_8x32x1_1x32x1x8_8x8x1_2x1_intrawave_v3""}, {""kernelId"": 106, ""latency_cycles"": 908439.96, ""kernelName"": ""a8w8_bpreshuffle_256x224x256x128_16x16_16x16_8x32x1_8x32x1_1x16x1x16_4x4x1_1x1_intrawave_v3""}]",
a8w8_bpreshuffle,gfx950,10,18432,25600,torch.float8_e4m3fn,True,device:0,256,aiter,75,a8w8_bpreshuffle_128x16x256x64_16x16_16x16_4x16x1_4x32x1_1x16x1x8_8x8x1_1x2_intrawave_v1,16,256,64,2,16,16,128,0,629126.3,33.00101260711452,"[{""kernelId"": 75, ""latency_cycles"": 629126.3, ""kernelName"": ""a8w8_bpreshuffle_128x16x256x64_16x16_16x16_4x16x1_4x32x1_1x16x1x8_8x8x1_1x2_intrawave_v1""}, {""kernelId"": 73, ""latency_cycles"": 1181371.2, ""kernelName"": ""a8w8_bpreshuffle_256x32x256x64_16x16_16x16_4x32x1_4x64x1_1x32x1x8_8x8x1_2x1_intrawave_v1""}, {""kernelId"": 72, ""latency_cycles"": 2285884.16, ""kernelName"": ""a8w8_bpreshuffle_256x64x256x64_16x16_16x16_4x64x1_4x64x1_1x16x1x16_8x8x1_1x2_intrawave_v1""}, {""kernelId"": 74, ""latency_cycles"": 2285884.16, ""kernelName"": ""a8w8_bpreshuffle_256x64x256x64_16x16_16x16_4x64x1_4x64x1_1x32x1x8_8x8x1_2x1_intrawave_v1""}, {""kernelId"": 71, ""latency_cycles"": 6163507.34, ""kernelName"": ""a8w8_bpreshuffle_256x128x128x64_16x16_16x16_4x64x1_4x64x1_1x32x1x8_8x8x1_2x1_intrawave_v3""}]",
a8w8_bpreshuffle,gfx950,17,18432,25600,torch.float8_e4m3fn,True,device:0,256,aiter,73,a8w8_bpreshuffle_256x32x256x64_16x16_16x16_4x32x1_4x64x1_1x32x1x8_8x8x1_2x1_intrawave_v1,32,256,64,2,16,16,128,0,731404.15,48.25658735236131,"[{""kernelId"": 73, ""latency_cycles"": 731404.15, ""kernelName"": ""a8w8_bpreshuffle_256x32x256x64_16x16_16x16_4x32x1_4x64x1_1x32x1x8_8x8x1_2x1_intrawave_v1""}, {""kernelId"": 75, ""latency_cycles"": 1070359.75, ""kernelName"": ""a8w8_bpreshuffle_128x16x256x64_16x16_16x16_4x16x1_4x32x1_1x16x1x8_8x8x1_1x2_intrawave_v1""}, {""kernelId"": 72, ""latency_cycles"": 1381697.4, ""kernelName"": ""a8w8_bpreshuffle_256x64x256x64_16x16_16x16_4x64x1_4x64x1_1x16x1x16_8x8x1_1x2_intrawave_v1""}, {""kernelId"": 74, ""latency_cycles"": 1381697.4, ""kernelName"": ""a8w8_bpreshuffle_256x64x256x64_16x16_16x16_4x64x1_4x64x1_1x32x1x8_8x8x1_2x1_intrawave_v1""}, {""kernelId"": 71, ""latency_cycles"": 3709560.92, ""kernelName"": ""a8w8_bpreshuffle_256x128x128x64_16x16_16x16_4x64x1_4x64x1_1x32x1x8_8x8x1_2x1_intrawave_v3""}]",
a8w8_bpreshuffle,gfx950,8,20480,256,torch.float8_e4m3fn,True,device:0,256,aiter,75,a8w8_bpreshuffle_128x16x256x64_16x16_16x16_4x16x1_4x32x1_1x16x1x8_8x8x1_1x2_intrawave_v1,16,256,64,2,16,16,128,0,19198.19,9.61285039542724,"[{""kernelId"": 75, ""latency_cycles"": 19198.19, ""kernelName"": ""a8w8_bpreshuffle_128x16x256x64_16x16_16x16_4x16x1_4x32x1_1x16x1x8_8x8x1_1x2_intrawave_v1""}, {""kernelId"": 73, ""latency_cycles"": 36065.53, ""kernelName"": ""a8w8_bpreshuffle_256x32x256x64_16x16_16x16_4x32x1_4x64x1_1x32x1x8_8x8x1_2x1_intrawave_v1""}, {""kernelId"": 72, ""latency_cycles"": 69808.94, ""kernelName"": ""a8w8_bpreshuffle_256x64x256x64_16x16_16x16_4x64x1_4x64x1_1x16x1x16_8x8x1_1x2_intrawave_v1""}, {""kernelId"": 74, ""latency_cycles"": 69808.94, ""kernelName"": ""a8w8_bpreshuffle_256x64x256x64_16x16_16x16_4x64x1_4x64x1_1x32x1x8_8x8x1_2x1_intrawave_v1""}, {""kernelId"": 71, ""latency_cycles"": 90116.62, ""kernelName"": ""a8w8_bpreshuffle_256x128x128x64_16x16_16x16_4x64x1_4x64x1_1x32x1x8_8x8x1_2x1_intrawave_v3""}]",
a8w8_bpreshuffle,gfx950,448,20480,256,torch.float8_e4m3fn,True,device:0,256,aiter,93,a8w8_bpreshuffle_256x64x192x128_16x16_16x16_8x32x1_8x32x1_1x32x1x8_8x8x1_2x1_intrawave_v3,64,192,128,2,16,16,128,0,24092.47,428.96240075154066,"[{""kernelId"": 93, ""latency_cycles"": 24092.47, ""kernelName"": ""a8w8_bpreshuffle_256x64x192x128_16x16_16x16_8x32x1_8x32x1_1x32x1x8_8x8x1_2x1_intrawave_v3""}, {""kernelId"": 69, ""latency_cycles"": 24198.37, ""kernelName"": ""a8w8_bpreshuffle_256x128x160x128_16x16_16x16_8x32x1_8x32x1_1x64x1x4_8x8x1_2x1_intrawave_v3""}, {""kernelId"": 157, ""latency_cycles"": 25609.44, ""kernelName"": ""a8w8_bpreshuffle_256x176x256x128_8x16_16x16_16x16x1_8x32x1_1x16x1x16_8x8x1_1x2_intrawave_v3""}, {""kernelId"": 47, ""latency_cycles"": 26522.96, ""kernelName"": ""a8w8_bpreshuffle_256x192x256x128_16x16_16x16_8x32x1_8x32x1_1x32x1x8_8x8x1_2x1_intrawave_v3""}, {""kernelId"": 105, ""latency_cycles"": 26522.96, ""kernelName"": ""a8w8_bpreshuffle_256x192x256x128_16x16_16x16_8x32x1_8x32x1_1x16x1x16_4x4x1_1x1_intrawave_v3""}]",
a8w8_bpreshuffle,gfx950,65536,20480,1536,torch.float8_e4m3fn,True,device:0,256,aiter,2,a8w8_bpreshuffle_256x256x256x128_16x16_16x16_8x32x1_8x32x1_1x32x1x8_8x8x1_1x2_intrawave_v3,256,256,128,2,16,16,128,0,4704948.18,1927.9640458076037,"[{""kernelId"": 2, ""latency_cycles"": 4704948.18, ""kernelName"": ""a8w8_bpreshuffle_256x256x256x128_16x16_16x16_8x32x1_8x32x1_1x32x1x8_8x8x1_1x2_intrawave_v3""}, {""kernelId"": 33, ""latency_cycles"": 4704948.18, ""kernelName"": ""a8w8_bpreshuffle_256x256x256x128_16x16_16x16_8x32x1_8x32x1_1x32x1x8_8x8x1_2x1_intrawave_v3""}, {""kernelId"": 107, ""latency_cycles"": 4704948.18, ""kernelName"": ""a8w8_bpreshuffle_256x256x256x128_16x16_16x16_8x32x1_8x32x1_1x16x1x16_4x4x1_1x1_intrawave_v3""}, {""kernelId"": 40, ""latency_cycles"": 4955231.35, ""kernelName"": ""a8w8_bpreshuffle_256x224x256x128_16x16_16x16_8x32x1_8x32x1_1x32x1x8_8x8x1_2x1_intrawave_v3""}, {""kernelId"": 106, ""latency_cycles"": 4955231.35, ""kernelName"": ""a8w8_bpreshuffle_256x224x256x128_16x16_16x16_8x32x1_8x32x1_1x16x1x16_4x4x1_1x1_intrawave_v3""}]",
a8w8_bpreshuffle,gfx950,8,24576,1536,torch.float8_e4m3fn,True,device:0,256,aiter,75,a8w8_bpreshuffle_128x16x256x64_16x16_16x16_4x16x1_4x32x1_1x16x1x8_8x8x1_1x2_intrawave_v1,16,256,64,2,16,16,128,0,76399.21,17.392267381043354,"[{""kernelId"": 75, ""latency_cycles"": 76399.21, ""kernelName"": ""a8w8_bpreshuffle_128x16x256x64_16x16_16x16_4x16x1_4x32x1_1x16x1x8_8x8x1_1x2_intrawave_v1""}, {""kernelId"": 73, ""latency_cycles"": 136723.22, ""kernelName"": ""a8w8_bpreshuffle_256x32x256x64_16x16_16x16_4x32x1_4x64x1_1x32x1x8_8x8x1_2x1_intrawave_v1""}, {""kernelId"": 72, ""latency_cycles"": 257374.3, ""kernelName"": ""a8w8_bpreshuffle_256x64x256x64_16x16_16x16_4x64x1_4x64x1_1x16x1x16_8x8x1_1x2_intrawave_v1""}, {""kernelId"": 74, ""latency_cycles"": 257374.3, ""kernelName"": ""a8w8_bpreshuffle_256x64x256x64_16x16_16x16_4x64x1_4x64x1_1x32x1x8_8x8x1_2x1_intrawave_v1""}, {""kernelId"": 71, ""latency_cycles"": 522786.04, ""kernelName"": ""a8w8_bpreshuffle_256x128x128x64_16x16_16x16_4x64x1_4x64x1_1x32x1x8_8x8x1_2x1_intrawave_v3""}]",
a8w8_bpreshuffle,gfx950,13,24576,1536,torch.float8_e4m3fn,True,device:0,256,aiter,75,a8w8_bpreshuffle_128x16x256x64_16x16_16x16_4x16x1_4x32x1_1x16x1x8_8x8x1_1x2_intrawave_v1,16,256,64,2,16,16,128,0,51453.18,41.96490311369745,"[{""kernelId"": 75, ""latency_cycles"": 51453.18, ""kernelName"": ""a8w8_bpreshuffle_128x16x256x64_16x16_16x16_4x16x1_4x32x1_1x16x1x8_8x8x1_1x2_intrawave_v1""}, {""kernelId"": 73, ""latency_cycles"": 88837.81, ""kernelName"": ""a8w8_bpreshuffle_256x32x256x64_16x16_16x16_4x32x1_4x64x1_1x32x1x8_8x8x1_2x1_intrawave_v1""}, {""kernelId"": 72, ""latency_cycles"": 163609.46, ""kernelName"": ""a8w8_bpreshuffle_256x64x256x64_16x16_16x16_4x64x1_4x64x1_1x16x1x16_8x8x1_1x2_intrawave_v1""}, {""kernelId"": 74, ""latency_cycles"": 163609.46, ""kernelName"": ""a8w8_bpreshuffle_256x64x256x64_16x16_16x16_4x64x1_4x64x1_1x32x1x8_8x8x1_2x1_intrawave_v1""}, {""kernelId"": 71, ""latency_cycles"": 327691.36, ""kernelName"": ""a8w8_bpreshuffle_256x128x128x64_16x16_16x16_4x64x1_4x64x1_1x32x1x8_8x8x1_2x1_intrawave_v3""}]",
a8w8_bpreshuffle,gfx950,20,24576,1536,torch.float8_e4m3fn,True,device:0,256,aiter,75,a8w8_bpreshuffle_128x16x256x64_16x16_16x16_4x16x1_4x32x1_1x16x1x8_8x8x1_1x2_intrawave_v1,16,256,64,2,16,16,128,0,58625.47,56.66289619772556,"[{""kernelId"": 75, ""latency_cycles"": 58625.47, ""kernelName"": ""a8w8_bpreshuffle_128x16x256x64_16x16_16x16_4x16x1_4x32x1_1x16x1x8_8x8x1_1x2_intrawave_v1""}, {""kernelId"": 73, ""latency_cycles"": 66598.36, ""kernelName"": ""a8w8_bpreshuffle_256x32x256x64_16x16_16x16_4x32x1_4x64x1_1x32x1x8_8x8x1_2x1_intrawave_v1""}, {""kernelId"": 72, ""latency_cycles"": 115677.52, ""kernelName"": ""a8w8_bpreshuffle_256x64x256x64_16x16_16x16_4x64x1_4x64x1_1x16x1x16_8x8x1_1x2_intrawave_v1""}, {""kernelId"": 74, ""latency_cycles"": 115677.52, ""kernelName"": ""a8w8_bpreshuffle_256x64x256x64_16x16_16x16_4x64x1_4x64x1_1x32x1x8_8x8x1_2x1_intrawave_v1""}, {""kernelId"": 71, ""latency_cycles"": 218700.05, ""kernelName"": ""a8w8_bpreshuffle_256x128x128x64_16x16_16x16_4x64x1_4x64x1_1x32x1x8_8x8x1_2x1_intrawave_v3""}]",
a8w8_bpreshuffle,gfx950,28,32768,512,torch.float8_e4m3fn,True,device:0,256,aiter,75,a8w8_bpreshuffle_128x16x256x64_16x16_16x16_4x16x1_4x32x1_1x16x1x8_8x8x1_1x2_intrawave_v1,16,256,64,2,16,16,128,0,19833.37,104.21593903314357,"[{""kernelId"": 75, ""latency_cycles"": 19833.37, ""kernelName"": ""a8w8_bpreshuffle_128x16x256x64_16x16_16x16_4x16x1_4x32x1_1x16x1x8_8x8x1_1x2_intrawave_v1""}, {""kernelId"": 73, ""latency_cycles"": 27702.1, ""kernelName"": ""a8w8_bpreshuffle_256x32x256x64_16x16_16x16_4x32x1_4x64x1_1x32x1x8_8x8x1_2x1_intrawave_v1""}, {""kernelId"": 72, ""latency_cycles"": 48770.75, ""kernelName"": ""a8w8_bpreshuffle_256x64x256x64_16x16_16x16_4x64x1_4x64x1_1x16x1x16_8x8x1_1x2_intrawave_v1""}, {""kernelId"": 74, ""latency_cycles"": 48770.75, ""kernelName"": ""a8w8_bpreshuffle_256x64x256x64_16x16_16x16_4x64x1_4x64x1_1x32x1x8_8x8x1_2x1_intrawave_v1""}, {""kernelId"": 71, ""latency_cycles"": 67848.68, ""kernelName"": ""a8w8_bpreshuffle_256x128x128x64_16x16_16x16_4x64x1_4x64x1_1x32x1x8_8x8x1_2x1_intrawave_v3""}]",
a8w8_bpreshuffle,gfx950,1,32768,1536,torch.float8_e4m3fn,True,device:0,256,aiter,75,a8w8_bpreshuffle_128x16x256x64_16x16_16x16_4x16x1_4x32x1_1x16x1x8_8x8x1_1x2_intrawave_v1,16,256,64,2,16,16,128,0,587126.67,0.3771916042203772,"[{""kernelId"": 75, ""latency_cycles"": 587126.67, ""kernelName"": ""a8w8_bpreshuffle_128x16x256x64_16x16_16x16_4x16x1_4x32x1_1x16x1x8_8x8x1_1x2_intrawave_v1""}, {""kernelId"": 73, ""latency_cycles"": 1163540.58, ""kernelName"": ""a8w8_bpreshuffle_256x32x256x64_16x16_16x16_4x32x1_4x64x1_1x32x1x8_8x8x1_2x1_intrawave_v1""}, {""kernelId"": 72, ""latency_cycles"": 2316382.74, ""kernelName"": ""a8w8_bpreshuffle_256x64x256x64_16x16_16x16_4x64x1_4x64x1_1x16x1x16_8x8x1_1x2_intrawave_v1""}, {""kernelId"": 74, ""latency_cycles"": 2316382.74, ""kernelName"": ""a8w8_bpreshuffle_256x64x256x64_16x16_16x16_4x64x1_4x64x1_1x32x1x8_8x8x1_2x1_intrawave_v1""}, {""kernelId"": 71, ""latency_cycles"": 4854007.66, ""kernelName"": ""a8w8_bpreshuffle_256x128x128x64_16x16_16x16_4x64x1_4x64x1_1x32x1x8_8x8x1_2x1_intrawave_v3""}]",
a8w8_bpreshuffle,gfx950,1280,32768,1536,torch.float8_e4m3fn,True,device:0,256,aiter,34,a8w8_bpreshuffle_256x256x224x128_16x16_16x16_8x32x1_8x32x1_1x64x1x4_8x8x1_2x1_intrawave_v3,256,224,128,2,16,16,128,0,161841.47,1751.5154622513378,"[{""kernelId"": 34, ""latency_cycles"": 161841.47, ""kernelName"": ""a8w8_bpreshuffle_256x256x224x128_16x16_16x16_8x32x1_8x32x1_1x64x1x4_8x8x1_2x1_intrawave_v3""}, {""kernelId"": 54, ""latency_cycles"": 175397.69, ""kernelName"": ""a8w8_bpreshuffle_256x160x256x128_16x16_16x16_8x32x1_8x32x1_1x32x1x8_8x8x1_2x1_intrawave_v3""}, {""kernelId"": 104, ""latency_cycles"": 175397.69, ""kernelName"": ""a8w8_bpreshuffle_256x160x256x128_16x16_16x16_8x32x1_8x32x1_1x16x1x16_4x4x1_1x1_intrawave_v3""}, {""kernelId"": 156, ""latency_cycles"": 175397.69, ""kernelName"": ""a8w8_bpreshuffle_256x160x256x128_16x16_16x16_8x32x1_8x32x1_1x16x1x16_8x8x1_1x2_intrawave_v3""}, {""kernelId"": 2, ""latency_cycles"": 176435.56, ""kernelName"": ""a8w8_bpreshuffle_256x256x256x128_16x16_16x16_8x32x1_8x32x1_1x32x1x8_8x8x1_1x2_intrawave_v3""}]",
a8w8_bpreshuffle,gfx950,80,51200,1280,torch.float8_e4m3fn,True,device:0,256,aiter,18,a8w8_bpreshuffle_256x16x512x256_16x16_16x16_16x16x1_16x16x1_1x16x1x16_8x8x1_1x2_intrawave_v1,16,512,256,2,16,16,128,0,59983.56,384.58326944634547,"[{""kernelId"": 18, ""latency_cycles"": 59983.56, ""kernelName"": ""a8w8_bpreshuffle_256x16x512x256_16x16_16x16_16x16x1_16x16x1_1x16x1x16_8x8x1_1x2_intrawave_v1""}, {""kernelId"": 32, ""latency_cycles"": 59983.56, ""kernelName"": ""a8w8_bpreshuffle_256x16x512x256_16x16_16x16_16x16x1_16x16x1_1x16x1x16_8x8x1_1x2_intrawave_v2""}, {""kernelId"": 111, ""latency_cycles"": 59983.56, ""kernelName"": ""a8w8_bpreshuffle_256x16x512x256_16x16_16x16_16x16x1_16x16x1_1x16x1x16_8x8x1_1x2_intrawave_v1""}, {""kernelId"": 119, ""latency_cycles"": 63635.84, ""kernelName"": ""a8w8_bpreshuffle_256x32x128x256_16x16_16x16_16x16x1_16x16x1_1x16x1x16_8x8x1_1x2_intrawave_v1""}, {""kernelId"": 133, ""latency_cycles"": 65129.25, ""kernelName"": ""a8w8_bpreshuffle_256x32x256x256_16x16_16x16_16x16x1_16x16x1_1x16x1x16_8x8x1_1x2_intrawave_v1""}]",
a8w8_bpreshuffle,gfx950,12,51200,4608,torch.float8_e4m3fn,True,device:0,256,aiter,75,a8w8_bpreshuffle_128x16x256x64_16x16_16x16_4x16x1_4x32x1_1x16x1x8_8x8x1_1x2_intrawave_v1,16,256,64,2,16,16,128,0,274525.36,45.376801534770415,"[{""kernelId"": 75, ""latency_cycles"": 274525.36, ""kernelName"": ""a8w8_bpreshuffle_128x16x256x64_16x16_16x16_4x16x1_4x32x1_1x16x1x8_8x8x1_1x2_intrawave_v1""}, {""kernelId"": 73, ""latency_cycles"": 512032.12, ""kernelName"": ""a8w8_bpreshuffle_256x32x256x64_16x16_16x16_4x32x1_4x64x1_1x32x1x8_8x8x1_2x1_intrawave_v1""}, {""kernelId"": 72, ""latency_cycles"": 987047.26, ""kernelName"": ""a8w8_bpreshuffle_256x64x256x64_16x16_16x16_4x64x1_4x64x1_1x16x1x16_8x8x1_1x2_intrawave_v1""}, {""kernelId"": 74, ""latency_cycles"": 987047.26, ""kernelName"": ""a8w8_bpreshuffle_256x64x256x64_16x16_16x16_4x64x1_4x64x1_1x32x1x8_8x8x1_2x1_intrawave_v1""}, {""kernelId"": 71, ""latency_cycles"": 2467240.97, ""kernelName"": ""a8w8_bpreshuffle_256x128x128x64_16x16_16x16_4x64x1_4x64x1_1x32x1x8_8x8x1_2x1_intrawave_v3""}]",
a8w8_bpreshuffle,gfx950,4,53248,16384,torch.float8_e4m3fn,True,device:0,256,aiter,75,a8w8_bpreshuffle_128x16x256x64_16x16_16x16_4x16x1_4x32x1_1x16x1x8_8x8x1_1x2_intrawave_v1,16,256,64,2,16,16,128,0,2700301.69,5.686219490759676,"[{""kernelId"": 75, ""latency_cycles"": 2700301.69, ""kernelName"": ""a8w8_bpreshuffle_128x16x256x64_16x16_16x16_4x16x1_4x32x1_1x16x1x8_8x8x1_1x2_intrawave_v1""}, {""kernelId"": 73, ""latency_cycles"": 5272590.19, ""kernelName"": ""a8w8_bpreshuffle_256x32x256x64_16x16_16x16_4x32x1_4x64x1_1x32x1x8_8x8x1_2x1_intrawave_v1""}, {""kernelId"": 72, ""latency_cycles"": 10417172.41, ""kernelName"": ""a8w8_bpreshuffle_256x64x256x64_16x16_16x16_4x64x1_4x64x1_1x16x1x16_8x8x1_1x2_intrawave_v1""}, {""kernelId"": 74, ""latency_cycles"": 10417172.41, ""kernelName"": ""a8w8_bpreshuffle_256x64x256x64_16x16_16x16_4x64x1_4x64x1_1x32x1x8_8x8x1_2x1_intrawave_v1""}, {""kernelId"": 71, ""latency_cycles"": 25658323.57, ""kernelName"": ""a8w8_bpreshuffle_256x128x128x64_16x16_16x16_4x64x1_4x64x1_1x32x1x8_8x8x1_2x1_intrawave_v3""}]",
a8w8_bpreshuffle,gfx950,40,57344,2048,torch.float8_e4m3fn,True,device:0,256,aiter,7,a8w8_bpreshuffle_256x16x256x512_16x16_16x16_32x8x1_32x8x1_1x16x1x16_8x8x1_1x2_intrawave_v1,16,256,512,2,16,16,128,0,84227.34,245.40166538520856,"[{""kernelId"": 7, ""latency_cycles"": 84227.34, ""kernelName"": ""a8w8_bpreshuffle_256x16x256x512_16x16_16x16_32x8x1_32x8x1_1x16x1x16_8x8x1_1x2_intrawave_v1""}, {""kernelId"": 21, ""latency_cycles"": 84227.34, ""kernelName"": ""a8w8_bpreshuffle_256x16x256x512_16x16_16x16_32x8x1_32x8x1_1x16x1x16_8x8x1_1x2_intrawave_v2""}, {""kernelId"": 17, ""latency_cycles"": 85903.31, ""kernelName"": ""a8w8_bpreshuffle_256x16x256x256_16x16_16x16_16x16x1_16x16x1_1x16x1x16_8x8x1_1x2_intrawave_v1""}, {""kernelId"": 31, ""latency_cycles"": 85903.31, ""kernelName"": ""a8w8_bpreshuffle_256x16x256x256_16x16_16x16_16x16x1_16x16x1_1x16x1x16_8x8x1_1x2_intrawave_v2""}, {""kernelId"": 110, ""latency_cycles"": 85903.31, ""kernelName"": ""a8w8_bpreshuffle_256x16x256x256_16x16_16x16_16x16x1_16x16x1_1x16x1x16_8x8x1_1x2_intrawave_v1""}]",
a8w8_bpreshuffle,gfx950,6000,57344,3584,torch.float8_e4m3fn,True,device:0,256,aiter,2,a8w8_bpreshuffle_256x256x256x128_16x16_16x16_8x32x1_8x32x1_1x32x1x8_8x8x1_1x2_intrawave_v3,256,256,128,2,16,16,128,0,2204465.19,2461.2553119915215,"[{""kernelId"": 2, ""latency_cycles"": 2204465.19, ""kernelName"": ""a8w8_bpreshuffle_256x256x256x128_16x16_16x16_8x32x1_8x32x1_1x32x1x8_8x8x1_1x2_intrawave_v3""}, {""kernelId"": 33, ""latency_cycles"": 2204465.19, ""kernelName"": ""a8w8_bpreshuffle_256x256x256x128_16x16_16x16_8x32x1_8x32x1_1x32x1x8_8x8x1_2x1_intrawave_v3""}, {""kernelId"": 107, ""latency_cycles"": 2204465.19, ""kernelName"": ""a8w8_bpreshuffle_256x256x256x128_16x16_16x16_8x32x1_8x32x1_1x16x1x16_4x4x1_1x1_intrawave_v3""}, {""kernelId"": 34, ""latency_cycles"": 2339525.56, ""kernelName"": ""a8w8_bpreshuffle_256x256x224x128_16x16_16x16_8x32x1_8x32x1_1x64x1x4_8x8x1_2x1_intrawave_v3""}, {""kernelId"": 40, ""latency_cycles"": 2509190.59, ""kernelName"": ""a8w8_bpreshuffle_256x224x256x128_16x16_16x16_8x32x1_8x32x1_1x32x1x8_8x8x1_2x1_intrawave_v3""}]",
a8w8_bpreshuffle,gfx950,6,57344,8192,torch.float8_e4m3fn,True,device:0,256,aiter,75,a8w8_bpreshuffle_128x16x256x64_16x16_16x16_4x16x1_4x32x1_1x16x1x8_8x8x1_1x2_intrawave_v1,16,256,64,2,16,16,128,0,963732.73,12.868420497633737,"[{""kernelId"": 75, ""latency_cycles"": 963732.73, ""kernelName"": ""a8w8_bpreshuffle_128x16x256x64_16x16_16x16_4x16x1_4x32x1_1x16x1x8_8x8x1_1x2_intrawave_v1""}, {""kernelId"": 73, ""latency_cycles"": 1863169.15, ""kernelName"": ""a8w8_bpreshuffle_256x32x256x64_16x16_16x16_4x32x1_4x64x1_1x32x1x8_8x8x1_2x1_intrawave_v1""}, {""kernelId"": 72, ""latency_cycles"": 3662044.41, ""kernelName"": ""a8w8_bpreshuffle_256x64x256x64_16x16_16x16_4x64x1_4x64x1_1x16x1x16_8x8x1_1x2_intrawave_v1""}, {""kernelId"": 74, ""latency_cycles"": 3662044.41, ""kernelName"": ""a8w8_bpreshuffle_256x64x256x64_16x16_16x16_4x64x1_4x64x1_1x32x1x8_8x8x1_2x1_intrawave_v1""}, {""kernelId"": 71, ""latency_cycles"": 8610555.43, ""kernelName"": ""a8w8_bpreshuffle_256x128x128x64_16x16_16x16_4x64x1_4x64x1_1x32x1x8_8x8x1_2x1_intrawave_v3""}]",
a8w8_bpreshuffle,gfx950,320,57344,8192,torch.float8_e4m3fn,True,device:0,256,aiter,138,a8w8_bpreshuffle_256x112x256x256_16x16_16x16_16x16x1_16x16x1_1x16x1x16_8x8x1_1x2_intrawave_v3,112,256,256,2,16,16,128,0,419584.52,1576.3807569053915,"[{""kernelId"": 138, ""latency_cycles"": 419584.52, ""kernelName"": ""a8w8_bpreshuffle_256x112x256x256_16x16_16x16_16x16x1_16x16x1_1x16x1x16_8x8x1_1x2_intrawave_v3""}, {""kernelId"": 131, ""latency_cycles"": 467745.54, ""kernelName"": ""a8w8_bpreshuffle_256x112x192x256_16x16_16x16_16x16x1_16x16x1_1x16x1x16_4x4x1_1x1_intrawave_v3""}, {""kernelId"": 136, ""latency_cycles"": 468524.45, ""kernelName"": ""a8w8_bpreshuffle_256x80x256x256_16x16_16x16_16x16x1_16x16x1_1x16x1x16_8x8x1_1x2_intrawave_v3""}, {""kernelId"": 154, ""latency_cycles"": 471275.54, ""kernelName"": ""a8w8_bpreshuffle_256x128x256x256_16x16_16x16_16x16x1_16x16x1_1x16x1x16_8x8x1_1x2_intrawave_v3""}, {""kernelId"": 67, ""latency_cycles"": 475231.44, ""kernelName"": ""a8w8_bpreshuffle_256x128x224x128_16x16_16x16_8x32x1_8x32x1_1x64x1x4_8x8x1_2x1_intrawave_v3""}]",
a8w8_bpreshuffle,gfx950,12,57344,16384,torch.float8_e4m3fn,True,device:0,256,aiter,75,a8w8_bpreshuffle_128x16x256x64_16x16_16x16_4x16x1_4x32x1_1x16x1x8_8x8x1_1x2_intrawave_v1,16,256,64,2,16,16,128,0,1027042.1,48.30071944999679,"[{""kernelId"": 75, ""latency_cycles"": 1027042.1, ""kernelName"": ""a8w8_bpreshuffle_128x16x256x64_16x16_16x16_4x16x1_4x32x1_1x16x1x8_8x8x1_1x2_intrawave_v1""}, {""kernelId"": 73, ""latency_cycles"": 1924992.51, ""kernelName"": ""a8w8_bpreshuffle_256x32x256x64_16x16_16x16_4x32x1_4x64x1_1x32x1x8_8x8x1_2x1_intrawave_v1""}, {""kernelId"": 72, ""latency_cycles"": 3720897.99, ""kernelName"": ""a8w8_bpreshuffle_256x64x256x64_16x16_16x16_4x64x1_4x64x1_1x16x1x16_8x8x1_1x2_intrawave_v1""}, {""kernelId"": 74, ""latency_cycles"": 3720897.99, ""kernelName"": ""a8w8_bpreshuffle_256x64x256x64_16x16_16x16_4x64x1_4x64x1_1x32x1x8_8x8x1_2x1_intrawave_v1""}, {""kernelId"": 71, ""latency_cycles"": 8727725.81, ""kernelName"": ""a8w8_bpreshuffle_256x128x128x64_16x16_16x16_4x64x1_4x64x1_1x32x1x8_8x8x1_2x1_intrawave_v3""}]",
