M,N,K,o_kid,hint_mode,o_us,o_rank,o_slow,oracle_kid,oracle_us,csv_kid,csv_us,csv_slow,default_us,default_slow,n_ok
1,2048,3072,6,nt_b,19.38,2,1.091,8,17.764,8,17.764,1.0,20.208,1.1376,19
1,3072,3072,6,nt_b,19.504,2,1.0702,8,18.224,8,18.224,1.0,20.42,1.1205,19
1,3072,6144,6,nt_b,28.784,2,1.0918,8,26.364,7,30.944,1.1737,30.944,1.1737,19
1,4096,3072,6,nt_b,19.704,2,1.0942,8,18.008,13,20.964,1.1641,20.62,1.145,19
1,8192,3072,6,nt_b,20.536,4,1.1359,8,18.08,7,20.372,1.1268,20.372,1.1268,19
2,2048,3072,6,nt_b,19.2,2,1.0734,8,17.888,8,17.888,1.0,20.3,1.1349,19
2,3072,3072,6,nt_b,19.504,2,1.0809,8,18.044,8,18.044,1.0,21.044,1.1663,19
2,3072,6144,8,nt_b,26.464,1,1.0,8,26.464,8,26.464,1.0,30.7,1.1601,19
2,4096,3072,6,nt_b,19.428,2,1.061,8,18.312,6,19.428,1.061,20.148,1.1003,19
2,8192,3072,6,nt_b,19.832,2,1.0945,8,18.12,8,18.12,1.0,20.196,1.1146,19
4,2048,3072,6,nt_b,19.528,2,1.0878,8,17.952,8,17.952,1.0,20.268,1.129,19
4,3072,6144,8,nt_b,26.22,1,1.0,8,26.22,8,26.22,1.0,30.584,1.1664,19
4,4096,3072,6,nt_b,19.436,2,1.0726,8,18.12,6,19.436,1.0726,20.648,1.1395,19
4,8192,3072,6,nt_b,20.012,2,1.0948,8,18.28,13,21.324,1.1665,20.512,1.1221,19
8,3072,3072,6,nt_b,20.192,3,1.124,8,17.964,8,17.964,1.0,20.672,1.1508,19
8,3072,6144,8,nt_b,25.976,1,1.0,8,25.976,8,25.976,1.0,31.113,1.1977,19
8,4096,3072,6,nt_b,20.14,2,1.1171,8,18.028,8,18.028,1.0,20.644,1.1451,19
8,8192,3072,6,nt_b,20.48,3,1.1174,8,18.328,6,20.48,1.1174,20.312,1.1082,19
16,3072,3072,8,nt_b,18.276,1,1.0,8,18.276,6,20.936,1.1455,20.332,1.1125,19
16,3072,6144,8,nt_b,25.604,1,1.0,8,25.604,8,25.604,1.0,30.384,1.1867,19
16,4096,3072,8,nt_b,18.572,1,1.0,8,18.572,8,18.572,1.0,20.44,1.1006,19
16,8192,3072,8,nt_b,18.172,1,1.0,8,18.172,6,21.768,1.1979,20.512,1.1288,19
24,2048,3072,13,nt_b,20.764,4,1.1442,8,18.148,8,18.148,1.0,21.112,1.1633,19
24,3072,3072,13,nt_b,20.732,4,1.1467,8,18.08,8,18.08,1.0,20.836,1.1524,19
24,3072,6144,13,nt_b,32.052,5,1.1899,8,26.936,8,26.936,1.0,31.504,1.1696,19
24,4096,3072,13,nt_b,20.712,4,1.1288,8,18.348,8,18.348,1.0,20.992,1.1441,19
24,8192,3072,13,nt_b,21.32,5,1.1607,8,18.368,8,18.368,1.0,21.136,1.1507,19
32,2048,3072,13,nt_b,19.944,2,1.0941,8,18.228,8,18.228,1.0,20.808,1.1415,19
32,3072,3072,13,nt_b,20.184,3,1.1289,8,17.88,8,17.88,1.0,20.16,1.1275,19
32,3072,6144,13,nt_b,30.232,2,1.1139,8,27.14,8,27.14,1.0,30.949,1.1403,19
32,4096,3072,13,nt_b,20.232,2,1.0671,8,18.96,8,18.96,1.0,23.332,1.2306,19
32,8192,3072,13,nt_b,20.7,2,1.1221,8,18.448,8,18.448,1.0,20.928,1.1344,19
40,2048,3072,8,base,18.544,1,1.0,8,18.544,8,18.544,1.0,20.84,1.1238,19
40,3072,3072,8,base,18.464,1,1.0,8,18.464,8,18.464,1.0,20.944,1.1343,19
40,3072,6144,8,base,26.98,1,1.0,8,26.98,8,26.98,1.0,31.508,1.1678,19
40,4096,3072,8,base,18.812,1,1.0,8,18.812,8,18.812,1.0,21.216,1.1278,19
40,8192,3072,7,base,21.476,2,1.0367,5,20.716,18,23.304,1.1249,21.476,1.0367,19
48,2048,3072,8,base,17.98,1,1.0,8,17.98,8,17.98,1.0,20.664,1.1493,19
48,3072,3072,8,base,18.232,1,1.0,8,18.232,8,18.232,1.0,20.972,1.1503,19
48,3072,6144,8,base,26.368,1,1.0,8,26.368,8,26.368,1.0,31.076,1.1786,19
48,4096,3072,8,base,19.452,1,1.0,8,19.452,8,19.452,1.0,20.948,1.0769,19
48,8192,3072,7,base,21.064,1,1.0,7,21.064,7,21.064,1.0,21.064,1.0,19
56,2048,3072,8,base,18.216,1,1.0,8,18.216,8,18.216,1.0,20.672,1.1348,19
56,3072,3072,8,base,18.6,1,1.0,8,18.6,8,18.6,1.0,21.416,1.1514,19
56,3072,6144,8,base,27.336,1,1.0,8,27.336,8,27.336,1.0,31.629,1.157,19
56,4096,3072,8,base,18.812,1,1.0,8,18.812,8,18.812,1.0,21.244,1.1293,19
56,8192,3072,7,base,21.352,2,1.0141,5,21.056,7,21.352,1.0141,21.352,1.0141,19
64,2048,3072,8,base,18.084,1,1.0,8,18.084,8,18.084,1.0,21.196,1.1721,19
64,3072,3072,8,base,18.512,1,1.0,8,18.512,8,18.512,1.0,20.988,1.1338,19
64,3072,6144,8,base,26.62,1,1.0,8,26.62,8,26.62,1.0,31.18,1.1713,19
64,4096,3072,8,base,18.492,1,1.0,8,18.492,8,18.492,1.0,20.972,1.1341,19
64,8192,3072,7,base,21.332,2,1.0009,13,21.312,18,21.96,1.0304,21.332,1.0009,19
72,2048,3072,8,base,18.64,1,1.0,8,18.64,8,18.64,1.0,20.756,1.1135,19
72,3072,3072,8,base,18.992,1,1.0,8,18.992,8,18.992,1.0,21.504,1.1323,19
72,3072,6144,8,base,27.608,1,1.0,8,27.608,8,27.608,1.0,31.84,1.1533,19
72,4096,3072,13,base,21.664,3,1.0099,7,21.452,7,21.452,1.0,21.452,1.0,19
72,8192,3072,12,base,24.756,3,1.0706,3,23.124,18,24.424,1.0562,30.748,1.3297,19
80,2048,3072,8,base,18.452,1,1.0,8,18.452,8,18.452,1.0,20.896,1.1325,19
80,3072,3072,8,base,18.292,1,1.0,8,18.292,8,18.292,1.0,21.032,1.1498,19
80,3072,6144,8,base,26.992,1,1.0,8,26.992,8,26.992,1.0,31.64,1.1722,19
80,4096,3072,13,base,21.756,3,1.027,7,21.184,18,23.304,1.1001,21.184,1.0,19
80,8192,3072,12,base,25.264,3,1.0543,18,23.964,18,23.964,1.0,30.841,1.2869,19
88,2048,3072,8,base,18.332,1,1.0,8,18.332,8,18.332,1.0,20.852,1.1375,19
88,3072,3072,13,base,21.572,3,1.016,7,21.232,7,21.232,1.0,21.232,1.0,19
88,3072,6144,12,base,37.328,7,1.1594,5,32.196,8,39.856,1.2379,32.228,1.001,19
88,4096,3072,13,base,22.024,2,1.0217,5,21.556,7,22.252,1.0323,22.252,1.0323,19
88,8192,3072,12,base,24.904,3,1.0585,3,23.528,18,24.744,1.0517,30.172,1.2824,19
96,2048,3072,8,base,18.572,1,1.0,8,18.572,8,18.572,1.0,21.124,1.1374,19
96,3072,3072,13,base,20.436,1,1.0,13,20.436,8,24.1,1.1793,21.26,1.0403,19
96,3072,6144,12,base,33.872,4,1.0983,13,30.84,8,38.552,1.2501,31.296,1.0148,19
96,4096,3072,13,base,20.672,1,1.0,13,20.672,7,21.56,1.043,21.56,1.043,19
96,8192,3072,12,base,23.352,1,1.0,12,23.352,18,24.064,1.0305,30.16,1.2915,19
104,2048,3072,8,base,19.136,1,1.0,8,19.136,8,19.136,1.0,21.632,1.1304,19
104,3072,3072,13,base,21.404,1,1.0,13,21.404,7,21.904,1.0234,21.904,1.0234,19
104,3072,6144,12,base,37.6,7,1.1785,7,31.904,18,35.8,1.1221,31.904,1.0,19
104,4096,3072,13,base,21.532,2,1.0084,7,21.352,7,21.352,1.0,21.352,1.0,19
104,8192,3072,12,base,25.568,3,1.0893,3,23.472,18,24.036,1.024,30.033,1.2795,19
112,2048,3072,8,base,18.464,1,1.0,8,18.464,8,18.464,1.0,20.972,1.1358,19
112,3072,3072,13,base,21.692,3,1.0316,7,21.028,8,25.4,1.2079,21.028,1.0,19
112,3072,6144,13,base,33.24,3,1.025,7,32.428,18,35.604,1.0979,32.428,1.0,19
112,4096,3072,13,base,22.528,3,1.0486,7,21.484,7,21.484,1.0,21.484,1.0,19
112,8192,3072,12,base,25.488,3,1.0831,3,23.532,18,23.64,1.0046,30.189,1.2829,19
120,2048,3072,8,base,18.96,1,1.0,8,18.96,7,21.16,1.116,21.16,1.116,19
120,3072,3072,13,base,21.828,3,1.0279,7,21.236,7,21.236,1.0,21.236,1.0,19
120,3072,6144,12,base,37.972,8,1.1936,5,31.812,7,32.54,1.0229,32.54,1.0229,19
120,4096,3072,13,base,22.004,3,1.0197,5,21.58,7,21.808,1.0106,21.808,1.0106,19
120,8192,3072,12,base,25.404,3,1.0604,3,23.956,18,23.996,1.0017,30.741,1.2832,19
128,2048,3072,8,base,18.848,1,1.0,8,18.848,8,18.848,1.0,20.768,1.1019,19
128,3072,3072,13,base,20.94,1,1.0,13,20.94,7,21.248,1.0147,21.248,1.0147,19
128,3072,6144,12,base,34.216,6,1.0873,13,31.469,7,31.736,1.0085,31.736,1.0085,19
128,4096,3072,13,base,20.764,1,1.0,13,20.764,18,21.196,1.0208,21.396,1.0304,19
128,8192,3072,12,base,24.104,3,1.0895,18,22.124,18,22.124,1.0,30.188,1.3645,19
136,2048,3072,13,base,21.748,3,1.018,5,21.364,8,24.564,1.1498,21.472,1.005,19
136,3072,3072,13,base,21.656,2,1.0067,7,21.512,18,23.664,1.1,21.512,1.0,19
136,3072,6144,12,base,37.384,7,1.1691,7,31.976,18,36.384,1.1379,31.976,1.0,19
136,4096,3072,18,base,23.464,2,1.0161,3,23.092,18,23.464,1.0161,30.657,1.3276,19
136,8192,3072,17,base,75.209,19,2.8368,2,26.512,18,34.972,1.3191,39.985,1.5081,19
144,2048,3072,13,base,21.564,2,1.0094,7,21.364,8,24.216,1.1335,21.364,1.0,19
144,3072,3072,13,base,21.876,2,1.0192,7,21.464,7,21.464,1.0,21.464,1.0,19
144,3072,6144,13,base,33.192,2,1.0461,7,31.728,7,31.728,1.0,31.728,1.0,19
144,4096,3072,18,base,23.716,2,1.0145,3,23.376,18,23.716,1.0145,30.517,1.3055,19
144,8192,3072,17,base,74.881,19,2.8394,2,26.372,18,32.12,1.218,39.345,1.4919,19
152,2048,3072,13,base,21.464,3,1.0178,5,21.088,7,21.216,1.0061,21.216,1.0061,19
152,3072,3072,13,base,21.772,1,1.0,13,21.772,18,23.508,1.0797,21.996,1.0103,19
152,3072,6144,13,base,33.36,3,1.0213,7,32.664,18,36.308,1.1116,32.664,1.0,19
152,4096,3072,18,base,23.828,2,1.0306,3,23.12,18,23.828,1.0306,29.905,1.2934,19
152,8192,3072,17,base,75.373,19,2.8412,2,26.528,18,32.256,1.2159,38.652,1.457,19
160,2048,3072,13,base,20.608,1,1.0,13,20.608,18,23.208,1.1262,21.208,1.0291,19
160,3072,3072,13,base,21.288,1,1.0,13,21.288,18,23.32,1.0955,21.536,1.0117,19
160,3072,6144,13,base,31.561,1,1.0,13,31.561,18,36.204,1.1471,32.344,1.0248,19
160,4096,3072,18,base,23.7,2,1.0128,12,23.4,18,23.7,1.0128,29.636,1.2665,19
160,8192,3072,17,base,75.197,19,2.813,2,26.732,18,32.076,1.1999,38.268,1.4315,19
168,2048,3072,13,base,21.484,3,1.002,5,21.44,7,21.452,1.0006,21.452,1.0006,19
168,3072,3072,18,base,23.428,2,1.0079,3,23.244,18,23.428,1.0079,29.54,1.2708,19
168,3072,6144,17,base,130.229,19,3.7892,3,34.368,18,36.036,1.0485,48.929,1.4237,19
168,4096,3072,18,base,23.916,2,1.0224,3,23.392,18,23.916,1.0224,29.949,1.2803,19
168,8192,3072,17,base,74.977,19,2.8144,2,26.64,18,32.268,1.2113,38.429,1.4425,19
176,2048,3072,13,base,21.76,3,1.0183,7,21.368,8,24.652,1.1537,21.368,1.0,19
176,3072,3072,18,base,23.888,2,1.0368,3,23.04,18,23.888,1.0368,29.473,1.2792,19
176,3072,6144,17,base,133.81,19,3.8925,3,34.376,18,36.56,1.0635,48.177,1.4014,19
176,4096,3072,18,base,23.828,2,1.0257,3,23.232,18,23.828,1.0257,29.596,1.2739,19
176,8192,3072,17,base,75.217,19,2.7916,2,26.944,18,32.684,1.213,38.608,1.4329,19
184,2048,3072,13,base,21.772,3,1.0155,5,21.44,8,24.864,1.1597,21.64,1.0093,19
184,3072,3072,18,base,23.808,2,1.026,3,23.204,18,23.808,1.026,29.673,1.2788,19
184,3072,6144,17,base,134.393,19,3.8797,3,34.64,18,36.032,1.0402,48.773,1.408,19
184,4096,3072,18,base,23.324,1,1.0,18,23.324,18,23.324,1.0,30.392,1.303,19
184,8192,3072,17,base,75.521,19,2.8133,2,26.845,18,32.524,1.2116,38.624,1.4388,19
192,2048,3072,13,base,20.74,1,1.0,13,20.74,7,21.244,1.0243,21.244,1.0243,19
192,3072,3072,18,base,21.612,1,1.0,18,21.612,18,21.612,1.0,29.42,1.3613,19
192,3072,6144,18,base,31.948,1,1.0,18,31.948,18,31.948,1.0,48.201,1.5087,19
192,4096,3072,18,base,21.552,1,1.0,18,21.552,18,21.552,1.0,29.688,1.3775,19
192,8192,3072,17,base,52.009,19,1.9682,2,26.424,18,30.496,1.1541,38.761,1.4668,19
200,2048,3072,13,base,21.452,2,1.0178,5,21.076,8,24.868,1.1799,21.52,1.0211,19
200,3072,3072,18,base,23.748,2,1.0449,3,22.728,18,23.748,1.0449,30.281,1.3323,19
200,3072,6144,18,base,36.776,2,1.0656,3,34.513,18,36.776,1.0656,48.576,1.4075,19
200,4096,3072,18,base,24.08,1,1.0,18,24.08,18,24.08,1.0,30.492,1.2663,19
200,8192,3072,17,base,75.041,19,2.7609,2,27.18,18,32.528,1.1968,47.237,1.7379,19
208,2048,3072,13,base,21.464,3,1.019,7,21.064,18,23.452,1.1134,21.064,1.0,19
208,3072,3072,18,base,23.976,2,1.0397,3,23.06,18,23.976,1.0397,29.664,1.2864,19
208,3072,6144,18,base,36.588,2,1.0532,3,34.74,18,36.588,1.0532,48.213,1.3878,19
208,4096,3072,18,base,24.24,2,1.0085,3,24.036,18,24.24,1.0085,30.244,1.2583,19
208,8192,3072,17,base,75.753,19,2.7998,2,27.056,18,32.788,1.2119,47.733,1.7642,19
216,2048,3072,13,base,21.476,2,1.0234,7,20.984,18,23.504,1.1201,20.984,1.0,19
216,3072,3072,18,base,23.608,2,1.027,3,22.988,18,23.608,1.027,30.428,1.3236,19
216,3072,6144,18,base,36.553,2,1.0504,3,34.8,18,36.553,1.0504,48.52,1.3943,19
216,4096,3072,18,base,24.096,2,1.0294,3,23.408,18,24.096,1.0294,30.917,1.3207,19
216,8192,3072,17,base,75.197,19,2.7642,2,27.204,18,32.76,1.2042,46.405,1.7058,19
224,2048,3072,13,base,20.644,1,1.0,13,20.644,18,23.552,1.1409,21.164,1.0252,19
224,3072,3072,18,base,23.688,3,1.0207,3,23.208,18,23.688,1.0207,30.069,1.2956,19
224,3072,6144,18,base,36.764,3,1.0575,3,34.764,18,36.764,1.0575,48.161,1.3853,19
224,4096,3072,18,base,23.92,2,1.0136,3,23.6,18,23.92,1.0136,30.277,1.2829,19
224,8192,3072,17,base,75.881,19,2.7617,2,27.476,18,32.904,1.1976,46.637,1.6973,19
232,2048,3072,13,base,21.36,1,1.0,13,21.36,18,23.468,1.0987,21.628,1.0126,19
232,3072,3072,18,base,24.212,2,1.0273,3,23.568,18,24.212,1.0273,29.804,1.2646,19
232,3072,6144,18,base,36.612,2,1.0405,3,35.188,18,36.612,1.0405,48.841,1.388,19
232,4096,3072,18,base,24.092,2,1.0089,3,23.88,18,24.092,1.0089,30.693,1.2853,19
232,8192,3072,17,base,75.817,19,2.8018,2,27.06,18,32.572,1.2037,46.757,1.7279,19
240,2048,3072,13,base,21.676,3,1.011,7,21.44,7,21.44,1.0,21.44,1.0,19
240,3072,3072,18,base,23.712,2,1.0261,3,23.108,18,23.712,1.0261,30.08,1.3017,19
240,3072,6144,18,base,36.589,2,1.0372,3,35.277,18,36.589,1.0372,48.701,1.3805,19
240,4096,3072,18,base,23.836,2,1.0085,3,23.636,18,23.836,1.0085,29.968,1.2679,19
240,8192,3072,17,base,76.125,19,2.7807,2,27.376,18,32.984,1.2049,46.08,1.6832,19
248,2048,3072,13,base,22.088,3,1.0325,5,21.392,7,21.772,1.0178,21.772,1.0178,19
248,3072,3072,18,base,24.232,2,1.0393,3,23.316,18,24.232,1.0393,30.316,1.3002,19
248,3072,6144,18,base,37.176,2,1.0502,3,35.4,18,37.176,1.0502,49.292,1.3924,19
248,4096,3072,18,base,23.58,1,1.0,18,23.58,18,23.58,1.0,30.928,1.3116,19
248,8192,3072,17,base,76.677,19,2.8403,2,26.996,18,33.568,1.2434,46.493,1.7222,19
256,2048,3072,13,base,21.0,1,1.0,13,21.0,7,21.636,1.0303,21.636,1.0303,19
256,3072,3072,18,base,21.496,1,1.0,18,21.496,18,21.496,1.0,29.9,1.391,19
256,3072,6144,18,base,32.496,2,1.0032,3,32.392,18,32.496,1.0032,47.653,1.4711,19
256,4096,3072,18,base,21.66,1,1.0,18,21.66,18,21.66,1.0,30.264,1.3972,19
256,8192,3072,17,base,52.925,16,1.9587,2,27.02,18,30.784,1.1393,47.029,1.7405,19
272,2048,3072,18,base,23.56,2,1.0256,3,22.972,18,23.56,1.0256,29.776,1.2962,19
272,3072,3072,18,base,24.204,2,1.0178,3,23.78,18,24.204,1.0178,30.192,1.2696,19
272,3072,6144,18,base,37.264,2,1.0453,3,35.648,18,37.264,1.0453,47.569,1.3344,19
272,4096,3072,17,base,75.865,19,2.8282,2,26.824,18,33.02,1.231,38.72,1.4435,19
272,8192,3072,0,base,35.828,2,1.0006,2,35.808,18,43.532,1.2157,55.605,1.5528,19
288,2048,3072,18,base,23.94,3,1.0369,3,23.088,18,23.94,1.0369,30.909,1.3387,19
288,3072,3072,18,base,23.928,3,1.0163,12,23.544,18,23.928,1.0163,30.141,1.2802,19
288,3072,6144,18,base,36.872,3,1.0471,3,35.212,18,36.872,1.0471,47.533,1.3499,19
288,4096,3072,17,base,75.897,19,2.8601,2,26.536,18,32.1,1.2097,38.016,1.4326,19
288,8192,3072,0,base,35.596,2,1.0107,3,35.22,18,43.289,1.2291,54.949,1.5601,19
304,2048,3072,18,base,23.368,2,1.0265,3,22.764,18,23.368,1.0265,29.712,1.3052,19
304,3072,3072,18,base,29.332,6,1.2125,3,24.192,18,29.332,1.2125,30.3,1.2525,19
304,3072,6144,18,base,36.904,2,1.0247,3,36.016,18,36.904,1.0247,48.813,1.3553,19
304,4096,3072,17,base,76.265,19,2.8398,2,26.856,18,32.752,1.2195,38.477,1.4327,19
304,8192,3072,0,base,35.204,1,1.0,0,35.204,18,43.84,1.2453,55.205,1.5681,19
320,2048,3072,18,base,21.608,1,1.0,18,21.608,18,21.608,1.0,29.692,1.3741,19
320,3072,3072,18,base,22.04,1,1.0,18,22.04,18,22.04,1.0,30.472,1.3826,19
320,3072,6144,18,base,33.02,1,1.0,18,33.02,18,33.02,1.0,49.317,1.4935,19
320,4096,3072,17,base,52.349,19,2.0205,2,25.908,18,30.556,1.1794,38.225,1.4754,19
320,8192,3072,0,base,35.568,3,1.0186,2,34.92,18,39.36,1.1271,54.209,1.5523,19
336,2048,3072,18,base,23.532,2,1.0067,3,23.376,18,23.532,1.0067,29.596,1.2661,19
336,3072,3072,17,base,75.357,19,2.8325,2,26.604,18,32.336,1.2155,30.701,1.154,19
336,3072,6144,17,base,137.998,19,3.5336,2,39.053,18,52.989,1.3569,48.245,1.2354,19
336,4096,3072,17,base,75.417,19,2.8111,2,26.828,18,32.744,1.2205,38.616,1.4394,19
336,8192,3072,0,base,35.676,2,1.0103,3,35.312,18,43.737,1.2386,63.809,1.807,19
352,2048,3072,18,base,24.124,3,1.0489,3,23.0,18,24.124,1.0489,29.724,1.2924,19
352,3072,3072,17,base,75.529,19,2.854,2,26.464,18,31.852,1.2036,38.204,1.4436,19
352,3072,6144,17,base,137.714,19,3.5271,2,39.045,18,52.809,1.3525,63.861,1.6356,19
352,4096,3072,17,base,75.897,19,2.8714,2,26.432,18,32.224,1.2191,38.02,1.4384,19
352,8192,3072,0,base,35.588,1,1.0,0,35.588,18,43.401,1.2195,63.277,1.778,19
368,2048,3072,18,base,23.484,2,1.0266,3,22.876,18,23.484,1.0266,30.108,1.3161,19
368,3072,3072,17,base,75.981,19,2.889,2,26.3,18,32.308,1.2284,37.604,1.4298,19
368,3072,6144,17,base,138.114,19,3.4618,2,39.897,18,53.532,1.3418,63.997,1.6041,19
368,4096,3072,17,base,75.825,19,2.8029,2,27.053,18,32.84,1.2139,38.657,1.4289,19
368,8192,3072,0,base,36.089,3,1.0243,3,35.233,18,43.569,1.2366,62.705,1.7797,19
384,2048,3072,18,base,21.664,1,1.0,18,21.664,18,21.664,1.0,29.82,1.3765,19
384,3072,3072,17,base,51.501,19,1.9835,2,25.964,18,30.124,1.1602,38.049,1.4654,19
384,3072,6144,17,base,90.661,18,2.4017,2,37.749,18,49.165,1.3024,63.525,1.6828,19
384,4096,3072,17,base,52.145,19,2.0167,2,25.856,18,30.748,1.1892,38.085,1.4729,19
384,8192,3072,0,base,34.424,1,1.0,0,34.424,18,39.544,1.1487,63.965,1.8581,19
400,2048,3072,18,base,24.088,2,1.0388,3,23.188,18,24.088,1.0388,29.876,1.2884,19
400,3072,3072,17,base,74.921,19,2.8293,2,26.48,18,32.672,1.2338,38.676,1.4606,19
400,3072,6144,17,base,137.678,19,3.4495,2,39.913,18,52.701,1.3204,64.081,1.6055,19
400,4096,3072,17,base,75.697,19,2.7854,2,27.176,18,32.7,1.2033,45.897,1.6888,19
400,8192,3072,0,base,36.372,2,1.0137,2,35.881,0,36.372,1.0137,71.257,1.986,19
416,2048,3072,18,base,23.864,3,1.0299,3,23.172,18,23.864,1.0299,29.852,1.2883,19
416,3072,3072,17,base,74.829,19,2.8297,2,26.444,18,32.264,1.2201,38.036,1.4384,19
416,3072,6144,17,base,137.642,19,3.5034,2,39.288,18,53.397,1.3591,64.641,1.6453,19
416,4096,3072,17,base,75.749,19,2.8167,2,26.893,18,33.028,1.2282,46.189,1.7175,19
416,8192,3072,0,base,36.721,2,1.0197,2,36.012,0,36.721,1.0197,70.705,1.9634,19
432,2048,3072,18,base,23.692,2,1.0258,3,23.096,18,23.692,1.0258,30.244,1.3095,19
432,3072,3072,17,base,75.497,19,2.8754,2,26.256,18,32.16,1.2249,37.968,1.4461,19
432,3072,6144,17,base,137.678,19,3.4592,2,39.8,18,53.321,1.3397,64.053,1.6094,19
432,4096,3072,17,base,76.293,19,2.7831,2,27.413,18,32.708,1.1932,47.189,1.7214,19
432,8192,3072,0,base,35.988,2,1.0011,2,35.948,0,35.988,1.0011,70.273,1.9548,19
448,2048,3072,18,base,21.88,1,1.0,18,21.88,18,21.88,1.0,30.812,1.4082,19
448,3072,3072,17,base,51.013,18,1.9536,2,26.112,18,30.4,1.1642,38.344,1.4684,19
448,3072,6144,17,base,90.617,18,2.3821,2,38.04,18,49.073,1.29,64.337,1.6913,19
448,4096,3072,17,base,53.341,17,2.0443,2,26.092,18,30.584,1.1722,46.077,1.7659,19
448,8192,3072,0,base,36.352,2,1.0046,2,36.184,0,36.352,1.0046,71.056,1.9637,19
464,2048,3072,18,base,23.956,2,1.0525,3,22.76,18,23.956,1.0525,29.296,1.2872,19
464,3072,3072,17,base,74.157,19,2.7592,2,26.876,18,32.388,1.2051,38.164,1.42,19
464,3072,6144,17,base,137.058,19,3.4828,2,39.352,18,52.481,1.3336,63.557,1.6151,19
464,4096,3072,17,base,76.113,19,2.8057,2,27.128,18,32.536,1.1993,45.741,1.6861,19
464,8192,3072,0,base,36.42,2,1.0005,2,36.4,0,36.42,1.0005,79.025,2.171,19
480,2048,3072,18,base,23.812,3,1.0314,3,23.088,18,23.812,1.0314,29.657,1.2845,19
480,3072,3072,17,base,74.817,19,2.7933,2,26.784,18,32.22,1.203,37.904,1.4152,19
480,3072,6144,17,base,137.602,19,3.4733,2,39.617,18,52.768,1.332,63.597,1.6053,19
480,4096,3072,17,base,76.313,19,2.8222,2,27.04,18,32.7,1.2093,45.928,1.6985,19
480,8192,3072,0,base,36.785,2,1.0021,2,36.708,0,36.785,1.0021,78.725,2.1446,19
496,2048,3072,18,base,24.512,2,1.0676,3,22.96,18,24.512,1.0676,29.664,1.292,19
496,3072,3072,17,base,73.865,19,2.7578,2,26.784,18,32.432,1.2109,37.968,1.4176,19
496,3072,6144,17,base,136.906,19,3.4492,2,39.693,18,52.569,1.3244,63.776,1.6068,19
496,4096,3072,17,base,75.949,19,2.8071,2,27.056,18,32.96,1.2182,46.357,1.7134,19
496,8192,3072,0,base,37.228,2,1.0198,2,36.504,0,37.228,1.0198,78.393,2.1475,19
512,2048,3072,18,base,21.996,1,1.0,18,21.996,18,21.996,1.0,29.916,1.3601,19
512,3072,3072,17,base,50.488,18,1.925,2,26.228,18,30.112,1.1481,37.792,1.4409,19
512,3072,6144,17,base,90.121,18,2.3432,2,38.46,18,49.18,1.2787,63.941,1.6625,19
512,4096,3072,17,base,52.625,16,2.0073,2,26.216,18,30.572,1.1662,46.272,1.765,19
512,8192,3072,0,base,35.02,1,1.0,0,35.02,0,35.02,1.0,79.225,2.2623,19
515,2048,3072,17,base,74.857,19,2.9818,2,25.104,18,32.38,1.2898,37.188,1.4814,19
562,2048,3072,17,base,75.401,19,2.8561,2,26.4,18,32.156,1.218,38.188,1.4465,19
592,2048,3072,17,base,74.949,19,2.8685,2,26.128,18,32.464,1.2425,38.304,1.466,19
640,2048,3072,17,base,51.401,19,2.0514,2,25.056,18,30.104,1.2015,37.512,1.4971,19
640,3072,3072,17,base,52.797,16,1.9791,2,26.677,18,30.636,1.1484,46.168,1.7307,19
640,3072,6144,17,base,91.121,16,2.3181,2,39.309,18,49.045,1.2477,82.925,2.1096,19
640,4096,3072,0,base,33.001,1,1.0,0,33.001,18,39.012,1.1822,54.545,1.6528,19
640,8192,3072,17,base,102.437,16,2.248,2,45.569,18,57.225,1.2558,94.737,2.079,19
659,2048,3072,17,base,79.513,19,3.0666,2,25.928,18,32.352,1.2478,37.556,1.4485,19
767,2048,3072,17,base,75.641,19,2.8274,2,26.753,18,32.404,1.2113,37.692,1.4089,19
768,2048,3072,17,base,51.484,19,2.0086,2,25.632,18,30.452,1.1881,38.084,1.4858,19
768,3072,3072,0,base,33.26,1,1.0,0,33.26,18,39.264,1.1805,54.161,1.6284,19
768,3072,6144,0,base,49.721,1,1.0,0,49.721,18,65.413,1.3156,96.105,1.9329,19
768,4096,3072,0,base,33.268,1,1.0,0,33.268,18,39.908,1.1996,62.461,1.8775,19
768,8192,3072,17,base,102.761,13,2.1882,2,46.961,0,49.993,1.0646,112.109,2.3873,19
822,3072,3072,0,base,34.504,1,1.0,0,34.504,18,43.065,1.2481,54.581,1.5818,19
822,4096,3072,0,base,36.172,2,1.0173,2,35.556,0,36.172,1.0173,70.293,1.9769,19
896,2048,3072,17,base,52.661,17,2.0363,2,25.86,18,30.552,1.1814,46.272,1.7893,19
896,3072,3072,0,base,33.244,1,1.0,0,33.244,18,39.328,1.183,62.645,1.8844,19
896,3072,6144,0,base,49.905,1,1.0,0,49.905,18,65.769,1.3179,113.441,2.2732,19
896,4096,3072,0,base,34.148,1,1.0,0,34.148,0,34.148,1.0,70.504,2.0647,19
896,8192,3072,0,base,49.548,1,1.0,0,49.548,0,49.548,1.0,129.117,2.6059,19
990,2048,3072,17,base,76.361,19,2.8425,2,26.864,18,33.056,1.2305,45.997,1.7122,19
1000,2048,3072,17,base,76.149,19,2.8304,2,26.904,18,33.157,1.2324,46.073,1.7125,19
1000,3072,3072,0,base,35.272,2,1.0007,3,35.249,18,43.949,1.2468,62.561,1.7748,19
1000,3072,6144,0,base,53.117,1,1.0,0,53.117,18,74.473,1.4021,114.025,2.1467,19
1000,4096,3072,0,base,36.068,1,1.0,0,36.068,0,36.068,1.0,77.989,2.1623,19
1000,8192,3072,0,base,52.065,1,1.0,0,52.065,0,52.065,1.0,144.758,2.7804,19
1001,2048,3072,17,base,76.569,19,2.8183,2,27.169,18,32.86,1.2095,45.961,1.6917,19
1001,3072,3072,0,base,35.072,1,1.0,0,35.072,18,43.744,1.2473,62.545,1.7833,19
1001,3072,6144,0,base,53.473,1,1.0,0,53.473,18,74.325,1.39,114.465,2.1406,19
1001,4096,3072,0,base,36.009,1,1.0,0,36.009,0,36.009,1.0,78.173,2.171,19
1001,8192,3072,0,base,52.817,1,1.0,0,52.817,0,52.817,1.0,144.41,2.7342,19
1002,2048,3072,17,base,76.237,19,2.8098,2,27.132,18,32.96,1.2148,46.357,1.7085,19
1002,3072,3072,0,base,35.02,2,1.0015,3,34.968,18,44.12,1.2617,62.349,1.783,19
1002,3072,6144,0,base,53.597,1,1.0,0,53.597,18,74.749,1.3947,114.05,2.1279,19
1002,4096,3072,0,base,36.176,1,1.0,0,36.176,0,36.176,1.0,78.809,2.1785,19
1002,8192,3072,0,base,52.161,1,1.0,0,52.161,0,52.161,1.0,144.574,2.7717,19
1003,2048,3072,17,base,76.405,19,2.8496,2,26.813,18,32.696,1.2194,46.737,1.7431,19
1003,3072,3072,0,base,34.36,1,1.0,0,34.36,18,44.117,1.2839,62.193,1.81,19
1003,3072,6144,0,base,54.085,1,1.0,0,54.085,18,74.257,1.373,113.433,2.0973,19
1003,4096,3072,0,base,36.149,1,1.0,0,36.149,0,36.149,1.0,78.805,2.18,19
1003,8192,3072,0,base,52.245,1,1.0,0,52.245,0,52.245,1.0,144.33,2.7626,19
1004,2048,3072,17,base,75.921,19,2.7986,2,27.128,18,32.888,1.2123,47.077,1.7353,19
1004,3072,3072,0,base,35.608,3,1.0062,3,35.388,18,43.436,1.2274,62.789,1.7743,19
1004,3072,6144,0,base,53.801,1,1.0,0,53.801,18,74.909,1.3923,114.813,2.1341,19
1004,4096,3072,0,base,36.868,1,1.0,0,36.868,0,36.868,1.0,79.401,2.1536,19
1004,8192,3072,0,base,52.757,1,1.0,0,52.757,0,52.757,1.0,145.438,2.7568,19
1005,2048,3072,17,base,76.337,19,2.8061,2,27.204,18,32.388,1.1906,47.029,1.7287,19
1007,2048,3072,17,base,75.669,19,2.8138,2,26.892,18,32.94,1.2249,46.029,1.7116,19
1010,3072,6144,0,base,54.325,1,1.0,0,54.325,18,74.837,1.3776,114.277,2.1036,19
1010,8192,3072,0,base,52.885,1,1.0,0,52.885,0,52.885,1.0,144.226,2.7272,19
1013,2048,3072,17,base,76.453,19,2.8219,2,27.092,18,32.712,1.2074,46.669,1.7226,19
1021,2048,3072,17,base,76.025,19,2.8124,2,27.032,18,32.72,1.2104,46.093,1.7051,19
1021,3072,3072,0,base,35.336,2,1.0099,3,34.988,18,43.32,1.2381,62.613,1.7895,19
1021,4096,3072,0,base,36.424,1,1.0,0,36.424,0,36.424,1.0,78.765,2.1624,19
1023,3072,3072,0,base,34.568,1,1.0,0,34.568,18,43.033,1.2449,62.397,1.805,19
1023,4096,3072,0,base,36.12,1,1.0,0,36.12,0,36.12,1.0,78.729,2.1796,19
1024,2048,3072,17,base,52.501,16,1.9749,2,26.584,18,31.064,1.1685,46.125,1.735,19
1024,3072,3072,0,base,33.376,1,1.0,0,33.376,18,39.624,1.1872,62.873,1.8838,19
1024,3072,6144,0,base,50.424,1,1.0,0,50.424,18,66.101,1.3109,113.633,2.2535,19
1024,4096,3072,0,base,34.236,1,1.0,0,34.236,0,34.236,1.0,78.549,2.2943,19
1024,8192,3072,0,base,50.789,1,1.0,0,50.789,0,50.789,1.0,146.082,2.8763,19
1025,2048,3072,0,base,33.728,1,1.0,0,33.728,18,42.693,1.2658,53.557,1.5879,19
1028,3072,6144,0,base,54.321,1,1.0,0,54.321,0,54.321,1.0,130.478,2.402,19
1028,8192,3072,0,base,70.681,2,1.0473,2,67.488,0,70.681,1.0473,152.538,2.2602,19
1029,2048,3072,0,base,34.632,2,1.0156,3,34.101,18,43.48,1.2751,53.653,1.5734,19
1029,3072,6144,0,base,54.537,1,1.0,0,54.537,0,54.537,1.0,130.99,2.4019,19
1029,8192,3072,0,base,71.773,2,1.0616,2,67.609,0,71.773,1.0616,152.898,2.2615,19
1030,2048,3072,0,base,35.216,2,1.0219,3,34.461,18,43.153,1.2522,54.253,1.5743,19
1030,3072,3072,0,base,35.897,2,1.003,2,35.788,0,35.897,1.003,70.537,1.9709,19
1030,4096,3072,17,base,156.446,19,3.4296,2,45.617,18,63.177,1.385,86.345,1.8928,19
1031,2048,3072,0,base,34.248,2,1.0011,3,34.212,18,43.837,1.2813,53.565,1.5657,19
1031,3072,3072,0,base,35.728,1,1.0,0,35.728,0,35.728,1.0,70.676,1.9781,19
1031,3072,6144,0,base,54.569,1,1.0,0,54.569,0,54.569,1.0,130.562,2.3926,19
1031,4096,3072,17,base,155.897,19,3.3946,2,45.925,18,63.041,1.3727,85.997,1.8726,19
1031,8192,3072,0,base,70.657,2,1.0406,2,67.897,0,70.657,1.0406,152.774,2.2501,19
1032,2048,3072,0,base,34.076,1,1.0,0,34.076,18,43.228,1.2686,53.941,1.5829,19
1032,3072,3072,0,base,35.716,2,1.0056,2,35.516,0,35.716,1.0056,70.805,1.9936,19
1032,4096,3072,17,base,157.118,19,3.4191,2,45.952,18,62.817,1.367,86.381,1.8798,19
1034,2048,3072,0,base,34.436,2,1.0023,3,34.356,18,43.405,1.2634,53.701,1.563,19
1034,3072,6144,0,base,54.593,1,1.0,0,54.593,0,54.593,1.0,130.37,2.388,19
1034,8192,3072,0,base,71.136,2,1.041,2,68.337,0,71.136,1.041,152.434,2.2306,19
1037,3072,3072,0,base,35.82,1,1.0,0,35.82,0,35.82,1.0,70.705,1.9739,19
1037,4096,3072,17,base,158.31,19,3.4177,2,46.32,18,63.281,1.3661,85.913,1.8548,19
1044,2048,3072,0,base,34.616,2,1.0012,3,34.576,18,43.416,1.2557,53.793,1.5558,19
1048,2048,3072,0,base,34.884,3,1.0206,3,34.18,18,43.204,1.264,54.225,1.5864,19
1052,3072,3072,0,base,34.996,1,1.0,0,34.996,0,34.996,1.0,69.885,1.9969,19
1052,4096,3072,17,base,157.85,19,3.4501,2,45.753,18,63.037,1.3778,86.429,1.8891,19
1058,2048,3072,0,base,34.568,2,1.0003,3,34.556,18,43.705,1.2647,54.241,1.5696,19
1059,2048,3072,0,base,35.397,3,1.0308,3,34.34,18,43.617,1.2701,54.193,1.5781,19
1059,3072,6144,0,base,54.621,1,1.0,0,54.621,0,54.621,1.0,130.946,2.3974,19
1059,8192,3072,0,base,70.865,2,1.0369,2,68.341,0,70.865,1.0369,153.426,2.245,19
1060,2048,3072,0,base,34.649,2,1.0093,3,34.328,18,43.189,1.2581,54.125,1.5767,19
1061,2048,3072,0,base,34.561,2,1.0114,3,34.172,18,43.673,1.278,54.317,1.5895,19
1062,3072,3072,0,base,35.769,1,1.0,0,35.769,0,35.769,1.0,71.396,1.9961,19
1062,4096,3072,17,base,158.466,19,3.4428,2,46.028,18,62.537,1.3587,86.277,1.8744,19
1063,3072,6144,0,base,54.525,1,1.0,0,54.525,0,54.525,1.0,130.849,2.3998,19
1063,8192,3072,0,base,71.521,2,1.0386,2,68.865,0,71.521,1.0386,152.322,2.2119,19
1068,2048,3072,0,base,34.408,1,1.0,0,34.408,18,43.641,1.2683,54.845,1.5939,19
1070,3072,3072,0,base,35.712,1,1.0,0,35.712,0,35.712,1.0,71.393,1.9991,19
1070,4096,3072,17,base,158.254,19,3.4851,2,45.409,18,63.173,1.3912,86.257,1.8996,19
1077,2048,3072,0,base,34.308,1,1.0,0,34.308,18,43.668,1.2728,54.205,1.5799,19
1080,3072,3072,0,base,36.492,2,1.0043,2,36.336,0,36.492,1.0043,70.461,1.9391,19
1080,4096,3072,17,base,158.79,19,3.4752,2,45.693,18,63.525,1.3903,86.749,1.8985,19
1082,3072,6144,0,base,55.181,1,1.0,0,55.181,0,55.181,1.0,130.27,2.3608,19
1082,8192,3072,0,base,70.837,2,1.0365,2,68.341,0,70.837,1.0365,153.702,2.249,19
1090,2048,3072,0,base,34.908,3,1.0048,3,34.74,18,43.197,1.2434,54.297,1.5629,19
1090,3072,6144,0,base,54.865,1,1.0,0,54.865,0,54.865,1.0,131.005,2.3878,19
1090,8192,3072,0,base,70.965,2,1.0277,2,69.053,0,70.965,1.0277,160.95,2.3308,19
1092,2048,3072,0,base,34.86,1,1.0,0,34.86,18,43.329,1.2429,55.317,1.5868,19
1094,2048,3072,0,base,34.688,1,1.0,0,34.688,18,43.46,1.2529,55.233,1.5922,19
1095,2048,3072,0,base,34.14,1,1.0,0,34.14,18,43.408,1.2715,54.301,1.5905,19
1095,3072,6144,0,base,54.013,1,1.0,0,54.013,0,54.013,1.0,130.654,2.4189,19
1095,8192,3072,0,base,71.093,2,1.0205,2,69.665,0,71.093,1.0205,161.026,2.3114,19
1096,2048,3072,0,base,34.76,1,1.0,0,34.76,18,43.844,1.2613,54.293,1.5619,19
1099,2048,3072,0,base,34.8,1,1.0,0,34.8,18,43.42,1.2477,55.161,1.5851,19
1101,2048,3072,0,base,34.785,3,1.0094,3,34.46,18,42.873,1.2441,54.281,1.5752,19
1102,2048,3072,0,base,34.337,1,1.0,0,34.337,18,43.297,1.2609,54.553,1.5888,19
1106,2048,3072,0,base,34.488,1,1.0,0,34.488,18,43.68,1.2665,54.937,1.5929,19
1107,2048,3072,0,base,35.301,3,1.0201,3,34.604,18,43.841,1.2669,53.625,1.5496,19
1108,3072,6144,0,base,55.273,1,1.0,0,55.273,0,55.273,1.0,131.478,2.3787,19
1108,8192,3072,0,base,71.229,2,1.0278,2,69.3,0,71.229,1.0278,160.326,2.3135,19
1113,3072,6144,0,base,55.028,1,1.0,0,55.028,0,55.028,1.0,130.686,2.3749,19
1113,8192,3072,0,base,71.665,2,1.03,2,69.577,0,71.665,1.03,164.918,2.3703,19
1116,2048,3072,0,base,35.628,2,1.0182,3,34.992,18,44.245,1.2644,55.057,1.5734,19
1121,2048,3072,0,base,34.693,1,1.0,0,34.693,18,43.532,1.2548,54.585,1.5734,19
1122,2048,3072,0,base,34.696,2,1.0036,3,34.572,18,43.533,1.2592,54.193,1.5675,19
1122,3072,3072,0,base,35.624,1,1.0,0,35.624,0,35.624,1.0,71.413,2.0046,19
1122,4096,3072,17,base,158.21,19,3.4241,2,46.205,18,63.765,1.3801,86.765,1.8778,19
1123,2048,3072,0,base,34.837,2,1.0087,3,34.536,18,43.224,1.2516,54.289,1.5719,19
1123,3072,3072,0,base,36.22,1,1.0,0,36.22,0,36.22,1.0,70.917,1.9579,19
1123,4096,3072,17,base,157.198,19,3.4191,2,45.976,18,63.581,1.3829,86.945,1.8911,19
1124,2048,3072,0,base,34.336,1,1.0,0,34.336,18,43.205,1.2583,55.109,1.605,19
1125,2048,3072,0,base,34.652,2,1.0042,3,34.509,18,44.173,1.2801,54.429,1.5773,19
1126,2048,3072,0,base,35.244,2,1.0157,3,34.7,18,43.617,1.2569,54.693,1.5761,19
1127,2048,3072,0,base,35.38,2,1.0225,3,34.6,18,43.648,1.2615,54.773,1.583,19
1128,3072,3072,0,base,35.528,1,1.0,0,35.528,0,35.528,1.0,71.041,1.9996,19
1128,4096,3072,17,base,157.578,19,3.4025,2,46.313,18,63.625,1.3738,86.669,1.8714,19
1131,2048,3072,0,base,35.004,1,1.0,0,35.004,18,43.588,1.2452,55.433,1.5836,19
1134,2048,3072,0,base,35.4,2,1.0098,3,35.056,18,43.556,1.2425,55.517,1.5836,19
1135,2048,3072,0,base,34.708,2,1.001,3,34.672,18,43.208,1.2462,53.861,1.5534,19
1136,2048,3072,0,base,34.732,2,1.0071,3,34.488,18,43.621,1.2648,53.961,1.5646,19
1139,2048,3072,0,base,34.829,2,1.0016,3,34.772,18,43.6,1.2539,55.017,1.5822,19
1140,2048,3072,0,base,34.816,2,1.0066,3,34.589,18,43.313,1.2522,54.353,1.5714,19
1142,2048,3072,0,base,34.364,1,1.0,0,34.364,18,43.132,1.2551,54.285,1.5797,19
1144,2048,3072,0,base,34.32,1,1.0,0,34.32,18,44.009,1.2823,55.497,1.617,19
1146,2048,3072,0,base,35.016,1,1.0,0,35.016,18,43.341,1.2377,54.997,1.5706,19
1147,2048,3072,0,base,34.504,1,1.0,0,34.504,18,43.245,1.2533,54.565,1.5814,19
1148,2048,3072,0,base,34.316,1,1.0,0,34.316,18,43.713,1.2738,54.237,1.5805,19
1149,2048,3072,0,base,34.713,1,1.0,0,34.713,18,43.74,1.2601,54.653,1.5744,19
1150,2048,3072,0,base,35.02,2,1.0033,3,34.904,18,43.596,1.249,54.369,1.5577,19
1151,2048,3072,0,base,34.524,2,1.001,3,34.488,18,43.304,1.2556,53.725,1.5578,19
1152,2048,3072,0,base,32.749,1,1.0,0,32.749,18,39.48,1.2056,54.801,1.6734,19
1152,3072,3072,0,base,34.765,1,1.0,0,34.765,0,34.765,1.0,70.801,2.0366,19
1152,3072,6144,0,base,51.409,1,1.0,0,51.409,0,51.409,1.0,129.674,2.5224,19
1152,4096,3072,17,base,100.989,16,2.2248,2,45.393,18,57.149,1.259,87.041,1.9175,19
1152,8192,3072,0,base,69.249,2,1.0215,2,67.789,0,69.249,1.0215,162.93,2.4035,19
1154,2048,3072,0,base,33.64,1,1.0,0,33.64,18,43.137,1.2823,54.121,1.6088,19
1156,2048,3072,0,base,34.972,1,1.0,0,34.972,18,43.449,1.2424,54.973,1.5719,19
1158,2048,3072,0,base,34.628,2,1.0025,3,34.54,18,43.365,1.2555,54.045,1.5647,19
1159,2048,3072,0,base,35.276,1,1.0,0,35.276,18,43.688,1.2385,54.561,1.5467,19
1163,2048,3072,0,base,35.565,3,1.0218,3,34.804,18,43.877,1.2607,54.885,1.5769,19
1169,2048,3072,0,base,35.145,2,1.0149,3,34.628,18,43.677,1.2613,54.789,1.5822,19
1170,2048,3072,0,base,35.0,2,1.0029,3,34.9,18,43.269,1.2398,54.893,1.5728,19
1174,2048,3072,0,base,35.085,2,1.0101,3,34.732,18,43.613,1.2557,53.977,1.5541,19
1179,2048,3072,0,base,34.636,1,1.0,0,34.636,18,43.532,1.2568,54.405,1.5707,19
1185,2048,3072,0,base,34.516,1,1.0,0,34.516,18,43.308,1.2547,54.225,1.571,19
1209,3072,3072,0,base,36.456,2,1.0026,2,36.36,0,36.456,1.0026,78.173,2.1499,19
1209,4096,3072,0,base,51.053,2,1.1088,2,46.045,18,64.301,1.3965,94.125,2.0442,19
1211,3072,6144,0,base,54.909,1,1.0,0,54.909,0,54.909,1.0,146.83,2.6741,19
1211,8192,3072,0,base,71.653,2,1.027,2,69.769,0,71.653,1.027,169.942,2.4358,19
1212,3072,6144,0,base,55.844,1,1.0,0,55.844,0,55.844,1.0,147.242,2.6366,19
1212,8192,3072,0,base,71.369,2,1.0242,2,69.685,0,71.369,1.0242,169.39,2.4308,19
1214,3072,6144,0,base,55.153,1,1.0,0,55.153,0,55.153,1.0,147.298,2.6707,19
1214,8192,3072,0,base,71.596,2,1.0144,2,70.581,0,71.596,1.0144,169.594,2.4028,19
1216,3072,6144,0,base,55.929,1,1.0,0,55.929,0,55.929,1.0,146.23,2.6146,19
1216,8192,3072,0,base,70.808,2,1.0286,2,68.837,0,70.808,1.0286,172.062,2.4996,19
1217,3072,6144,0,base,54.773,1,1.0,0,54.773,0,54.773,1.0,147.526,2.6934,19
1217,8192,3072,0,base,71.713,2,1.0088,2,71.085,0,71.713,1.0088,177.142,2.492,19
1218,3072,6144,0,base,55.885,1,1.0,0,55.885,0,55.885,1.0,147.126,2.6327,19
1218,8192,3072,0,base,71.825,2,1.0347,2,69.417,0,71.825,1.0347,179.974,2.5927,19
1219,3072,6144,0,base,56.513,1,1.0,0,56.513,0,56.513,1.0,147.502,2.6101,19
1219,8192,3072,0,base,71.365,2,1.0273,2,69.469,0,71.365,1.0273,178.254,2.566,19
1220,3072,6144,0,base,56.261,1,1.0,0,56.261,0,56.261,1.0,147.158,2.6156,19
1220,8192,3072,0,base,71.473,2,1.0214,2,69.972,0,71.473,1.0214,177.654,2.5389,19
1221,3072,6144,0,base,56.133,1,1.0,0,56.133,0,56.133,1.0,146.97,2.6183,19
1221,8192,3072,0,base,71.524,2,1.0335,2,69.205,0,71.524,1.0335,179.238,2.59,19
1222,3072,6144,0,base,57.025,1,1.0,0,57.025,0,57.025,1.0,148.71,2.6078,19
1222,8192,3072,0,base,73.017,2,1.0279,2,71.037,0,73.017,1.0279,179.402,2.5255,19
1223,2048,3072,0,base,36.265,1,1.0,0,36.265,18,43.616,1.2027,54.913,1.5142,19
1223,3072,6144,0,base,56.105,1,1.0,0,56.105,0,56.105,1.0,147.822,2.6348,19
1223,8192,3072,0,base,71.421,2,1.0286,2,69.433,0,71.421,1.0286,177.942,2.5628,19
1224,3072,6144,0,base,56.057,1,1.0,0,56.057,0,56.057,1.0,146.562,2.6145,19
1224,8192,3072,0,base,71.481,2,1.0252,2,69.721,0,71.481,1.0252,177.166,2.5411,19
1225,3072,6144,0,base,56.461,1,1.0,0,56.461,0,56.461,1.0,146.85,2.6009,19
1225,8192,3072,0,base,71.624,2,1.0155,2,70.533,0,71.624,1.0155,178.586,2.532,19
1226,3072,6144,0,base,56.293,1,1.0,0,56.293,0,56.293,1.0,147.838,2.6262,19
1226,8192,3072,0,base,71.049,2,1.0235,2,69.417,0,71.049,1.0235,181.282,2.6115,19
1227,3072,6144,0,base,56.009,1,1.0,0,56.009,0,56.009,1.0,147.526,2.634,19
1227,8192,3072,0,base,72.429,2,1.023,2,70.804,0,72.429,1.023,178.354,2.519,19
1228,3072,6144,0,base,55.385,1,1.0,0,55.385,0,55.385,1.0,146.858,2.6516,19
1228,8192,3072,0,base,70.944,2,1.0229,2,69.357,0,70.944,1.0229,177.766,2.5631,19
1229,3072,6144,0,base,55.269,1,1.0,0,55.269,0,55.269,1.0,148.102,2.6797,19
1229,8192,3072,0,base,71.497,2,1.0269,2,69.624,0,71.497,1.0269,181.51,2.607,19
1230,3072,6144,0,base,56.029,1,1.0,0,56.029,0,56.029,1.0,147.326,2.6295,19
1230,8192,3072,0,base,71.285,2,1.0065,2,70.825,0,71.285,1.0065,177.45,2.5055,19
1231,3072,6144,0,base,55.565,1,1.0,0,55.565,0,55.565,1.0,147.206,2.6493,19
1231,8192,3072,0,base,71.369,2,1.0218,2,69.844,0,71.369,1.0218,177.662,2.5437,19
1232,3072,6144,0,base,56.141,1,1.0,0,56.141,0,56.141,1.0,146.482,2.6092,19
1232,8192,3072,0,base,71.141,2,1.0091,2,70.5,0,71.141,1.0091,176.602,2.505,19
1233,3072,6144,0,base,55.997,1,1.0,0,55.997,0,55.997,1.0,147.126,2.6274,19
1233,8192,3072,0,base,71.281,2,1.0163,2,70.137,0,71.281,1.0163,177.17,2.5261,19
1235,3072,6144,0,base,56.185,1,1.0,0,56.185,0,56.185,1.0,146.994,2.6163,19
1235,8192,3072,0,base,71.168,2,1.0156,2,70.073,0,71.168,1.0156,179.834,2.5664,19
1236,3072,6144,0,base,56.021,1,1.0,0,56.021,0,56.021,1.0,147.906,2.6402,19
1236,8192,3072,0,base,71.321,2,1.0085,2,70.717,0,71.321,1.0085,176.634,2.4978,19
1237,3072,6144,0,base,55.793,1,1.0,0,55.793,0,55.793,1.0,147.582,2.6452,19
1237,8192,3072,0,base,71.053,2,1.0099,2,70.357,0,71.053,1.0099,177.47,2.5224,19
1238,3072,6144,0,base,55.929,1,1.0,0,55.929,0,55.929,1.0,147.318,2.634,19
1238,8192,3072,0,base,71.273,2,1.0084,2,70.677,0,71.273,1.0084,178.286,2.5225,19
1239,3072,3072,0,base,36.432,1,1.0,0,36.432,0,36.432,1.0,78.933,2.1666,19
1239,3072,6144,0,base,56.101,1,1.0,0,56.101,0,56.101,1.0,147.566,2.6304,19
1239,4096,3072,17,base,154.826,19,3.3023,2,46.884,18,64.129,1.3678,95.173,2.03,19
1239,8192,3072,0,base,71.457,2,1.016,2,70.333,0,71.457,1.016,178.394,2.5364,19
1240,3072,6144,0,base,55.861,1,1.0,0,55.861,0,55.861,1.0,146.83,2.6285,19
1240,8192,3072,0,base,71.545,2,1.0249,2,69.809,0,71.545,1.0249,178.882,2.5625,19
1241,3072,6144,0,base,56.761,1,1.0,0,56.761,0,56.761,1.0,147.098,2.5915,19
1241,8192,3072,0,base,71.761,2,1.0379,2,69.141,0,71.761,1.0379,177.518,2.5675,19
1248,3072,6144,0,base,56.436,1,1.0,0,56.436,0,56.436,1.0,147.274,2.6095,19
1248,8192,3072,0,base,70.781,2,1.0218,2,69.268,0,70.781,1.0218,179.878,2.5968,19
1253,2048,3072,0,base,34.944,1,1.0,0,34.944,18,43.693,1.2503,54.841,1.5694,19
1253,3072,6144,0,base,55.624,1,1.0,0,55.624,0,55.624,1.0,147.062,2.6438,19
1253,8192,3072,0,base,70.961,2,1.0107,2,70.209,0,70.961,1.0107,176.982,2.5208,19
1254,2048,3072,0,base,35.236,2,1.0161,3,34.676,18,43.593,1.2571,54.225,1.5637,19
1254,3072,6144,0,base,56.249,1,1.0,0,56.249,0,56.249,1.0,147.478,2.6219,19
1254,8192,3072,0,base,71.613,2,1.0097,2,70.928,0,71.613,1.0097,181.134,2.5538,19
1255,3072,3072,0,base,36.58,2,1.0048,2,36.404,0,36.58,1.0048,78.853,2.166,19
1255,3072,6144,0,base,54.777,1,1.0,0,54.777,0,54.777,1.0,147.67,2.6959,19
1255,4096,3072,17,base,155.214,19,3.3004,2,47.029,18,64.709,1.3759,95.397,2.0285,19
1255,8192,3072,0,base,71.633,2,1.0167,2,70.457,0,71.633,1.0167,178.03,2.5268,19
1256,3072,6144,0,base,55.769,1,1.0,0,55.769,0,55.769,1.0,147.394,2.6429,19
1256,8192,3072,0,base,71.124,2,1.0204,2,69.704,0,71.124,1.0204,178.662,2.5632,19
1257,3072,6144,0,base,55.225,1,1.0,0,55.225,0,55.225,1.0,147.546,2.6717,19
1257,8192,3072,0,base,71.997,2,1.0273,2,70.081,0,71.997,1.0273,177.242,2.5291,19
1270,2048,3072,0,base,35.712,2,1.0227,3,34.92,18,43.408,1.2431,54.605,1.5637,19
1280,2048,3072,0,base,33.52,1,1.0,0,33.52,18,39.365,1.1743,53.877,1.6073,19
1280,3072,3072,0,base,34.313,1,1.0,0,34.313,0,34.313,1.0,78.577,2.29,19
1280,3072,6144,0,base,52.605,1,1.0,0,52.605,0,52.605,1.0,146.038,2.7761,19
1280,4096,3072,17,base,100.561,16,2.2113,2,45.477,18,57.373,1.2616,95.477,2.0995,19
1280,8192,3072,0,base,67.929,1,1.0,0,67.929,0,67.929,1.0,177.458,2.6124,19
1281,3072,6144,14,base,79.653,3,1.4135,2,56.353,14,79.653,1.4135,147.734,2.6216,19
1281,8192,3072,0,base,72.761,1,1.0,0,72.761,0,72.761,1.0,185.914,2.5551,19
1289,2048,3072,0,base,35.008,1,1.0,0,35.008,18,43.964,1.2558,62.277,1.7789,19
1408,2048,3072,0,base,33.4,1,1.0,0,33.4,18,39.66,1.1874,62.117,1.8598,19
1408,3072,3072,17,base,100.805,17,2.227,2,45.265,18,57.077,1.261,85.881,1.8973,19
1408,3072,6144,17,base,184.202,16,2.4974,2,73.757,18,100.865,1.3675,163.318,2.2143,19
1408,4096,3072,17,base,102.521,14,2.2229,2,46.121,0,48.976,1.0619,103.361,2.2411,19
1408,8192,3072,0,base,69.012,1,1.0,0,69.012,0,69.012,1.0,194.474,2.818,19
1415,3072,3072,17,base,155.718,19,3.3946,2,45.873,18,63.965,1.3944,86.489,1.8854,19
1415,4096,3072,17,base,156.981,18,3.2636,2,48.101,0,51.925,1.0795,111.866,2.3257,19
1419,3072,6144,17,base,293.819,19,3.8928,2,75.477,18,115.309,1.5277,164.402,2.1782,19
1419,8192,3072,0,base,74.073,1,1.0,0,74.073,0,74.073,1.0,208.454,2.8142,19
1452,2048,3072,0,base,35.444,1,1.0,0,35.444,18,44.121,1.2448,63.161,1.782,19
1455,3072,3072,17,base,155.99,19,3.3612,2,46.409,18,63.601,1.3705,87.049,1.8757,19
1455,4096,3072,17,base,157.622,18,3.381,2,46.62,0,50.721,1.0879,110.897,2.3787,19
1458,2048,3072,0,base,35.317,1,1.0,0,35.317,18,44.209,1.2518,62.965,1.7829,19
1484,2048,3072,0,base,35.652,2,1.0027,3,35.556,18,43.881,1.2341,62.293,1.7519,19
1485,3072,3072,17,base,155.862,19,3.4034,2,45.797,18,63.877,1.3948,87.289,1.906,19
1485,4096,3072,17,base,157.11,18,3.3059,2,47.525,0,51.497,1.0836,111.673,2.3498,19
1486,3072,3072,17,base,155.965,19,3.3873,2,46.045,18,63.945,1.3888,87.073,1.8911,19
1486,4096,3072,17,base,157.778,18,3.3567,2,47.005,0,50.709,1.0788,111.417,2.3703,19
1490,3072,3072,17,base,156.157,19,3.3338,2,46.841,18,64.237,1.3714,87.541,1.8689,19
1490,4096,3072,17,base,156.677,17,3.2854,2,47.689,0,51.541,1.0808,111.833,2.3451,19
1501,3072,3072,17,base,155.758,19,3.3612,2,46.341,18,63.745,1.3756,87.261,1.883,19
1501,4096,3072,17,base,157.022,18,3.3057,2,47.5,0,51.393,1.0819,112.329,2.3648,19
1511,3072,3072,17,base,155.602,19,3.415,2,45.565,18,64.345,1.4122,87.317,1.9163,19
1511,4096,3072,17,base,157.218,17,3.3442,2,47.013,0,51.197,1.089,111.889,2.38,19
1536,2048,3072,0,base,33.808,1,1.0,0,33.808,18,40.056,1.1848,63.333,1.8733,19
1536,3072,3072,17,base,100.533,16,2.2198,2,45.289,18,57.801,1.2763,87.357,1.9289,19
1536,3072,6144,17,base,184.258,16,2.4764,2,74.405,18,100.613,1.3522,163.134,2.1925,19
1536,4096,3072,17,base,102.973,14,2.1976,2,46.857,0,49.313,1.0524,111.109,2.3713,19
1536,8192,3072,0,base,70.313,1,1.0,0,70.313,0,70.313,1.0,218.487,3.1073,19
1664,2048,3072,0,base,33.313,1,1.0,0,33.313,0,33.313,1.0,70.105,2.1045,19
1664,3072,3072,17,base,101.917,16,2.2524,2,45.248,18,57.521,1.2712,95.573,2.1122,19
1664,3072,6144,17,base,184.278,16,2.5014,2,73.669,18,101.509,1.3779,179.606,2.438,19
1664,4096,3072,0,base,49.801,1,1.0,0,49.801,0,49.801,1.0,119.997,2.4096,19
1664,8192,3072,0,base,85.857,1,1.0,0,85.857,0,85.857,1.0,228.275,2.6588,19
1674,3072,3072,17,base,157.378,19,3.3938,2,46.373,0,50.493,1.0888,95.001,2.0486,19
1674,4096,3072,0,base,52.245,1,1.0,0,52.245,0,52.245,1.0,127.353,2.4376,19
1696,2048,3072,0,base,35.852,1,1.0,0,35.852,0,35.852,1.0,70.537,1.9674,19
1696,3072,3072,17,base,156.146,19,3.3897,2,46.064,0,50.649,1.0995,96.569,2.0964,19
1696,4096,3072,0,base,52.777,1,1.0,0,52.777,0,52.777,1.0,127.146,2.4091,19
1701,3072,3072,17,base,156.941,19,3.3718,2,46.545,0,50.592,1.087,103.437,2.2223,19
1701,4096,3072,0,base,51.801,1,1.0,0,51.801,0,51.801,1.0,128.118,2.4733,19
1734,3072,3072,17,base,156.198,19,3.3513,2,46.609,0,51.145,1.0973,103.317,2.2167,19
1734,4096,3072,0,base,52.185,1,1.0,0,52.185,0,52.185,1.0,128.033,2.4535,19
1738,2048,3072,0,base,36.576,2,1.0024,2,36.488,0,36.576,1.0024,70.581,1.9343,19
1738,3072,3072,17,base,156.566,19,3.39,2,46.184,0,50.772,1.0993,102.561,2.2207,19
1738,4096,3072,0,base,52.765,1,1.0,0,52.765,0,52.765,1.0,128.809,2.4412,19
1743,2048,3072,0,base,36.704,2,1.0011,2,36.665,0,36.704,1.0011,71.209,1.9422,19
1750,3072,6144,17,base,293.652,19,3.9338,2,74.649,0,81.801,1.0958,196.603,2.6337,19
1750,8192,3072,0,base,89.413,1,1.0,0,89.413,0,89.413,1.0,241.879,2.7052,19
1792,2048,3072,0,base,34.413,1,1.0,0,34.413,0,34.413,1.0,71.149,2.0675,19
1792,3072,3072,17,base,101.861,14,2.2211,2,45.86,0,49.485,1.079,103.157,2.2494,19
1792,3072,6144,17,base,183.206,13,2.4325,2,75.317,0,78.733,1.0454,195.434,2.5948,19
1792,4096,3072,0,base,50.228,1,1.0,0,50.228,0,50.228,1.0,128.31,2.5545,19
1792,8192,3072,0,base,85.845,1,1.0,0,85.845,0,85.845,1.0,244.739,2.8509,19
1816,3072,3072,17,base,157.33,19,3.4095,2,46.145,0,50.881,1.1026,102.977,2.2316,19
1816,4096,3072,0,base,52.573,1,1.0,0,52.573,0,52.573,1.0,135.762,2.5824,19
1820,2048,3072,0,base,36.745,2,1.0016,2,36.684,0,36.745,1.0016,79.125,2.1569,19
1836,2048,3072,0,base,35.496,1,1.0,0,35.496,0,35.496,1.0,78.265,2.2049,19
1896,2048,3072,0,base,36.008,2,1.007,2,35.756,0,36.008,1.007,78.913,2.207,19
1920,2048,3072,0,base,34.416,1,1.0,0,34.416,0,34.416,1.0,78.861,2.2914,19
1920,3072,3072,17,base,103.321,14,2.2219,2,46.5,0,48.869,1.0509,111.101,2.3893,19
1920,3072,6144,17,base,184.05,12,2.43,2,75.741,0,78.761,1.0399,212.002,2.799,19
1920,4096,3072,0,base,50.565,1,1.0,0,50.565,0,50.565,1.0,136.614,2.7018,19
1920,8192,3072,0,base,86.273,1,1.0,0,86.273,0,86.273,1.0,268.899,3.1168,19
1944,2048,3072,0,base,35.928,1,1.0,0,35.928,0,35.928,1.0,78.493,2.1847,19
1976,3072,3072,17,base,158.326,18,3.3862,2,46.757,0,51.037,1.0915,111.833,2.3918,19
1976,4096,3072,0,base,52.629,1,1.0,0,52.629,0,52.629,1.0,143.554,2.7277,19
1997,2048,3072,0,base,37.1,2,1.012,2,36.661,0,37.1,1.012,78.857,2.151,19
2000,2048,3072,0,base,36.824,1,1.0,0,36.824,0,36.824,1.0,79.585,2.1612,19
2000,3072,3072,17,base,156.366,18,3.3134,2,47.193,0,50.78,1.076,111.489,2.3624,19
2000,3072,6144,17,base,287.791,17,3.7441,2,76.865,0,81.385,1.0588,220.659,2.8707,19
2000,4096,3072,0,base,52.189,1,1.0,0,52.189,0,52.189,1.0,144.661,2.7719,19
2000,8192,3072,0,base,91.365,1,1.0,0,91.365,0,91.365,1.0,283.427,3.1021,19
2001,2048,3072,0,base,36.645,1,1.0,0,36.645,0,36.645,1.0,78.773,2.1497,19
2001,3072,3072,17,base,156.686,18,3.3554,2,46.697,0,51.113,1.0946,111.745,2.393,19
2001,3072,6144,17,base,288.863,17,3.7317,2,77.409,0,82.745,1.0689,220.919,2.8539,19
2001,4096,3072,0,base,53.253,1,1.0,0,53.253,0,53.253,1.0,144.35,2.7107,19
2001,8192,3072,0,base,91.197,1,1.0,0,91.197,0,91.197,1.0,283.207,3.1054,19
2002,2048,3072,0,base,36.944,2,1.0114,2,36.528,0,36.944,1.0114,78.785,2.1568,19
2002,3072,3072,17,base,156.254,17,3.2973,2,47.388,0,51.181,1.08,111.657,2.3562,19
2002,3072,6144,17,base,288.651,17,3.6677,2,78.701,0,81.993,1.0418,221.379,2.8129,19
2002,4096,3072,0,base,52.525,1,1.0,0,52.525,0,52.525,1.0,147.546,2.8091,19
2002,8192,3072,0,base,91.269,1,1.0,0,91.269,0,91.269,1.0,283.619,3.1075,19
2003,3072,3072,17,base,156.294,17,3.1467,2,49.669,0,54.005,1.0873,117.777,2.3713,19
2003,3072,6144,17,base,287.627,17,3.6074,2,79.733,0,83.225,1.0438,221.807,2.7819,19
2003,4096,3072,0,base,53.057,1,1.0,0,53.057,0,53.057,1.0,143.774,2.7098,19
2003,8192,3072,0,base,90.897,1,1.0,0,90.897,0,90.897,1.0,284.143,3.126,19
2004,2048,3072,0,base,36.604,1,1.0,0,36.604,0,36.604,1.0,78.641,2.1484,19
2005,2048,3072,0,base,35.94,1,1.0,0,35.94,0,35.94,1.0,79.025,2.1988,19
2005,3072,3072,17,base,156.85,17,3.3882,2,46.292,0,50.905,1.0996,111.265,2.4035,19
2005,4096,3072,0,base,53.901,1,1.0,0,53.901,0,53.901,1.0,144.33,2.6777,19
2006,2048,3072,0,base,37.26,1,1.0,0,37.26,0,37.26,1.0,79.281,2.1278,19
2008,3072,3072,17,base,156.682,17,3.3436,2,46.861,0,50.561,1.079,111.781,2.3854,19
2008,4096,3072,0,base,53.609,1,1.0,0,53.609,0,53.609,1.0,146.686,2.7362,19
2010,3072,3072,17,base,156.21,17,3.2975,2,47.372,0,51.177,1.0803,111.809,2.3602,19
2010,4096,3072,0,base,53.605,1,1.0,0,53.605,0,53.605,1.0,147.838,2.7579,19
2013,3072,3072,17,base,156.722,17,3.293,2,47.592,0,50.809,1.0676,111.218,2.3369,19
2013,4096,3072,0,base,53.605,1,1.0,0,53.605,0,53.605,1.0,148.15,2.7637,19
2014,3072,3072,17,base,156.19,17,3.2752,2,47.689,0,50.981,1.069,111.145,2.3306,19
2014,4096,3072,0,base,52.973,1,1.0,0,52.973,0,52.973,1.0,148.07,2.7952,19
2021,3072,6144,17,base,288.031,17,3.7422,2,76.969,0,81.801,1.0628,214.283,2.784,19
2021,8192,3072,0,base,89.885,1,1.0,0,89.885,0,89.885,1.0,276.055,3.0712,19
2024,3072,3072,17,base,156.906,17,3.3381,2,47.004,0,50.7,1.0786,111.653,2.3754,19
2024,4096,3072,0,base,53.193,1,1.0,0,53.193,0,53.193,1.0,144.846,2.723,19
2025,2048,3072,0,base,36.984,2,1.01,2,36.616,0,36.984,1.01,79.169,2.1621,19
2028,2048,3072,0,base,36.413,1,1.0,0,36.413,0,36.413,1.0,78.985,2.1692,19
2028,3072,3072,17,base,156.874,17,3.3591,2,46.701,0,50.449,1.0803,112.097,2.4003,19
2028,4096,3072,0,base,55.841,1,1.0,0,55.841,0,55.841,1.0,147.942,2.6493,19
2029,2048,3072,0,base,36.812,1,1.0,0,36.812,0,36.812,1.0,79.741,2.1661,19
2029,3072,3072,17,base,156.934,17,3.4039,2,46.105,0,50.693,1.0995,111.861,2.4263,19
2029,4096,3072,0,base,52.361,1,1.0,0,52.361,0,52.361,1.0,144.666,2.7629,19
2030,2048,3072,0,base,36.58,1,1.0,0,36.58,0,36.58,1.0,79.249,2.1664,19
2030,3072,3072,17,base,156.662,17,3.3804,2,46.345,0,50.377,1.087,111.858,2.4136,19
2030,4096,3072,0,base,53.016,1,1.0,0,53.016,0,53.016,1.0,144.73,2.7299,19
2032,2048,3072,0,base,36.688,2,1.0065,2,36.452,0,36.688,1.0065,79.065,2.169,19
2033,3072,6144,17,base,287.627,17,3.6711,2,78.349,0,81.317,1.0379,216.107,2.7583,19
2033,8192,3072,0,base,90.657,1,1.0,0,90.657,0,90.657,1.0,275.867,3.043,19
2037,3072,6144,17,base,288.703,17,3.7167,2,77.677,0,82.009,1.0558,221.775,2.8551,19
2037,8192,3072,0,base,90.329,1,1.0,0,90.329,0,90.329,1.0,275.859,3.0539,19
2044,3072,3072,17,base,156.978,18,3.3576,2,46.753,0,51.121,1.0934,112.209,2.4001,19
2044,4096,3072,0,base,53.373,1,1.0,0,53.373,0,53.373,1.0,145.042,2.7175,19
2048,2048,3072,0,base,34.765,1,1.0,0,34.765,0,34.765,1.0,78.949,2.271,19
2048,3072,3072,17,base,102.697,14,2.1991,2,46.701,0,49.313,1.0559,112.626,2.4116,19
2048,3072,6144,17,base,183.446,11,2.3586,0,77.777,0,77.777,1.0,214.275,2.755,19
2048,4096,3072,0,base,50.821,1,1.0,0,50.821,0,50.821,1.0,145.118,2.8555,19
2048,8192,3072,0,base,88.265,1,1.0,0,88.265,0,88.265,1.0,284.679,3.2253,19
2050,3072,3072,0,base,51.089,1,1.0,0,51.089,0,51.089,1.0,119.509,2.3393,19
2050,3072,6144,0,base,84.005,1,1.0,0,84.005,0,84.005,1.0,230.163,2.7399,19
2050,4096,3072,0,base,70.777,2,1.0472,2,67.585,0,70.777,1.0472,152.294,2.2534,19
2050,8192,3072,0,base,108.553,1,1.0,0,108.553,0,108.553,1.0,282.348,2.601,19
2051,2048,3072,17,base,156.318,19,3.4196,2,45.713,18,63.921,1.3983,86.405,1.8902,19
2055,2048,3072,17,base,155.294,19,3.4058,2,45.597,18,62.929,1.3801,86.565,1.8985,19
2057,3072,3072,0,base,51.445,1,1.0,0,51.445,0,51.445,1.0,119.369,2.3203,19
2057,4096,3072,0,base,71.209,2,1.0526,2,67.649,18,104.413,1.5435,151.718,2.2427,19
2059,3072,3072,0,base,52.029,1,1.0,0,52.029,0,52.029,1.0,119.461,2.2961,19
2059,4096,3072,0,base,70.633,2,1.047,2,67.461,0,70.633,1.047,151.822,2.2505,19
2060,2048,3072,17,base,154.818,19,3.2934,2,47.009,18,63.049,1.3412,86.553,1.8412,19
2062,2048,3072,17,base,155.258,19,3.3851,2,45.865,18,63.137,1.3766,86.561,1.8873,19
2074,2048,3072,17,base,155.206,19,3.4283,2,45.273,18,63.577,1.4043,86.773,1.9167,19
2086,2048,3072,17,base,155.913,19,3.4318,2,45.432,18,63.601,1.3999,86.901,1.9127,19
2089,2048,3072,17,base,155.746,19,3.3979,2,45.837,18,63.605,1.3876,86.381,1.8845,19
2093,3072,6144,0,base,84.013,1,1.0,0,84.013,0,84.013,1.0,229.859,2.736,19
2093,8192,3072,0,base,106.921,1,1.0,0,106.921,0,106.921,1.0,288.155,2.695,19
2094,2048,3072,17,base,156.058,19,3.4053,2,45.829,18,63.057,1.3759,86.581,1.8892,19
2121,3072,6144,0,base,82.877,1,1.0,0,82.877,0,82.877,1.0,230.067,2.776,19
2121,8192,3072,0,base,108.521,1,1.0,0,108.521,0,108.521,1.0,298.932,2.7546,19
2149,3072,3072,0,base,51.972,1,1.0,0,51.972,0,51.972,1.0,119.217,2.2939,19
2149,4096,3072,0,base,71.209,2,1.0513,2,67.737,0,71.209,1.0513,152.918,2.2575,19
2154,2048,3072,17,base,155.818,19,3.4039,2,45.777,18,64.225,1.403,86.557,1.8909,19
2157,2048,3072,17,base,155.862,19,3.4069,2,45.749,18,64.109,1.4013,87.373,1.9099,19
2158,2048,3072,17,base,155.726,19,3.3503,2,46.481,18,63.969,1.3762,86.905,1.8697,19
2158,3072,3072,0,base,52.121,1,1.0,0,52.121,0,52.121,1.0,119.865,2.2998,19
2158,4096,3072,0,base,70.865,2,1.0437,2,67.897,0,70.865,1.0437,152.934,2.2525,19
2160,3072,3072,0,base,51.989,1,1.0,0,51.989,0,51.989,1.0,119.633,2.3011,19
2160,4096,3072,0,base,72.313,2,1.068,2,67.708,0,72.313,1.068,152.778,2.2564,19
2161,3072,3072,0,base,52.196,1,1.0,0,52.196,0,52.196,1.0,119.205,2.2838,19
2161,4096,3072,0,base,70.861,2,1.0518,2,67.369,0,70.861,1.0518,152.286,2.2605,19
2162,3072,3072,0,base,51.552,1,1.0,0,51.552,0,51.552,1.0,119.501,2.3181,19
2162,4096,3072,0,base,71.493,2,1.0629,2,67.265,0,71.493,1.0629,152.845,2.2723,19
2164,3072,3072,0,base,51.925,1,1.0,0,51.925,0,51.925,1.0,119.509,2.3016,19
2164,4096,3072,0,base,71.493,2,1.0453,2,68.396,0,71.493,1.0453,153.266,2.2408,19
2169,2048,3072,17,base,155.298,19,3.3489,2,46.373,18,63.309,1.3652,87.313,1.8829,19
2176,2048,3072,17,base,100.825,17,2.2206,2,45.405,18,57.165,1.259,86.489,1.9049,19
2176,3072,3072,0,base,49.92,1,1.0,0,49.92,0,49.92,1.0,120.441,2.4127,19
2176,3072,6144,0,base,81.237,1,1.0,0,81.237,0,81.237,1.0,229.543,2.8256,19
2176,4096,3072,0,base,67.889,2,1.0139,2,66.961,0,67.889,1.0139,153.246,2.2886,19
2176,8192,3072,0,base,105.201,1,1.0,0,105.201,0,105.201,1.0,302.404,2.8745,19
2192,3072,3072,0,base,51.161,1,1.0,0,51.161,0,51.161,1.0,119.769,2.341,19
2192,4096,3072,0,base,70.797,2,1.0443,2,67.793,0,70.797,1.0443,159.926,2.359,19
2198,3072,6144,0,base,84.249,1,1.0,0,84.249,0,84.249,1.0,231.927,2.7529,19
2198,8192,3072,0,base,108.673,1,1.0,0,108.673,0,108.673,1.0,302.3,2.7817,19
2200,3072,6144,0,base,83.281,1,1.0,0,83.281,0,83.281,1.0,230.959,2.7732,19
2200,8192,3072,0,base,108.681,1,1.0,0,108.681,0,108.681,1.0,301.056,2.7701,19
2201,2048,3072,17,base,155.79,19,3.3926,2,45.921,18,63.901,1.3916,87.321,1.9016,19
2201,3072,6144,0,base,84.293,1,1.0,0,84.293,0,84.293,1.0,231.651,2.7482,19
2201,8192,3072,0,base,107.101,1,1.0,0,107.101,0,107.101,1.0,299.568,2.797,19
2208,3072,3072,0,base,51.577,1,1.0,0,51.577,0,51.577,1.0,120.653,2.3393,19
2208,4096,3072,0,base,71.237,2,1.0463,2,68.085,0,71.237,1.0463,160.586,2.3586,19
2212,3072,6144,0,base,84.169,1,1.0,0,84.169,0,84.169,1.0,246.755,2.9317,19
2212,8192,3072,0,base,108.613,1,1.0,0,108.613,0,108.613,1.0,304.844,2.8067,19
2213,2048,3072,17,base,155.334,19,3.3833,2,45.913,18,63.845,1.3906,87.177,1.8988,19
2216,3072,6144,0,base,84.465,1,1.0,0,84.465,0,84.465,1.0,246.303,2.916,19
2216,8192,3072,0,base,107.673,1,1.0,0,107.673,0,107.673,1.0,301.228,2.7976,19
2230,2048,3072,17,base,155.038,19,3.339,2,46.433,18,63.533,1.3683,86.929,1.8722,19
2240,2048,3072,17,base,100.181,16,2.2043,2,45.448,18,56.785,1.2494,87.025,1.9148,19
2240,3072,3072,0,base,51.397,1,1.0,0,51.397,0,51.397,1.0,127.869,2.4879,19
2240,3072,6144,0,base,83.225,1,1.0,0,83.225,14,115.577,1.3887,244.811,2.9416,19
2240,4096,3072,0,base,70.065,2,1.052,2,66.605,0,70.065,1.052,159.826,2.3996,19
2240,8192,3072,0,base,107.073,1,1.0,0,107.073,0,107.073,1.0,310.588,2.9007,19
2243,2048,3072,17,base,155.614,19,3.3929,2,45.865,18,63.433,1.383,87.061,1.8982,19
2246,3072,3072,0,base,50.897,1,1.0,0,50.897,0,50.897,1.0,127.606,2.5072,19
2246,4096,3072,0,base,71.305,2,1.0517,2,67.801,0,71.305,1.0517,160.814,2.3719,19
2248,2048,3072,17,base,154.922,19,3.3831,2,45.792,18,63.717,1.3914,86.905,1.8978,19
2249,2048,3072,17,base,155.742,19,3.3936,2,45.893,18,63.801,1.3902,87.421,1.9049,19
2254,3072,3072,0,base,51.248,1,1.0,0,51.248,0,51.248,1.0,128.022,2.4981,19
2254,4096,3072,0,base,71.541,2,1.0437,2,68.545,0,71.541,1.0437,160.298,2.3386,19
2256,2048,3072,17,base,155.786,19,3.3705,2,46.22,18,63.877,1.382,87.229,1.8872,19
2256,3072,3072,0,base,51.297,1,1.0,0,51.297,0,51.297,1.0,127.486,2.4853,19
2256,4096,3072,0,base,70.609,2,1.0433,2,67.681,0,70.609,1.0433,160.67,2.3739,19
2264,2048,3072,17,base,155.814,19,3.3586,2,46.393,18,64.133,1.3824,86.969,1.8746,19
2272,3072,3072,0,base,51.921,1,1.0,0,51.921,0,51.921,1.0,128.057,2.4664,19
2272,4096,3072,0,base,70.889,2,1.0381,2,68.289,0,70.889,1.0381,161.71,2.368,19
2291,2048,3072,17,base,155.986,19,3.3661,2,46.341,18,64.065,1.3825,86.981,1.877,19
2304,2048,3072,17,base,100.393,16,2.1805,2,46.041,18,56.973,1.2374,87.113,1.8921,19
2304,3072,3072,0,base,49.453,1,1.0,0,49.453,0,49.453,1.0,128.257,2.5935,19
2304,3072,6144,0,base,80.173,1,1.0,0,80.173,0,80.173,1.0,246.011,3.0685,19
2304,4096,3072,0,base,68.325,2,1.0216,2,66.877,0,68.325,1.0216,160.946,2.4066,19
2304,8192,3072,0,base,104.473,1,1.0,0,104.473,0,104.473,1.0,319.456,3.0578,19
2335,2048,3072,17,base,155.082,19,3.3917,2,45.724,18,64.057,1.4009,94.581,2.0685,19
2358,3072,6144,0,base,84.633,1,1.0,0,84.633,0,84.633,1.0,247.415,2.9234,19
2358,8192,3072,0,base,109.325,1,1.0,0,109.325,0,109.325,1.0,326.164,2.9834,19
2367,3072,6144,0,base,82.957,1,1.0,0,82.957,0,82.957,1.0,248.519,2.9958,19
2367,8192,3072,0,base,108.309,1,1.0,0,108.309,0,108.309,1.0,322.896,2.9812,19
2370,3072,6144,0,base,84.545,1,1.0,0,84.545,0,84.545,1.0,255.287,3.0195,19
2370,8192,3072,0,base,109.373,1,1.0,0,109.373,0,109.373,1.0,333.616,3.0503,19
2371,3072,6144,0,base,84.441,1,1.0,0,84.441,0,84.441,1.0,252.587,2.9913,19
2371,8192,3072,0,base,109.321,1,1.0,0,109.321,0,109.321,1.0,335.32,3.0673,19
2376,2048,3072,17,base,155.485,19,3.3608,2,46.264,18,63.653,1.3758,95.089,2.0553,19
2409,2048,3072,17,base,155.594,19,3.3939,2,45.845,18,64.597,1.409,95.713,2.0878,19
2415,2048,3072,17,base,154.822,19,3.3654,2,46.004,18,64.229,1.3961,94.937,2.0636,19
2419,2048,3072,17,base,155.782,19,3.3346,2,46.717,18,63.725,1.3641,95.069,2.035,19
2432,2048,3072,17,base,100.781,16,2.2087,2,45.629,18,57.701,1.2646,95.221,2.0869,19
2432,3072,3072,0,base,50.561,1,1.0,0,50.561,0,50.561,1.0,135.626,2.6824,19
2432,3072,6144,0,base,80.937,1,1.0,0,80.937,0,80.937,1.0,261.611,3.2323,19
2432,4096,3072,0,base,67.869,2,1.0094,2,67.237,0,67.869,1.0094,169.842,2.526,19
2432,8192,3072,0,base,105.153,1,1.0,0,105.153,0,105.153,1.0,335.788,3.1933,19
2446,3072,3072,0,base,51.725,1,1.0,0,51.725,0,51.725,1.0,136.646,2.6418,19
2446,4096,3072,0,base,71.373,2,1.0309,2,69.233,0,71.373,1.0309,176.934,2.5556,19
2448,3072,6144,0,base,86.113,1,1.0,0,86.113,0,86.113,1.0,265.527,3.0835,19
2448,8192,3072,0,base,111.017,1,1.0,0,111.017,0,111.017,1.0,335.572,3.0227,19
2450,3072,3072,0,base,52.521,1,1.0,0,52.521,0,52.521,1.0,135.882,2.5872,19
2450,4096,3072,0,base,71.289,2,1.0276,2,69.377,0,71.289,1.0276,176.674,2.5466,19
2455,3072,6144,0,base,85.681,1,1.0,0,85.681,0,85.681,1.0,264.259,3.0842,19
2455,8192,3072,0,base,110.293,1,1.0,0,110.293,0,110.293,1.0,342.26,3.1032,19
2472,3072,3072,0,base,52.297,1,1.0,0,52.297,0,52.297,1.0,136.122,2.6029,19
2472,4096,3072,0,base,71.365,2,1.0315,2,69.185,0,71.365,1.0315,176.346,2.5489,19
2478,2048,3072,17,base,155.642,19,3.352,2,46.433,18,64.273,1.3842,94.785,2.0413,19
2482,3072,3072,0,base,52.513,1,1.0,0,52.513,0,52.513,1.0,136.334,2.5962,19
2482,4096,3072,0,base,71.188,2,1.0205,2,69.756,0,71.188,1.0205,181.714,2.605,19
2488,2048,3072,17,base,155.794,19,3.3475,2,46.541,18,64.237,1.3802,95.133,2.0441,19
2489,3072,3072,0,base,52.288,1,1.0,0,52.288,0,52.288,1.0,136.518,2.6109,19
2489,4096,3072,0,base,71.665,2,1.0281,2,69.705,0,71.665,1.0281,181.278,2.6006,19
2497,2048,3072,17,base,155.73,19,3.3452,2,46.553,18,64.397,1.3833,95.505,2.0516,19
2504,3072,3072,0,base,52.877,1,1.0,0,52.877,0,52.877,1.0,136.294,2.5776,19
2504,4096,3072,0,base,71.181,2,1.0145,2,70.161,0,71.181,1.0145,176.37,2.5138,19
2537,2048,3072,17,base,154.45,19,3.3468,2,46.149,18,63.969,1.3862,94.857,2.0555,19
2546,3072,6144,0,base,85.421,1,1.0,0,85.421,0,85.421,1.0,273.047,3.1965,19
2546,8192,3072,0,base,110.897,1,1.0,0,110.897,0,110.897,1.0,344.976,3.1108,19
2550,3072,3072,0,base,52.565,1,1.0,0,52.565,0,52.565,1.0,136.602,2.5987,19
2550,4096,3072,0,base,71.128,2,1.0132,2,70.205,0,71.128,1.0132,185.694,2.645,19
2560,2048,3072,17,base,100.553,16,2.1802,2,46.121,18,57.497,1.2467,95.353,2.0675,19
2560,3072,3072,0,base,51.085,1,1.0,0,51.085,0,51.085,1.0,137.782,2.6971,19
2560,3072,6144,0,base,81.313,1,1.0,0,81.313,0,81.313,1.0,262.395,3.227,19
2560,4096,3072,0,base,68.129,1,1.0,0,68.129,0,68.129,1.0,176.898,2.5965,19
2560,8192,3072,0,base,106.101,1,1.0,0,106.101,0,106.101,1.0,353.048,3.3275,19
2596,3072,6144,0,base,85.129,1,1.0,0,85.129,0,85.129,1.0,280.351,3.2933,19
2596,8192,3072,0,base,128.814,1,1.0,0,128.814,0,128.814,1.0,355.568,2.7603,19
2609,2048,3072,17,base,156.554,19,3.3868,2,46.224,0,51.269,1.1091,103.225,2.2331,19
2618,2048,3072,17,base,156.338,19,3.4028,2,45.945,0,50.881,1.1074,103.157,2.2453,19
2661,3072,6144,0,base,86.101,1,1.0,0,86.101,0,86.101,1.0,288.679,3.3528,19
2661,8192,3072,0,base,128.249,1,1.0,0,128.249,0,128.249,1.0,363.932,2.8377,19
2670,2048,3072,17,base,157.202,19,3.3912,2,46.356,0,50.992,1.1,103.289,2.2282,19
2688,2048,3072,17,base,102.253,14,2.2304,2,45.845,0,49.249,1.0743,103.289,2.253,19
2688,3072,3072,0,base,50.581,1,1.0,0,50.581,0,50.581,1.0,145.026,2.8672,19
2688,3072,6144,0,base,82.589,1,1.0,0,82.589,0,82.589,1.0,278.303,3.3697,19
2688,4096,3072,0,base,68.281,1,1.0,0,68.281,0,68.281,1.0,186.13,2.7259,19
2688,8192,3072,0,base,124.998,1,1.0,0,124.998,0,124.998,1.0,364.848,2.9188,19
2728,2048,3072,17,base,158.674,19,3.4073,2,46.569,0,50.213,1.0783,103.065,2.2132,19
2735,2048,3072,17,base,159.034,19,3.4372,2,46.268,0,50.601,1.0936,102.925,2.2245,19
2741,2048,3072,17,base,158.178,19,3.4072,2,46.425,0,52.289,1.1263,103.681,2.2333,19
2741,3072,3072,0,base,71.353,2,1.0732,2,66.485,18,103.717,1.56,152.458,2.2931,19
2741,4096,3072,0,base,72.252,1,1.0,0,72.252,0,72.252,1.0,193.522,2.6784,19
2760,2048,3072,17,base,157.474,19,3.3211,2,47.416,0,51.185,1.0795,103.469,2.1821,19
2763,3072,3072,0,base,71.373,2,1.049,2,68.041,18,105.773,1.5546,152.274,2.238,19
2763,4096,3072,0,base,72.985,1,1.0,0,72.985,0,72.985,1.0,192.69,2.6401,19
2796,2048,3072,17,base,157.83,19,3.405,2,46.353,0,51.189,1.1043,103.349,2.2296,19
2804,3072,6144,0,base,118.813,2,1.0024,2,118.529,0,118.813,1.0024,299.5,2.5268,19
2804,8192,3072,0,base,128.806,1,1.0,0,128.806,0,128.806,1.0,380.548,2.9544,19
2806,2048,3072,17,base,158.314,19,3.4099,2,46.428,0,50.444,1.0865,104.149,2.2432,19
2816,2048,3072,17,base,102.797,14,2.2359,2,45.976,0,49.337,1.0731,104.249,2.2674,19
2816,3072,3072,0,base,69.36,2,1.0288,2,67.421,18,91.949,1.3638,152.329,2.2594,19
2816,3072,6144,0,base,113.657,1,1.0,0,113.657,0,113.657,1.0,295.82,2.6027,19
2816,4096,3072,0,base,69.233,1,1.0,0,69.233,0,69.233,1.0,195.71,2.8268,19
2816,8192,3072,0,base,125.062,1,1.0,0,125.062,0,125.062,1.0,382.449,3.0581,19
2820,3072,6144,0,base,117.001,1,1.0,0,117.001,0,117.001,1.0,299.984,2.5639,19
2820,8192,3072,0,base,129.354,1,1.0,0,129.354,0,129.354,1.0,388.509,3.0035,19
2828,2048,3072,17,base,158.39,18,3.3662,2,47.053,0,52.653,1.119,110.477,2.348,19
2910,2048,3072,17,base,158.906,18,3.3902,2,46.872,0,50.836,1.0846,111.285,2.3742,19
2925,2048,3072,17,base,158.422,18,3.3459,2,47.349,0,52.981,1.1189,111.613,2.3573,19
2944,2048,3072,17,base,104.277,14,2.2325,2,46.708,0,49.965,1.0697,111.617,2.3897,19
2944,3072,3072,0,base,68.593,2,1.0197,2,67.265,0,68.593,1.0197,159.75,2.3749,19
2944,3072,6144,0,base,113.193,1,1.0,0,113.193,0,113.193,1.0,312.176,2.7579,19
2944,4096,3072,0,base,69.385,1,1.0,0,69.385,0,69.385,1.0,207.41,2.9893,19
2944,8192,3072,0,base,127.082,1,1.0,0,127.082,0,127.082,1.0,394.576,3.1049,19
2945,2048,3072,17,base,158.994,18,3.4257,2,46.413,0,51.044,1.0998,111.853,2.41,19
2950,3072,3072,0,base,71.485,2,1.0336,2,69.161,0,71.485,1.0336,162.142,2.3444,19
2950,4096,3072,0,base,73.505,1,1.0,0,73.505,0,73.505,1.0,218.762,2.9762,19
2994,2048,3072,17,base,159.562,18,3.3594,2,47.496,0,51.209,1.0782,111.777,2.3534,19
3000,2048,3072,17,base,160.386,18,3.4069,2,47.077,0,51.445,1.0928,111.309,2.3644,19
3000,3072,3072,0,base,70.961,2,1.0396,2,68.257,0,70.961,1.0396,160.67,2.3539,19
3000,3072,6144,0,base,118.201,1,1.0,0,118.201,0,118.201,1.0,318.772,2.6969,19
3000,4096,3072,0,base,73.729,1,1.0,0,73.729,0,73.729,1.0,210.058,2.8491,19
3000,8192,3072,0,base,130.37,1,1.0,0,130.37,0,130.37,1.0,401.953,3.0832,19
3001,2048,3072,17,base,159.526,18,3.3944,2,46.997,0,51.357,1.0928,110.973,2.3613,19
3001,3072,3072,0,base,70.053,2,1.0368,2,67.568,0,70.053,1.0368,161.034,2.3833,19
3001,3072,6144,0,base,119.233,1,1.0,0,119.233,0,119.233,1.0,316.476,2.6543,19
3001,4096,3072,0,base,74.413,1,1.0,0,74.413,0,74.413,1.0,215.367,2.8942,19
3001,8192,3072,0,base,130.925,1,1.0,0,130.925,0,130.925,1.0,403.361,3.0808,19
3002,3072,3072,0,base,70.724,2,1.0379,2,68.14,0,70.724,1.0379,160.414,2.3542,19
3002,4096,3072,0,base,73.529,1,1.0,0,73.529,0,73.529,1.0,219.667,2.9875,19
3003,2048,3072,17,base,160.038,18,3.3641,2,47.573,0,51.381,1.08,111.474,2.3432,19
3003,3072,3072,0,base,71.496,2,1.0372,2,68.933,0,71.496,1.0372,161.13,2.3375,19
3003,4096,3072,0,base,74.141,1,1.0,0,74.141,0,74.141,1.0,216.555,2.9208,19
3004,2048,3072,17,base,159.994,18,3.3802,2,47.333,0,51.673,1.0917,111.429,2.3542,19
3004,3072,6144,0,base,118.349,1,1.0,0,118.349,0,118.349,1.0,321.972,2.7205,19
3004,8192,3072,0,base,130.25,1,1.0,0,130.25,0,130.25,1.0,403.949,3.1013,19
3005,2048,3072,17,base,159.978,18,3.4136,2,46.865,0,50.513,1.0778,111.965,2.3891,19
3005,3072,3072,0,base,70.409,2,1.042,2,67.573,0,70.409,1.042,161.106,2.3842,19
3005,4096,3072,0,base,73.077,1,1.0,0,73.077,0,73.077,1.0,218.483,2.9898,19
3006,2048,3072,17,base,159.578,18,3.3748,2,47.284,0,51.385,1.0867,111.305,2.3539,19
3007,2048,3072,17,base,160.486,18,3.4207,2,46.917,0,51.064,1.0884,111.889,2.3849,19
3008,3072,3072,0,base,70.853,2,1.0561,2,67.089,0,70.853,1.0561,161.35,2.405,19
3008,4096,3072,0,base,73.637,1,1.0,0,73.637,0,73.637,1.0,209.462,2.8445,19
3011,2048,3072,17,base,157.122,18,3.3752,2,46.553,0,49.857,1.071,111.965,2.4051,19
3011,3072,3072,0,base,70.152,2,1.0344,2,67.821,0,70.152,1.0344,161.038,2.3745,19
3011,3072,6144,0,base,118.413,1,1.0,0,118.413,0,118.413,1.0,318.244,2.6876,19
3011,4096,3072,0,base,74.177,1,1.0,0,74.177,0,74.177,1.0,219.095,2.9537,19
3011,8192,3072,0,base,131.75,1,1.0,0,131.75,0,131.75,1.0,409.645,3.1093,19
3019,3072,6144,0,base,117.413,1,1.0,0,117.413,0,117.413,1.0,314.996,2.6828,19
3019,8192,3072,0,base,130.849,1,1.0,0,130.849,0,130.849,1.0,409.469,3.1293,19
3022,3072,3072,0,base,70.909,2,1.0385,2,68.281,0,70.909,1.0385,160.75,2.3542,19
3022,4096,3072,0,base,74.489,1,1.0,0,74.489,0,74.489,1.0,210.794,2.8299,19
3026,2048,3072,17,base,157.502,18,3.3648,2,46.809,0,51.421,1.0985,111.469,2.3814,19
3027,3072,6144,0,base,117.618,1,1.0,0,117.618,0,117.618,1.0,319.712,2.7182,19
3027,8192,3072,0,base,131.73,1,1.0,0,131.73,0,131.73,1.0,413.301,3.1375,19
3028,3072,3072,0,base,70.804,2,1.046,2,67.689,0,70.804,1.046,161.154,2.3808,19
3028,3072,6144,0,base,120.513,1,1.0,0,120.513,0,120.513,1.0,318.02,2.6389,19
3028,4096,3072,0,base,73.953,1,1.0,0,73.953,0,73.953,1.0,215.199,2.9099,19
3028,8192,3072,0,base,129.662,1,1.0,0,129.662,0,129.662,1.0,408.905,3.1536,19
3029,2048,3072,17,base,157.238,18,3.3814,2,46.5,0,51.057,1.098,111.977,2.4081,19
3029,3072,3072,0,base,70.313,2,1.0383,2,67.72,0,70.313,1.0383,162.386,2.3979,19
3029,4096,3072,0,base,74.885,1,1.0,0,74.885,0,74.885,1.0,209.746,2.8009,19
3031,3072,3072,0,base,71.165,2,1.0494,2,67.816,0,71.165,1.0494,161.162,2.3764,19
3031,4096,3072,0,base,73.465,1,1.0,0,73.465,0,73.465,1.0,217.343,2.9584,19
3036,3072,6144,0,base,117.389,1,1.0,0,117.389,0,117.389,1.0,319.06,2.718,19
3036,8192,3072,0,base,130.529,1,1.0,0,130.529,0,130.529,1.0,409.057,3.1338,19
3049,2048,3072,17,base,158.038,18,3.3389,2,47.333,0,51.381,1.0855,111.713,2.3602,19
3056,3072,3072,0,base,70.913,2,1.0286,2,68.941,0,70.913,1.0286,161.734,2.346,19
3056,4096,3072,0,base,73.869,1,1.0,0,73.869,0,73.869,1.0,220.995,2.9917,19
3060,2048,3072,17,base,157.594,18,3.3955,2,46.413,0,51.101,1.101,111.809,2.409,19
3061,3072,3072,0,base,70.365,2,1.0369,2,67.861,0,70.365,1.0369,161.762,2.3837,19
3061,4096,3072,0,base,74.477,1,1.0,0,74.477,0,74.477,1.0,210.391,2.8249,19
3063,2048,3072,17,base,157.254,17,3.3535,2,46.893,0,51.749,1.1036,111.829,2.3848,19
3072,2048,3072,17,base,103.149,13,2.1682,2,47.573,0,50.421,1.0599,111.605,2.346,19
3072,3072,3072,0,base,68.921,2,1.0219,2,67.445,0,68.921,1.0219,161.95,2.4012,19
3072,3072,6144,0,base,112.421,1,1.0,0,112.421,0,112.421,1.0,315.22,2.8039,19
3072,4096,3072,0,base,70.521,1,1.0,0,70.521,0,70.521,1.0,219.735,3.1159,19
3072,8192,3072,0,base,128.006,1,1.0,0,128.006,0,128.006,1.0,412.493,3.2225,19
3093,2048,3072,0,base,50.645,1,1.0,0,50.645,0,50.645,1.0,119.413,2.3579,19
3104,2048,3072,0,base,51.433,1,1.0,0,51.433,0,51.433,1.0,119.369,2.3209,19
3106,3072,3072,0,base,70.801,2,1.0314,2,68.645,0,70.801,1.0314,168.71,2.4577,19
3106,4096,3072,0,base,89.565,1,1.0,0,89.565,0,89.565,1.0,225.247,2.5149,19
3108,3072,3072,0,base,71.609,2,1.0312,2,69.44,0,71.609,1.0312,168.714,2.4296,19
3108,4096,3072,0,base,89.041,1,1.0,0,89.041,0,89.041,1.0,218.151,2.45,19
3109,3072,3072,0,base,71.493,2,1.0477,2,68.236,0,71.493,1.0477,168.658,2.4717,19
3109,4096,3072,0,base,89.365,1,1.0,0,89.365,0,89.365,1.0,226.734,2.5372,19
3115,2048,3072,0,base,51.385,1,1.0,0,51.385,0,51.385,1.0,119.233,2.3204,19
3120,2048,3072,0,base,51.361,1,1.0,0,51.361,0,51.361,1.0,118.461,2.3065,19
3125,3072,3072,0,base,70.424,2,1.0295,2,68.409,0,70.424,1.0295,169.286,2.4746,19
3125,4096,3072,0,base,90.105,1,1.0,0,90.105,0,90.105,1.0,222.727,2.4719,19
3158,3072,3072,0,base,70.497,2,1.0255,2,68.744,0,70.497,1.0255,169.118,2.4601,19
3158,4096,3072,0,base,88.713,1,1.0,0,88.713,0,88.713,1.0,225.147,2.5379,19
3160,3072,3072,0,base,71.892,2,1.038,2,69.261,0,71.892,1.038,168.97,2.4396,19
3160,4096,3072,0,base,89.949,1,1.0,0,89.949,0,89.949,1.0,222.583,2.4745,19
3191,3072,3072,0,base,71.041,2,1.0197,2,69.669,0,71.041,1.0197,169.538,2.4335,19
3191,4096,3072,0,base,90.653,1,1.0,0,90.653,0,90.653,1.0,225.319,2.4855,19
3200,2048,3072,0,base,50.016,1,1.0,0,50.016,0,50.016,1.0,120.345,2.4061,19
3200,3072,3072,0,base,68.493,1,1.0,0,68.493,0,68.493,1.0,171.222,2.4999,19
3200,3072,6144,0,base,114.093,1,1.0,0,114.093,0,114.093,1.0,335.964,2.9446,19
3200,4096,3072,0,base,85.729,1,1.0,0,85.729,0,85.729,1.0,222.343,2.5935,19
3200,8192,3072,0,base,143.382,1,1.0,0,143.382,0,143.382,1.0,423.385,2.9529,19
3201,2048,3072,0,base,51.277,1,1.0,0,51.277,0,51.277,1.0,119.99,2.34,19
3204,2048,3072,0,base,52.005,1,1.0,0,52.005,0,52.005,1.0,119.697,2.3017,19
3215,2048,3072,0,base,51.233,1,1.0,0,51.233,0,51.233,1.0,120.473,2.3515,19
3216,2048,3072,0,base,51.701,1,1.0,0,51.701,0,51.701,1.0,120.381,2.3284,19
3221,2048,3072,0,base,51.972,1,1.0,0,51.972,0,51.972,1.0,120.113,2.3111,19
3230,2048,3072,0,base,51.7,1,1.0,0,51.7,0,51.7,1.0,119.777,2.3168,19
3242,3072,6144,0,base,119.77,1,1.0,0,119.77,0,119.77,1.0,356.176,2.9738,19
3242,8192,3072,0,base,146.166,1,1.0,0,146.166,0,146.166,1.0,437.745,2.9949,19
3261,2048,3072,0,base,51.66,1,1.0,0,51.66,0,51.66,1.0,119.661,2.3163,19
3262,2048,3072,0,base,51.369,1,1.0,0,51.369,0,51.369,1.0,120.553,2.3468,19
3271,2048,3072,0,base,51.385,1,1.0,0,51.385,0,51.385,1.0,120.493,2.3449,19
3278,2048,3072,0,base,51.489,1,1.0,0,51.489,0,51.489,1.0,120.633,2.3429,19
3280,2048,3072,0,base,52.14,1,1.0,0,52.14,0,52.14,1.0,120.597,2.3129,19
3290,2048,3072,0,base,51.613,1,1.0,0,51.613,0,51.613,1.0,120.653,2.3377,19
3301,2048,3072,0,base,51.733,1,1.0,0,51.733,0,51.733,1.0,120.425,2.3278,19
3310,2048,3072,0,base,51.617,1,1.0,0,51.617,0,51.617,1.0,119.974,2.3243,19
3314,2048,3072,0,base,52.161,1,1.0,0,52.161,0,52.161,1.0,119.989,2.3004,19
3315,2048,3072,0,base,51.529,1,1.0,0,51.529,0,51.529,1.0,120.381,2.3362,19
3317,2048,3072,0,base,51.633,1,1.0,0,51.633,0,51.633,1.0,119.837,2.321,19
3328,2048,3072,0,base,50.444,1,1.0,0,50.444,0,50.444,1.0,119.945,2.3778,19
3328,3072,3072,0,base,68.421,2,1.0036,2,68.177,0,68.421,1.0036,178.546,2.6189,19
3328,3072,6144,0,base,113.773,1,1.0,0,113.773,0,113.773,1.0,357.944,3.1461,19
3328,4096,3072,0,base,85.841,1,1.0,0,85.841,0,85.841,1.0,230.979,2.6908,19
3328,8192,3072,0,base,142.634,1,1.0,0,142.634,0,142.634,1.0,444.753,3.1181,19
3331,2048,3072,0,base,51.525,1,1.0,0,51.525,0,51.525,1.0,127.422,2.473,19
3333,2048,3072,0,base,51.741,1,1.0,0,51.741,0,51.741,1.0,128.209,2.4779,19
3336,2048,3072,0,base,51.56,1,1.0,0,51.56,0,51.56,1.0,127.81,2.4788,19
3352,2048,3072,0,base,52.749,1,1.0,0,52.749,0,52.749,1.0,127.578,2.4186,19
3359,2048,3072,0,base,51.545,1,1.0,0,51.545,0,51.545,1.0,127.813,2.4797,19
3361,2048,3072,0,base,52.013,1,1.0,0,52.013,0,52.013,1.0,127.658,2.4544,19
3365,2048,3072,0,base,52.065,1,1.0,0,52.065,0,52.065,1.0,126.909,2.4375,19
3371,2048,3072,0,base,52.709,1,1.0,0,52.709,0,52.709,1.0,127.626,2.4213,19
3372,3072,3072,0,base,71.224,2,1.0236,2,69.581,0,71.224,1.0236,177.75,2.5546,19
3372,4096,3072,0,base,89.273,1,1.0,0,89.273,0,89.273,1.0,245.367,2.7485,19
3378,2048,3072,0,base,52.193,1,1.0,0,52.193,0,52.193,1.0,128.057,2.4536,19
3382,2048,3072,0,base,51.977,1,1.0,0,51.977,0,51.977,1.0,128.134,2.4652,19
3383,2048,3072,0,base,52.349,1,1.0,0,52.349,0,52.349,1.0,127.966,2.4445,19
3384,3072,6144,0,base,118.853,1,1.0,0,118.853,0,118.853,1.0,352.696,2.9675,19
3384,8192,3072,0,base,147.182,1,1.0,0,147.182,0,147.182,1.0,448.913,3.0501,19
3387,2048,3072,0,base,51.817,1,1.0,0,51.817,0,51.817,1.0,127.61,2.4627,19
3389,2048,3072,0,base,52.481,1,1.0,0,52.481,0,52.481,1.0,127.513,2.4297,19
3393,2048,3072,0,base,51.509,1,1.0,0,51.509,0,51.509,1.0,127.717,2.4795,19
3395,2048,3072,0,base,52.201,1,1.0,0,52.201,0,52.201,1.0,127.481,2.4421,19
3396,2048,3072,0,base,51.361,1,1.0,0,51.361,0,51.361,1.0,128.685,2.5055,19
3403,2048,3072,0,base,52.565,1,1.0,0,52.565,0,52.565,1.0,128.198,2.4389,19
3404,2048,3072,0,base,51.681,1,1.0,0,51.681,0,51.681,1.0,128.494,2.4863,19
3413,2048,3072,0,base,51.661,1,1.0,0,51.661,0,51.661,1.0,129.15,2.5,19
3426,2048,3072,0,base,51.941,1,1.0,0,51.941,0,51.941,1.0,127.77,2.4599,19
3428,2048,3072,0,base,51.697,1,1.0,0,51.697,0,51.697,1.0,128.165,2.4792,19
3433,2048,3072,0,base,52.225,1,1.0,0,52.225,0,52.225,1.0,127.929,2.4496,19
3444,3072,3072,0,base,70.957,1,1.0,0,70.957,0,70.957,1.0,185.342,2.612,19
3444,4096,3072,0,base,88.777,1,1.0,0,88.777,0,88.777,1.0,240.947,2.7141,19
3445,3072,3072,0,base,71.917,1,1.0,0,71.917,0,71.917,1.0,186.658,2.5955,19
3445,4096,3072,0,base,89.565,1,1.0,0,89.565,0,89.565,1.0,237.423,2.6508,19
3448,3072,3072,0,base,71.129,1,1.0,0,71.129,0,71.129,1.0,185.058,2.6017,19
3448,3072,6144,0,base,120.794,1,1.0,0,120.794,0,120.794,1.0,366.328,3.0327,19
3448,4096,3072,0,base,89.101,1,1.0,0,89.101,0,89.101,1.0,241.875,2.7146,19
3448,8192,3072,0,base,149.89,1,1.0,0,149.89,0,149.89,1.0,458.413,3.0583,19
3456,2048,3072,0,base,49.997,1,1.0,0,49.997,0,49.997,1.0,127.95,2.5592,19
3456,3072,3072,0,base,68.629,1,1.0,0,68.629,0,68.629,1.0,185.01,2.6958,19
3456,3072,6144,0,base,113.813,1,1.0,0,113.813,0,113.813,1.0,364.788,3.2051,19
3456,4096,3072,0,base,85.733,1,1.0,0,85.733,0,85.733,1.0,236.795,2.762,19
3456,8192,3072,0,base,143.102,1,1.0,0,143.102,0,143.102,1.0,454.95,3.1792,19
3465,3072,6144,0,base,117.925,1,1.0,0,117.925,0,117.925,1.0,365.732,3.1014,19
3465,8192,3072,0,base,148.278,1,1.0,0,148.278,0,148.278,1.0,465.781,3.1413,19
3472,3072,3072,0,base,71.808,1,1.0,0,71.808,0,71.808,1.0,184.362,2.5674,19
3472,4096,3072,0,base,90.105,1,1.0,0,90.105,0,90.105,1.0,241.703,2.6825,19
3473,3072,3072,0,base,71.093,1,1.0,0,71.093,0,71.093,1.0,185.322,2.6068,19
3473,4096,3072,0,base,90.117,1,1.0,0,90.117,0,90.117,1.0,252.979,2.8072,19
3480,2048,3072,0,base,53.173,1,1.0,0,53.173,0,53.173,1.0,129.074,2.4274,19
3480,3072,3072,0,base,72.277,1,1.0,0,72.277,0,72.277,1.0,189.962,2.6283,19
3480,4096,3072,0,base,89.409,1,1.0,0,89.409,0,89.409,1.0,251.631,2.8144,19
3493,2048,3072,0,base,52.293,1,1.0,0,52.293,0,52.293,1.0,127.778,2.4435,19
3495,3072,3072,0,base,71.461,1,1.0,0,71.461,0,71.461,1.0,185.57,2.5968,19
3495,4096,3072,0,base,88.409,1,1.0,0,88.409,0,88.409,1.0,247.379,2.7981,19
3504,2048,3072,0,base,52.121,1,1.0,0,52.121,0,52.121,1.0,127.681,2.4497,19
3509,2048,3072,0,base,51.901,1,1.0,0,51.901,0,51.901,1.0,129.142,2.4882,19
3509,3072,3072,0,base,71.977,1,1.0,0,71.977,0,71.977,1.0,186.798,2.5952,19
3509,4096,3072,0,base,89.777,1,1.0,0,89.777,0,89.777,1.0,252.399,2.8114,19
3548,3072,6144,0,base,119.265,1,1.0,0,119.265,0,119.265,1.0,365.812,3.0672,19
3548,8192,3072,0,base,148.406,1,1.0,0,148.406,0,148.406,1.0,471.218,3.1752,19
3584,2048,3072,0,base,50.309,1,1.0,0,50.309,0,50.309,1.0,128.95,2.5632,19
3584,3072,3072,0,base,68.469,1,1.0,0,68.469,0,68.469,1.0,187.626,2.7403,19
3584,3072,6144,0,base,116.301,1,1.0,0,116.301,0,116.301,1.0,365.416,3.142,19
3584,4096,3072,0,base,85.169,1,1.0,0,85.169,0,85.169,1.0,246.979,2.8999,19
3584,8192,3072,0,base,144.898,1,1.0,0,144.898,0,144.898,1.0,474.246,3.273,19
3606,3072,6144,0,base,119.661,1,1.0,0,119.661,0,119.661,1.0,383.065,3.2012,19
3606,8192,3072,0,base,165.358,1,1.0,0,165.358,0,165.358,1.0,484.058,2.9273,19
3633,2048,3072,0,base,52.609,1,1.0,0,52.609,0,52.609,1.0,136.858,2.6014,19
3634,2048,3072,0,base,52.657,1,1.0,0,52.657,0,52.657,1.0,136.266,2.5878,19
3703,2048,3072,0,base,53.257,1,1.0,0,53.257,0,53.257,1.0,136.554,2.5641,19
3703,3072,3072,0,base,72.081,1,1.0,0,72.081,0,72.081,1.0,194.034,2.6919,19
3703,4096,3072,0,base,89.289,1,1.0,0,89.289,0,89.289,1.0,252.883,2.8322,19
3712,2048,3072,0,base,50.869,1,1.0,0,50.869,0,50.869,1.0,136.614,2.6856,19
3712,3072,3072,0,base,69.769,1,1.0,0,69.769,0,69.769,1.0,194.514,2.788,19
3712,3072,6144,0,base,115.769,1,1.0,0,115.769,0,115.769,1.0,379.737,3.2801,19
3712,4096,3072,0,base,86.621,1,1.0,0,86.621,0,86.621,1.0,254.095,2.9334,19
3712,8192,3072,0,base,160.35,1,1.0,0,160.35,0,160.35,1.0,493.469,3.0775,19
3806,2048,3072,0,base,51.297,1,1.0,0,51.297,0,51.297,1.0,136.71,2.6651,19
3840,2048,3072,0,base,50.721,1,1.0,0,50.721,0,50.721,1.0,137.154,2.7041,19
3840,3072,3072,0,base,69.185,1,1.0,0,69.185,0,69.185,1.0,202.01,2.9199,19
3840,3072,6144,0,base,115.205,1,1.0,0,115.205,0,115.205,1.0,395.525,3.4332,19
3840,4096,3072,0,base,86.041,1,1.0,0,86.041,0,86.041,1.0,269.015,3.1266,19
3840,8192,3072,0,base,160.974,1,1.0,0,160.974,0,160.974,1.0,507.062,3.15,19
3846,3072,3072,0,base,71.153,1,1.0,0,71.153,0,71.153,1.0,201.874,2.8372,19
3846,4096,3072,0,base,93.285,1,1.0,0,93.285,0,93.285,1.0,273.655,2.9335,19
3862,2048,3072,0,base,52.377,1,1.0,0,52.377,0,52.377,1.0,143.978,2.7489,19
3893,3072,3072,0,base,73.14,1,1.0,0,73.14,0,73.14,1.0,201.559,2.7558,19
3893,4096,3072,0,base,91.349,1,1.0,0,91.349,0,91.349,1.0,275.075,3.0113,19
3897,3072,3072,0,base,72.689,1,1.0,0,72.689,0,72.689,1.0,204.826,2.8179,19
3897,4096,3072,0,base,91.013,1,1.0,0,91.013,0,91.013,1.0,275.395,3.0259,19
3904,2048,3072,0,base,52.221,1,1.0,0,52.221,0,52.221,1.0,143.494,2.7478,19
3922,2048,3072,0,base,52.137,1,1.0,0,52.137,0,52.137,1.0,144.646,2.7744,19
3934,3072,6144,0,base,124.037,1,1.0,0,124.037,14,177.67,1.4324,413.377,3.3327,19
3934,8192,3072,0,base,166.626,1,1.0,0,166.626,0,166.626,1.0,520.766,3.1254,19
3935,3072,6144,0,base,123.141,1,1.0,0,123.141,14,178.454,1.4492,413.669,3.3593,19
3935,8192,3072,0,base,165.774,1,1.0,0,165.774,0,165.774,1.0,520.982,3.1427,19
3937,3072,6144,0,base,123.621,1,1.0,0,123.621,14,177.794,1.4382,414.501,3.353,19
3937,8192,3072,0,base,168.386,1,1.0,0,168.386,0,168.386,1.0,520.73,3.0925,19
3939,3072,6144,0,base,120.913,1,1.0,0,120.913,14,178.25,1.4742,421.317,3.4845,19
3939,8192,3072,0,base,167.17,1,1.0,0,167.17,0,167.17,1.0,521.302,3.1184,19
3940,3072,6144,0,base,123.762,1,1.0,0,123.762,14,176.738,1.4281,419.829,3.3922,19
3940,8192,3072,0,base,168.682,1,1.0,0,168.682,0,168.682,1.0,521.382,3.0909,19
3966,2048,3072,0,base,51.873,1,1.0,0,51.873,0,51.873,1.0,144.626,2.7881,19
3968,2048,3072,0,base,51.613,1,1.0,0,51.613,0,51.613,1.0,144.866,2.8068,19
3968,3072,3072,0,base,70.605,1,1.0,0,70.605,0,70.605,1.0,209.399,2.9658,19
3968,3072,6144,0,base,117.001,1,1.0,0,117.001,0,117.001,1.0,412.357,3.5244,19
3968,4096,3072,0,base,86.241,1,1.0,0,86.241,0,86.241,1.0,277.955,3.223,19
3968,8192,3072,0,base,162.098,1,1.0,0,162.098,0,162.098,1.0,523.986,3.2325,19
3971,3072,3072,0,base,71.525,1,1.0,0,71.525,0,71.525,1.0,210.711,2.946,19
3971,4096,3072,0,base,93.521,1,1.0,0,93.521,0,93.521,1.0,282.947,3.0255,19
3992,3072,3072,0,base,72.741,1,1.0,0,72.741,0,72.741,1.0,210.999,2.9007,19
3992,4096,3072,0,base,91.125,1,1.0,0,91.125,0,91.125,1.0,283.935,3.1159,19
4000,2048,3072,0,base,53.029,1,1.0,0,53.029,0,53.029,1.0,145.406,2.742,19
4000,3072,3072,0,base,73.317,1,1.0,0,73.317,0,73.317,1.0,219.631,2.9956,19
4000,3072,6144,0,base,124.042,1,1.0,0,124.042,0,124.042,1.0,420.109,3.3868,19
4000,4096,3072,0,base,91.425,1,1.0,0,91.425,0,91.425,1.0,282.936,3.0947,19
4000,8192,3072,0,base,169.11,1,1.0,0,169.11,0,169.11,1.0,528.178,3.1233,19
4001,2048,3072,0,base,52.604,1,1.0,0,52.604,0,52.604,1.0,144.854,2.7536,19
4001,3072,3072,0,base,73.957,1,1.0,0,73.957,0,73.957,1.0,217.059,2.9349,19
4001,4096,3072,0,base,91.949,1,1.0,0,91.949,0,91.949,1.0,287.343,3.125,19
4002,2048,3072,0,base,52.725,1,1.0,0,52.725,0,52.725,1.0,144.874,2.7477,19
4004,2048,3072,0,base,54.501,1,1.0,0,54.501,0,54.501,1.0,145.186,2.6639,19
4004,3072,3072,0,base,73.441,1,1.0,0,73.441,0,73.441,1.0,209.862,2.8576,19
4004,3072,6144,0,base,124.613,1,1.0,0,124.613,0,124.613,1.0,416.729,3.3442,19
4004,4096,3072,0,base,91.217,1,1.0,0,91.217,0,91.217,1.0,282.896,3.1013,19
4004,8192,3072,0,base,166.65,1,1.0,0,166.65,0,166.65,1.0,529.51,3.1774,19
4007,2048,3072,0,base,52.137,1,1.0,0,52.137,0,52.137,1.0,144.486,2.7713,19
4008,3072,3072,0,base,74.481,1,1.0,0,74.481,0,74.481,1.0,209.539,2.8133,19
4008,4096,3072,0,base,91.605,1,1.0,0,91.605,0,91.605,1.0,287.431,3.1377,19
4017,3072,6144,0,base,125.97,1,1.0,0,125.97,0,125.97,1.0,413.701,3.2841,19
4017,8192,3072,0,base,170.406,1,1.0,0,170.406,0,170.406,1.0,529.098,3.1049,19
4018,3072,6144,0,base,125.582,1,1.0,0,125.582,0,125.582,1.0,419.053,3.3369,19
4018,8192,3072,0,base,168.118,1,1.0,0,168.118,0,168.118,1.0,529.642,3.1504,19
4025,3072,6144,0,base,123.073,1,1.0,0,123.073,0,123.073,1.0,421.217,3.4225,19
4025,8192,3072,0,base,169.594,1,1.0,0,169.594,0,169.594,1.0,529.558,3.1225,19
4028,3072,3072,0,base,73.425,1,1.0,0,73.425,0,73.425,1.0,217.222,2.9584,19
4028,4096,3072,0,base,91.781,1,1.0,0,91.781,0,91.781,1.0,275.687,3.0038,19
4032,2048,3072,0,base,52.772,1,1.0,0,52.772,0,52.772,1.0,144.962,2.7469,19
4032,3072,6144,0,base,123.861,1,1.0,0,123.861,0,123.861,1.0,411.713,3.324,19
4032,8192,3072,0,base,166.138,1,1.0,0,166.138,0,166.138,1.0,531.19,3.1973,19
4042,2048,3072,0,base,51.941,1,1.0,0,51.941,0,51.941,1.0,144.446,2.781,19
4049,3072,3072,0,base,73.973,1,1.0,0,73.973,0,73.973,1.0,220.719,2.9838,19
4049,4096,3072,0,base,91.461,1,1.0,0,91.461,0,91.461,1.0,289.559,3.1659,19
4054,3072,3072,0,base,74.609,1,1.0,0,74.609,0,74.609,1.0,213.367,2.8598,19
4054,4096,3072,0,base,90.833,1,1.0,0,90.833,0,90.833,1.0,282.739,3.1127,19
4058,2048,3072,0,base,53.093,1,1.0,0,53.093,0,53.093,1.0,144.862,2.7285,19
4064,2048,3072,0,base,52.957,1,1.0,0,52.957,0,52.957,1.0,145.554,2.7485,19
4064,3072,6144,0,base,124.742,1,1.0,0,124.742,0,124.742,1.0,412.097,3.3036,19
4064,8192,3072,0,base,166.974,1,1.0,0,166.974,0,166.974,1.0,537.934,3.2217,19
4092,2048,3072,0,base,52.393,1,1.0,0,52.393,0,52.393,1.0,144.466,2.7574,19
4092,3072,3072,0,base,74.293,1,1.0,0,74.293,0,74.293,1.0,217.579,2.9287,19
4092,4096,3072,0,base,91.753,1,1.0,0,91.753,0,91.753,1.0,288.407,3.1433,19
4096,2048,3072,0,base,50.777,1,1.0,0,50.777,0,50.777,1.0,144.698,2.8497,19
4096,3072,3072,0,base,69.929,1,1.0,0,69.929,0,69.929,1.0,212.507,3.0389,19
4096,3072,6144,0,base,117.613,1,1.0,0,117.613,0,117.613,1.0,419.805,3.5694,19
4096,4096,3072,0,base,88.429,1,1.0,0,88.429,0,88.429,1.0,278.172,3.1457,19
4096,8192,3072,0,base,163.358,1,1.0,0,163.358,0,163.358,1.0,539.778,3.3043,19
4116,3072,3072,0,base,88.013,1,1.0,0,88.013,0,88.013,1.0,216.806,2.4633,19
4116,4096,3072,0,base,108.185,1,1.0,0,108.185,0,108.185,1.0,284.071,2.6258,19
4123,3072,3072,0,base,90.021,1,1.0,0,90.021,0,90.021,1.0,217.919,2.4208,19
4123,4096,3072,0,base,108.953,1,1.0,0,108.953,0,108.953,1.0,289.092,2.6534,19
4125,3072,3072,0,base,89.685,1,1.0,0,89.685,0,89.685,1.0,223.155,2.4882,19
4125,4096,3072,0,base,109.789,1,1.0,0,109.789,0,109.789,1.0,291.187,2.6522,19
4126,3072,3072,0,base,90.477,1,1.0,0,90.477,0,90.477,1.0,223.187,2.4668,19
4126,4096,3072,0,base,108.561,1,1.0,0,108.561,0,108.561,1.0,288.647,2.6588,19
4139,2048,3072,0,base,71.121,2,1.035,2,68.717,0,71.121,1.035,152.734,2.2227,19
4159,2048,3072,0,base,70.833,2,1.0402,2,68.097,18,104.309,1.5318,152.326,2.2369,19
4161,3072,6144,0,base,153.146,1,1.0,0,153.146,0,153.146,1.0,433.921,2.8334,19
4161,8192,3072,0,base,184.022,1,1.0,0,184.022,0,184.022,1.0,552.619,3.003,19
4188,3072,3072,0,base,89.969,1,1.0,0,89.969,0,89.969,1.0,224.754,2.4981,19
4188,4096,3072,0,base,108.569,1,1.0,0,108.569,0,108.569,1.0,289.644,2.6678,19
4207,2048,3072,0,base,71.093,2,1.0312,2,68.945,0,71.093,1.0312,153.254,2.2228,19
4207,3072,3072,0,base,90.397,1,1.0,0,90.397,0,90.397,1.0,228.127,2.5236,19
4207,4096,3072,0,base,107.641,1,1.0,0,107.641,0,107.641,1.0,288.715,2.6822,19
4216,3072,3072,0,base,90.545,1,1.0,0,90.545,0,90.545,1.0,226.071,2.4968,19
4216,4096,3072,0,base,108.909,1,1.0,0,108.909,0,108.909,1.0,288.463,2.6487,19
4218,3072,3072,0,base,89.609,1,1.0,0,89.609,0,89.609,1.0,226.855,2.5316,19
4218,4096,3072,0,base,108.141,1,1.0,0,108.141,0,108.141,1.0,291.459,2.6952,19
4224,2048,3072,0,base,68.569,2,1.0068,2,68.109,18,93.029,1.3659,152.502,2.2391,19
4224,3072,3072,0,base,86.349,1,1.0,0,86.349,0,86.349,1.0,224.715,2.6024,19
4224,3072,6144,0,base,151.582,1,1.0,0,151.582,0,151.582,1.0,435.729,2.8746,19
4224,4096,3072,0,base,103.945,1,1.0,0,103.945,0,103.945,1.0,295.823,2.846,19
4224,8192,3072,0,base,178.742,1,1.0,0,178.742,0,178.742,1.0,559.571,3.1306,19
4241,3072,3072,0,base,88.353,1,1.0,0,88.353,0,88.353,1.0,222.027,2.513,19
4241,4096,3072,0,base,109.257,1,1.0,0,109.257,0,109.257,1.0,304.12,2.7835,19
4245,3072,3072,0,base,89.121,1,1.0,0,89.121,0,89.121,1.0,222.091,2.492,19
4245,4096,3072,0,base,107.353,1,1.0,0,107.353,0,107.353,1.0,299.512,2.79,19
4246,3072,3072,0,base,89.109,1,1.0,0,89.109,0,89.109,1.0,225.483,2.5304,19
4246,4096,3072,0,base,107.873,1,1.0,0,107.873,0,107.873,1.0,300.083,2.7818,19
4248,2048,3072,0,base,70.793,2,1.0296,2,68.761,0,70.793,1.0296,152.941,2.2242,19
4274,3072,3072,0,base,89.201,1,1.0,0,89.201,0,89.201,1.0,226.315,2.5371,19
4274,4096,3072,0,base,108.985,1,1.0,0,108.985,0,108.985,1.0,302.544,2.776,19
4352,2048,3072,0,base,68.081,1,1.0,0,68.081,0,68.081,1.0,153.713,2.2578,19
4352,3072,3072,0,base,85.849,1,1.0,0,85.849,0,85.849,1.0,226.391,2.6371,19
4352,3072,6144,0,base,148.81,1,1.0,0,148.81,0,148.81,1.0,445.133,2.9913,19
4352,4096,3072,0,base,103.857,1,1.0,0,103.857,0,103.857,1.0,294.631,2.8369,19
4352,8192,3072,0,base,178.102,1,1.0,0,178.102,0,178.102,1.0,572.827,3.2163,19
4370,2048,3072,0,base,70.201,2,1.0169,2,69.037,0,70.201,1.0169,160.138,2.3196,19
4404,3072,6144,0,base,154.974,1,1.0,0,154.974,0,154.974,1.0,453.917,2.929,19
4404,8192,3072,0,base,190.558,1,1.0,0,190.558,0,190.558,1.0,579.331,3.0402,19
4412,2048,3072,0,base,71.056,2,1.0267,2,69.209,0,71.056,1.0267,160.578,2.3202,19
4417,2048,3072,0,base,70.768,2,1.0227,2,69.2,0,70.768,1.0227,162.806,2.3527,19
4441,2048,3072,0,base,70.912,2,1.0313,2,68.761,0,70.912,1.0313,160.742,2.3377,19
4442,2048,3072,0,base,70.625,2,1.0371,2,68.097,0,70.625,1.0371,161.302,2.3687,19
4442,3072,6144,0,base,154.857,1,1.0,0,154.857,0,154.857,1.0,463.498,2.9931,19
4442,8192,3072,0,base,187.75,1,1.0,0,187.75,0,187.75,1.0,587.019,3.1266,19
4445,2048,3072,0,base,70.373,2,1.0208,2,68.937,0,70.373,1.0208,162.25,2.3536,19
4448,2048,3072,0,base,71.305,2,1.0327,2,69.049,0,71.305,1.0327,161.194,2.3345,19
4461,2048,3072,0,base,70.497,2,1.0186,2,69.209,0,70.497,1.0186,160.998,2.3263,19
4462,2048,3072,0,base,71.109,2,1.0233,2,69.489,0,71.109,1.0233,161.454,2.3234,19
4465,3072,6144,0,base,155.794,1,1.0,0,155.794,0,155.794,1.0,462.514,2.9688,19
4465,8192,3072,0,base,192.694,1,1.0,0,192.694,0,192.694,1.0,587.471,3.0487,19
4466,2048,3072,0,base,70.045,2,1.0191,2,68.729,0,70.045,1.0191,161.694,2.3526,19
4466,3072,3072,0,base,89.785,1,1.0,0,89.785,0,89.785,1.0,240.907,2.6832,19
4466,4096,3072,0,base,108.405,1,1.0,0,108.405,0,108.405,1.0,312.056,2.8786,19
4476,2048,3072,0,base,70.561,2,1.0211,2,69.101,0,70.561,1.0211,161.454,2.3365,19
4476,3072,3072,0,base,89.489,1,1.0,0,89.489,0,89.489,1.0,241.023,2.6933,19
4476,3072,6144,0,base,154.194,1,1.0,0,154.194,0,154.194,1.0,466.398,3.0247,19
4476,4096,3072,0,base,109.517,1,1.0,0,109.517,0,109.517,1.0,311.308,2.8425,19
4476,8192,3072,0,base,186.458,1,1.0,0,186.458,0,186.458,1.0,585.259,3.1388,19
4480,2048,3072,0,base,68.137,1,1.0,0,68.137,0,68.137,1.0,161.322,2.3676,19
4480,3072,3072,0,base,86.729,1,1.0,0,86.729,0,86.729,1.0,242.071,2.7911,19
4480,3072,6144,0,base,148.602,1,1.0,0,148.602,0,148.602,1.0,462.706,3.1137,19
4480,4096,3072,0,base,104.617,1,1.0,0,104.617,0,104.617,1.0,313.088,2.9927,19
4480,8192,3072,0,base,181.962,1,1.0,0,181.962,0,181.962,1.0,590.491,3.2451,19
4489,2048,3072,0,base,69.649,2,1.0273,2,67.801,0,69.649,1.0273,161.182,2.3773,19
4489,3072,3072,0,base,90.501,1,1.0,0,90.501,0,90.501,1.0,237.743,2.627,19
4489,3072,6144,0,base,153.294,1,1.0,0,153.294,0,153.294,1.0,465.897,3.0392,19
4489,4096,3072,0,base,109.265,1,1.0,0,109.265,0,109.265,1.0,318.796,2.9176,19
4489,8192,3072,0,base,192.122,1,1.0,0,192.122,0,192.122,1.0,595.419,3.0992,19
4499,3072,3072,0,base,89.001,1,1.0,0,89.001,0,89.001,1.0,239.931,2.6958,19
4499,4096,3072,0,base,109.373,1,1.0,0,109.373,0,109.373,1.0,315.508,2.8847,19
4500,2048,3072,0,base,70.381,2,1.0303,2,68.309,0,70.381,1.0303,161.118,2.3587,19
4502,2048,3072,0,base,70.533,2,1.0261,2,68.737,0,70.533,1.0261,161.822,2.3542,19
4504,3072,3072,0,base,89.309,1,1.0,0,89.309,0,89.309,1.0,235.367,2.6354,19
4504,4096,3072,0,base,109.017,1,1.0,0,109.017,0,109.017,1.0,319.096,2.927,19
4508,3072,3072,0,base,91.261,1,1.0,0,91.261,0,91.261,1.0,241.023,2.641,19
4508,4096,3072,0,base,108.421,1,1.0,0,108.421,0,108.421,1.0,319.9,2.9505,19
4514,2048,3072,0,base,72.013,2,1.0191,2,70.665,0,72.013,1.0191,163.458,2.3131,19
4517,2048,3072,0,base,70.385,2,1.0298,2,68.345,0,70.385,1.0298,161.502,2.363,19
4520,2048,3072,0,base,70.625,2,1.0248,2,68.917,0,70.625,1.0248,160.346,2.3267,19
4534,3072,6144,0,base,153.801,1,1.0,0,153.801,0,153.801,1.0,463.349,3.0127,19
4534,8192,3072,0,base,191.678,1,1.0,0,191.678,0,191.678,1.0,595.867,3.1087,19
4537,3072,6144,0,base,153.946,1,1.0,0,153.946,0,153.946,1.0,467.189,3.0348,19
4537,8192,3072,0,base,191.138,1,1.0,0,191.138,0,191.138,1.0,593.011,3.1025,19
4538,2048,3072,0,base,69.737,2,1.0258,2,67.984,0,69.737,1.0258,160.982,2.3679,19
4541,2048,3072,0,base,71.281,2,1.0342,2,68.925,0,71.281,1.0342,164.126,2.3812,19
4545,3072,6144,0,base,153.397,1,1.0,0,153.397,0,153.397,1.0,468.081,3.0514,19
4545,8192,3072,0,base,184.566,1,1.0,0,184.566,0,184.566,1.0,601.983,3.2616,19
4549,2048,3072,0,base,70.305,2,1.0252,2,68.576,0,70.305,1.0252,161.53,2.3555,19
4550,2048,3072,0,base,70.629,2,1.029,2,68.637,0,70.629,1.029,161.494,2.3529,19
4586,2048,3072,0,base,70.361,2,1.0216,2,68.873,0,70.361,1.0216,165.306,2.4002,19
4608,2048,3072,0,base,69.361,2,1.021,2,67.937,0,69.361,1.021,163.046,2.4,19
4608,3072,3072,0,base,86.337,1,1.0,0,86.337,0,86.337,1.0,237.951,2.7561,19
4608,3072,6144,0,base,147.45,1,1.0,0,147.45,0,147.45,1.0,470.418,3.1904,19
4608,4096,3072,0,base,104.009,1,1.0,0,104.009,0,104.009,1.0,320.675,3.0831,19
4608,8192,3072,0,base,180.822,1,1.0,0,180.822,0,180.822,1.0,605.691,3.3496,19
4672,2048,3072,0,base,70.808,2,1.0129,2,69.905,0,70.808,1.0129,167.97,2.4028,19
4676,3072,3072,0,base,89.617,1,1.0,0,89.617,0,89.617,1.0,253.763,2.8316,19
4676,4096,3072,0,base,108.725,1,1.0,0,108.725,0,108.725,1.0,330.672,3.0414,19
4735,2048,3072,0,base,71.465,2,1.0337,2,69.132,0,71.465,1.0337,168.358,2.4353,19
4736,2048,3072,0,base,68.501,2,1.0019,2,68.368,0,68.501,1.0019,169.086,2.4732,19
4736,3072,3072,0,base,85.865,1,1.0,0,85.865,0,85.865,1.0,247.167,2.8786,19
4736,3072,6144,0,base,150.502,1,1.0,0,150.502,0,150.502,1.0,485.838,3.2281,19
4736,4096,3072,0,base,105.489,1,1.0,0,105.489,0,105.489,1.0,327.12,3.101,19
4736,8192,3072,0,base,197.482,1,1.0,0,197.482,0,197.482,1.0,619.823,3.1386,19
4762,3072,3072,0,base,88.817,1,1.0,0,88.817,0,88.817,1.0,247.959,2.7918,19
4762,4096,3072,0,base,108.649,1,1.0,0,108.649,0,108.649,1.0,335.848,3.0911,19
4864,2048,3072,0,base,68.612,1,1.0,0,68.612,0,68.612,1.0,169.442,2.4696,19
4864,3072,3072,0,base,87.041,1,1.0,0,87.041,0,87.041,1.0,254.599,2.925,19
4864,3072,6144,0,base,150.546,1,1.0,0,150.546,0,150.546,1.0,497.87,3.3071,19
4864,4096,3072,0,base,106.329,1,1.0,0,106.329,0,106.329,1.0,337.94,3.1782,19
4864,8192,3072,0,base,198.618,1,1.0,0,198.618,0,198.618,1.0,637.283,3.2086,19
4883,2048,3072,0,base,70.825,2,1.019,2,69.505,0,70.825,1.019,176.786,2.5435,19
4900,3072,3072,0,base,91.005,1,1.0,0,91.005,0,91.005,1.0,255.567,2.8083,19
4900,4096,3072,0,base,110.058,1,1.0,0,110.058,0,110.058,1.0,344.572,3.1308,19
4915,2048,3072,0,base,70.661,2,1.0108,2,69.909,0,70.661,1.0108,177.394,2.5375,19
4915,3072,3072,0,base,90.713,1,1.0,0,90.713,0,90.713,1.0,253.807,2.7979,19
4915,4096,3072,0,base,110.069,1,1.0,0,110.069,0,110.069,1.0,341.712,3.1045,19
4929,3072,3072,0,base,89.793,1,1.0,0,89.793,0,89.793,1.0,253.455,2.8227,19
4929,4096,3072,0,base,110.821,1,1.0,0,110.821,0,110.821,1.0,341.98,3.0859,19
4992,2048,3072,0,base,69.18,1,1.0,0,69.18,0,69.18,1.0,176.358,2.5492,19
4992,3072,3072,0,base,86.009,1,1.0,0,86.009,0,86.009,1.0,260.487,3.0286,19
4992,3072,6144,0,base,149.47,1,1.0,0,149.47,0,149.47,1.0,512.622,3.4296,19
4992,4096,3072,0,base,106.029,1,1.0,0,106.029,0,106.029,1.0,344.312,3.2473,19
4992,8192,3072,0,base,203.602,1,1.0,0,203.602,0,203.602,1.0,654.504,3.2146,19
5000,2048,3072,0,base,69.969,2,1.0104,2,69.248,0,69.969,1.0104,177.302,2.5604,19
5000,3072,3072,0,base,90.265,1,1.0,0,90.265,0,90.265,1.0,266.307,2.9503,19
5000,3072,6144,0,base,156.41,1,1.0,0,156.41,0,156.41,1.0,516.122,3.2998,19
5000,4096,3072,0,base,113.753,1,1.0,0,113.753,0,113.753,1.0,352.408,3.098,19
5000,8192,3072,0,base,211.667,1,1.0,0,211.667,0,211.667,1.0,657.219,3.105,19
5001,2048,3072,0,base,70.757,2,1.0179,2,69.513,0,70.757,1.0179,177.626,2.5553,19
5001,3072,3072,0,base,90.841,1,1.0,0,90.841,0,90.841,1.0,266.399,2.9326,19
5001,3072,6144,0,base,157.886,1,1.0,0,157.886,0,157.886,1.0,513.59,3.2529,19
5001,4096,3072,0,base,112.325,1,1.0,0,112.325,0,112.325,1.0,351.06,3.1254,19
5001,8192,3072,0,base,215.535,1,1.0,0,215.535,0,215.535,1.0,656.96,3.048,19
5002,3072,3072,0,base,92.597,1,1.0,0,92.597,0,92.597,1.0,263.215,2.8426,19
5002,3072,6144,0,base,154.562,1,1.0,0,154.562,0,154.562,1.0,517.002,3.345,19
5002,4096,3072,0,base,114.805,1,1.0,0,114.805,0,114.805,1.0,343.5,2.992,19
5002,8192,3072,0,base,210.074,1,1.0,0,210.074,0,210.074,1.0,658.06,3.1325,19
5003,2048,3072,0,base,73.005,2,1.0246,2,71.253,0,73.005,1.0246,183.902,2.581,19
5003,3072,3072,0,base,90.221,1,1.0,0,90.221,0,90.221,1.0,267.315,2.9629,19
5003,3072,6144,0,base,157.942,1,1.0,0,157.942,0,157.942,1.0,514.55,3.2578,19
5003,4096,3072,0,base,112.253,1,1.0,0,112.253,0,112.253,1.0,350.608,3.1234,19
5003,8192,3072,0,base,217.138,1,1.0,0,217.138,0,217.138,1.0,657.056,3.026,19
5004,3072,3072,0,base,93.121,1,1.0,0,93.121,0,93.121,1.0,270.363,2.9034,19
5004,3072,6144,0,base,157.55,1,1.0,0,157.55,0,157.55,1.0,512.846,3.2551,19
5004,4096,3072,0,base,116.201,1,1.0,0,116.201,0,116.201,1.0,351.492,3.0249,19
5004,8192,3072,0,base,215.659,1,1.0,0,215.659,0,215.659,1.0,659.872,3.0598,19
5005,2048,3072,0,base,72.193,2,1.026,2,70.365,0,72.193,1.026,177.202,2.5183,19
5005,3072,6144,0,base,157.63,1,1.0,0,157.63,0,157.63,1.0,517.462,3.2828,19
5005,8192,3072,0,base,209.687,1,1.0,0,209.687,0,209.687,1.0,657.976,3.1379,19
5007,2048,3072,0,base,70.753,2,1.0335,2,68.461,0,70.753,1.0335,176.642,2.5802,19
5007,3072,3072,0,base,90.937,1,1.0,0,90.937,0,90.937,1.0,266.939,2.9354,19
5007,4096,3072,0,base,111.138,1,1.0,0,111.138,0,111.138,1.0,354.832,3.1927,19
5008,3072,3072,0,base,90.477,1,1.0,0,90.477,0,90.477,1.0,259.203,2.8648,19
5008,4096,3072,0,base,110.565,1,1.0,0,110.565,0,110.565,1.0,347.392,3.142,19
5009,3072,6144,0,base,156.082,1,1.0,0,156.082,0,156.082,1.0,515.49,3.3027,19
5009,8192,3072,0,base,211.291,1,1.0,0,211.291,0,211.291,1.0,658.064,3.1145,19
5013,2048,3072,0,base,71.977,2,1.0154,2,70.885,0,71.977,1.0154,181.922,2.5664,19
5013,3072,3072,0,base,90.781,1,1.0,0,90.781,0,90.781,1.0,270.391,2.9785,19
5013,4096,3072,0,base,110.721,1,1.0,0,110.721,0,110.721,1.0,353.804,3.1954,19
5015,3072,3072,0,base,90.197,1,1.0,0,90.197,0,90.197,1.0,264.951,2.9375,19
5015,4096,3072,0,base,110.717,1,1.0,0,110.717,0,110.717,1.0,347.92,3.1424,19
5017,2048,3072,0,base,70.245,2,1.0177,2,69.025,0,70.245,1.0177,177.462,2.571,19
5020,3072,6144,0,base,158.454,1,1.0,0,158.454,0,158.454,1.0,512.782,3.2362,19
5020,8192,3072,0,base,209.395,1,1.0,0,209.395,0,209.395,1.0,658.476,3.1447,19
5026,3072,3072,0,base,92.241,1,1.0,0,92.241,0,92.241,1.0,266.231,2.8863,19
5026,4096,3072,0,base,110.377,1,1.0,0,110.377,0,110.377,1.0,352.86,3.1969,19
5027,3072,3072,0,base,90.337,1,1.0,0,90.337,0,90.337,1.0,264.011,2.9225,19
5027,3072,6144,0,base,155.13,1,1.0,0,155.13,0,155.13,1.0,512.842,3.3059,19
5027,4096,3072,0,base,115.67,1,1.0,0,115.67,0,115.67,1.0,347.58,3.0049,19
5027,8192,3072,0,base,215.291,1,1.0,0,215.291,0,215.291,1.0,657.34,3.0533,19
5031,2048,3072,0,base,71.565,2,1.0195,2,70.197,0,71.565,1.0195,177.314,2.526,19
5031,3072,3072,0,base,89.645,1,1.0,0,89.645,0,89.645,1.0,259.695,2.8969,19
5031,3072,6144,0,base,155.586,1,1.0,0,155.586,0,155.586,1.0,513.55,3.3007,19
5031,4096,3072,0,base,111.909,1,1.0,0,111.909,0,111.909,1.0,351.948,3.1449,19
5031,8192,3072,0,base,216.414,1,1.0,0,216.414,0,216.414,1.0,657.308,3.0373,19
5032,3072,3072,0,base,91.165,1,1.0,0,91.165,0,91.165,1.0,267.551,2.9348,19
5032,4096,3072,0,base,110.517,1,1.0,0,110.517,0,110.517,1.0,352.604,3.1905,19
5033,3072,6144,0,base,155.325,1,1.0,0,155.325,0,155.325,1.0,515.046,3.3159,19
5033,8192,3072,0,base,215.591,1,1.0,0,215.591,0,215.591,1.0,658.804,3.0558,19
5038,2048,3072,0,base,70.609,2,1.0133,2,69.685,0,70.609,1.0133,177.078,2.5411,19
5042,3072,6144,0,base,155.466,1,1.0,0,155.466,0,155.466,1.0,512.31,3.2953,19
5042,8192,3072,0,base,208.151,1,1.0,0,208.151,0,208.151,1.0,657.543,3.159,19
5044,2048,3072,0,base,71.605,2,1.0111,2,70.817,0,71.605,1.0111,181.374,2.5612,19
5045,3072,6144,0,base,155.17,1,1.0,0,155.17,0,155.17,1.0,514.902,3.3183,19
5045,8192,3072,0,base,211.939,1,1.0,0,211.939,0,211.939,1.0,657.876,3.1041,19
5052,3072,6144,0,base,158.334,1,1.0,0,158.334,0,158.334,1.0,511.574,3.231,19
5052,8192,3072,0,base,209.483,1,1.0,0,209.483,0,209.483,1.0,657.768,3.14,19
5056,3072,3072,0,base,92.341,1,1.0,0,92.341,0,92.341,1.0,268.595,2.9087,19
5056,4096,3072,0,base,109.869,1,1.0,0,109.869,0,109.869,1.0,347.752,3.1651,19
5057,3072,6144,0,base,153.914,1,1.0,0,153.914,0,153.914,1.0,513.378,3.3355,19
5057,8192,3072,0,base,218.802,1,1.0,0,218.802,0,218.802,1.0,665.744,3.0427,19
5059,3072,6144,0,base,156.509,1,1.0,0,156.509,0,156.509,1.0,516.602,3.3008,19
5059,8192,3072,0,base,207.702,1,1.0,0,207.702,0,207.702,1.0,665.512,3.2042,19
5063,3072,3072,0,base,91.753,1,1.0,0,91.753,0,91.753,1.0,266.835,2.9082,19
5063,3072,6144,0,base,156.282,1,1.0,0,156.282,0,156.282,1.0,512.634,3.2802,19
5063,4096,3072,0,base,110.669,1,1.0,0,110.669,0,110.669,1.0,347.112,3.1365,19
5063,8192,3072,0,base,204.186,1,1.0,0,204.186,0,204.186,1.0,670.084,3.2817,19
5071,2048,3072,0,base,71.421,2,1.0145,2,70.397,0,71.421,1.0145,179.35,2.5477,19
5071,3072,6144,0,base,158.814,1,1.0,0,158.814,0,158.814,1.0,512.686,3.2282,19
5071,8192,3072,0,base,212.162,1,1.0,0,212.162,0,212.162,1.0,665.292,3.1358,19
5083,2048,3072,0,base,71.437,2,1.0178,2,70.185,0,71.437,1.0178,177.13,2.5238,19
5083,3072,6144,0,base,158.338,1,1.0,0,158.338,0,158.338,1.0,514.37,3.2486,19
5083,8192,3072,0,base,206.946,1,1.0,0,206.946,0,206.946,1.0,667.176,3.2239,19
5084,3072,6144,0,base,159.146,1,1.0,0,159.146,0,159.146,1.0,512.502,3.2203,19
5084,8192,3072,0,base,211.738,1,1.0,0,211.738,0,211.738,1.0,665.944,3.1451,19
5087,2048,3072,0,base,72.284,2,1.0045,2,71.957,0,72.284,1.0045,177.958,2.4731,19
5089,3072,6144,0,base,155.789,1,1.0,0,155.789,0,155.789,1.0,514.098,3.3,19
5089,8192,3072,0,base,222.982,1,1.0,0,222.982,0,222.982,1.0,667.316,2.9927,19
5090,3072,6144,0,base,156.114,1,1.0,0,156.114,0,156.114,1.0,514.106,3.2931,19
5090,8192,3072,0,base,213.51,1,1.0,0,213.51,0,213.51,1.0,666.512,3.1217,19
5091,2048,3072,0,base,70.789,2,1.0173,2,69.585,0,70.789,1.0173,177.362,2.5489,19
5091,3072,3072,0,base,89.921,1,1.0,0,89.921,0,89.921,1.0,263.343,2.9286,19
5091,4096,3072,0,base,112.505,1,1.0,0,112.505,0,112.505,1.0,355.644,3.1611,19
5099,3072,6144,0,base,156.87,1,1.0,0,156.87,0,156.87,1.0,514.978,3.2828,19
5099,8192,3072,0,base,208.263,1,1.0,0,208.263,0,208.263,1.0,666.176,3.1987,19
5100,3072,6144,0,base,158.458,1,1.0,0,158.458,0,158.458,1.0,512.834,3.2364,19
5100,8192,3072,0,base,210.402,1,1.0,0,210.402,0,210.402,1.0,667.2,3.1711,19
5101,3072,6144,0,base,159.89,1,1.0,0,159.89,0,159.89,1.0,514.114,3.2154,19
5101,8192,3072,0,base,208.034,1,1.0,0,208.034,0,208.034,1.0,666.152,3.2021,19
5102,2048,3072,0,base,72.733,2,1.0192,2,71.365,0,72.733,1.0192,177.738,2.4906,19
5102,3072,6144,0,base,156.678,1,1.0,0,156.678,0,156.678,1.0,513.134,3.2751,19
5102,8192,3072,0,base,208.322,1,1.0,0,208.322,0,208.322,1.0,666.82,3.2009,19
5103,3072,6144,0,base,157.314,1,1.0,0,157.314,0,157.314,1.0,515.826,3.279,19
5103,8192,3072,0,base,217.475,1,1.0,0,217.475,0,217.475,1.0,666.86,3.0664,19
5108,3072,6144,0,base,157.466,1,1.0,0,157.466,0,157.466,1.0,514.418,3.2669,19
5108,8192,3072,0,base,210.155,1,1.0,0,210.155,0,210.155,1.0,667.248,3.175,19
5109,3072,3072,0,base,92.601,1,1.0,0,92.601,0,92.601,1.0,269.191,2.907,19
5109,4096,3072,0,base,110.201,1,1.0,0,110.201,0,110.201,1.0,348.66,3.1638,19
5110,3072,3072,0,base,90.501,1,1.0,0,90.501,0,90.501,1.0,268.483,2.9666,19
5110,4096,3072,0,base,111.27,1,1.0,0,111.27,0,111.27,1.0,350.276,3.148,19
5111,3072,6144,0,base,156.154,1,1.0,0,156.154,0,156.154,1.0,513.894,3.2909,19
5111,8192,3072,0,base,206.042,1,1.0,0,206.042,0,206.042,1.0,666.852,3.2365,19
5112,3072,6144,0,base,158.77,1,1.0,0,158.77,0,158.77,1.0,512.038,3.225,19
5112,8192,3072,0,base,219.179,1,1.0,0,219.179,0,219.179,1.0,668.652,3.0507,19
5114,3072,3072,0,base,92.133,1,1.0,0,92.133,0,92.133,1.0,270.839,2.9397,19
5114,3072,6144,0,base,154.866,1,1.0,0,154.866,0,154.866,1.0,513.334,3.3147,19
5114,4096,3072,0,base,112.473,1,1.0,0,112.473,0,112.473,1.0,353.14,3.1398,19
5114,8192,3072,0,base,214.619,1,1.0,0,214.619,0,214.619,1.0,666.396,3.105,19
5115,3072,6144,0,base,155.902,1,1.0,0,155.902,0,155.902,1.0,519.778,3.334,19
5115,8192,3072,0,base,211.955,1,1.0,0,211.955,0,211.955,1.0,666.664,3.1453,19
5116,3072,6144,0,base,157.277,1,1.0,0,157.277,0,157.277,1.0,516.134,3.2817,19
5116,8192,3072,0,base,218.107,1,1.0,0,218.107,0,218.107,1.0,667.124,3.0587,19
5118,3072,6144,0,base,157.094,1,1.0,0,157.094,0,157.094,1.0,516.414,3.2873,19
5118,8192,3072,0,base,219.735,1,1.0,0,219.735,0,219.735,1.0,667.78,3.039,19
5119,2048,3072,0,base,71.321,2,1.0047,2,70.985,0,71.321,1.0047,180.878,2.5481,19
5119,3072,3072,0,base,89.817,1,1.0,0,89.817,0,89.817,1.0,262.387,2.9213,19
5119,3072,6144,0,base,155.542,1,1.0,0,155.542,0,155.542,1.0,516.258,3.3191,19
5119,4096,3072,0,base,112.621,1,1.0,0,112.621,0,112.621,1.0,351.52,3.1213,19
5119,8192,3072,0,base,204.983,1,1.0,0,204.983,0,204.983,1.0,668.256,3.2601,19
5120,2048,3072,0,base,69.221,1,1.0,0,69.221,0,69.221,1.0,178.398,2.5772,19
5120,3072,3072,0,base,87.025,1,1.0,0,87.025,0,87.025,1.0,259.979,2.9874,19
5120,3072,6144,0,base,150.614,1,1.0,0,150.614,0,150.614,1.0,512.674,3.4039,19
5120,4096,3072,0,base,107.517,1,1.0,0,107.517,0,107.517,1.0,353.18,3.2849,19
5120,8192,3072,0,base,199.85,1,1.0,0,199.85,0,199.85,1.0,670.004,3.3525,19
5121,3072,3072,0,base,90.701,1,1.0,0,90.701,0,90.701,1.0,274.559,3.0271,19
5121,4096,3072,0,base,128.033,1,1.0,0,128.033,0,128.033,1.0,359.808,2.8103,19
5122,2048,3072,0,base,70.085,1,1.0,0,70.085,0,70.085,1.0,184.218,2.6285,19
5123,3072,6144,0,base,158.846,1,1.0,0,158.846,0,158.846,1.0,529.774,3.3352,19
5123,8192,3072,0,base,225.923,1,1.0,0,225.923,0,225.923,1.0,675.74,2.991,19
5124,3072,6144,0,base,159.67,1,1.0,0,159.67,0,159.67,1.0,530.267,3.321,19
5124,8192,3072,0,base,229.263,1,1.0,0,229.263,0,229.263,1.0,676.452,2.9506,19
5125,3072,6144,0,base,160.81,1,1.0,0,160.81,0,160.81,1.0,528.15,3.2843,19
5125,8192,3072,0,base,226.427,1,1.0,0,226.427,0,226.427,1.0,675.752,2.9844,19
5126,3072,6144,0,base,157.13,1,1.0,0,157.13,0,157.13,1.0,533.07,3.3925,19
5126,8192,3072,0,base,226.878,1,1.0,0,226.878,0,226.878,1.0,673.744,2.9696,19
5127,2048,3072,0,base,70.145,1,1.0,0,70.145,0,70.145,1.0,184.558,2.6311,19
5127,3072,3072,0,base,91.901,1,1.0,0,91.901,0,91.901,1.0,277.595,3.0206,19
5127,4096,3072,0,base,129.974,1,1.0,0,129.974,0,129.974,1.0,355.224,2.733,19
5128,3072,6144,0,base,159.078,1,1.0,0,159.078,0,159.078,1.0,530.087,3.3322,19
5128,8192,3072,0,base,233.666,1,1.0,0,233.666,0,233.666,1.0,676.916,2.8969,19
5129,3072,6144,0,base,158.87,1,1.0,0,158.87,0,158.87,1.0,528.826,3.3287,19
5129,8192,3072,0,base,228.555,1,1.0,0,228.555,0,228.555,1.0,676.008,2.9578,19
5136,3072,6144,0,base,161.326,1,1.0,0,161.326,0,161.326,1.0,526.974,3.2665,19
5136,8192,3072,0,base,229.155,1,1.0,0,229.155,0,229.155,1.0,676.228,2.951,19
5137,3072,6144,0,base,160.366,1,1.0,0,160.366,0,160.366,1.0,528.574,3.2961,19
5137,8192,3072,0,base,233.227,1,1.0,0,233.227,0,233.227,1.0,673.392,2.8873,19
5139,3072,6144,0,base,158.73,1,1.0,0,158.73,0,158.73,1.0,528.346,3.3286,19
5139,8192,3072,0,base,226.595,1,1.0,0,226.595,0,226.595,1.0,676.364,2.9849,19
5142,3072,6144,0,base,158.098,1,1.0,0,158.098,0,158.098,1.0,532.114,3.3657,19
5142,8192,3072,0,base,227.035,1,1.0,0,227.035,0,227.035,1.0,675.508,2.9754,19
5144,3072,6144,0,base,162.442,1,1.0,0,162.442,0,162.442,1.0,533.134,3.282,19
5144,8192,3072,0,base,230.435,1,1.0,0,230.435,0,230.435,1.0,675.692,2.9322,19
5147,2048,3072,0,base,72.209,1,1.0,0,72.209,0,72.209,1.0,184.418,2.554,19
5153,3072,6144,0,base,158.246,1,1.0,0,158.246,0,158.246,1.0,529.69,3.3473,19
5153,8192,3072,0,base,226.667,1,1.0,0,226.667,0,226.667,1.0,677.124,2.9873,19
5157,3072,6144,0,base,157.474,1,1.0,0,157.474,0,157.474,1.0,530.03,3.3658,19
5157,8192,3072,0,base,235.615,1,1.0,0,235.615,0,235.615,1.0,677.984,2.8775,19
5158,3072,3072,0,base,92.801,1,1.0,0,92.801,0,92.801,1.0,277.671,2.9921,19
5158,3072,6144,0,base,162.218,1,1.0,0,162.218,0,162.218,1.0,531.038,3.2736,19
5158,4096,3072,0,base,129.922,1,1.0,0,129.922,0,129.922,1.0,356.676,2.7453,19
5158,8192,3072,0,base,229.803,1,1.0,0,229.803,0,229.803,1.0,676.636,2.9444,19
5159,2048,3072,0,base,71.513,1,1.0,0,71.513,0,71.513,1.0,185.442,2.5931,19
5159,3072,6144,0,base,159.958,1,1.0,0,159.958,0,159.958,1.0,530.682,3.3176,19
5159,8192,3072,0,base,231.819,1,1.0,0,231.819,0,231.819,1.0,675.432,2.9136,19
5160,3072,6144,0,base,159.29,1,1.0,0,159.29,0,159.29,1.0,530.35,3.3295,19
5160,8192,3072,0,base,229.943,1,1.0,0,229.943,0,229.943,1.0,675.0,2.9355,19
5161,3072,6144,0,base,158.154,1,1.0,0,158.154,0,158.154,1.0,529.542,3.3483,19
5161,8192,3072,0,base,228.89,1,1.0,0,228.89,0,228.89,1.0,675.784,2.9524,19
5165,3072,6144,0,base,160.082,1,1.0,0,160.082,0,160.082,1.0,529.951,3.3105,19
5165,8192,3072,0,base,235.139,1,1.0,0,235.139,0,235.139,1.0,676.556,2.8773,19
5168,3072,6144,0,base,160.386,1,1.0,0,160.386,0,160.386,1.0,526.99,3.2858,19
5168,8192,3072,0,base,228.563,1,1.0,0,228.563,0,228.563,1.0,675.844,2.9569,19
5174,3072,6144,0,base,160.478,1,1.0,0,160.478,0,160.478,1.0,529.554,3.2999,19
5174,8192,3072,0,base,227.951,1,1.0,0,227.951,0,227.951,1.0,677.472,2.972,19
5180,3072,6144,0,base,159.586,1,1.0,0,159.586,0,159.586,1.0,528.502,3.3117,19
5180,8192,3072,0,base,225.771,1,1.0,0,225.771,0,225.771,1.0,675.464,2.9918,19
5182,3072,6144,0,base,159.646,1,1.0,0,159.646,0,159.646,1.0,529.242,3.3151,19
5182,8192,3072,0,base,226.723,1,1.0,0,226.723,0,226.723,1.0,675.58,2.9798,19
5184,3072,6144,0,base,162.782,1,1.0,0,162.782,0,162.782,1.0,527.086,3.238,19
5184,8192,3072,0,base,225.591,1,1.0,0,225.591,0,225.591,1.0,678.168,3.0062,19
5186,3072,3072,0,base,90.797,1,1.0,0,90.797,0,90.797,1.0,275.052,3.0293,19
5186,4096,3072,0,base,127.854,1,1.0,0,127.854,0,127.854,1.0,358.092,2.8008,19
5187,3072,3072,0,base,91.105,1,1.0,0,91.105,0,91.105,1.0,276.747,3.0377,19
5187,4096,3072,0,base,128.01,1,1.0,0,128.01,0,128.01,1.0,360.428,2.8156,19
5188,3072,6144,0,base,158.558,1,1.0,0,158.558,0,158.558,1.0,530.138,3.3435,19
5188,8192,3072,0,base,229.315,1,1.0,0,229.315,0,229.315,1.0,683.776,2.9818,19
5189,3072,6144,0,base,158.01,1,1.0,0,158.01,0,158.01,1.0,533.183,3.3744,19
5189,8192,3072,0,base,229.267,1,1.0,0,229.267,0,229.267,1.0,683.992,2.9834,19
5190,3072,6144,0,base,159.794,1,1.0,0,159.794,0,159.794,1.0,529.638,3.3145,19
5190,8192,3072,0,base,226.967,1,1.0,0,226.967,0,226.967,1.0,687.064,3.0272,19
5191,2048,3072,0,base,72.761,1,1.0,0,72.761,0,72.761,1.0,187.298,2.5742,19
5191,3072,6144,0,base,162.474,1,1.0,0,162.474,0,162.474,1.0,534.174,3.2878,19
5191,8192,3072,0,base,227.806,1,1.0,0,227.806,0,227.806,1.0,683.292,2.9994,19
5192,3072,6144,0,base,158.034,1,1.0,0,158.034,0,158.034,1.0,529.938,3.3533,19
5192,8192,3072,0,base,228.935,1,1.0,0,228.935,0,228.935,1.0,684.868,2.9915,19
5193,3072,6144,0,base,161.478,1,1.0,0,161.478,0,161.478,1.0,532.606,3.2983,19
5193,8192,3072,0,base,232.927,1,1.0,0,232.927,0,232.927,1.0,685.672,2.9437,19
5194,3072,6144,0,base,156.137,1,1.0,0,156.137,0,156.137,1.0,529.627,3.3921,19
5194,8192,3072,0,base,227.103,1,1.0,0,227.103,0,227.103,1.0,685.024,3.0164,19
5195,3072,6144,0,base,160.37,1,1.0,0,160.37,0,160.37,1.0,529.022,3.2988,19
5195,8192,3072,0,base,227.375,1,1.0,0,227.375,0,227.375,1.0,682.68,3.0024,19
5202,2048,3072,0,base,71.501,1,1.0,0,71.501,0,71.501,1.0,184.306,2.5777,19
5202,3072,3072,0,base,91.545,1,1.0,0,91.545,0,91.545,1.0,268.987,2.9383,19
5202,4096,3072,0,base,128.913,1,1.0,0,128.913,0,128.913,1.0,360.48,2.7963,19
5206,3072,6144,0,base,157.45,1,1.0,0,157.45,0,157.45,1.0,530.402,3.3687,19
5206,8192,3072,0,base,227.998,1,1.0,0,227.998,0,227.998,1.0,684.66,3.0029,19
5212,3072,6144,0,base,160.986,1,1.0,0,160.986,0,160.986,1.0,533.007,3.3109,19
5212,8192,3072,0,base,228.891,1,1.0,0,228.891,0,228.891,1.0,684.912,2.9923,19
5214,3072,3072,0,base,92.565,1,1.0,0,92.565,0,92.565,1.0,274.723,2.9679,19
5214,4096,3072,0,base,129.246,1,1.0,0,129.246,0,129.246,1.0,360.072,2.786,19
5216,3072,3072,0,base,90.209,1,1.0,0,90.209,0,90.209,1.0,275.483,3.0538,19
5216,3072,6144,0,base,161.278,1,1.0,0,161.278,0,161.278,1.0,526.758,3.2662,19
5216,4096,3072,0,base,127.91,1,1.0,0,127.91,0,127.91,1.0,360.932,2.8218,19
5216,8192,3072,0,base,224.354,1,1.0,0,224.354,0,224.354,1.0,687.892,3.0661,19
5217,3072,6144,0,base,157.782,1,1.0,0,157.782,0,157.782,1.0,527.146,3.341,19
5217,8192,3072,0,base,230.143,1,1.0,0,230.143,0,230.143,1.0,683.768,2.9711,19
5218,3072,6144,0,base,160.118,1,1.0,0,160.118,0,160.118,1.0,528.594,3.3013,19
5218,8192,3072,0,base,233.079,1,1.0,0,233.079,0,233.079,1.0,685.528,2.9412,19
5219,3072,3072,0,base,91.845,1,1.0,0,91.845,0,91.845,1.0,275.095,2.9952,19
5219,3072,6144,0,base,158.666,1,1.0,0,158.666,0,158.666,1.0,529.658,3.3382,19
5219,4096,3072,0,base,128.01,1,1.0,0,128.01,0,128.01,1.0,360.841,2.8189,19
5219,8192,3072,0,base,231.483,1,1.0,0,231.483,0,231.483,1.0,685.86,2.9629,19
5221,3072,6144,0,base,160.214,1,1.0,0,160.214,0,160.214,1.0,530.354,3.3103,19
5221,8192,3072,0,base,231.399,1,1.0,0,231.399,0,231.399,1.0,685.836,2.9639,19
5226,3072,6144,0,base,160.354,1,1.0,0,160.354,0,160.354,1.0,530.15,3.3061,19
5226,8192,3072,0,base,229.819,1,1.0,0,229.819,0,229.819,1.0,683.916,2.9759,19
5230,2048,3072,0,base,73.993,1,1.0,0,73.993,0,73.993,1.0,184.374,2.4918,19
5231,3072,6144,0,base,160.106,1,1.0,0,160.106,0,160.106,1.0,530.05,3.3106,19
5231,8192,3072,0,base,227.163,1,1.0,0,227.163,0,227.163,1.0,683.688,3.0097,19
5232,3072,6144,0,base,159.822,1,1.0,0,159.822,0,159.822,1.0,527.326,3.2995,19
5232,8192,3072,0,base,232.007,1,1.0,0,232.007,0,232.007,1.0,685.5,2.9547,19
5233,3072,6144,0,base,159.898,1,1.0,0,159.898,0,159.898,1.0,529.974,3.3145,19
5233,8192,3072,0,base,230.863,1,1.0,0,230.863,0,230.863,1.0,685.456,2.9691,19
5235,2048,3072,0,base,71.696,1,1.0,0,71.696,0,71.696,1.0,185.65,2.5894,19
5235,3072,6144,0,base,159.046,1,1.0,0,159.046,0,159.046,1.0,530.115,3.3331,19
5235,8192,3072,0,base,233.335,1,1.0,0,233.335,0,233.335,1.0,686.376,2.9416,19
5236,3072,3072,0,base,92.829,1,1.0,0,92.829,0,92.829,1.0,273.383,2.945,19
5236,3072,6144,0,base,159.694,1,1.0,0,159.694,0,159.694,1.0,528.922,3.3121,19
5236,4096,3072,0,base,129.078,1,1.0,0,129.078,0,129.078,1.0,356.968,2.7655,19
5236,8192,3072,0,base,230.671,1,1.0,0,230.671,0,230.671,1.0,684.4,2.967,19
5237,2048,3072,0,base,71.833,1,1.0,0,71.833,0,71.833,1.0,185.27,2.5792,19
5237,3072,6144,0,base,158.734,1,1.0,0,158.734,0,158.734,1.0,529.366,3.3349,19
5237,8192,3072,0,base,232.591,1,1.0,0,232.591,0,232.591,1.0,687.632,2.9564,19
5238,3072,6144,0,base,161.97,1,1.0,0,161.97,0,161.97,1.0,529.843,3.2712,19
5238,8192,3072,0,base,226.327,1,1.0,0,226.327,0,226.327,1.0,686.788,3.0345,19
5239,3072,6144,0,base,161.11,1,1.0,0,161.11,0,161.11,1.0,531.05,3.2962,19
5239,8192,3072,0,base,229.559,1,1.0,0,229.559,0,229.559,1.0,685.696,2.987,19
5240,3072,3072,0,base,91.997,1,1.0,0,91.997,0,91.997,1.0,275.819,2.9981,19
5240,3072,6144,0,base,161.51,1,1.0,0,161.51,0,161.51,1.0,531.066,3.2881,19
5240,4096,3072,0,base,129.989,1,1.0,0,129.989,0,129.989,1.0,360.584,2.774,19
5240,8192,3072,0,base,225.187,1,1.0,0,225.187,0,225.187,1.0,685.812,3.0455,19
5241,3072,6144,0,base,160.758,1,1.0,0,160.758,0,160.758,1.0,529.85,3.296,19
5241,8192,3072,0,base,229.915,1,1.0,0,229.915,0,229.915,1.0,687.908,2.992,19
5242,3072,3072,0,base,94.373,1,1.0,0,94.373,0,94.373,1.0,275.928,2.9238,19
5242,3072,6144,0,base,161.686,1,1.0,0,161.686,0,161.686,1.0,530.074,3.2784,19
5242,4096,3072,0,base,129.866,1,1.0,0,129.866,0,129.866,1.0,363.468,2.7988,19
5242,8192,3072,0,base,235.327,1,1.0,0,235.327,0,235.327,1.0,685.816,2.9143,19
5243,3072,6144,0,base,161.058,1,1.0,0,161.058,0,161.058,1.0,530.626,3.2946,19
5243,8192,3072,0,base,229.771,1,1.0,0,229.771,0,229.771,1.0,687.516,2.9922,19
5244,3072,6144,0,base,162.322,1,1.0,0,162.322,0,162.322,1.0,532.082,3.2779,19
5244,8192,3072,0,base,228.883,1,1.0,0,228.883,0,228.883,1.0,684.952,2.9926,19
5246,3072,3072,0,base,92.849,1,1.0,0,92.849,0,92.849,1.0,273.255,2.943,19
5246,3072,6144,0,base,162.298,1,1.0,0,162.298,0,162.298,1.0,533.63,3.288,19
5246,4096,3072,0,base,129.362,1,1.0,0,129.362,0,129.362,1.0,357.288,2.7619,19
5246,8192,3072,0,base,230.147,1,1.0,0,230.147,0,230.147,1.0,684.92,2.976,19
5247,3072,6144,0,base,162.658,1,1.0,0,162.658,0,162.658,1.0,529.018,3.2523,19
5247,8192,3072,0,base,229.031,1,1.0,0,229.031,0,229.031,1.0,684.388,2.9882,19
5248,2048,3072,0,base,70.729,1,1.0,0,70.729,0,70.729,1.0,184.246,2.605,19
5248,3072,3072,0,base,88.057,1,1.0,0,88.057,0,88.057,1.0,283.675,3.2215,19
5248,3072,6144,0,base,154.654,1,1.0,0,154.654,0,154.654,1.0,527.502,3.4109,19
5248,4096,3072,0,base,125.685,1,1.0,0,125.685,0,125.685,1.0,352.236,2.8025,19
5248,8192,3072,0,base,223.779,1,1.0,0,223.779,0,223.779,1.0,689.124,3.0795,19
5249,2048,3072,0,base,71.417,1,1.0,0,71.417,0,71.417,1.0,185.43,2.5964,19
5249,3072,6144,0,base,163.086,1,1.0,0,163.086,0,163.086,1.0,529.063,3.2441,19
5249,8192,3072,0,base,232.839,1,1.0,0,232.839,0,232.839,1.0,690.896,2.9673,19
5251,2048,3072,0,base,70.029,1,1.0,0,70.029,0,70.029,1.0,185.298,2.646,19
5251,3072,3072,0,base,93.241,1,1.0,0,93.241,0,93.241,1.0,276.16,2.9618,19
5251,3072,6144,0,base,161.154,1,1.0,0,161.154,0,161.154,1.0,529.683,3.2868,19
5251,4096,3072,0,base,129.434,1,1.0,0,129.434,0,129.434,1.0,362.44,2.8002,19
5251,8192,3072,0,base,238.631,1,1.0,0,238.631,0,238.631,1.0,692.208,2.9008,19
5252,3072,3072,0,base,91.181,1,1.0,0,91.181,0,91.181,1.0,276.447,3.0318,19
5252,3072,6144,0,base,161.03,1,1.0,0,161.03,0,161.03,1.0,531.118,3.2983,19
5252,4096,3072,0,base,129.473,1,1.0,0,129.473,0,129.473,1.0,367.984,2.8422,19
5252,8192,3072,0,base,226.838,1,1.0,0,226.838,0,226.838,1.0,692.828,3.0543,19
5253,3072,3072,0,base,91.425,1,1.0,0,91.425,0,91.425,1.0,271.499,2.9696,19
5253,4096,3072,0,base,128.51,1,1.0,0,128.51,0,128.51,1.0,365.352,2.843,19
5255,2048,3072,0,base,70.929,1,1.0,0,70.929,0,70.929,1.0,185.714,2.6183,19
5255,3072,3072,0,base,92.341,1,1.0,0,92.341,0,92.341,1.0,281.663,3.0502,19
5255,4096,3072,0,base,127.41,1,1.0,0,127.41,0,127.41,1.0,369.076,2.8968,19
5257,3072,3072,0,base,91.397,1,1.0,0,91.397,0,91.397,1.0,282.055,3.086,19
5257,4096,3072,0,base,128.294,1,1.0,0,128.294,0,128.294,1.0,366.892,2.8598,19
5258,2048,3072,0,base,70.537,1,1.0,0,70.537,0,70.537,1.0,186.126,2.6387,19
5259,3072,3072,0,base,91.369,1,1.0,0,91.369,0,91.369,1.0,282.051,3.0869,19
5259,4096,3072,0,base,128.358,1,1.0,0,128.358,0,128.358,1.0,365.64,2.8486,19
5261,2048,3072,0,base,70.817,1,1.0,0,70.817,0,70.817,1.0,188.174,2.6572,19
5261,3072,3072,0,base,90.901,1,1.0,0,90.901,0,90.901,1.0,276.075,3.0371,19
5261,4096,3072,0,base,128.053,1,1.0,0,128.053,0,128.053,1.0,369.98,2.8893,19
5262,3072,3072,0,base,92.109,1,1.0,0,92.109,0,92.109,1.0,280.187,3.0419,19
5262,4096,3072,0,base,128.257,1,1.0,0,128.257,0,128.257,1.0,369.828,2.8835,19
5264,3072,3072,0,base,90.853,1,1.0,0,90.853,0,90.853,1.0,276.387,3.0421,19
5264,4096,3072,0,base,127.83,1,1.0,0,127.83,0,127.83,1.0,364.924,2.8548,19
5266,2048,3072,0,base,71.413,1,1.0,0,71.413,0,71.413,1.0,187.534,2.6261,19
5269,3072,3072,0,base,92.057,1,1.0,0,92.057,0,92.057,1.0,283.131,3.0756,19
5269,4096,3072,0,base,128.226,1,1.0,0,128.226,0,128.226,1.0,368.964,2.8775,19
5270,3072,3072,0,base,91.761,1,1.0,0,91.761,0,91.761,1.0,277.264,3.0216,19
5270,4096,3072,0,base,128.262,1,1.0,0,128.262,0,128.262,1.0,369.176,2.8783,19
5271,3072,3072,0,base,92.169,1,1.0,0,92.169,0,92.169,1.0,282.951,3.0699,19
5271,4096,3072,0,base,128.326,1,1.0,0,128.326,0,128.326,1.0,369.176,2.8769,19
5272,3072,3072,0,base,90.669,1,1.0,0,90.669,0,90.669,1.0,278.359,3.0701,19
5272,4096,3072,0,base,127.878,1,1.0,0,127.878,0,127.878,1.0,368.624,2.8826,19
5273,3072,3072,0,base,91.569,1,1.0,0,91.569,0,91.569,1.0,276.171,3.016,19
5273,4096,3072,0,base,127.689,1,1.0,0,127.689,0,127.689,1.0,371.624,2.9104,19
5274,3072,3072,0,base,92.189,1,1.0,0,92.189,0,92.189,1.0,275.891,2.9927,19
5274,4096,3072,0,base,127.482,1,1.0,0,127.482,0,127.482,1.0,368.96,2.8942,19
5275,3072,3072,0,base,92.137,1,1.0,0,92.137,0,92.137,1.0,281.724,3.0577,19
5275,4096,3072,0,base,128.554,1,1.0,0,128.554,0,128.554,1.0,373.148,2.9027,19
5277,3072,3072,0,base,91.993,1,1.0,0,91.993,0,91.993,1.0,275.971,2.9999,19
5277,4096,3072,0,base,127.973,1,1.0,0,127.973,0,127.973,1.0,368.009,2.8757,19
5278,3072,3072,0,base,92.629,1,1.0,0,92.629,0,92.629,1.0,283.483,3.0604,19
5278,4096,3072,0,base,127.693,1,1.0,0,127.693,0,127.693,1.0,369.752,2.8956,19
5282,3072,3072,0,base,91.765,1,1.0,0,91.765,0,91.765,1.0,282.423,3.0777,19
5282,4096,3072,0,base,128.602,1,1.0,0,128.602,0,128.602,1.0,367.712,2.8593,19
5283,3072,3072,0,base,91.973,1,1.0,0,91.973,0,91.973,1.0,282.711,3.0739,19
5283,4096,3072,0,base,128.242,1,1.0,0,128.242,0,128.242,1.0,369.476,2.8811,19
5284,3072,3072,0,base,91.649,1,1.0,0,91.649,0,91.649,1.0,283.167,3.0897,19
5284,4096,3072,0,base,128.462,1,1.0,0,128.462,0,128.462,1.0,368.136,2.8657,19
5285,2048,3072,0,base,71.005,1,1.0,0,71.005,0,71.005,1.0,188.19,2.6504,19
5285,3072,3072,0,base,92.069,1,1.0,0,92.069,0,92.069,1.0,284.967,3.0951,19
5285,4096,3072,0,base,128.762,1,1.0,0,128.762,0,128.762,1.0,370.036,2.8738,19
5286,3072,3072,0,base,90.909,1,1.0,0,90.909,0,90.909,1.0,282.547,3.108,19
5286,4096,3072,0,base,128.265,1,1.0,0,128.265,0,128.265,1.0,369.708,2.8824,19
5287,3072,3072,0,base,90.849,1,1.0,0,90.849,0,90.849,1.0,282.859,3.1135,19
5287,4096,3072,0,base,128.445,1,1.0,0,128.445,0,128.445,1.0,369.532,2.877,19
5288,3072,3072,0,base,92.065,1,1.0,0,92.065,0,92.065,1.0,279.727,3.0384,19
5288,4096,3072,0,base,131.614,1,1.0,0,131.614,0,131.614,1.0,364.496,2.7694,19
5289,3072,3072,0,base,90.129,1,1.0,0,90.129,0,90.129,1.0,282.608,3.1356,19
5289,4096,3072,0,base,128.83,1,1.0,0,128.83,0,128.83,1.0,371.092,2.8805,19
5295,2048,3072,0,base,70.129,1,1.0,0,70.129,0,70.129,1.0,185.81,2.6495,19
5297,3072,3072,0,base,90.685,1,1.0,0,90.685,0,90.685,1.0,282.907,3.1197,19
5297,4096,3072,0,base,128.642,1,1.0,0,128.642,0,128.642,1.0,369.004,2.8685,19
5298,3072,3072,0,base,90.097,1,1.0,0,90.097,0,90.097,1.0,283.723,3.1491,19
5298,4096,3072,0,base,128.513,1,1.0,0,128.513,0,128.513,1.0,368.036,2.8638,19
5301,3072,3072,0,base,91.489,1,1.0,0,91.489,0,91.489,1.0,282.995,3.0932,19
5301,4096,3072,0,base,128.597,1,1.0,0,128.597,0,128.597,1.0,370.712,2.8827,19
5303,3072,3072,0,base,90.741,1,1.0,0,90.741,0,90.741,1.0,276.815,3.0506,19
5303,4096,3072,0,base,128.482,1,1.0,0,128.482,0,128.482,1.0,368.372,2.8671,19
5307,3072,3072,0,base,91.217,1,1.0,0,91.217,0,91.217,1.0,287.288,3.1495,19
5307,4096,3072,0,base,128.134,1,1.0,0,128.134,0,128.134,1.0,366.288,2.8586,19
5311,3072,3072,0,base,91.865,1,1.0,0,91.865,0,91.865,1.0,283.111,3.0818,19
5311,4096,3072,0,base,128.246,1,1.0,0,128.246,0,128.246,1.0,368.6,2.8742,19
5312,3072,3072,0,base,91.173,1,1.0,0,91.173,0,91.173,1.0,282.871,3.1026,19
5312,4096,3072,0,base,127.686,1,1.0,0,127.686,0,127.686,1.0,364.884,2.8577,19
5313,3072,3072,0,base,89.545,1,1.0,0,89.545,0,89.545,1.0,284.095,3.1727,19
5313,4096,3072,0,base,128.941,1,1.0,0,128.941,0,128.941,1.0,367.896,2.8532,19
5314,3072,3072,0,base,91.105,1,1.0,0,91.105,0,91.105,1.0,285.9,3.1381,19
5314,4096,3072,0,base,128.405,1,1.0,0,128.405,0,128.405,1.0,370.184,2.8829,19
5316,3072,3072,0,base,91.525,1,1.0,0,91.525,0,91.525,1.0,284.567,3.1092,19
5316,4096,3072,0,base,127.89,1,1.0,0,127.89,0,127.89,1.0,369.332,2.8879,19
5320,3072,3072,0,base,90.609,1,1.0,0,90.609,0,90.609,1.0,284.087,3.1353,19
5320,4096,3072,0,base,128.757,1,1.0,0,128.757,0,128.757,1.0,369.14,2.8669,19
5321,3072,3072,0,base,91.897,1,1.0,0,91.897,0,91.897,1.0,283.607,3.0861,19
5321,4096,3072,0,base,128.457,1,1.0,0,128.457,0,128.457,1.0,367.092,2.8577,19
5324,3072,3072,0,base,90.469,1,1.0,0,90.469,0,90.469,1.0,284.379,3.1434,19
5324,4096,3072,0,base,127.617,1,1.0,0,127.617,0,127.617,1.0,365.704,2.8656,19
5325,3072,6144,0,base,159.338,1,1.0,0,159.338,0,159.338,1.0,548.759,3.444,19
5325,8192,3072,0,base,230.363,1,1.0,0,230.363,0,230.363,1.0,699.708,3.0374,19
5327,3072,3072,0,base,95.165,1,1.0,0,95.165,0,95.165,1.0,286.423,3.0097,19
5327,4096,3072,0,base,128.809,1,1.0,0,128.809,0,128.809,1.0,368.66,2.8621,19
5328,3072,3072,0,base,90.641,1,1.0,0,90.641,0,90.641,1.0,280.451,3.0941,19
5328,4096,3072,0,base,128.198,1,1.0,0,128.198,0,128.198,1.0,366.78,2.8611,19
5330,3072,3072,0,base,90.817,1,1.0,0,90.817,0,90.817,1.0,282.247,3.1079,19
5330,4096,3072,0,base,129.489,1,1.0,0,129.489,0,129.489,1.0,369.569,2.854,19
5331,3072,6144,0,base,160.738,1,1.0,0,160.738,0,160.738,1.0,547.571,3.4066,19
5331,8192,3072,0,base,232.419,1,1.0,0,232.419,0,232.419,1.0,699.628,3.0102,19
5332,3072,3072,0,base,93.605,1,1.0,0,93.605,0,93.605,1.0,286.883,3.0648,19
5332,3072,6144,0,base,159.346,1,1.0,0,159.346,0,159.346,1.0,546.743,3.4312,19
5332,4096,3072,0,base,130.982,1,1.0,0,130.982,0,130.982,1.0,364.973,2.7864,19
5332,8192,3072,0,base,235.347,1,1.0,0,235.347,0,235.347,1.0,698.876,2.9696,19
5333,3072,6144,0,base,158.318,1,1.0,0,158.318,0,158.318,1.0,546.499,3.4519,19
5333,8192,3072,0,base,231.139,1,1.0,0,231.139,0,231.139,1.0,698.756,3.0231,19
5335,3072,3072,0,base,93.729,1,1.0,0,93.729,0,93.729,1.0,281.707,3.0055,19
5335,4096,3072,0,base,128.438,1,1.0,0,128.438,0,128.438,1.0,367.628,2.8623,19
5336,3072,3072,0,base,92.365,1,1.0,0,92.365,0,92.365,1.0,281.895,3.052,19
5336,4096,3072,0,base,127.586,1,1.0,0,127.586,0,127.586,1.0,364.888,2.8599,19
5337,3072,3072,0,base,92.173,1,1.0,0,92.173,0,92.173,1.0,284.815,3.09,19
5337,4096,3072,0,base,128.105,1,1.0,0,128.105,0,128.105,1.0,365.544,2.8535,19
5338,3072,3072,0,base,91.717,1,1.0,0,91.717,0,91.717,1.0,278.631,3.0379,19
5338,4096,3072,0,base,127.465,1,1.0,0,127.465,0,127.465,1.0,365.304,2.8659,19
5339,3072,3072,0,base,91.921,1,1.0,0,91.921,0,91.921,1.0,282.383,3.072,19
5339,4096,3072,0,base,127.881,1,1.0,0,127.881,0,127.881,1.0,363.9,2.8456,19
5340,3072,3072,0,base,93.217,1,1.0,0,93.217,0,93.217,1.0,288.504,3.095,19
5340,4096,3072,0,base,128.485,1,1.0,0,128.485,0,128.485,1.0,367.136,2.8574,19
5341,3072,3072,0,base,90.661,1,1.0,0,90.661,0,90.661,1.0,284.255,3.1354,19
5341,4096,3072,0,base,128.386,1,1.0,0,128.386,0,128.386,1.0,365.052,2.8434,19
5342,2048,3072,0,base,70.321,1,1.0,0,70.321,0,70.321,1.0,186.174,2.6475,19
5345,3072,3072,0,base,92.177,1,1.0,0,92.177,0,92.177,1.0,284.175,3.0829,19
5345,4096,3072,0,base,128.622,1,1.0,0,128.622,0,128.622,1.0,365.544,2.842,19
5346,3072,3072,0,base,92.241,1,1.0,0,92.241,0,92.241,1.0,283.211,3.0703,19
5346,4096,3072,0,base,127.994,1,1.0,0,127.994,0,127.994,1.0,369.316,2.8854,19
5347,3072,3072,0,base,90.561,1,1.0,0,90.561,0,90.561,1.0,283.872,3.1346,19
5347,4096,3072,0,base,127.609,1,1.0,0,127.609,0,127.609,1.0,364.7,2.8579,19
5349,3072,3072,0,base,90.981,1,1.0,0,90.981,0,90.981,1.0,278.947,3.066,19
5349,4096,3072,0,base,127.853,1,1.0,0,127.853,0,127.853,1.0,366.16,2.8639,19
5350,3072,6144,0,base,158.35,1,1.0,0,158.35,0,158.35,1.0,545.479,3.4448,19
5350,8192,3072,0,base,228.419,1,1.0,0,228.419,0,228.419,1.0,698.204,3.0567,19
5351,3072,6144,0,base,161.342,1,1.0,0,161.342,0,161.342,1.0,545.175,3.379,19
5351,8192,3072,0,base,243.767,1,1.0,0,243.767,0,243.767,1.0,698.688,2.8662,19
5352,3072,3072,0,base,94.645,1,1.0,0,94.645,0,94.645,1.0,287.535,3.038,19
5352,3072,6144,0,base,157.33,1,1.0,0,157.33,0,157.33,1.0,545.923,3.4699,19
5352,4096,3072,0,base,130.406,1,1.0,0,130.406,0,130.406,1.0,365.288,2.8012,19
5352,8192,3072,0,base,236.399,1,1.0,0,236.399,0,236.399,1.0,699.196,2.9577,19
5353,3072,3072,0,base,93.837,1,1.0,0,93.837,0,93.837,1.0,284.667,3.0336,19
5353,4096,3072,0,base,127.717,1,1.0,0,127.717,0,127.717,1.0,366.768,2.8717,19
5354,3072,3072,0,base,91.793,1,1.0,0,91.793,0,91.793,1.0,284.091,3.0949,19
5354,3072,6144,0,base,159.386,1,1.0,0,159.386,0,159.386,1.0,545.043,3.4196,19
5354,4096,3072,0,base,129.938,1,1.0,0,129.938,0,129.938,1.0,365.136,2.8101,19
5354,8192,3072,0,base,233.619,1,1.0,0,233.619,0,233.619,1.0,700.46,2.9983,19
5356,3072,6144,0,base,159.298,1,1.0,0,159.298,0,159.298,1.0,549.542,3.4498,19
5356,8192,3072,0,base,239.195,1,1.0,0,239.195,0,239.195,1.0,700.316,2.9278,19
5357,3072,3072,0,base,91.185,1,1.0,0,91.185,0,91.185,1.0,281.535,3.0875,19
5357,4096,3072,0,base,128.262,1,1.0,0,128.262,0,128.262,1.0,365.428,2.8491,19
5358,3072,3072,0,base,90.717,1,1.0,0,90.717,0,90.717,1.0,282.3,3.1119,19
5358,4096,3072,0,base,127.633,1,1.0,0,127.633,0,127.633,1.0,368.328,2.8858,19
5359,3072,3072,0,base,90.689,1,1.0,0,90.689,0,90.689,1.0,278.067,3.0662,19
5359,4096,3072,0,base,128.337,1,1.0,0,128.337,0,128.337,1.0,369.765,2.8812,19
5360,3072,3072,0,base,90.577,1,1.0,0,90.577,0,90.577,1.0,285.267,3.1494,19
5360,4096,3072,0,base,128.594,1,1.0,0,128.594,0,128.594,1.0,368.712,2.8673,19
5361,3072,3072,0,base,91.205,1,1.0,0,91.205,0,91.205,1.0,283.471,3.1081,19
5361,4096,3072,0,base,128.217,1,1.0,0,128.217,0,128.217,1.0,369.361,2.8807,19
5362,3072,3072,0,base,90.033,1,1.0,0,90.033,0,90.033,1.0,278.032,3.0881,19
5362,4096,3072,0,base,128.406,1,1.0,0,128.406,0,128.406,1.0,369.68,2.879,19
5364,3072,3072,0,base,91.457,1,1.0,0,91.457,0,91.457,1.0,284.239,3.1079,19
5364,4096,3072,0,base,128.521,1,1.0,0,128.521,0,128.521,1.0,368.672,2.8686,19
5365,3072,3072,0,base,90.857,1,1.0,0,90.857,0,90.857,1.0,278.259,3.0626,19
5365,4096,3072,0,base,127.742,1,1.0,0,127.742,0,127.742,1.0,369.957,2.8961,19
5366,3072,3072,0,base,90.521,1,1.0,0,90.521,0,90.521,1.0,286.751,3.1678,19
5366,3072,6144,0,base,158.958,1,1.0,0,158.958,0,158.958,1.0,544.115,3.423,19
5366,4096,3072,0,base,129.534,1,1.0,0,129.534,0,129.534,1.0,368.968,2.8484,19
5366,8192,3072,0,base,225.251,1,1.0,0,225.251,0,225.251,1.0,699.732,3.1065,19
5369,3072,3072,0,base,94.029,1,1.0,0,94.029,0,94.029,1.0,287.239,3.0548,19
5369,4096,3072,0,base,128.59,1,1.0,0,128.59,0,128.59,1.0,365.408,2.8417,19
5371,2048,3072,0,base,70.321,1,1.0,0,70.321,0,70.321,1.0,185.53,2.6383,19
5372,3072,3072,0,base,91.185,1,1.0,0,91.185,0,91.185,1.0,287.783,3.156,19
5372,4096,3072,0,base,128.09,1,1.0,0,128.09,0,128.09,1.0,366.605,2.8621,19
5373,3072,3072,0,base,91.469,1,1.0,0,91.469,0,91.469,1.0,283.476,3.0991,19
5373,3072,6144,0,base,160.766,1,1.0,0,160.766,0,160.766,1.0,545.863,3.3954,19
5373,4096,3072,0,base,130.41,1,1.0,0,130.41,0,130.41,1.0,368.992,2.8295,19
5373,8192,3072,0,base,228.407,1,1.0,0,228.407,0,228.407,1.0,699.072,3.0606,19
5374,3072,3072,0,base,92.277,1,1.0,0,92.277,0,92.277,1.0,283.939,3.077,19
5374,3072,6144,0,base,156.91,1,1.0,0,156.91,0,156.91,1.0,544.643,3.4711,19
5374,4096,3072,0,base,130.529,1,1.0,0,130.529,0,130.529,1.0,368.988,2.8269,19
5374,8192,3072,0,base,226.291,1,1.0,0,226.291,0,226.291,1.0,700.48,3.0955,19
5375,3072,6144,0,base,160.022,1,1.0,0,160.022,0,160.022,1.0,544.739,3.4042,19
5375,8192,3072,0,base,232.159,1,1.0,0,232.159,0,232.159,1.0,702.348,3.0253,19
5376,2048,3072,0,base,71.097,1,1.0,0,71.097,0,71.097,1.0,186.47,2.6228,19
5376,3072,3072,0,base,87.337,1,1.0,0,87.337,0,87.337,1.0,287.816,3.2955,19
5376,3072,6144,0,base,152.333,1,1.0,0,152.333,0,152.333,1.0,542.755,3.5629,19
5376,4096,3072,0,base,124.505,1,1.0,0,124.505,0,124.505,1.0,371.64,2.9849,19
5376,8192,3072,0,base,221.147,1,1.0,0,221.147,0,221.147,1.0,703.12,3.1794,19
5377,3072,3072,14,base,129.442,3,1.2381,2,104.549,14,129.442,1.2381,284.627,2.7224,19
5377,4096,3072,0,base,127.65,1,1.0,0,127.65,0,127.65,1.0,372.337,2.9169,19
5378,3072,6144,14,base,230.007,3,1.195,0,192.478,14,230.007,1.195,549.879,2.8568,19
5378,8192,3072,0,base,242.095,1,1.0,0,242.095,0,242.095,1.0,707.345,2.9218,19
5379,3072,3072,14,base,128.622,3,1.2325,2,104.361,14,128.622,1.2325,285.947,2.74,19
5379,3072,6144,14,base,229.647,3,1.2039,0,190.758,14,229.647,1.2039,547.211,2.8686,19
5379,4096,3072,0,base,129.082,1,1.0,0,129.082,0,129.082,1.0,377.293,2.9229,19
5379,8192,3072,0,base,238.595,1,1.0,0,238.595,0,238.595,1.0,707.033,2.9633,19
5380,3072,3072,14,base,128.989,3,1.2219,2,105.561,14,128.989,1.2219,281.819,2.6697,19
5380,3072,6144,14,base,228.311,3,1.1975,0,190.659,14,228.311,1.1975,545.967,2.8636,19
5380,4096,3072,0,base,129.47,1,1.0,0,129.47,0,129.47,1.0,372.06,2.8737,19
5380,8192,3072,0,base,236.455,1,1.0,0,236.455,0,236.455,1.0,706.736,2.9889,19
5382,3072,3072,14,base,129.177,3,1.2235,2,105.577,14,129.177,1.2235,290.539,2.7519,19
5382,4096,3072,0,base,129.073,1,1.0,0,129.073,0,129.073,1.0,373.408,2.893,19
5384,3072,3072,14,base,128.906,4,1.2162,2,105.993,14,128.906,1.2162,278.339,2.626,19
5384,4096,3072,0,base,127.862,1,1.0,0,127.862,0,127.862,1.0,372.74,2.9152,19
5385,3072,3072,14,base,129.51,4,1.2296,2,105.329,14,129.51,1.2296,278.691,2.6459,19
5385,4096,3072,0,base,128.009,1,1.0,0,128.009,0,128.009,1.0,371.981,2.9059,19
5386,3072,3072,14,base,130.522,3,1.2446,2,104.873,14,130.522,1.2446,284.991,2.7175,19
5386,4096,3072,0,base,129.042,1,1.0,0,129.042,0,129.042,1.0,377.569,2.9259,19
5389,3072,3072,14,base,129.678,4,1.2229,2,106.041,14,129.678,1.2229,286.671,2.7034,19
5389,4096,3072,0,base,128.958,1,1.0,0,128.958,0,128.958,1.0,376.849,2.9223,19
5390,3072,3072,14,base,129.05,4,1.2194,2,105.833,0,106.837,1.0095,280.548,2.6508,19
5390,4096,3072,0,base,128.078,1,1.0,0,128.078,0,128.078,1.0,371.916,2.9038,19
5391,3072,3072,14,base,129.646,3,1.2548,2,103.321,14,129.646,1.2548,284.159,2.7503,19
5391,4096,3072,0,base,128.422,1,1.0,0,128.422,0,128.422,1.0,373.205,2.9061,19
5395,3072,3072,14,base,129.746,4,1.24,2,104.637,14,129.746,1.24,286.668,2.7396,19
5395,4096,3072,0,base,129.566,1,1.0,0,129.566,0,129.566,1.0,372.84,2.8776,19
5396,2048,3072,0,base,70.389,1,1.0,0,70.389,0,70.389,1.0,192.726,2.738,19
5397,3072,3072,14,base,129.042,3,1.2292,2,104.977,14,129.042,1.2292,282.803,2.694,19
5397,4096,3072,0,base,128.889,1,1.0,0,128.889,0,128.889,1.0,373.081,2.8946,19
5398,3072,3072,14,base,128.91,4,1.2404,2,103.929,14,128.91,1.2404,282.519,2.7184,19
5398,4096,3072,0,base,128.078,1,1.0,0,128.078,0,128.078,1.0,376.181,2.9371,19
5399,3072,3072,14,base,129.95,4,1.2435,2,104.505,14,129.95,1.2435,284.283,2.7203,19
5399,4096,3072,0,base,128.758,1,1.0,0,128.758,0,128.758,1.0,372.356,2.8919,19
5402,3072,3072,14,base,129.45,3,1.2485,2,103.685,14,129.45,1.2485,283.747,2.7366,19
5402,3072,6144,14,base,229.015,3,1.2092,0,189.39,14,229.015,1.2092,546.07,2.8833,19
5402,4096,3072,0,base,131.597,1,1.0,0,131.597,0,131.597,1.0,374.525,2.846,19
5402,8192,3072,0,base,236.838,1,1.0,0,236.838,0,236.838,1.0,707.576,2.9876,19
5403,3072,3072,14,base,129.078,3,1.2306,2,104.893,14,129.078,1.2306,288.171,2.7473,19
5403,4096,3072,0,base,127.994,1,1.0,0,127.994,0,127.994,1.0,373.468,2.9179,19
5404,3072,3072,14,base,128.81,4,1.218,2,105.757,14,128.81,1.218,284.544,2.6905,19
5404,4096,3072,0,base,128.394,1,1.0,0,128.394,0,128.394,1.0,373.089,2.9058,19
5405,2048,3072,0,base,70.481,1,1.0,0,70.481,0,70.481,1.0,192.75,2.7348,19
5408,3072,3072,14,base,129.542,3,1.2203,2,106.153,14,129.542,1.2203,287.148,2.705,19
5408,4096,3072,0,base,128.197,1,1.0,0,128.197,0,128.197,1.0,373.381,2.9125,19
5409,3072,6144,14,base,232.015,3,1.236,0,187.718,14,232.015,1.236,548.551,2.9222,19
5409,8192,3072,0,base,234.943,1,1.0,0,234.943,0,234.943,1.0,708.973,3.0176,19
5410,3072,3072,14,base,130.134,3,1.235,2,105.369,14,130.134,1.235,291.708,2.7684,19
5410,4096,3072,0,base,128.446,1,1.0,0,128.446,0,128.446,1.0,371.748,2.8942,19
5411,3072,3072,14,base,129.694,3,1.2482,2,103.905,14,129.694,1.2482,285.019,2.7431,19
5411,4096,3072,0,base,128.978,1,1.0,0,128.978,0,128.978,1.0,372.856,2.8909,19
5414,3072,3072,14,base,129.718,4,1.2397,2,104.637,14,129.718,1.2397,279.019,2.6665,19
5414,4096,3072,0,base,128.846,1,1.0,0,128.846,0,128.846,1.0,370.617,2.8764,19
5416,3072,3072,14,base,128.882,4,1.2268,2,105.057,14,128.882,1.2268,277.871,2.6449,19
5416,4096,3072,0,base,128.198,1,1.0,0,128.198,0,128.198,1.0,372.324,2.9043,19
5418,2048,3072,0,base,70.665,1,1.0,0,70.665,0,70.665,1.0,192.71,2.7271,19
5418,3072,3072,14,base,128.718,3,1.2151,2,105.933,14,128.718,1.2151,284.319,2.6839,19
5418,4096,3072,0,base,129.25,1,1.0,0,129.25,0,129.25,1.0,373.04,2.8862,19
5419,3072,3072,14,base,129.866,4,1.2505,2,103.849,14,129.866,1.2505,285.075,2.7451,19
5419,4096,3072,0,base,128.705,1,1.0,0,128.705,0,128.705,1.0,375.988,2.9213,19
5422,3072,3072,14,base,128.974,3,1.2269,2,105.117,14,128.974,1.2269,283.371,2.6958,19
5422,4096,3072,0,base,129.038,1,1.0,0,129.038,0,129.038,1.0,372.757,2.8887,19
5423,3072,3072,14,base,128.393,4,1.2126,2,105.881,14,128.393,1.2126,283.723,2.6796,19
5423,4096,3072,0,base,128.87,1,1.0,0,128.87,0,128.87,1.0,372.796,2.8928,19
5426,3072,3072,14,base,129.282,3,1.2343,2,104.737,14,129.282,1.2343,281.855,2.6911,19
5426,3072,6144,14,base,232.003,3,1.2387,0,187.302,14,232.003,1.2387,547.491,2.923,19
5426,4096,3072,0,base,131.534,1,1.0,0,131.534,0,131.534,1.0,377.061,2.8666,19
5426,8192,3072,0,base,226.343,1,1.0,0,226.343,0,226.343,1.0,709.061,3.1327,19
5429,3072,3072,14,base,129.642,3,1.232,2,105.229,14,129.642,1.232,291.68,2.7718,19
5429,4096,3072,0,base,129.518,1,1.0,0,129.518,0,129.518,1.0,370.372,2.8596,19
5430,3072,3072,14,base,129.706,4,1.2353,2,105.001,14,129.706,1.2353,281.943,2.6851,19
5430,4096,3072,0,base,128.594,1,1.0,0,128.594,0,128.594,1.0,376.277,2.9261,19
5431,3072,3072,14,base,128.782,3,1.2435,2,103.561,14,128.782,1.2435,283.279,2.7354,19
5431,4096,3072,0,base,129.598,1,1.0,0,129.598,0,129.598,1.0,372.764,2.8763,19
5434,2048,3072,0,base,71.365,1,1.0,0,71.365,0,71.365,1.0,193.646,2.7135,19
5434,3072,6144,14,base,231.407,3,1.2186,0,189.898,14,231.407,1.2186,546.519,2.878,19
5434,8192,3072,0,base,231.682,1,1.0,0,231.682,0,231.682,1.0,708.797,3.0593,19
5436,3072,3072,14,base,129.734,3,1.2306,2,105.421,14,129.734,1.2306,289.207,2.7433,19
5436,3072,6144,14,base,231.026,3,1.2194,0,189.466,14,231.026,1.2194,549.215,2.8987,19
5436,4096,3072,0,base,130.454,1,1.0,0,130.454,0,130.454,1.0,373.869,2.8659,19
5436,8192,3072,0,base,240.715,1,1.0,0,240.715,0,240.715,1.0,709.817,2.9488,19
5437,3072,3072,14,base,129.969,3,1.2451,2,104.385,14,129.969,1.2451,288.839,2.7671,19
5437,4096,3072,0,base,128.67,1,1.0,0,128.67,0,128.67,1.0,369.517,2.8718,19
5438,3072,3072,14,base,129.293,3,1.2253,2,105.517,14,129.293,1.2253,288.535,2.7345,19
5438,4096,3072,0,base,128.437,1,1.0,0,128.437,0,128.437,1.0,373.256,2.9061,19
5439,3072,3072,14,base,129.538,4,1.2327,2,105.081,14,129.538,1.2327,285.359,2.7156,19
5439,4096,3072,0,base,127.257,1,1.0,0,127.257,0,127.257,1.0,373.877,2.938,19
5440,3072,6144,14,base,223.835,3,1.198,0,186.838,14,223.835,1.198,547.25,2.929,19
5440,8192,3072,0,base,230.934,1,1.0,0,230.934,0,230.934,1.0,713.561,3.0899,19
5442,3072,3072,0,base,109.277,1,1.0,0,109.277,0,109.277,1.0,290.255,2.6561,19
5442,4096,3072,0,base,128.237,1,1.0,0,128.237,0,128.237,1.0,373.529,2.9128,19
5443,3072,3072,0,base,108.089,1,1.0,0,108.089,0,108.089,1.0,288.047,2.6649,19
5443,4096,3072,0,base,128.326,1,1.0,0,128.326,0,128.326,1.0,372.645,2.9039,19
5444,3072,3072,0,base,108.781,1,1.0,0,108.781,0,108.781,1.0,283.799,2.6089,19
5444,4096,3072,0,base,128.242,1,1.0,0,128.242,0,128.242,1.0,373.488,2.9124,19
5445,3072,3072,0,base,108.865,1,1.0,0,108.865,0,108.865,1.0,290.192,2.6656,19
5445,4096,3072,0,base,128.409,1,1.0,0,128.409,0,128.409,1.0,375.005,2.9204,19
5446,3072,3072,0,base,107.937,1,1.0,0,107.937,0,107.937,1.0,287.776,2.6661,19
5446,4096,3072,0,base,129.289,1,1.0,0,129.289,0,129.289,1.0,377.677,2.9212,19
5449,3072,3072,0,base,107.937,1,1.0,0,107.937,0,107.937,1.0,285.136,2.6417,19
5449,4096,3072,0,base,128.834,1,1.0,0,128.834,0,128.834,1.0,379.661,2.9469,19
5450,3072,3072,0,base,107.465,1,1.0,0,107.465,0,107.465,1.0,284.315,2.6457,19
5450,4096,3072,0,base,129.446,1,1.0,0,129.446,0,129.446,1.0,377.129,2.9134,19
5452,3072,3072,0,base,107.825,1,1.0,0,107.825,0,107.825,1.0,288.831,2.6787,19
5452,4096,3072,0,base,128.033,1,1.0,0,128.033,0,128.033,1.0,373.66,2.9185,19
5455,2048,3072,0,base,70.997,1,1.0,0,70.997,0,70.997,1.0,194.014,2.7327,19
5456,3072,3072,0,base,107.701,1,1.0,0,107.701,0,107.701,1.0,284.619,2.6427,19
5456,4096,3072,0,base,128.97,1,1.0,0,128.97,0,128.97,1.0,377.853,2.9298,19
5458,3072,3072,0,base,107.337,1,1.0,0,107.337,0,107.337,1.0,291.095,2.712,19
5458,4096,3072,0,base,128.958,1,1.0,0,128.958,0,128.958,1.0,374.368,2.903,19
5459,2048,3072,0,base,70.733,1,1.0,0,70.733,0,70.733,1.0,193.294,2.7327,19
5459,3072,3072,0,base,108.461,1,1.0,0,108.461,0,108.461,1.0,289.951,2.6733,19
5459,4096,3072,0,base,128.654,1,1.0,0,128.654,0,128.654,1.0,376.785,2.9287,19
5460,3072,3072,0,base,106.809,1,1.0,0,106.809,0,106.809,1.0,289.927,2.7144,19
5460,4096,3072,0,base,129.238,1,1.0,0,129.238,0,129.238,1.0,377.273,2.9192,19
5462,3072,3072,0,base,107.441,1,1.0,0,107.441,0,107.441,1.0,290.119,2.7003,19
5462,4096,3072,0,base,130.114,1,1.0,0,130.114,0,130.114,1.0,376.037,2.8901,19
5463,3072,3072,0,base,107.91,1,1.0,0,107.91,0,107.91,1.0,292.368,2.7094,19
5463,4096,3072,0,base,128.414,1,1.0,0,128.414,0,128.414,1.0,374.889,2.9194,19
5466,3072,3072,0,base,109.145,1,1.0,0,109.145,0,109.145,1.0,294.496,2.6982,19
5466,4096,3072,0,base,128.322,1,1.0,0,128.322,0,128.322,1.0,369.92,2.8828,19
5472,3072,3072,0,base,108.609,1,1.0,0,108.609,0,108.609,1.0,293.996,2.7069,19
5472,4096,3072,0,base,128.565,1,1.0,0,128.565,0,128.565,1.0,377.472,2.936,19
5474,3072,3072,0,base,106.869,1,1.0,0,106.869,0,106.869,1.0,288.412,2.6987,19
5474,4096,3072,0,base,128.362,1,1.0,0,128.362,0,128.362,1.0,373.056,2.9063,19
5480,3072,3072,0,base,108.298,1,1.0,0,108.298,0,108.298,1.0,292.424,2.7002,19
5480,4096,3072,0,base,128.722,1,1.0,0,128.722,0,128.722,1.0,373.381,2.9007,19
5492,2048,3072,0,base,70.757,1,1.0,0,70.757,0,70.757,1.0,192.45,2.7199,19
5494,3072,6144,0,base,189.07,1,1.0,0,189.07,0,189.07,1.0,563.487,2.9803,19
5494,8192,3072,0,base,238.043,1,1.0,0,238.043,0,238.043,1.0,718.405,3.018,19
5495,3072,3072,0,base,111.421,1,1.0,0,111.421,0,111.421,1.0,294.892,2.6466,19
5495,4096,3072,0,base,128.833,1,1.0,0,128.833,0,128.833,1.0,369.524,2.8682,19
5498,2048,3072,0,base,70.641,1,1.0,0,70.641,0,70.641,1.0,195.154,2.7626,19
5502,3072,6144,0,base,190.694,1,1.0,0,190.694,0,190.694,1.0,562.495,2.9497,19
5502,8192,3072,0,base,233.275,1,1.0,0,233.275,0,233.275,1.0,719.013,3.0823,19
5504,2048,3072,0,base,70.365,1,1.0,0,70.365,0,70.365,1.0,198.142,2.8159,19
5504,3072,3072,0,base,104.777,1,1.0,0,104.777,0,104.777,1.0,289.823,2.7661,19
5504,3072,6144,0,base,181.19,1,1.0,0,181.19,0,181.19,1.0,561.058,3.0965,19
5504,4096,3072,0,base,125.054,1,1.0,0,125.054,0,125.054,1.0,374.384,2.9938,19
5504,8192,3072,0,base,227.986,1,1.0,0,227.986,0,227.986,1.0,721.717,3.1656,19
5505,2048,3072,0,base,70.817,1,1.0,0,70.817,0,70.817,1.0,196.71,2.7777,19
5506,3072,6144,0,base,189.43,1,1.0,0,189.43,0,189.43,1.0,561.603,2.9647,19
5506,8192,3072,0,base,230.707,1,1.0,0,230.707,0,230.707,1.0,725.016,3.1426,19
5507,3072,6144,0,base,190.266,1,1.0,0,190.266,0,190.266,1.0,561.918,2.9533,19
5507,8192,3072,0,base,233.831,1,1.0,0,233.831,0,233.831,1.0,722.701,3.0907,19
5508,3072,6144,0,base,188.622,1,1.0,0,188.622,0,188.622,1.0,560.671,2.9725,19
5508,8192,3072,0,base,238.815,1,1.0,0,238.815,0,238.815,1.0,725.701,3.0388,19
5509,2048,3072,0,base,72.693,1,1.0,0,72.693,0,72.693,1.0,197.106,2.7115,19
5509,3072,6144,0,base,192.27,1,1.0,0,192.27,0,192.27,1.0,564.311,2.935,19
5509,8192,3072,0,base,242.847,1,1.0,0,242.847,0,242.847,1.0,723.916,2.981,19
5510,3072,6144,0,base,189.678,1,1.0,0,189.678,0,189.678,1.0,564.207,2.9745,19
5510,8192,3072,0,base,233.247,1,1.0,0,233.247,0,233.247,1.0,725.009,3.1083,19
5511,2048,3072,0,base,73.149,1,1.0,0,73.149,0,73.149,1.0,198.471,2.7132,19
5511,3072,3072,0,base,109.641,1,1.0,0,109.641,0,109.641,1.0,293.944,2.681,19
5511,4096,3072,0,base,129.446,1,1.0,0,129.446,0,129.446,1.0,381.369,2.9462,19
5514,3072,3072,0,base,108.461,1,1.0,0,108.461,0,108.461,1.0,294.892,2.7189,19
5514,4096,3072,0,base,129.134,1,1.0,0,129.134,0,129.134,1.0,383.681,2.9712,19
5518,3072,3072,0,base,107.954,1,1.0,0,107.954,0,107.954,1.0,292.712,2.7115,19
5518,4096,3072,0,base,128.838,1,1.0,0,128.838,0,128.838,1.0,383.809,2.979,19
5521,2048,3072,0,base,70.997,1,1.0,0,70.997,0,70.997,1.0,193.959,2.7319,19
5533,3072,3072,0,base,107.893,1,1.0,0,107.893,0,107.893,1.0,290.827,2.6955,19
5533,4096,3072,0,base,129.502,1,1.0,0,129.502,0,129.502,1.0,385.505,2.9768,19
5538,2048,3072,0,base,70.249,1,1.0,0,70.249,0,70.249,1.0,193.146,2.7495,19
5542,2048,3072,0,base,71.305,1,1.0,0,71.305,0,71.305,1.0,194.015,2.7209,19
5546,2048,3072,0,base,71.669,1,1.0,0,71.669,0,71.669,1.0,200.198,2.7934,19
5551,3072,3072,0,base,108.518,1,1.0,0,108.518,0,108.518,1.0,295.76,2.7255,19
5551,4096,3072,0,base,128.426,1,1.0,0,128.426,0,128.426,1.0,384.373,2.993,19
5554,3072,3072,0,base,107.017,1,1.0,0,107.017,0,107.017,1.0,292.595,2.7341,19
5554,4096,3072,0,base,129.222,1,1.0,0,129.222,0,129.222,1.0,379.617,2.9377,19
5565,2048,3072,0,base,70.833,1,1.0,0,70.833,0,70.833,1.0,194.286,2.7429,19
5566,3072,3072,0,base,108.753,1,1.0,0,108.753,0,108.753,1.0,290.395,2.6702,19
5566,4096,3072,0,base,129.186,1,1.0,0,129.186,0,129.186,1.0,381.913,2.9563,19
5567,3072,3072,0,base,108.617,1,1.0,0,108.617,0,108.617,1.0,291.719,2.6858,19
5567,4096,3072,0,base,128.958,1,1.0,0,128.958,0,128.958,1.0,385.917,2.9926,19
5579,3072,3072,0,base,107.809,1,1.0,0,107.809,0,107.809,1.0,290.212,2.6919,19
5579,4096,3072,0,base,128.638,1,1.0,0,128.638,0,128.638,1.0,385.693,2.9983,19
5587,3072,3072,0,base,107.129,1,1.0,0,107.129,0,107.129,1.0,287.708,2.6856,19
5587,3072,6144,0,base,191.722,1,1.0,0,191.722,0,191.722,1.0,563.827,2.9409,19
5587,4096,3072,0,base,130.789,1,1.0,0,130.789,0,130.789,1.0,386.629,2.9561,19
5587,8192,3072,0,base,232.435,1,1.0,0,232.435,0,232.435,1.0,734.341,3.1593,19
5591,2048,3072,0,base,74.481,1,1.0,0,74.481,0,74.481,1.0,197.114,2.6465,19
5593,3072,3072,0,base,108.589,1,1.0,0,108.589,0,108.589,1.0,297.304,2.7379,19
5593,4096,3072,0,base,128.998,1,1.0,0,128.998,0,128.998,1.0,382.569,2.9657,19
5594,3072,3072,0,base,107.057,1,1.0,0,107.057,0,107.057,1.0,288.471,2.6946,19
5594,4096,3072,0,base,129.221,1,1.0,0,129.221,0,129.221,1.0,382.917,2.9633,19
5599,2048,3072,0,base,70.981,1,1.0,0,70.981,0,70.981,1.0,195.055,2.748,19
5606,3072,3072,0,base,109.417,1,1.0,0,109.417,0,109.417,1.0,293.42,2.6817,19
5606,4096,3072,0,base,128.017,1,1.0,0,128.017,0,128.017,1.0,382.269,2.9861,19
5609,2048,3072,0,base,70.445,1,1.0,0,70.445,0,70.445,1.0,194.478,2.7607,19
5610,3072,3072,0,base,109.845,1,1.0,0,109.845,0,109.845,1.0,297.72,2.7104,19
5610,4096,3072,0,base,128.618,1,1.0,0,128.618,0,128.618,1.0,381.349,2.965,19
5611,3072,3072,0,base,108.229,1,1.0,0,108.229,0,108.229,1.0,297.788,2.7515,19
5611,4096,3072,0,base,129.862,1,1.0,0,129.862,0,129.862,1.0,381.849,2.9404,19
5614,2048,3072,0,base,70.721,1,1.0,0,70.721,0,70.721,1.0,194.45,2.7495,19
5614,3072,3072,0,base,109.709,1,1.0,0,109.709,0,109.709,1.0,293.592,2.6761,19
5614,4096,3072,0,base,129.79,1,1.0,0,129.79,0,129.79,1.0,382.253,2.9452,19
5622,2048,3072,0,base,71.605,1,1.0,0,71.605,0,71.605,1.0,196.106,2.7387,19
5626,2048,3072,0,base,71.865,1,1.0,0,71.865,0,71.865,1.0,195.442,2.7196,19
5629,3072,3072,0,base,108.417,1,1.0,0,108.417,0,108.417,1.0,288.327,2.6594,19
5629,4096,3072,0,base,128.906,1,1.0,0,128.906,0,128.906,1.0,382.652,2.9685,19
5630,3072,3072,0,base,107.841,1,1.0,0,107.841,0,107.841,1.0,295.564,2.7407,19
5630,4096,3072,0,base,129.042,1,1.0,0,129.042,0,129.042,1.0,386.741,2.997,19
5632,2048,3072,0,base,68.457,1,1.0,0,68.457,0,68.457,1.0,199.334,2.9118,19
5632,3072,3072,0,base,104.821,1,1.0,0,104.821,0,104.821,1.0,294.472,2.8093,19
5632,3072,6144,0,base,183.982,1,1.0,0,183.982,0,183.982,1.0,560.671,3.0474,19
5632,4096,3072,0,base,125.305,1,1.0,0,125.305,0,125.305,1.0,383.584,3.0612,19
5632,8192,3072,0,base,228.731,1,1.0,0,228.731,0,228.731,1.0,735.845,3.2171,19
5633,2048,3072,0,base,72.605,1,1.0,0,72.605,0,72.605,1.0,202.002,2.7822,19
5634,2048,3072,0,base,71.333,1,1.0,0,71.333,0,71.333,1.0,200.078,2.8049,19
5644,2048,3072,0,base,72.305,1,1.0,0,72.305,0,72.305,1.0,201.987,2.7935,19
5648,2048,3072,0,base,72.557,1,1.0,0,72.557,0,72.557,1.0,201.286,2.7742,19
5650,3072,3072,0,base,109.493,1,1.0,0,109.493,0,109.493,1.0,307.9,2.812,19
5650,4096,3072,0,base,130.474,1,1.0,0,130.474,0,130.474,1.0,391.533,3.0009,19
5653,3072,3072,0,base,108.249,1,1.0,0,108.249,0,108.249,1.0,300.608,2.777,19
5653,4096,3072,0,base,130.133,1,1.0,0,130.133,0,130.133,1.0,384.348,2.9535,19
5654,3072,3072,0,base,107.241,1,1.0,0,107.241,0,107.241,1.0,292.783,2.7301,19
5654,4096,3072,0,base,130.485,1,1.0,0,130.485,0,130.485,1.0,386.781,2.9642,19
5655,3072,3072,0,base,108.701,1,1.0,0,108.701,0,108.701,1.0,299.428,2.7546,19
5655,4096,3072,0,base,130.002,1,1.0,0,130.002,0,130.002,1.0,390.189,3.0014,19
5656,3072,3072,0,base,108.813,1,1.0,0,108.813,0,108.813,1.0,304.836,2.8015,19
5656,4096,3072,0,base,128.502,1,1.0,0,128.502,0,128.502,1.0,384.725,2.9939,19
5661,2048,3072,0,base,72.269,1,1.0,0,72.269,0,72.269,1.0,201.842,2.7929,19
5664,2048,3072,0,base,71.937,1,1.0,0,71.937,0,71.937,1.0,201.359,2.7991,19
5665,2048,3072,0,base,72.273,1,1.0,0,72.273,0,72.273,1.0,201.83,2.7926,19
5665,3072,3072,0,base,108.805,1,1.0,0,108.805,0,108.805,1.0,300.587,2.7626,19
5665,4096,3072,0,base,130.509,1,1.0,0,130.509,0,130.509,1.0,386.349,2.9603,19
5667,2048,3072,0,base,71.593,1,1.0,0,71.593,0,71.593,1.0,200.734,2.8038,19
5670,3072,3072,0,base,109.105,1,1.0,0,109.105,0,109.105,1.0,305.332,2.7985,19
5670,4096,3072,0,base,130.273,1,1.0,0,130.273,0,130.273,1.0,393.009,3.0168,19
5671,3072,3072,0,base,109.237,1,1.0,0,109.237,0,109.237,1.0,302.996,2.7737,19
5671,4096,3072,0,base,130.186,1,1.0,0,130.186,0,130.186,1.0,390.321,2.9982,19
5672,2048,3072,0,base,71.577,1,1.0,0,71.577,0,71.577,1.0,201.63,2.817,19
5673,2048,3072,0,base,72.421,1,1.0,0,72.421,0,72.421,1.0,201.774,2.7861,19
5676,2048,3072,0,base,71.801,1,1.0,0,71.801,0,71.801,1.0,201.854,2.8113,19
5676,3072,3072,0,base,109.882,1,1.0,0,109.882,0,109.882,1.0,308.172,2.8046,19
5676,4096,3072,0,base,128.749,1,1.0,0,128.749,0,128.749,1.0,389.757,3.0272,19
5677,3072,3072,0,base,107.777,1,1.0,0,107.777,0,107.777,1.0,305.072,2.8306,19
5677,4096,3072,0,base,129.998,1,1.0,0,129.998,0,129.998,1.0,391.348,3.0104,19
5678,3072,3072,0,base,108.397,1,1.0,0,108.397,0,108.397,1.0,301.788,2.7841,19
5678,4096,3072,0,base,129.682,1,1.0,0,129.682,0,129.682,1.0,393.165,3.0318,19
5681,3072,3072,0,base,108.557,1,1.0,0,108.557,0,108.557,1.0,291.464,2.6849,19
5681,4096,3072,0,base,130.086,1,1.0,0,130.086,0,130.086,1.0,394.277,3.0309,19
5682,2048,3072,0,base,71.461,1,1.0,0,71.461,0,71.461,1.0,202.107,2.8282,19
5687,3072,3072,0,base,109.997,1,1.0,0,109.997,0,109.997,1.0,300.288,2.73,19
5687,4096,3072,0,base,129.326,1,1.0,0,129.326,0,129.326,1.0,388.841,3.0067,19
5688,2048,3072,0,base,72.141,1,1.0,0,72.141,0,72.141,1.0,203.347,2.8187,19
5689,2048,3072,0,base,72.189,1,1.0,0,72.189,0,72.189,1.0,201.666,2.7936,19
5690,2048,3072,0,base,72.009,1,1.0,0,72.009,0,72.009,1.0,202.555,2.8129,19
5691,3072,3072,0,base,109.217,1,1.0,0,109.217,0,109.217,1.0,299.22,2.7397,19
5691,4096,3072,0,base,129.717,1,1.0,0,129.717,0,129.717,1.0,390.005,3.0066,19
5695,3072,3072,0,base,108.542,1,1.0,0,108.542,0,108.542,1.0,299.256,2.7571,19
5695,4096,3072,0,base,129.277,1,1.0,0,129.277,0,129.277,1.0,394.348,3.0504,19
5696,3072,3072,0,base,108.001,1,1.0,0,108.001,0,108.001,1.0,300.504,2.7824,19
5696,4096,3072,0,base,132.15,1,1.0,0,132.15,0,132.15,1.0,387.137,2.9295,19
5697,3072,3072,0,base,108.101,1,1.0,0,108.101,0,108.101,1.0,299.82,2.7735,19
5697,4096,3072,0,base,129.626,1,1.0,0,129.626,0,129.626,1.0,390.689,3.014,19
5708,2048,3072,0,base,72.193,1,1.0,0,72.193,0,72.193,1.0,202.059,2.7989,19
5720,2048,3072,0,base,71.917,1,1.0,0,71.917,0,71.917,1.0,206.542,2.872,19
5721,2048,3072,0,base,72.017,1,1.0,0,72.017,0,72.017,1.0,201.403,2.7966,19
5721,3072,3072,0,base,109.822,1,1.0,0,109.822,0,109.822,1.0,305.62,2.7829,19
5721,4096,3072,0,base,130.258,1,1.0,0,130.258,0,130.258,1.0,390.78,3.0001,19
5732,2048,3072,0,base,71.565,1,1.0,0,71.565,0,71.565,1.0,201.503,2.8157,19
5737,2048,3072,0,base,72.157,1,1.0,0,72.157,0,72.157,1.0,202.638,2.8083,19
5738,2048,3072,0,base,72.201,1,1.0,0,72.201,0,72.201,1.0,201.819,2.7952,19
5760,2048,3072,0,base,69.701,1,1.0,0,69.701,0,69.701,1.0,202.39,2.9037,19
5760,3072,3072,0,base,104.933,1,1.0,0,104.933,0,104.933,1.0,308.816,2.943,19
5760,3072,6144,0,base,185.354,1,1.0,0,185.354,0,185.354,1.0,575.695,3.1059,19
5760,4096,3072,0,base,126.893,1,1.0,0,126.893,0,126.893,1.0,395.597,3.1176,19
5760,8192,3072,0,base,243.807,1,1.0,0,243.807,0,243.807,1.0,752.869,3.088,19
5780,2048,3072,0,base,72.577,1,1.0,0,72.577,0,72.577,1.0,202.21,2.7861,19
5782,2048,3072,0,base,72.761,1,1.0,0,72.761,0,72.761,1.0,203.119,2.7916,19
5813,3072,3072,0,base,108.413,1,1.0,0,108.413,0,108.413,1.0,305.204,2.8152,19
5813,4096,3072,0,base,131.442,1,1.0,0,131.442,0,131.442,1.0,393.557,2.9942,19
5834,3072,3072,0,base,108.841,1,1.0,0,108.841,0,108.841,1.0,309.96,2.8478,19
5834,4096,3072,0,base,129.442,1,1.0,0,129.442,0,129.442,1.0,403.125,3.1143,19
5856,2048,3072,0,base,72.349,1,1.0,0,72.349,0,72.349,1.0,207.207,2.864,19
5873,3072,3072,0,base,109.189,1,1.0,0,109.189,0,109.189,1.0,314.264,2.8782,19
5873,4096,3072,0,base,130.269,1,1.0,0,130.269,0,130.269,1.0,402.941,3.0931,19
5876,2048,3072,0,base,71.681,1,1.0,0,71.681,0,71.681,1.0,204.554,2.8537,19
5888,2048,3072,0,base,70.509,1,1.0,0,70.509,0,70.509,1.0,209.747,2.9747,19
5888,3072,3072,0,base,103.997,1,1.0,0,103.997,0,103.997,1.0,316.872,3.0469,19
5888,3072,6144,0,base,184.358,1,1.0,0,184.358,0,184.358,1.0,592.555,3.2142,19
5888,4096,3072,0,base,127.402,1,1.0,0,127.402,0,127.402,1.0,402.233,3.1572,19
5888,8192,3072,0,base,246.019,1,1.0,0,246.019,0,246.019,1.0,770.253,3.1309,19
5890,3072,3072,0,base,109.457,1,1.0,0,109.457,0,109.457,1.0,302.768,2.7661,19
5890,4096,3072,0,base,130.246,1,1.0,0,130.246,0,130.246,1.0,406.049,3.1176,19
5892,2048,3072,0,base,72.845,1,1.0,0,72.845,0,72.845,1.0,209.515,2.8762,19
5893,3072,3072,0,base,109.758,1,1.0,0,109.758,0,109.758,1.0,312.268,2.8451,19
5893,4096,3072,0,base,129.313,1,1.0,0,129.313,0,129.313,1.0,408.421,3.1584,19
5902,3072,3072,0,base,107.821,1,1.0,0,107.821,0,107.821,1.0,308.236,2.8588,19
5902,4096,3072,0,base,130.374,1,1.0,0,130.374,0,130.374,1.0,406.677,3.1193,19
5906,3072,3072,0,base,108.469,1,1.0,0,108.469,0,108.469,1.0,311.808,2.8746,19
5906,4096,3072,0,base,130.746,1,1.0,0,130.746,0,130.746,1.0,406.921,3.1123,19
5907,3072,3072,0,base,108.397,1,1.0,0,108.397,0,108.397,1.0,309.972,2.8596,19
5907,4096,3072,0,base,129.346,1,1.0,0,129.346,0,129.346,1.0,406.353,3.1416,19
5909,3072,3072,0,base,107.741,1,1.0,0,107.741,0,107.741,1.0,307.004,2.8495,19
5909,4096,3072,0,base,129.253,1,1.0,0,129.253,0,129.253,1.0,407.097,3.1496,19
5938,2048,3072,0,base,72.225,1,1.0,0,72.225,0,72.225,1.0,209.343,2.8985,19
5954,2048,3072,0,base,72.161,1,1.0,0,72.161,0,72.161,1.0,209.726,2.9064,19
5969,2048,3072,0,base,72.837,1,1.0,0,72.837,0,72.837,1.0,218.055,2.9937,19
5986,3072,3072,0,base,108.649,1,1.0,0,108.649,0,108.649,1.0,315.668,2.9054,19
5986,4096,3072,0,base,129.865,1,1.0,0,129.865,0,129.865,1.0,407.009,3.1341,19
6000,3072,3072,0,base,107.681,1,1.0,0,107.681,0,107.681,1.0,314.348,2.9192,19
6000,3072,6144,0,base,197.222,1,1.0,0,197.222,0,197.222,1.0,608.831,3.087,19
6000,4096,3072,0,base,133.826,1,1.0,0,133.826,0,133.826,1.0,409.537,3.0602,19
6000,8192,3072,0,base,247.787,1,1.0,0,247.787,0,247.787,1.0,782.973,3.1599,19
6001,2048,3072,0,base,75.001,1,1.0,0,75.001,0,75.001,1.0,214.787,2.8638,19
6001,3072,3072,0,base,109.21,1,1.0,0,109.21,0,109.21,1.0,314.492,2.8797,19
6001,4096,3072,0,base,130.774,1,1.0,0,130.774,0,130.774,1.0,409.393,3.1305,19
6002,2048,3072,0,base,73.289,1,1.0,0,73.289,0,73.289,1.0,215.215,2.9365,19
6002,3072,3072,0,base,108.866,1,1.0,0,108.866,0,108.866,1.0,322.816,2.9653,19
6002,3072,6144,0,base,196.531,1,1.0,0,196.531,0,196.531,1.0,613.271,3.1205,19
6002,4096,3072,0,base,131.922,1,1.0,0,131.922,0,131.922,1.0,407.165,3.0864,19
6002,8192,3072,0,base,262.663,1,1.0,0,262.663,0,262.663,1.0,781.11,2.9738,19
6004,3072,3072,0,base,111.133,1,1.0,0,111.133,0,111.133,1.0,318.092,2.8623,19
6004,4096,3072,0,base,129.99,1,1.0,0,129.99,0,129.99,1.0,408.641,3.1436,19
6010,2048,3072,0,base,72.089,1,1.0,0,72.089,0,72.089,1.0,217.195,3.0129,19
6016,2048,3072,0,base,70.321,1,1.0,0,70.321,0,70.321,1.0,217.179,3.0884,19
6016,3072,3072,0,base,103.913,1,1.0,0,103.913,0,103.913,1.0,319.736,3.077,19
6016,3072,6144,0,base,185.398,1,1.0,0,185.398,0,185.398,1.0,608.435,3.2818,19
6016,4096,3072,0,base,128.39,1,1.0,0,128.39,0,128.39,1.0,409.273,3.1877,19
6016,8192,3072,0,base,254.091,1,1.0,0,254.091,0,254.091,1.0,783.702,3.0843,19
6029,2048,3072,0,base,75.589,1,1.0,0,75.589,0,75.589,1.0,211.03,2.7918,19
6030,2048,3072,0,base,72.433,1,1.0,0,72.433,0,72.433,1.0,216.959,2.9953,19
6039,2048,3072,0,base,72.765,1,1.0,0,72.765,0,72.765,1.0,217.047,2.9829,19
6045,2048,3072,0,base,73.501,1,1.0,0,73.501,0,73.501,1.0,218.111,2.9675,19
6053,2048,3072,0,base,73.185,1,1.0,0,73.185,0,73.185,1.0,218.395,2.9841,19
6108,2048,3072,0,base,73.585,1,1.0,0,73.585,0,73.585,1.0,210.523,2.861,19
6119,3072,3072,0,base,107.785,1,1.0,0,107.785,0,107.785,1.0,317.052,2.9415,19
6119,4096,3072,0,base,130.398,1,1.0,0,130.398,0,130.398,1.0,416.313,3.1926,19
6144,2048,3072,0,base,70.233,1,1.0,0,70.233,0,70.233,1.0,216.363,3.0806,19
6144,3072,3072,0,base,104.465,1,1.0,0,104.465,0,104.465,1.0,318.352,3.0474,19
6144,3072,6144,0,base,185.794,1,1.0,0,185.794,0,185.794,1.0,608.943,3.2775,19
6144,4096,3072,0,base,128.154,1,1.0,0,128.154,0,128.154,1.0,421.181,3.2865,19
6144,8192,3072,0,base,252.647,1,1.0,0,252.647,0,252.647,1.0,800.166,3.1671,19
6183,2048,3072,0,base,89.605,1,1.0,0,89.605,0,89.605,1.0,218.027,2.4332,19
6190,2048,3072,0,base,88.489,1,1.0,0,88.489,0,88.489,1.0,222.855,2.5184,19
6220,2048,3072,0,base,89.409,1,1.0,0,89.409,0,89.409,1.0,218.695,2.446,19
6225,3072,3072,0,base,108.273,1,1.0,0,108.273,0,108.273,1.0,324.944,3.0011,19
6225,4096,3072,0,base,147.373,1,1.0,0,147.373,0,147.373,1.0,422.149,2.8645,19
6231,3072,6144,0,base,201.354,1,1.0,0,201.354,0,201.354,1.0,628.04,3.1191,19
6231,8192,3072,0,base,272.727,1,1.0,0,272.727,0,272.727,1.0,813.454,2.9827,19
6250,2048,3072,0,base,91.977,1,1.0,0,91.977,0,91.977,1.0,218.979,2.3808,19
6251,3072,6144,0,base,202.863,1,1.0,0,202.863,0,202.863,1.0,629.012,3.1007,19
6251,8192,3072,0,base,283.435,1,1.0,0,283.435,0,283.435,1.0,813.726,2.8709,19
6258,2048,3072,0,base,90.217,1,1.0,0,90.217,0,90.217,1.0,219.423,2.4322,19
6272,2048,3072,0,base,85.973,1,1.0,0,85.973,0,85.973,1.0,224.971,2.6168,19
6272,3072,3072,0,base,104.293,1,1.0,0,104.293,0,104.293,1.0,322.06,3.088,19
6272,3072,6144,0,base,184.742,1,1.0,0,184.742,0,184.742,1.0,627.276,3.3954,19
6272,4096,3072,0,base,144.15,1,1.0,0,144.15,0,144.15,1.0,419.949,2.9133,19
6272,8192,3072,0,base,261.187,1,1.0,0,261.187,0,261.187,1.0,819.074,3.136,19
6310,3072,6144,0,base,200.45,1,1.0,0,200.45,0,200.45,1.0,644.308,3.2143,19
6310,8192,3072,0,base,272.931,1,1.0,0,272.931,0,272.931,1.0,821.834,3.0111,19
6311,2048,3072,0,base,91.149,1,1.0,0,91.149,0,91.149,1.0,223.083,2.4474,19
6319,3072,3072,0,base,110.337,1,1.0,0,110.337,0,110.337,1.0,334.868,3.035,19
6319,4096,3072,0,base,146.67,1,1.0,0,146.67,0,146.67,1.0,429.761,2.9301,19
6324,2048,3072,0,base,88.345,1,1.0,0,88.345,0,88.345,1.0,220.411,2.4949,19
6339,3072,3072,0,base,109.245,1,1.0,0,109.245,0,109.245,1.0,338.888,3.1021,19
6339,4096,3072,0,base,147.11,1,1.0,0,147.11,0,147.11,1.0,427.801,2.908,19
6345,3072,6144,0,base,199.154,1,1.0,0,199.154,0,199.154,1.0,644.176,3.2346,19
6345,8192,3072,0,base,283.352,1,1.0,0,283.352,0,283.352,1.0,828.258,2.9231,19
6364,3072,3072,0,base,112.165,1,1.0,0,112.165,0,112.165,1.0,332.344,2.963,19
6364,4096,3072,0,base,146.466,1,1.0,0,146.466,0,146.466,1.0,430.957,2.9424,19
6380,3072,3072,0,base,109.142,1,1.0,0,109.142,0,109.142,1.0,335.776,3.0765,19
6380,4096,3072,0,base,146.814,1,1.0,0,146.814,0,146.814,1.0,431.109,2.9364,19
6400,2048,3072,0,base,85.593,1,1.0,0,85.593,0,85.593,1.0,225.527,2.6349,19
6400,3072,3072,0,base,105.353,1,1.0,0,105.353,0,105.353,1.0,337.86,3.2069,19
6400,3072,6144,0,base,196.81,1,1.0,0,196.81,0,196.81,1.0,641.472,3.2593,19
6400,4096,3072,0,base,143.978,1,1.0,0,143.978,0,143.978,1.0,431.461,2.9967,19
6400,8192,3072,0,base,268.851,1,1.0,0,268.851,0,268.851,1.0,834.074,3.1024,19
6415,3072,3072,0,base,110.453,1,1.0,0,110.453,0,110.453,1.0,337.116,3.0521,19
6415,4096,3072,0,base,147.121,1,1.0,0,147.121,0,147.121,1.0,437.645,2.9747,19
6442,3072,3072,0,base,108.881,1,1.0,0,108.881,0,108.881,1.0,336.52,3.0907,19
6442,4096,3072,0,base,146.198,1,1.0,0,146.198,0,146.198,1.0,437.457,2.9922,19
6448,2048,3072,0,base,87.493,1,1.0,0,87.493,0,87.493,1.0,234.262,2.6775,19
6469,3072,3072,0,base,109.737,1,1.0,0,109.737,0,109.737,1.0,333.412,3.0383,19
6469,4096,3072,0,base,147.01,1,1.0,0,147.01,0,147.01,1.0,437.826,2.9782,19
6528,2048,3072,0,base,85.605,1,1.0,0,85.605,0,85.605,1.0,231.087,2.6995,19
6528,3072,3072,0,base,105.305,1,1.0,0,105.305,0,105.305,1.0,339.116,3.2203,19
6528,3072,6144,0,base,191.322,1,1.0,0,191.322,0,191.322,1.0,658.164,3.4401,19
6528,4096,3072,0,base,143.058,1,1.0,0,143.058,0,143.058,1.0,436.777,3.0532,19
6528,8192,3072,0,base,261.927,1,1.0,0,261.927,0,261.927,1.0,849.782,3.2443,19
6537,2048,3072,0,base,88.593,1,1.0,0,88.593,0,88.593,1.0,233.671,2.6376,19
6641,2048,3072,0,base,89.317,1,1.0,0,89.317,0,89.317,1.0,236.607,2.6491,19
6656,2048,3072,0,base,85.337,1,1.0,0,85.337,0,85.337,1.0,228.383,2.6762,19
6656,3072,3072,0,base,105.613,1,1.0,0,105.613,0,105.613,1.0,341.328,3.2319,19
6656,3072,6144,0,base,196.714,1,1.0,0,196.714,0,196.714,1.0,659.64,3.3533,19
6656,4096,3072,0,base,146.594,1,1.0,0,146.594,0,146.594,1.0,451.458,3.0796,19
6656,8192,3072,0,base,264.495,1,1.0,0,264.495,0,264.495,1.0,866.723,3.2769,19
6714,3072,6144,0,base,201.078,1,1.0,0,201.078,0,201.078,1.0,678.304,3.3733,19
6714,8192,3072,0,base,292.732,1,1.0,0,292.732,0,292.732,1.0,870.203,2.9727,19
6784,2048,3072,0,base,88.289,1,1.0,0,88.289,0,88.289,1.0,239.163,2.7089,19
6784,3072,3072,0,base,106.805,1,1.0,0,106.805,0,106.805,1.0,353.749,3.3121,19
6784,3072,6144,0,base,191.538,1,1.0,0,191.538,0,191.538,1.0,674.892,3.5235,19
6784,4096,3072,0,base,147.086,1,1.0,0,147.086,0,147.086,1.0,453.489,3.0832,19
6784,8192,3072,0,base,289.347,1,1.0,0,289.347,0,289.347,1.0,884.243,3.056,19
6789,2048,3072,0,base,90.337,1,1.0,0,90.337,0,90.337,1.0,240.979,2.6676,19
6802,2048,3072,0,base,88.965,1,1.0,0,88.965,0,88.965,1.0,240.807,2.7068,19
6802,3072,3072,0,base,128.577,1,1.0,0,128.577,0,128.577,1.0,352.536,2.7418,19
6802,4096,3072,0,base,148.25,1,1.0,0,148.25,0,148.25,1.0,460.998,3.1096,19
6804,3072,6144,0,base,224.883,1,1.0,0,224.883,0,224.883,1.0,681.344,3.0298,19
6804,8192,3072,0,base,301.599,1,1.0,0,301.599,0,301.599,1.0,887.866,2.9439,19
6848,2048,3072,0,base,90.957,1,1.0,0,90.957,0,90.957,1.0,245.263,2.6965,19
6853,2048,3072,0,base,87.729,1,1.0,0,87.729,0,87.729,1.0,242.191,2.7607,19
6899,3072,3072,0,base,128.374,1,1.0,0,128.374,0,128.374,1.0,359.512,2.8005,19
6899,4096,3072,0,base,148.013,1,1.0,0,148.013,0,148.013,1.0,463.534,3.1317,19
6901,2048,3072,0,base,90.797,1,1.0,0,90.797,0,90.797,1.0,242.027,2.6656,19
6912,2048,3072,0,base,86.073,1,1.0,0,86.073,0,86.073,1.0,245.507,2.8523,19
6912,3072,3072,0,base,126.098,1,1.0,0,126.098,0,126.098,1.0,354.293,2.8097,19
6912,3072,6144,0,base,223.267,1,1.0,0,223.267,0,223.267,1.0,691.464,3.097,19
6912,4096,3072,0,base,146.602,1,1.0,0,146.602,0,146.602,1.0,466.445,3.1817,19
6912,8192,3072,0,base,296.112,1,1.0,0,296.112,0,296.112,1.0,900.987,3.0427,19
6932,3072,3072,0,base,129.326,1,1.0,0,129.326,0,129.326,1.0,357.132,2.7615,19
6932,4096,3072,0,base,149.021,1,1.0,0,149.021,0,149.021,1.0,470.441,3.1569,19
6954,3072,3072,0,base,128.145,1,1.0,0,128.145,0,128.145,1.0,360.796,2.8155,19
6954,4096,3072,0,base,148.01,1,1.0,0,148.01,0,148.01,1.0,471.578,3.1861,19
6981,3072,3072,0,base,130.442,1,1.0,0,130.442,0,130.442,1.0,359.08,2.7528,19
6981,4096,3072,0,base,148.01,1,1.0,0,148.01,0,148.01,1.0,468.738,3.1669,19
6983,3072,3072,0,base,127.598,1,1.0,0,127.598,0,127.598,1.0,363.68,2.8502,19
6983,4096,3072,0,base,147.73,1,1.0,0,147.73,0,147.73,1.0,469.214,3.1762,19
7000,3072,3072,0,base,128.126,1,1.0,0,128.126,0,128.126,1.0,368.464,2.8758,19
7000,4096,3072,0,base,148.898,1,1.0,0,148.898,0,148.898,1.0,466.314,3.1318,19
7001,2048,3072,0,base,88.765,1,1.0,0,88.765,0,88.765,1.0,251.751,2.8362,19
7001,3072,3072,0,base,129.274,1,1.0,0,129.274,0,129.274,1.0,367.705,2.8444,19
7001,3072,6144,0,base,227.179,1,1.0,0,227.179,0,227.179,1.0,713.085,3.1389,19
7001,4096,3072,0,base,152.37,1,1.0,0,152.37,0,152.37,1.0,464.826,3.0506,19
7001,8192,3072,0,base,298.144,1,1.0,0,298.144,0,298.144,1.0,912.827,3.0617,19
7002,3072,3072,0,base,130.014,1,1.0,0,130.014,0,130.014,1.0,365.509,2.8113,19
7002,4096,3072,0,base,148.338,1,1.0,0,148.338,0,148.338,1.0,472.65,3.1863,19
7003,3072,3072,0,base,127.334,1,1.0,0,127.334,0,127.334,1.0,368.045,2.8904,19
7003,4096,3072,0,base,148.038,1,1.0,0,148.038,0,148.038,1.0,469.054,3.1685,19
7004,3072,3072,0,base,128.078,1,1.0,0,128.078,0,128.078,1.0,363.916,2.8414,19
7004,4096,3072,0,base,148.87,1,1.0,0,148.87,0,148.87,1.0,467.234,3.1385,19
7009,2048,3072,0,base,88.709,1,1.0,0,88.709,0,88.709,1.0,245.823,2.7711,19
7011,3072,6144,0,base,239.907,1,1.0,0,239.907,0,239.907,1.0,714.225,2.9771,19
7011,8192,3072,0,base,296.063,1,1.0,0,296.063,0,296.063,1.0,912.983,3.0837,19
7029,3072,3072,0,base,129.305,1,1.0,0,129.305,0,129.305,1.0,368.172,2.8473,19
7029,4096,3072,0,base,148.054,1,1.0,0,148.054,0,148.054,1.0,466.906,3.1536,19
7039,2048,3072,0,base,87.941,1,1.0,0,87.941,0,87.941,1.0,251.111,2.8554,19
7040,2048,3072,0,base,86.693,1,1.0,0,86.693,0,86.693,1.0,248.991,2.8721,19
7040,3072,3072,0,base,125.114,1,1.0,0,125.114,0,125.114,1.0,368.404,2.9446,19
7040,3072,6144,0,base,227.583,1,1.0,0,227.583,0,227.583,1.0,709.109,3.1158,19
7040,4096,3072,0,base,145.266,1,1.0,0,145.266,0,145.266,1.0,468.238,3.2233,19
7040,8192,3072,0,base,298.268,1,1.0,0,298.268,0,298.268,1.0,917.499,3.0761,19
7050,3072,3072,0,base,129.842,1,1.0,0,129.842,0,129.842,1.0,367.557,2.8308,19
7050,4096,3072,0,base,149.182,1,1.0,0,149.182,0,149.182,1.0,475.022,3.1842,19
7058,2048,3072,0,base,88.765,1,1.0,0,88.765,0,88.765,1.0,249.119,2.8065,19
7060,3072,6144,0,base,242.575,1,1.0,0,242.575,0,242.575,1.0,712.049,2.9354,19
7060,8192,3072,0,base,310.32,1,1.0,0,310.32,0,310.32,1.0,920.519,2.9664,19
7077,2048,3072,0,base,91.161,1,1.0,0,91.161,0,91.161,1.0,252.171,2.7662,19
7119,3072,3072,0,base,128.25,1,1.0,0,128.25,0,128.25,1.0,369.945,2.8846,19
7119,4096,3072,0,base,149.206,1,1.0,0,149.206,0,149.206,1.0,472.798,3.1688,19
7130,2048,3072,0,base,88.241,1,1.0,0,88.241,0,88.241,1.0,250.699,2.8411,19
7140,2048,3072,0,base,88.757,1,1.0,0,88.757,0,88.757,1.0,250.519,2.8225,19
7153,3072,6144,0,base,237.543,1,1.0,0,237.543,0,237.543,1.0,710.685,2.9918,19
7153,8192,3072,0,base,308.044,1,1.0,0,308.044,0,308.044,1.0,931.359,3.0235,19
7168,2048,3072,0,base,89.061,1,1.0,0,89.061,0,89.061,1.0,251.727,2.8265,19
7168,3072,3072,0,base,124.385,1,1.0,0,124.385,0,124.385,1.0,366.953,2.9501,19
7168,3072,6144,0,base,222.163,1,1.0,0,222.163,0,222.163,1.0,710.565,3.1984,19
7168,4096,3072,0,base,145.31,1,1.0,0,145.31,0,145.31,1.0,478.366,3.292,19
7168,8192,3072,0,base,291.924,1,1.0,0,291.924,0,291.924,1.0,934.375,3.2008,19
7169,3072,3072,0,base,129.425,1,1.0,0,129.425,0,129.425,1.0,373.029,2.8822,19
7169,4096,3072,0,base,165.942,1,1.0,0,165.942,0,165.942,1.0,481.054,2.8989,19
7182,3072,3072,0,base,128.27,1,1.0,0,128.27,0,128.27,1.0,377.693,2.9445,19
7182,4096,3072,0,base,165.802,1,1.0,0,165.802,0,165.802,1.0,486.802,2.936,19
7204,3072,3072,0,base,129.666,1,1.0,0,129.666,0,129.666,1.0,373.076,2.8772,19
7204,4096,3072,0,base,166.874,1,1.0,0,166.874,0,166.874,1.0,481.518,2.8855,19
7217,3072,3072,0,base,129.898,1,1.0,0,129.898,0,129.898,1.0,373.777,2.8775,19
7217,4096,3072,0,base,165.01,1,1.0,0,165.01,0,165.01,1.0,480.954,2.9147,19
7220,3072,6144,0,base,235.483,1,1.0,0,235.483,0,235.483,1.0,728.721,3.0946,19
7220,8192,3072,0,base,315.112,1,1.0,0,315.112,0,315.112,1.0,938.491,2.9783,19
7222,3072,6144,0,base,232.371,1,1.0,0,232.371,0,232.371,1.0,728.065,3.1332,19
7222,8192,3072,0,base,321.828,1,1.0,0,321.828,0,321.828,1.0,937.024,2.9116,19
7233,2048,3072,0,base,91.933,1,1.0,0,91.933,0,91.933,1.0,256.079,2.7855,19
7235,2048,3072,0,base,89.097,1,1.0,0,89.097,0,89.097,1.0,256.807,2.8823,19
7235,3072,3072,0,base,128.586,1,1.0,0,128.586,0,128.586,1.0,371.813,2.8916,19
7235,3072,6144,0,base,240.727,1,1.0,0,240.727,0,240.727,1.0,729.381,3.0299,19
7235,4096,3072,0,base,168.738,1,1.0,0,168.738,0,168.738,1.0,483.814,2.8672,19
7235,8192,3072,0,base,317.036,1,1.0,0,317.036,0,317.036,1.0,946.088,2.9842,19
7237,2048,3072,0,base,90.805,1,1.0,0,90.805,0,90.805,1.0,253.683,2.7937,19
7237,3072,3072,0,base,129.538,1,1.0,0,129.538,0,129.538,1.0,373.677,2.8847,19
7237,3072,6144,0,base,231.075,1,1.0,0,231.075,0,231.075,1.0,730.469,3.1612,19
7237,4096,3072,0,base,169.366,1,1.0,0,169.366,0,169.366,1.0,482.478,2.8487,19
7237,8192,3072,0,base,332.508,1,1.0,0,332.508,0,332.508,1.0,945.176,2.8426,19
7238,3072,3072,0,base,131.454,1,1.0,0,131.454,0,131.454,1.0,373.876,2.8442,19
7238,3072,6144,0,base,233.835,1,1.0,0,233.835,0,233.835,1.0,729.897,3.1214,19
7238,4096,3072,0,base,169.838,1,1.0,0,169.838,0,169.838,1.0,481.798,2.8368,19
7238,8192,3072,0,base,319.264,1,1.0,0,319.264,0,319.264,1.0,947.556,2.9679,19
7239,2048,3072,0,base,92.133,1,1.0,0,92.133,0,92.133,1.0,257.359,2.7933,19
7239,3072,6144,0,base,233.375,1,1.0,0,233.375,0,233.375,1.0,732.661,3.1394,19
7239,8192,3072,0,base,326.36,1,1.0,0,326.36,0,326.36,1.0,946.0,2.8986,19
7240,3072,3072,0,base,131.054,1,1.0,0,131.054,0,131.054,1.0,371.789,2.8369,19
7240,3072,6144,0,base,242.527,1,1.0,0,242.527,0,242.527,1.0,730.349,3.0114,19
7240,4096,3072,0,base,170.814,1,1.0,0,170.814,0,170.814,1.0,484.906,2.8388,19
7240,8192,3072,0,base,313.82,1,1.0,0,313.82,0,313.82,1.0,945.624,3.0133,19
7241,2048,3072,0,base,91.997,1,1.0,0,91.997,0,91.997,1.0,256.099,2.7838,19
7241,3072,3072,0,base,129.002,1,1.0,0,129.002,0,129.002,1.0,368.889,2.8596,19
7241,4096,3072,0,base,167.146,1,1.0,0,167.146,0,167.146,1.0,484.358,2.8978,19
7243,2048,3072,0,base,90.177,1,1.0,0,90.177,0,90.177,1.0,256.427,2.8436,19
7243,3072,3072,0,base,133.198,1,1.0,0,133.198,0,133.198,1.0,370.384,2.7807,19
7243,4096,3072,0,base,167.254,1,1.0,0,167.254,0,167.254,1.0,480.47,2.8727,19
7250,2048,3072,0,base,89.189,1,1.0,0,89.189,0,89.189,1.0,257.359,2.8855,19
7254,2048,3072,0,base,89.705,1,1.0,0,89.705,0,89.705,1.0,259.607,2.894,19
7254,3072,3072,0,base,129.581,1,1.0,0,129.581,0,129.581,1.0,374.889,2.8931,19
7254,4096,3072,0,base,166.062,1,1.0,0,166.062,0,166.062,1.0,484.806,2.9194,19
7260,3072,6144,0,base,238.151,1,1.0,0,238.151,0,238.151,1.0,730.829,3.0688,19
7260,8192,3072,0,base,317.432,1,1.0,0,317.432,0,317.432,1.0,947.867,2.986,19
7264,3072,6144,0,base,237.427,1,1.0,0,237.427,0,237.427,1.0,728.697,3.0691,19
7264,8192,3072,0,base,319.152,1,1.0,0,319.152,0,319.152,1.0,948.788,2.9728,19
7284,3072,3072,0,base,130.69,1,1.0,0,130.69,0,130.69,1.0,370.764,2.837,19
7284,4096,3072,0,base,166.326,1,1.0,0,166.326,0,166.326,1.0,489.582,2.9435,19
7289,3072,6144,0,base,233.603,1,1.0,0,233.603,0,233.603,1.0,730.865,3.1287,19
7289,8192,3072,0,base,323.844,1,1.0,0,323.844,0,323.844,1.0,948.099,2.9276,19
7296,2048,3072,0,base,89.601,1,1.0,0,89.601,0,89.601,1.0,251.167,2.8032,19
7296,3072,3072,0,base,125.67,1,1.0,0,125.67,0,125.67,1.0,378.229,3.0097,19
7296,3072,6144,0,base,234.055,1,1.0,0,234.055,0,234.055,1.0,724.925,3.0972,19
7296,4096,3072,0,base,162.194,1,1.0,0,162.194,0,162.194,1.0,482.134,2.9726,19
7296,8192,3072,0,base,308.508,1,1.0,0,308.508,0,308.508,1.0,955.119,3.0959,19
7330,2048,3072,0,base,91.689,1,1.0,0,91.689,0,91.689,1.0,256.475,2.7972,19
7340,2048,3072,0,base,90.401,1,1.0,0,90.401,0,90.401,1.0,252.067,2.7883,19
7340,3072,3072,0,base,132.074,1,1.0,0,132.074,0,132.074,1.0,381.781,2.8907,19
7340,4096,3072,0,base,165.946,1,1.0,0,165.946,0,165.946,1.0,489.214,2.948,19
7354,3072,6144,0,base,243.203,1,1.0,0,243.203,0,243.203,1.0,746.149,3.068,19
7354,8192,3072,0,base,328.324,1,1.0,0,328.324,0,328.324,1.0,954.096,2.906,19
7373,3072,6144,0,base,238.167,1,1.0,0,238.167,0,238.167,1.0,747.281,3.1376,19
7373,8192,3072,0,base,321.756,1,1.0,0,321.756,0,321.756,1.0,962.764,2.9922,19
7403,3072,3072,0,base,129.413,1,1.0,0,129.413,0,129.413,1.0,377.88,2.9199,19
7403,4096,3072,0,base,165.69,1,1.0,0,165.69,0,165.69,1.0,488.786,2.95,19
7424,2048,3072,0,base,87.269,1,1.0,0,87.269,0,87.269,1.0,259.155,2.9696,19
7424,3072,3072,0,base,125.206,1,1.0,0,125.206,0,125.206,1.0,386.557,3.0874,19
7424,3072,6144,0,base,222.431,1,1.0,0,222.431,0,222.431,1.0,742.193,3.3367,19
7424,4096,3072,0,base,163.702,1,1.0,0,163.702,0,163.702,1.0,490.722,2.9977,19
7424,8192,3072,0,base,318.652,1,1.0,0,318.652,0,318.652,1.0,965.772,3.0308,19
7455,3072,6144,0,base,240.939,1,1.0,0,240.939,0,240.939,1.0,749.005,3.1087,19
7455,8192,3072,0,base,323.296,1,1.0,0,323.296,0,323.296,1.0,970.088,3.0006,19
7464,2048,3072,0,base,92.677,1,1.0,0,92.677,0,92.677,1.0,267.143,2.8825,19
7473,3072,3072,0,base,131.782,1,1.0,0,131.782,0,131.782,1.0,382.705,2.9041,19
7473,4096,3072,0,base,165.902,1,1.0,0,165.902,0,165.902,1.0,496.094,2.9903,19
7552,2048,3072,0,base,87.213,1,1.0,0,87.213,0,87.213,1.0,267.219,3.064,19
7552,3072,3072,0,base,125.49,1,1.0,0,125.49,0,125.49,1.0,382.413,3.0474,19
7552,3072,6144,0,base,234.099,1,1.0,0,234.099,0,234.099,1.0,759.713,3.2453,19
7552,4096,3072,0,base,162.362,1,1.0,0,162.362,0,162.362,1.0,506.362,3.1187,19
7552,8192,3072,0,base,317.812,1,1.0,0,317.812,0,317.812,1.0,982.54,3.0916,19
7568,2048,3072,0,base,92.849,1,1.0,0,92.849,0,92.849,1.0,267.807,2.8843,19
7604,3072,6144,0,base,251.915,1,1.0,0,251.915,0,251.915,1.0,765.037,3.0369,19
7604,8192,3072,0,base,327.272,1,1.0,0,327.272,0,327.272,1.0,986.36,3.0139,19
7658,3072,6144,0,base,241.479,1,1.0,0,241.479,0,241.479,1.0,767.078,3.1766,19
7658,8192,3072,0,base,334.044,1,1.0,0,334.044,0,334.044,1.0,993.724,2.9748,19
7678,3072,6144,0,base,234.986,1,1.0,0,234.986,0,234.986,1.0,762.045,3.2429,19
7678,8192,3072,0,base,329.04,1,1.0,0,329.04,0,329.04,1.0,996.756,3.0293,19
7680,2048,3072,0,base,89.473,1,1.0,0,89.473,0,89.473,1.0,271.751,3.0372,19
7680,3072,3072,0,base,126.178,1,1.0,0,126.178,0,126.178,1.0,393.417,3.118,19
7680,3072,6144,0,base,235.851,1,1.0,0,235.851,0,235.851,1.0,761.977,3.2308,19
7680,4096,3072,0,base,163.394,1,1.0,0,163.394,0,163.394,1.0,511.458,3.1302,19
7680,8192,3072,0,base,313.636,1,1.0,0,313.636,0,313.636,1.0,1003.916,3.2009,19
7695,3072,6144,0,base,240.943,1,1.0,0,240.943,0,240.943,1.0,780.754,3.2404,19
7695,8192,3072,0,base,348.588,1,1.0,0,348.588,0,348.588,1.0,1003.029,2.8774,19
7698,3072,6144,0,base,241.567,1,1.0,0,241.567,0,241.567,1.0,777.993,3.2206,19
7698,8192,3072,0,base,339.42,1,1.0,0,339.42,0,339.42,1.0,1006.744,2.9661,19
7718,3072,3072,0,base,132.466,1,1.0,0,132.466,0,132.466,1.0,394.925,2.9813,19
7718,4096,3072,0,base,167.126,1,1.0,0,167.126,0,167.126,1.0,513.014,3.0696,19
7726,3072,3072,0,base,130.502,1,1.0,0,130.502,0,130.502,1.0,403.169,3.0894,19
7726,4096,3072,0,base,166.322,1,1.0,0,166.322,0,166.322,1.0,517.01,3.1085,19
7808,2048,3072,0,base,88.265,1,1.0,0,88.265,0,88.265,1.0,275.239,3.1183,19
7808,3072,3072,0,base,127.762,1,1.0,0,127.762,0,127.762,1.0,399.009,3.1231,19
7808,3072,6144,0,base,243.775,1,1.0,0,243.775,0,243.775,1.0,776.478,3.1852,19
7808,4096,3072,0,base,162.258,1,1.0,0,162.258,0,162.258,1.0,516.786,3.185,19
7808,8192,3072,0,base,332.448,1,1.0,0,332.448,0,332.448,1.0,1018.973,3.0651,19
7828,3072,6144,0,base,245.767,1,1.0,0,245.767,0,245.767,1.0,781.25,3.1788,19
7828,8192,3072,0,base,341.16,1,1.0,0,341.16,0,341.16,1.0,1020.161,2.9903,19
7831,3072,6144,0,base,241.827,1,1.0,0,241.827,0,241.827,1.0,781.13,3.2301,19
7831,8192,3072,0,base,350.452,1,1.0,0,350.452,0,350.452,1.0,1020.017,2.9106,19
7869,2048,3072,0,base,93.829,1,1.0,0,93.829,0,93.829,1.0,279.999,2.9841,19
7917,3072,3072,0,base,129.658,1,1.0,0,129.658,0,129.658,1.0,407.557,3.1433,19
7917,4096,3072,0,base,174.214,1,1.0,0,174.214,0,174.214,1.0,529.731,3.0407,19
7936,2048,3072,0,base,88.481,1,1.0,0,88.481,0,88.481,1.0,271.843,3.0723,19
7936,3072,3072,0,base,124.454,1,1.0,0,124.454,0,124.454,1.0,403.441,3.2417,19
7936,3072,6144,0,base,233.355,1,1.0,0,233.355,0,233.355,1.0,792.174,3.3947,19
7936,4096,3072,0,base,168.378,1,1.0,0,168.378,0,168.378,1.0,533.867,3.1706,19
7936,8192,3072,0,base,342.048,1,1.0,0,342.048,0,342.048,1.0,1031.949,3.017,19
7946,2048,3072,0,base,93.189,1,1.0,0,93.189,0,93.189,1.0,282.716,3.0338,19
7979,3072,3072,0,base,131.422,1,1.0,0,131.422,0,131.422,1.0,403.229,3.0682,19
7979,4096,3072,0,base,171.27,1,1.0,0,171.27,0,171.27,1.0,530.271,3.0961,19
8000,2048,3072,0,base,89.949,1,1.0,0,89.949,0,89.949,1.0,281.231,3.1266,19
8001,3072,3072,0,base,131.61,1,1.0,0,131.61,0,131.61,1.0,410.277,3.1174,19
8001,4096,3072,0,base,169.558,1,1.0,0,169.558,0,169.558,1.0,534.49,3.1523,19
8003,3072,6144,0,base,255.479,1,1.0,0,255.479,0,255.479,1.0,796.762,3.1187,19
8003,8192,3072,0,base,359.396,1,1.0,0,359.396,0,359.396,1.0,1044.973,2.9076,19
8004,3072,3072,0,base,133.878,1,1.0,0,133.878,0,133.878,1.0,407.661,3.045,19
8004,4096,3072,0,base,172.234,1,1.0,0,172.234,0,172.234,1.0,534.267,3.102,19
8005,3072,3072,0,base,133.366,1,1.0,0,133.366,0,133.366,1.0,407.985,3.0591,19
8005,4096,3072,0,base,168.942,1,1.0,0,168.942,0,168.942,1.0,533.083,3.1554,19
8015,2048,3072,0,base,92.013,1,1.0,0,92.013,0,92.013,1.0,283.204,3.0779,19
8016,2048,3072,0,base,91.081,1,1.0,0,91.081,0,91.081,1.0,281.036,3.0856,19
8020,3072,3072,0,base,130.498,1,1.0,0,130.498,0,130.498,1.0,418.481,3.2068,19
8020,4096,3072,0,base,172.086,1,1.0,0,172.086,0,172.086,1.0,536.699,3.1188,19
8021,2048,3072,0,base,90.245,1,1.0,0,90.245,0,90.245,1.0,284.755,3.1554,19
8026,3072,6144,0,base,256.223,1,1.0,0,256.223,0,256.223,1.0,811.238,3.1661,19
8026,8192,3072,0,base,346.992,1,1.0,0,346.992,0,346.992,1.0,1041.165,3.0005,19
8027,2048,3072,0,base,96.277,1,1.0,0,96.277,0,96.277,1.0,288.192,2.9934,19
8028,2048,3072,0,base,90.933,1,1.0,0,90.933,0,90.933,1.0,284.623,3.13,19
8029,2048,3072,0,base,90.569,1,1.0,0,90.569,0,90.569,1.0,281.155,3.1043,19
8029,3072,3072,0,base,131.95,1,1.0,0,131.95,0,131.95,1.0,418.585,3.1723,19
8029,4096,3072,0,base,173.294,1,1.0,0,173.294,0,173.294,1.0,532.943,3.0754,19
8035,3072,6144,0,base,248.379,1,1.0,0,248.379,0,248.379,1.0,812.254,3.2702,19
8035,8192,3072,0,base,357.332,1,1.0,0,357.332,0,357.332,1.0,1044.229,2.9223,19
8036,2048,3072,0,base,95.865,1,1.0,0,95.865,0,95.865,1.0,285.684,2.9801,19
8040,3072,3072,0,base,129.738,1,1.0,0,129.738,0,129.738,1.0,415.625,3.2036,19
8040,4096,3072,0,base,172.142,1,1.0,0,172.142,0,172.142,1.0,533.115,3.0969,19
8041,2048,3072,0,base,91.641,1,1.0,0,91.641,0,91.641,1.0,287.135,3.1333,19
8041,3072,3072,0,base,133.701,1,1.0,0,133.701,0,133.701,1.0,416.097,3.1121,19
8041,4096,3072,0,base,171.554,1,1.0,0,171.554,0,171.554,1.0,552.659,3.2215,19
8051,2048,3072,0,base,92.657,1,1.0,0,92.657,0,92.657,1.0,284.468,3.0701,19
8054,2048,3072,0,base,91.181,1,1.0,0,91.181,0,91.181,1.0,286.795,3.1453,19
8062,2048,3072,0,base,91.205,1,1.0,0,91.205,0,91.205,1.0,282.107,3.0931,19
8064,2048,3072,0,base,87.669,1,1.0,0,87.669,0,87.669,1.0,278.364,3.1752,19
8064,3072,3072,0,base,128.242,1,1.0,0,128.242,0,128.242,1.0,417.637,3.2566,19
8064,3072,6144,0,base,241.391,1,1.0,0,241.391,0,241.391,1.0,804.77,3.3339,19
8064,4096,3072,0,base,170.07,1,1.0,0,170.07,0,170.07,1.0,533.742,3.1384,19
8064,8192,3072,0,base,348.632,1,1.0,0,348.632,0,348.632,1.0,1045.549,2.999,19
8072,3072,3072,0,base,134.082,1,1.0,0,134.082,0,134.082,1.0,415.561,3.0993,19
8072,4096,3072,0,base,173.59,1,1.0,0,173.59,0,173.59,1.0,535.735,3.0862,19
8088,3072,3072,0,base,130.566,1,1.0,0,130.566,0,130.566,1.0,415.693,3.1838,19
8088,4096,3072,0,base,172.91,1,1.0,0,172.91,0,172.91,1.0,544.631,3.1498,19
8100,3072,3072,0,base,131.722,1,1.0,0,131.722,0,131.722,1.0,420.277,3.1906,19
8100,4096,3072,0,base,173.722,1,1.0,0,173.722,0,173.722,1.0,540.283,3.11,19
8102,2048,3072,0,base,90.641,1,1.0,0,90.641,0,90.641,1.0,285.023,3.1445,19
8135,2048,3072,0,base,90.649,1,1.0,0,90.649,0,90.649,1.0,280.203,3.0911,19
8178,2048,3072,0,base,90.717,1,1.0,0,90.717,0,90.717,1.0,285.279,3.1447,19
8183,2048,3072,0,base,91.101,1,1.0,0,91.101,0,91.101,1.0,287.408,3.1548,19
8192,2048,3072,0,base,88.205,1,1.0,0,88.205,0,88.205,1.0,285.947,3.2418,19
8192,3072,3072,0,base,130.141,1,1.0,0,130.141,0,130.141,1.0,418.225,3.2136,19
8192,3072,6144,0,base,237.163,1,1.0,0,237.163,0,237.163,1.0,807.138,3.4033,19
8192,4096,3072,0,base,166.546,1,1.0,0,166.546,0,166.546,1.0,544.119,3.2671,19
8192,8192,3072,0,base,338.872,1,1.0,0,338.872,0,338.872,1.0,1060.953,3.1308,19
8213,3072,3072,0,base,151.878,1,1.0,0,151.878,0,151.878,1.0,417.553,2.7493,19
8213,4096,3072,0,base,186.582,1,1.0,0,186.582,0,186.582,1.0,546.915,2.9312,19
8216,3072,3072,0,base,149.01,1,1.0,0,149.01,0,149.01,1.0,418.589,2.8091,19
8216,4096,3072,0,base,186.098,1,1.0,0,186.098,0,186.098,1.0,544.223,2.9244,19
8240,2048,3072,0,base,107.093,1,1.0,0,107.093,0,107.093,1.0,292.816,2.7342,19
8311,3072,6144,0,base,282.107,1,1.0,0,282.107,0,282.107,1.0,825.806,2.9273,19
8311,8192,3072,0,base,367.32,1,1.0,0,367.32,0,367.32,1.0,1074.474,2.9252,19
8320,2048,3072,0,base,109.757,1,1.0,0,109.757,0,109.757,1.0,289.179,2.6347,19
8320,3072,3072,0,base,144.989,1,1.0,0,144.989,0,144.989,1.0,422.237,2.9122,19
8320,3072,6144,0,base,263.251,1,1.0,0,263.251,0,263.251,1.0,824.03,3.1302,19
8320,4096,3072,0,base,181.814,1,1.0,0,181.814,0,181.814,1.0,545.963,3.0029,19
8320,8192,3072,0,base,364.744,1,1.0,0,364.744,0,364.744,1.0,1077.569,2.9543,19
8323,3072,3072,0,base,151.29,1,1.0,0,151.29,0,151.29,1.0,425.553,2.8128,19
8323,4096,3072,0,base,187.594,1,1.0,0,187.594,0,187.594,1.0,556.131,2.9645,19
8365,2048,3072,0,base,109.109,1,1.0,0,109.109,0,109.109,1.0,293.271,2.6879,19
8381,2048,3072,0,base,109.473,1,1.0,0,109.473,0,109.473,1.0,293.708,2.6829,19
8448,2048,3072,0,base,105.133,1,1.0,0,105.133,0,105.133,1.0,295.444,2.8102,19
8448,3072,3072,0,base,144.554,1,1.0,0,144.554,0,144.554,1.0,430.801,2.9802,19
8448,3072,6144,0,base,263.815,1,1.0,0,263.815,0,263.815,1.0,840.25,3.185,19
8448,4096,3072,0,base,183.31,1,1.0,0,183.31,0,183.31,1.0,557.891,3.0434,19
8448,8192,3072,0,base,361.509,1,1.0,0,361.509,0,361.509,1.0,1101.653,3.0474,19
8460,3072,6144,0,base,282.14,1,1.0,0,282.14,0,282.14,1.0,845.171,2.9956,19
8460,8192,3072,0,base,364.765,1,1.0,0,364.765,0,364.765,1.0,1102.042,3.0212,19
8470,3072,3072,0,base,151.63,1,1.0,0,151.63,0,151.63,1.0,430.213,2.8373,19
8470,4096,3072,0,base,189.759,1,1.0,0,189.759,0,189.759,1.0,562.467,2.9641,19
8490,2048,3072,0,base,108.789,1,1.0,0,108.789,0,108.789,1.0,298.572,2.7445,19
8515,3072,3072,0,base,148.766,1,1.0,0,148.766,0,148.766,1.0,428.749,2.882,19
8515,4096,3072,0,base,190.446,1,1.0,0,190.446,0,190.446,1.0,562.395,2.953,19
8541,3072,6144,0,base,286.112,1,1.0,0,286.112,0,286.112,1.0,860.003,3.0058,19
8541,8192,3072,0,base,372.653,1,1.0,0,372.653,0,372.653,1.0,1113.654,2.9884,19
8576,2048,3072,0,base,109.197,1,1.0,0,109.197,0,109.197,1.0,301.172,2.758,19
8576,3072,3072,0,base,145.405,1,1.0,0,145.405,0,145.405,1.0,435.862,2.9976,19
8576,3072,6144,0,base,277.868,1,1.0,0,277.868,0,277.868,1.0,855.895,3.0802,19
8576,4096,3072,0,base,185.495,1,1.0,0,185.495,0,185.495,1.0,563.839,3.0397,19
8576,8192,3072,0,base,355.689,1,1.0,0,355.689,0,355.689,1.0,1123.102,3.1575,19
8603,3072,6144,0,base,287.575,1,1.0,0,287.575,0,287.575,1.0,864.011,3.0045,19
8603,8192,3072,0,base,374.869,1,1.0,0,374.869,0,374.869,1.0,1138.05,3.0359,19
8619,2048,3072,0,base,111.953,1,1.0,0,111.953,0,111.953,1.0,299.236,2.6729,19
8659,3072,6144,0,base,277.523,1,1.0,0,277.523,0,277.523,1.0,862.255,3.107,19
8659,8192,3072,0,base,365.576,1,1.0,0,365.576,0,365.576,1.0,1142.358,3.1248,19
8662,3072,3072,0,base,153.858,1,1.0,0,153.858,0,153.858,1.0,434.949,2.827,19
8662,4096,3072,0,base,187.806,1,1.0,0,187.806,0,187.806,1.0,572.423,3.0479,19
8683,2048,3072,0,base,106.901,1,1.0,0,106.901,0,106.901,1.0,299.928,2.8057,19
8683,3072,3072,0,base,149.746,1,1.0,0,149.746,0,149.746,1.0,442.982,2.9582,19
8683,3072,6144,0,base,283.248,1,1.0,0,283.248,0,283.248,1.0,863.271,3.0478,19
8683,4096,3072,0,base,194.243,1,1.0,0,194.243,0,194.243,1.0,576.327,2.967,19
8683,8192,3072,0,base,377.672,1,1.0,0,377.672,0,377.672,1.0,1143.974,3.029,19
8684,3072,6144,0,base,284.2,1,1.0,0,284.2,0,284.2,1.0,862.267,3.034,19
8684,8192,3072,0,base,373.669,1,1.0,0,373.669,0,373.669,1.0,1141.094,3.0538,19
8704,2048,3072,0,base,109.245,1,1.0,0,109.245,0,109.245,1.0,303.479,2.778,19
8704,3072,3072,0,base,146.758,1,1.0,0,146.758,0,146.758,1.0,439.701,2.9961,19
8704,3072,6144,0,base,274.691,1,1.0,0,274.691,0,274.691,1.0,855.531,3.1145,19
8704,4096,3072,0,base,183.746,1,1.0,0,183.746,0,183.746,1.0,572.911,3.1179,19
8704,8192,3072,0,base,363.304,1,1.0,0,363.304,0,363.304,1.0,1142.978,3.1461,19
8723,3072,3072,0,base,151.382,1,1.0,0,151.382,0,151.382,1.0,439.497,2.9032,19
8723,4096,3072,0,base,191.139,1,1.0,0,191.139,0,191.139,1.0,577.395,3.0208,19
8747,3072,6144,0,base,291.916,1,1.0,0,291.916,0,291.916,1.0,878.847,3.0106,19
8747,8192,3072,0,base,395.401,1,1.0,0,395.401,0,395.401,1.0,1150.222,2.909,19
8819,3072,3072,0,base,153.222,1,1.0,0,153.222,0,153.222,1.0,440.017,2.8718,19
8819,4096,3072,0,base,187.218,1,1.0,0,187.218,0,187.218,1.0,578.127,3.088,19
8832,2048,3072,0,base,105.725,1,1.0,0,105.725,0,105.725,1.0,307.216,2.9058,19
8832,3072,3072,0,base,144.038,1,1.0,0,144.038,0,144.038,1.0,444.209,3.084,19
8832,3072,6144,0,base,273.975,1,1.0,0,273.975,0,273.975,1.0,875.011,3.1938,19
8832,4096,3072,0,base,185.875,1,1.0,0,185.875,0,185.875,1.0,581.587,3.1289,19
8832,8192,3072,0,base,380.637,1,1.0,0,380.637,0,380.637,1.0,1152.478,3.0278,19
8897,3072,6144,0,base,289.012,1,1.0,0,289.012,0,289.012,1.0,896.143,3.1007,19
8897,8192,3072,0,base,402.721,1,1.0,0,402.721,0,402.721,1.0,1172.194,2.9107,19
8903,3072,6144,0,base,292.656,1,1.0,0,292.656,0,292.656,1.0,896.311,3.0627,19
8903,8192,3072,0,base,397.949,1,1.0,0,397.949,0,397.949,1.0,1165.507,2.9288,19
8927,3072,3072,0,base,151.75,1,1.0,0,151.75,0,151.75,1.0,451.862,2.9777,19
8927,4096,3072,0,base,196.954,1,1.0,0,196.954,0,196.954,1.0,587.979,2.9854,19
8960,2048,3072,0,base,107.221,1,1.0,0,107.221,0,107.221,1.0,312.088,2.9107,19
8960,3072,3072,0,base,144.346,1,1.0,0,144.346,0,144.346,1.0,451.098,3.1251,19
8960,3072,6144,0,base,277.303,1,1.0,0,277.303,0,277.303,1.0,890.775,3.2123,19
8960,4096,3072,0,base,184.915,1,1.0,0,184.915,0,184.915,1.0,589.091,3.1857,19
8960,8192,3072,0,base,384.897,1,1.0,0,384.897,0,384.897,1.0,1173.502,3.0489,19
8969,2048,3072,0,base,110.865,1,1.0,0,110.865,0,110.865,1.0,318.716,2.8748,19
8969,3072,3072,0,base,151.246,1,1.0,0,151.246,0,151.246,1.0,451.37,2.9843,19
8969,3072,6144,0,base,295.383,1,1.0,0,295.383,0,295.383,1.0,896.343,3.0345,19
8969,4096,3072,0,base,199.542,1,1.0,0,199.542,0,199.542,1.0,595.995,2.9868,19
8969,8192,3072,0,base,403.745,1,1.0,0,403.745,0,403.745,1.0,1173.006,2.9053,19
8972,3072,3072,0,base,154.042,1,1.0,0,154.042,0,154.042,1.0,451.582,2.9316,19
8972,4096,3072,0,base,192.91,1,1.0,0,192.91,0,192.91,1.0,594.599,3.0823,19
9000,2048,3072,0,base,109.905,1,1.0,0,109.905,0,109.905,1.0,317.164,2.8858,19
9001,3072,3072,0,base,150.597,1,1.0,0,150.597,0,150.597,1.0,460.946,3.0608,19
9001,3072,6144,0,base,300.216,1,1.0,0,300.216,0,300.216,1.0,895.163,2.9817,19
9001,4096,3072,0,base,196.802,1,1.0,0,196.802,0,196.802,1.0,599.715,3.0473,19
9001,8192,3072,0,base,398.045,1,1.0,0,398.045,0,398.045,1.0,1171.479,2.9431,19
9002,3072,6144,0,base,285.236,1,1.0,0,285.236,0,285.236,1.0,894.683,3.1366,19
9002,8192,3072,0,base,396.921,1,1.0,0,396.921,0,396.921,1.0,1190.767,3.0,19
9005,3072,3072,0,base,153.406,1,1.0,0,153.406,0,153.406,1.0,456.034,2.9727,19
9005,3072,6144,0,base,281.58,1,1.0,0,281.58,0,281.58,1.0,896.907,3.1853,19
9005,4096,3072,0,base,197.287,1,1.0,0,197.287,0,197.287,1.0,596.584,3.0239,19
9005,8192,3072,0,base,406.717,1,1.0,0,406.717,0,406.717,1.0,1174.983,2.8889,19
9006,2048,3072,0,base,112.097,1,1.0,0,112.097,0,112.097,1.0,318.476,2.8411,19
9007,3072,3072,0,base,152.77,1,1.0,0,152.77,0,152.77,1.0,448.774,2.9376,19
9007,4096,3072,0,base,198.178,1,1.0,0,198.178,0,198.178,1.0,596.155,3.0082,19
9008,2048,3072,0,base,109.997,1,1.0,0,109.997,0,109.997,1.0,307.303,2.7937,19
9008,3072,3072,0,base,151.198,1,1.0,0,151.198,0,151.198,1.0,452.306,2.9915,19
9008,4096,3072,0,base,196.955,1,1.0,0,196.955,0,196.955,1.0,595.823,3.0252,19
9018,3072,6144,0,base,297.756,1,1.0,0,297.756,0,297.756,1.0,896.683,3.0115,19
9018,8192,3072,0,base,401.421,1,1.0,0,401.421,0,401.421,1.0,1191.159,2.9674,19
9020,3072,6144,0,base,282.976,1,1.0,0,282.976,0,282.976,1.0,896.371,3.1677,19
9020,8192,3072,0,base,400.305,1,1.0,0,400.305,0,400.305,1.0,1180.266,2.9484,19
9023,2048,3072,0,base,114.858,1,1.0,0,114.858,0,114.858,1.0,319.704,2.7835,19
9043,2048,3072,0,base,109.009,1,1.0,0,109.009,0,109.009,1.0,315.016,2.8898,19
9088,2048,3072,0,base,105.482,1,1.0,0,105.482,0,105.482,1.0,322.0,3.0527,19
9088,3072,3072,0,base,145.241,1,1.0,0,145.241,0,145.241,1.0,458.357,3.1558,19
9088,3072,6144,0,base,287.923,1,1.0,0,287.923,0,287.923,1.0,909.547,3.159,19
9088,4096,3072,0,base,187.59,1,1.0,0,187.59,0,187.59,1.0,602.088,3.2096,19
9088,8192,3072,0,base,383.421,1,1.0,0,383.421,0,383.421,1.0,1182.707,3.0846,19
9099,2048,3072,0,base,110.569,1,1.0,0,110.569,0,110.569,1.0,315.32,2.8518,19
9108,2048,3072,0,base,109.369,1,1.0,0,109.369,0,109.369,1.0,320.008,2.9259,19
9183,2048,3072,0,base,108.806,1,1.0,0,108.806,0,108.806,1.0,314.732,2.8926,19
9205,3072,3072,0,base,153.358,1,1.0,0,153.358,0,153.358,1.0,460.878,3.0052,19
9205,4096,3072,0,base,193.502,1,1.0,0,193.502,0,193.502,1.0,605.647,3.1299,19
9210,2048,3072,0,base,110.993,1,1.0,0,110.993,0,110.993,1.0,322.54,2.9059,19
9214,2048,3072,0,base,109.401,1,1.0,0,109.401,0,109.401,1.0,325.24,2.9729,19
9216,2048,3072,0,base,105.537,1,1.0,0,105.537,0,105.537,1.0,323.776,3.0679,19
9216,3072,3072,0,base,145.95,1,1.0,0,145.95,0,145.95,1.0,467.97,3.2064,19
9216,3072,6144,0,base,271.883,1,1.0,0,271.883,0,271.883,1.0,907.495,3.3378,19
9216,4096,3072,0,base,187.51,1,1.0,0,187.51,0,187.51,1.0,614.236,3.2757,19
9216,8192,3072,0,base,397.525,1,1.0,0,397.525,0,397.525,1.0,1209.663,3.043,19
9308,2048,3072,0,base,110.981,1,1.0,0,110.981,0,110.981,1.0,326.82,2.9448,19
9332,3072,3072,0,base,156.558,1,1.0,0,156.558,0,156.558,1.0,468.154,2.9903,19
9332,4096,3072,0,base,212.463,1,1.0,0,212.463,0,212.463,1.0,614.232,2.891,19
9344,2048,3072,0,base,107.533,1,1.0,0,107.533,0,107.533,1.0,320.7,2.9823,19
9344,3072,3072,0,base,149.266,1,1.0,0,149.266,0,149.266,1.0,467.445,3.1316,19
9344,3072,6144,0,base,283.107,1,1.0,0,283.107,0,283.107,1.0,925.723,3.2699,19
9344,4096,3072,0,base,202.527,1,1.0,0,202.527,0,202.527,1.0,613.984,3.0316,19
9344,8192,3072,0,base,408.121,1,1.0,0,408.121,0,408.121,1.0,1235.203,3.0266,19
9348,2048,3072,0,base,112.213,1,1.0,0,112.213,0,112.213,1.0,324.964,2.896,19
9352,3072,3072,0,base,153.322,1,1.0,0,153.322,0,153.322,1.0,467.637,3.05,19
9352,4096,3072,0,base,210.679,1,1.0,0,210.679,0,210.679,1.0,621.891,2.9518,19
9383,2048,3072,0,base,111.661,1,1.0,0,111.661,0,111.661,1.0,330.876,2.9632,19
9408,3072,3072,0,base,150.35,1,1.0,0,150.35,0,150.35,1.0,480.002,3.1926,19
9408,4096,3072,0,base,210.383,1,1.0,0,210.383,0,210.383,1.0,621.379,2.9536,19
9414,3072,3072,0,base,153.53,1,1.0,0,153.53,0,153.53,1.0,478.178,3.1146,19
9414,4096,3072,0,base,212.579,1,1.0,0,212.579,0,212.579,1.0,624.448,2.9375,19
9416,3072,3072,0,base,156.434,1,1.0,0,156.434,0,156.434,1.0,472.978,3.0235,19
9416,4096,3072,0,base,210.007,1,1.0,0,210.007,0,210.007,1.0,623.092,2.967,19
9432,2048,3072,0,base,110.457,1,1.0,0,110.457,0,110.457,1.0,326.872,2.9593,19
9436,3072,3072,0,base,154.43,1,1.0,0,154.43,0,154.43,1.0,477.49,3.092,19
9436,4096,3072,0,base,209.751,1,1.0,0,209.751,0,209.751,1.0,626.36,2.9862,19
9438,2048,3072,0,base,111.057,1,1.0,0,111.057,0,111.057,1.0,327.152,2.9458,19
9439,2048,3072,0,base,109.497,1,1.0,0,109.497,0,109.497,1.0,326.748,2.9841,19
9439,3072,3072,0,base,154.954,1,1.0,0,154.954,0,154.954,1.0,476.666,3.0762,19
9439,4096,3072,0,base,207.311,1,1.0,0,207.311,0,207.311,1.0,622.492,3.0027,19
9471,2048,3072,0,base,107.946,1,1.0,0,107.946,0,107.946,1.0,327.72,3.036,19
9472,2048,3072,0,base,108.409,1,1.0,0,108.409,0,108.409,1.0,328.88,3.0337,19
9472,3072,3072,0,base,146.302,1,1.0,0,146.302,0,146.302,1.0,482.082,3.2951,19
9472,3072,6144,0,base,292.724,1,1.0,0,292.724,0,292.724,1.0,942.12,3.2185,19
9472,4096,3072,0,base,204.975,1,1.0,0,204.975,0,204.975,1.0,622.444,3.0367,19
9472,8192,3072,0,base,419.185,1,1.0,0,419.185,0,419.185,1.0,1235.347,2.947,19
9486,2048,3072,0,base,111.549,1,1.0,0,111.549,0,111.549,1.0,332.568,2.9814,19
9486,3072,3072,0,base,169.654,1,1.0,0,169.654,0,169.654,1.0,477.534,2.8147,19
9486,3072,6144,0,base,321.224,1,1.0,0,321.224,0,321.224,1.0,946.843,2.9476,19
9486,4096,3072,0,base,214.983,1,1.0,0,214.983,0,214.983,1.0,627.443,2.9186,19
9486,8192,3072,0,base,421.429,1,1.0,0,421.429,0,421.429,1.0,1241.203,2.9452,19
9600,2048,3072,0,base,111.11,1,1.0,0,111.11,0,111.11,1.0,340.312,3.0629,19
9600,3072,3072,0,base,167.29,1,1.0,0,167.29,0,167.29,1.0,483.754,2.8917,19
9600,3072,6144,0,base,306.1,1,1.0,0,306.1,0,306.1,1.0,956.652,3.1253,19
9600,4096,3072,0,base,205.407,1,1.0,0,205.407,0,205.407,1.0,632.292,3.0782,19
9600,8192,3072,0,base,414.641,1,1.0,0,414.641,0,414.641,1.0,1251.227,3.0176,19
9613,3072,3072,0,base,169.918,1,1.0,0,169.918,0,169.918,1.0,481.358,2.8329,19
9613,4096,3072,0,base,217.599,1,1.0,0,217.599,0,217.599,1.0,637.648,2.9304,19
9625,2048,3072,0,base,113.241,1,1.0,0,113.241,0,113.241,1.0,336.816,2.9743,19
9628,3072,3072,0,base,173.15,1,1.0,0,173.15,0,173.15,1.0,484.234,2.7966,19
9628,4096,3072,0,base,208.587,1,1.0,0,208.587,0,208.587,1.0,636.56,3.0518,19
9694,3072,6144,0,base,328.512,1,1.0,0,328.512,0,328.512,1.0,965.18,2.938,19
9694,8192,3072,0,base,421.313,1,1.0,0,421.313,0,421.313,1.0,1265.111,3.0028,19
9716,3072,3072,0,base,171.782,1,1.0,0,171.782,0,171.782,1.0,485.286,2.825,19
9716,4096,3072,0,base,210.567,1,1.0,0,210.567,0,210.567,1.0,638.32,3.0314,19
9728,2048,3072,0,base,106.189,1,1.0,0,106.189,0,106.189,1.0,336.18,3.1659,19
9728,3072,3072,0,base,166.03,1,1.0,0,166.03,0,166.03,1.0,491.142,2.9582,19
9728,3072,6144,0,base,318.596,1,1.0,0,318.596,0,318.596,1.0,959.4,3.0113,19
9728,4096,3072,0,base,202.347,1,1.0,0,202.347,0,202.347,1.0,636.364,3.1449,19
9728,8192,3072,0,base,419.589,1,1.0,0,419.589,0,419.589,1.0,1270.768,3.0286,19
9762,3072,6144,0,base,328.604,1,1.0,0,328.604,0,328.604,1.0,980.444,2.9837,19
9762,8192,3072,0,base,444.918,1,1.0,0,444.918,0,444.918,1.0,1273.244,2.8618,19
9823,3072,6144,0,base,316.216,1,1.0,0,316.216,0,316.216,1.0,979.82,3.0986,19
9823,8192,3072,0,base,442.822,1,1.0,0,442.822,0,442.822,1.0,1287.388,2.9072,19
9830,3072,3072,0,base,171.85,1,1.0,0,171.85,0,171.85,1.0,491.366,2.8593,19
9830,4096,3072,0,base,212.871,1,1.0,0,212.871,0,212.871,1.0,651.044,3.0584,19
9856,2048,3072,0,base,110.257,1,1.0,0,110.257,0,110.257,1.0,335.064,3.0389,19
9856,3072,3072,0,base,165.49,1,1.0,0,165.49,0,165.49,1.0,497.982,3.0091,19
9856,3072,6144,0,base,325.28,1,1.0,0,325.28,0,325.28,1.0,972.656,2.9902,19
9856,4096,3072,0,base,207.079,1,1.0,0,207.079,0,207.079,1.0,646.332,3.1212,19
9856,8192,3072,0,base,424.017,1,1.0,0,424.017,0,424.017,1.0,1289.368,3.0408,19
9876,2048,3072,0,base,112.305,1,1.0,0,112.305,0,112.305,1.0,346.528,3.0856,19
9876,3072,3072,0,base,166.994,1,1.0,0,166.994,0,166.994,1.0,493.686,2.9563,19
9876,4096,3072,0,base,216.071,1,1.0,0,216.071,0,216.071,1.0,656.324,3.0375,19
9957,3072,6144,0,base,330.896,1,1.0,0,330.896,0,330.896,1.0,996.872,3.0126,19
9957,8192,3072,0,base,452.886,1,1.0,0,452.886,0,452.886,1.0,1307.608,2.8873,19
9984,2048,3072,0,base,109.593,1,1.0,0,109.593,0,109.593,1.0,344.976,3.1478,19
9984,3072,3072,0,base,166.566,1,1.0,0,166.566,0,166.566,1.0,498.446,2.9925,19
9984,3072,6144,0,base,321.628,1,1.0,0,321.628,0,321.628,1.0,989.728,3.0772,19
9984,4096,3072,0,base,208.899,1,1.0,0,208.899,0,208.899,1.0,657.824,3.149,19
9984,8192,3072,0,base,443.161,1,1.0,0,443.161,0,443.161,1.0,1300.384,2.9343,19
10000,2048,3072,0,base,114.873,1,1.0,0,114.873,0,114.873,1.0,353.532,3.0776,19
10000,3072,3072,0,base,168.646,1,1.0,0,168.646,0,168.646,1.0,503.278,2.9842,19
10000,3072,6144,0,base,329.264,1,1.0,0,329.264,0,329.264,1.0,992.584,3.0146,19
10000,4096,3072,0,base,215.843,1,1.0,0,215.843,0,215.843,1.0,659.884,3.0572,19
10000,8192,3072,0,base,455.678,1,1.0,0,455.678,0,455.678,1.0,1302.092,2.8575,19
10001,2048,3072,0,base,115.181,1,1.0,0,115.181,0,115.181,1.0,351.832,3.0546,19
10001,3072,3072,0,base,174.986,1,1.0,0,174.986,0,174.986,1.0,502.798,2.8734,19
10001,3072,6144,0,base,337.868,1,1.0,0,337.868,0,337.868,1.0,993.217,2.9397,19
10001,4096,3072,0,base,221.575,1,1.0,0,221.575,0,221.575,1.0,659.792,2.9777,19
10001,8192,3072,0,base,448.318,1,1.0,0,448.318,0,448.318,1.0,1303.04,2.9065,19
10002,2048,3072,0,base,116.529,1,1.0,0,116.529,0,116.529,1.0,349.937,3.003,19
10002,3072,3072,0,base,169.366,1,1.0,0,169.366,0,169.366,1.0,498.038,2.9406,19
10002,3072,6144,0,base,328.256,1,1.0,0,328.256,0,328.256,1.0,990.696,3.0181,19
10002,4096,3072,0,base,214.211,1,1.0,0,214.211,0,214.211,1.0,659.728,3.0798,19
10002,8192,3072,0,base,452.654,1,1.0,0,452.654,0,452.654,1.0,1302.5,2.8775,19
10003,2048,3072,0,base,115.617,1,1.0,0,115.617,0,115.617,1.0,348.68,3.0158,19
10003,3072,3072,0,base,171.586,1,1.0,0,171.586,0,171.586,1.0,505.198,2.9443,19
10003,3072,6144,0,base,334.768,1,1.0,0,334.768,0,334.768,1.0,993.388,2.9674,19
10003,4096,3072,0,base,225.911,1,1.0,0,225.911,0,225.911,1.0,659.88,2.921,19
10003,8192,3072,0,base,443.985,1,1.0,0,443.985,0,443.985,1.0,1299.936,2.9279,19
10004,3072,3072,0,base,171.958,1,1.0,0,171.958,0,171.958,1.0,496.874,2.8895,19
10004,4096,3072,0,base,214.359,1,1.0,0,214.359,0,214.359,1.0,660.232,3.08,19
10005,2048,3072,0,base,114.385,1,1.0,0,114.385,0,114.385,1.0,354.721,3.1011,19
10006,2048,3072,0,base,110.825,1,1.0,0,110.825,0,110.825,1.0,351.328,3.1701,19
10006,3072,3072,0,base,168.086,1,1.0,0,168.086,0,168.086,1.0,496.99,2.9568,19
10006,3072,6144,0,base,327.496,1,1.0,0,327.496,0,327.496,1.0,992.436,3.0304,19
10006,4096,3072,0,base,218.887,1,1.0,0,218.887,0,218.887,1.0,660.288,3.0166,19
10006,8192,3072,0,base,452.766,1,1.0,0,452.766,0,452.766,1.0,1305.44,2.8833,19
10007,3072,3072,0,base,173.958,1,1.0,0,173.958,0,173.958,1.0,502.162,2.8867,19
10007,4096,3072,0,base,212.559,1,1.0,0,212.559,0,212.559,1.0,659.08,3.1007,19
10008,2048,3072,0,base,114.929,1,1.0,0,114.929,0,114.929,1.0,348.248,3.0301,19
10009,2048,3072,0,base,110.557,1,1.0,0,110.557,0,110.557,1.0,352.852,3.1916,19
10009,3072,3072,0,base,173.59,1,1.0,0,173.59,0,173.59,1.0,501.002,2.8861,19
10009,4096,3072,0,base,209.691,1,1.0,0,209.691,0,209.691,1.0,658.744,3.1415,19
10012,2048,3072,0,base,112.293,1,1.0,0,112.293,0,112.293,1.0,349.621,3.1135,19
10012,3072,3072,0,base,172.154,1,1.0,0,172.154,0,172.154,1.0,503.434,2.9243,19
10012,4096,3072,0,base,211.351,1,1.0,0,211.351,0,211.351,1.0,658.56,3.116,19
10014,2048,3072,0,base,114.449,1,1.0,0,114.449,0,114.449,1.0,353.34,3.0873,19
10014,3072,3072,0,base,168.51,1,1.0,0,168.51,0,168.51,1.0,496.054,2.9438,19
10014,3072,6144,0,base,344.732,1,1.0,0,344.732,0,344.732,1.0,994.772,2.8856,19
10014,4096,3072,0,base,219.911,1,1.0,0,219.911,0,219.911,1.0,661.344,3.0073,19
10014,8192,3072,0,base,444.061,1,1.0,0,444.061,0,444.061,1.0,1315.72,2.9629,19
10015,3072,6144,0,base,329.024,1,1.0,0,329.024,0,329.024,1.0,992.884,3.0177,19
10015,8192,3072,0,base,455.585,1,1.0,0,455.585,0,455.585,1.0,1308.088,2.8712,19
10016,2048,3072,0,base,115.613,1,1.0,0,115.613,0,115.613,1.0,347.64,3.0069,19
10016,3072,6144,0,base,339.536,1,1.0,0,339.536,0,339.536,1.0,989.044,2.9129,19
10016,8192,3072,0,base,454.806,1,1.0,0,454.806,0,454.806,1.0,1307.76,2.8754,19
10019,3072,6144,0,base,323.2,1,1.0,0,323.2,0,323.2,1.0,995.757,3.0809,19
10019,8192,3072,0,base,454.546,1,1.0,0,454.546,0,454.546,1.0,1300.86,2.8619,19
10020,3072,6144,0,base,319.596,1,1.0,0,319.596,0,319.596,1.0,995.272,3.1142,19
10020,8192,3072,0,base,455.094,1,1.0,0,455.094,0,455.094,1.0,1308.488,2.8752,19
10022,3072,6144,0,base,319.672,1,1.0,0,319.672,0,319.672,1.0,995.86,3.1153,19
10022,8192,3072,0,base,450.077,1,1.0,0,450.077,0,450.077,1.0,1306.86,2.9036,19
10023,2048,3072,0,base,115.453,1,1.0,0,115.453,0,115.453,1.0,349.712,3.029,19
10030,2048,3072,0,base,111.909,1,1.0,0,111.909,0,111.909,1.0,352.156,3.1468,19
10030,3072,3072,0,base,171.474,1,1.0,0,171.474,0,171.474,1.0,497.878,2.9035,19
10030,4096,3072,0,base,214.223,1,1.0,0,214.223,0,214.223,1.0,658.792,3.0753,19
10031,2048,3072,0,base,113.485,1,1.0,0,113.485,0,113.485,1.0,348.357,3.0696,19
10031,3072,3072,0,base,169.61,1,1.0,0,169.61,0,169.61,1.0,500.634,2.9517,19
10031,3072,6144,0,base,321.516,1,1.0,0,321.516,0,321.516,1.0,994.657,3.0936,19
10031,4096,3072,0,base,219.127,1,1.0,0,219.127,0,219.127,1.0,660.116,3.0125,19
10031,8192,3072,0,base,450.634,1,1.0,0,450.634,0,450.634,1.0,1298.948,2.8825,19
10035,3072,6144,0,base,330.56,1,1.0,0,330.56,0,330.56,1.0,993.952,3.0069,19
10035,8192,3072,0,base,455.562,1,1.0,0,455.562,0,455.562,1.0,1303.956,2.8623,19
10036,3072,6144,0,base,333.588,1,1.0,0,333.588,0,333.588,1.0,993.352,2.9778,19
10036,8192,3072,0,base,446.006,1,1.0,0,446.006,0,446.006,1.0,1315.976,2.9506,19
10037,3072,6144,0,base,333.216,1,1.0,0,333.216,0,333.216,1.0,994.328,2.984,19
10037,8192,3072,0,base,448.358,1,1.0,0,448.358,0,448.358,1.0,1306.516,2.914,19
10038,3072,6144,0,base,333.384,1,1.0,0,333.384,0,333.384,1.0,994.081,2.9818,19
10038,8192,3072,0,base,459.774,1,1.0,0,459.774,0,459.774,1.0,1301.156,2.83,19
10041,3072,6144,0,base,319.404,1,1.0,0,319.404,0,319.404,1.0,994.976,3.1151,19
10041,8192,3072,0,base,455.082,1,1.0,0,455.082,0,455.082,1.0,1315.169,2.89,19
10042,3072,6144,0,base,326.612,1,1.0,0,326.612,0,326.612,1.0,994.6,3.0452,19
10042,8192,3072,0,base,448.41,1,1.0,0,448.41,0,448.41,1.0,1312.892,2.9279,19
10045,3072,6144,0,base,332.564,1,1.0,0,332.564,0,332.564,1.0,993.796,2.9883,19
10045,8192,3072,0,base,447.406,1,1.0,0,447.406,0,447.406,1.0,1304.884,2.9166,19
10046,2048,3072,0,base,114.386,1,1.0,0,114.386,0,114.386,1.0,349.144,3.0523,19
10046,3072,3072,0,base,171.506,1,1.0,0,171.506,0,171.506,1.0,505.079,2.945,19
10046,4096,3072,0,base,219.595,1,1.0,0,219.595,0,219.595,1.0,660.164,3.0063,19
10049,3072,3072,0,base,172.158,1,1.0,0,172.158,0,172.158,1.0,497.906,2.8921,19
10049,4096,3072,0,base,211.367,1,1.0,0,211.367,0,211.367,1.0,662.356,3.1337,19
10053,2048,3072,0,base,113.553,1,1.0,0,113.553,0,113.553,1.0,354.636,3.1231,19
10054,2048,3072,0,base,112.241,1,1.0,0,112.241,0,112.241,1.0,352.18,3.1377,19
10054,3072,3072,0,base,173.03,1,1.0,0,173.03,0,173.03,1.0,501.174,2.8965,19
10054,4096,3072,0,base,214.439,1,1.0,0,214.439,0,214.439,1.0,662.752,3.0906,19
10055,3072,3072,0,base,174.998,1,1.0,0,174.998,0,174.998,1.0,501.182,2.8639,19
10055,4096,3072,0,base,213.267,1,1.0,0,213.267,0,213.267,1.0,668.564,3.1349,19
10056,3072,3072,0,base,173.662,1,1.0,0,173.662,0,173.662,1.0,501.414,2.8873,19
10056,4096,3072,0,base,222.606,1,1.0,0,222.606,0,222.606,1.0,659.012,2.9604,19
10058,3072,3072,0,base,171.878,1,1.0,0,171.878,0,171.878,1.0,500.982,2.9148,19
10058,4096,3072,0,base,219.291,1,1.0,0,219.291,0,219.291,1.0,661.608,3.017,19
10060,2048,3072,0,base,115.173,1,1.0,0,115.173,0,115.173,1.0,353.008,3.065,19
10060,3072,3072,0,base,171.27,1,1.0,0,171.27,0,171.27,1.0,501.866,2.9303,19
10060,4096,3072,0,base,219.319,1,1.0,0,219.319,0,219.319,1.0,663.108,3.0235,19
10061,2048,3072,0,base,113.917,1,1.0,0,113.917,0,113.917,1.0,352.36,3.0931,19
10062,3072,3072,0,base,170.658,1,1.0,0,170.658,0,170.658,1.0,504.474,2.9561,19
10062,4096,3072,0,base,219.387,1,1.0,0,219.387,0,219.387,1.0,663.144,3.0227,19
10063,2048,3072,0,base,114.033,1,1.0,0,114.033,0,114.033,1.0,348.912,3.0597,19
10063,3072,3072,0,base,169.266,1,1.0,0,169.266,0,169.266,1.0,498.894,2.9474,19
10063,4096,3072,0,base,208.355,1,1.0,0,208.355,0,208.355,1.0,661.824,3.1764,19
10076,3072,3072,0,base,170.982,1,1.0,0,170.982,0,170.982,1.0,508.734,2.9754,19
10076,4096,3072,0,base,220.855,1,1.0,0,220.855,0,220.855,1.0,661.776,2.9964,19
10083,3072,6144,0,base,339.068,1,1.0,0,339.068,0,339.068,1.0,1012.065,2.9848,19
10083,8192,3072,0,base,456.158,1,1.0,0,456.158,0,456.158,1.0,1311.316,2.8747,19
10086,2048,3072,0,base,114.917,1,1.0,0,114.917,0,114.917,1.0,352.128,3.0642,19
10088,3072,6144,0,base,334.004,1,1.0,0,334.004,0,334.004,1.0,1012.789,3.0323,19
10088,8192,3072,0,base,455.634,1,1.0,0,455.634,0,455.634,1.0,1310.124,2.8754,19
10095,2048,3072,0,base,115.437,1,1.0,0,115.437,0,115.437,1.0,351.908,3.0485,19
10095,3072,3072,0,base,170.142,1,1.0,0,170.142,0,170.142,1.0,510.098,2.9981,19
10095,4096,3072,0,base,218.747,1,1.0,0,218.747,0,218.747,1.0,665.58,3.0427,19
10108,3072,3072,0,base,169.502,1,1.0,0,169.502,0,169.502,1.0,505.946,2.9849,19
10108,4096,3072,0,base,214.411,1,1.0,0,214.411,0,214.411,1.0,664.228,3.0979,19
10109,3072,3072,0,base,173.558,1,1.0,0,173.558,0,173.558,1.0,513.755,2.9601,19
10109,4096,3072,0,base,222.515,1,1.0,0,222.515,0,222.515,1.0,661.724,2.9738,19
10112,2048,3072,0,base,112.285,1,1.0,0,112.285,0,112.285,1.0,348.944,3.1077,19
10112,3072,3072,0,base,163.39,1,1.0,0,163.39,0,163.39,1.0,508.694,3.1134,19
10112,3072,6144,0,base,317.9,1,1.0,0,317.9,0,317.9,1.0,1005.093,3.1617,19
10112,4096,3072,0,base,209.671,1,1.0,0,209.671,0,209.671,1.0,663.572,3.1648,19
10112,8192,3072,0,base,449.545,1,1.0,0,449.545,0,449.545,1.0,1318.5,2.933,19
10120,3072,3072,0,base,169.594,1,1.0,0,169.594,0,169.594,1.0,505.294,2.9794,19
10120,4096,3072,0,base,220.491,1,1.0,0,220.491,0,220.491,1.0,669.904,3.0382,19
10122,2048,3072,0,base,113.453,1,1.0,0,113.453,0,113.453,1.0,353.852,3.1189,19
10125,3072,3072,0,base,172.346,1,1.0,0,172.346,0,172.346,1.0,504.61,2.9279,19
10125,4096,3072,0,base,215.311,1,1.0,0,215.311,0,215.311,1.0,668.756,3.106,19
10126,2048,3072,0,base,113.434,1,1.0,0,113.434,0,113.434,1.0,355.072,3.1302,19
10126,3072,3072,0,base,169.39,1,1.0,0,169.39,0,169.39,1.0,506.302,2.989,19
10126,4096,3072,0,base,215.931,1,1.0,0,215.931,0,215.931,1.0,669.02,3.0983,19
10127,2048,3072,0,base,113.065,1,1.0,0,113.065,0,113.065,1.0,349.736,3.0932,19
10127,3072,3072,0,base,168.574,1,1.0,0,168.574,0,168.574,1.0,506.538,3.0048,19
10127,4096,3072,0,base,216.383,1,1.0,0,216.383,0,216.383,1.0,669.244,3.0929,19
10128,3072,3072,0,base,172.482,1,1.0,0,172.482,0,172.482,1.0,513.174,2.9752,19
10128,4096,3072,0,base,215.243,1,1.0,0,215.243,0,215.243,1.0,667.076,3.0992,19
10130,3072,3072,0,base,171.642,1,1.0,0,171.642,0,171.642,1.0,509.278,2.9671,19
10130,4096,3072,0,base,214.135,1,1.0,0,214.135,0,214.135,1.0,668.244,3.1207,19
10131,3072,3072,0,base,172.07,1,1.0,0,172.07,0,172.07,1.0,507.25,2.9479,19
10131,4096,3072,0,base,217.515,1,1.0,0,217.515,0,217.515,1.0,673.968,3.0985,19
10132,3072,3072,0,base,171.93,1,1.0,0,171.93,0,171.93,1.0,513.658,2.9876,19
10132,4096,3072,0,base,219.09,1,1.0,0,219.09,0,219.09,1.0,668.357,3.0506,19
10133,3072,3072,0,base,172.934,1,1.0,0,172.934,0,172.934,1.0,515.282,2.9796,19
10133,4096,3072,0,base,217.059,1,1.0,0,217.059,0,217.059,1.0,668.332,3.079,19
10134,3072,3072,0,base,173.414,1,1.0,0,173.414,0,173.414,1.0,515.855,2.9747,19
10134,4096,3072,0,base,216.135,1,1.0,0,216.135,0,216.135,1.0,669.436,3.0973,19
10140,2048,3072,0,base,114.765,1,1.0,0,114.765,0,114.765,1.0,355.288,3.0958,19
10140,3072,3072,0,base,169.65,1,1.0,0,169.65,0,169.65,1.0,509.706,3.0045,19
10140,4096,3072,0,base,217.867,1,1.0,0,217.867,0,217.867,1.0,668.336,3.0676,19
10141,3072,3072,0,base,172.166,1,1.0,0,172.166,0,172.166,1.0,510.094,2.9628,19
10141,4096,3072,0,base,212.103,1,1.0,0,212.103,0,212.103,1.0,667.328,3.1463,19
10142,3072,3072,0,base,172.15,1,1.0,0,172.15,0,172.15,1.0,509.27,2.9583,19
10142,4096,3072,0,base,214.963,1,1.0,0,214.963,0,214.963,1.0,676.321,3.1462,19
10143,3072,3072,0,base,174.182,1,1.0,0,174.182,0,174.182,1.0,508.146,2.9173,19
10143,4096,3072,0,base,220.423,1,1.0,0,220.423,0,220.423,1.0,674.572,3.0604,19
10146,3072,3072,0,base,170.462,1,1.0,0,170.462,0,170.462,1.0,507.334,2.9762,19
10146,4096,3072,0,base,220.015,1,1.0,0,220.015,0,220.015,1.0,673.313,3.0603,19
10147,3072,3072,0,base,170.646,1,1.0,0,170.646,0,170.646,1.0,513.07,3.0066,19
10147,4096,3072,0,base,213.467,1,1.0,0,213.467,0,213.467,1.0,668.912,3.1336,19
10148,3072,3072,0,base,173.778,1,1.0,0,173.778,0,173.778,1.0,504.642,2.9039,19
10148,4096,3072,0,base,212.583,1,1.0,0,212.583,0,212.583,1.0,667.972,3.1422,19
10156,3072,3072,0,base,172.094,1,1.0,0,172.094,0,172.094,1.0,509.787,2.9623,19
10156,4096,3072,0,base,209.283,1,1.0,0,209.283,0,209.283,1.0,671.028,3.2063,19
10157,3072,3072,0,base,173.55,1,1.0,0,173.55,0,173.55,1.0,510.394,2.9409,19
10157,4096,3072,0,base,213.339,1,1.0,0,213.339,0,213.339,1.0,671.668,3.1484,19
10173,3072,3072,0,base,173.734,1,1.0,0,173.734,0,173.734,1.0,509.782,2.9343,19
10173,4096,3072,0,base,214.755,1,1.0,0,214.755,0,214.755,1.0,670.696,3.1231,19
10174,3072,3072,0,base,171.458,1,1.0,0,171.458,0,171.458,1.0,510.89,2.9797,19
10174,4096,3072,0,base,213.039,1,1.0,0,213.039,0,213.039,1.0,677.436,3.1799,19
10175,3072,3072,0,base,171.442,1,1.0,0,171.442,0,171.442,1.0,513.154,2.9932,19
10175,4096,3072,0,base,215.751,1,1.0,0,215.751,0,215.751,1.0,670.732,3.1088,19
10176,3072,3072,0,base,174.662,1,1.0,0,174.662,0,174.662,1.0,511.338,2.9276,19
10176,4096,3072,0,base,213.375,1,1.0,0,213.375,0,213.375,1.0,672.192,3.1503,19
10177,3072,3072,0,base,169.926,1,1.0,0,169.926,0,169.926,1.0,506.142,2.9786,19
10177,4096,3072,0,base,210.655,1,1.0,0,210.655,0,210.655,1.0,677.812,3.2176,19
10178,3072,3072,0,base,173.202,1,1.0,0,173.202,0,173.202,1.0,515.158,2.9743,19
10178,4096,3072,0,base,215.823,1,1.0,0,215.823,0,215.823,1.0,669.6,3.1025,19
10179,3072,3072,0,base,173.498,1,1.0,0,173.498,0,173.498,1.0,504.906,2.9102,19
10179,4096,3072,0,base,209.723,1,1.0,0,209.723,0,209.723,1.0,674.46,3.216,19
10180,3072,3072,0,base,171.99,1,1.0,0,171.99,0,171.99,1.0,506.998,2.9478,19
10180,4096,3072,0,base,221.343,1,1.0,0,221.343,0,221.343,1.0,670.428,3.0289,19
10181,3072,3072,0,base,172.05,1,1.0,0,172.05,0,172.05,1.0,509.139,2.9592,19
10181,4096,3072,0,base,219.059,1,1.0,0,219.059,0,219.059,1.0,671.876,3.0671,19
10186,3072,3072,0,base,172.634,1,1.0,0,172.634,0,172.634,1.0,509.514,2.9514,19
10186,4096,3072,0,base,211.843,1,1.0,0,211.843,0,211.843,1.0,670.016,3.1628,19
10196,3072,6144,0,base,331.644,1,1.0,0,331.644,0,331.644,1.0,1015.821,3.063,19
10196,8192,3072,0,base,459.362,1,1.0,0,459.362,0,459.362,1.0,1328.045,2.8911,19
10205,3072,3072,0,base,175.25,1,1.0,0,175.25,0,175.25,1.0,510.894,2.9152,19
10205,4096,3072,0,base,213.599,1,1.0,0,213.599,0,213.599,1.0,671.092,3.1418,19
10206,3072,3072,0,base,176.566,1,1.0,0,176.566,0,176.566,1.0,509.906,2.8879,19
10206,4096,3072,0,base,214.935,1,1.0,0,214.935,0,214.935,1.0,668.145,3.1086,19
10208,3072,3072,0,base,171.03,1,1.0,0,171.03,0,171.03,1.0,511.838,2.9927,19
10208,4096,3072,0,base,221.619,1,1.0,0,221.619,0,221.619,1.0,670.788,3.0268,19
10216,3072,6144,0,base,318.712,1,1.0,0,318.712,0,318.712,1.0,1012.509,3.1769,19
10216,8192,3072,0,base,444.598,1,1.0,0,444.598,0,444.598,1.0,1325.701,2.9818,19
10217,3072,6144,0,base,328.576,1,1.0,0,328.576,0,328.576,1.0,1017.765,3.0975,19
10217,8192,3072,0,base,446.502,1,1.0,0,446.502,0,446.502,1.0,1335.837,2.9918,19
10223,3072,3072,0,base,175.01,1,1.0,0,175.01,0,175.01,1.0,507.903,2.9021,19
10223,4096,3072,0,base,218.41,1,1.0,0,218.41,0,218.41,1.0,677.553,3.1022,19
10225,3072,3072,0,base,173.806,1,1.0,0,173.806,0,173.806,1.0,509.018,2.9287,19
10225,3072,6144,0,base,330.684,1,1.0,0,330.684,0,330.684,1.0,1014.449,3.0677,19
10225,4096,3072,0,base,223.655,1,1.0,0,223.655,0,223.655,1.0,669.196,2.9921,19
10225,8192,3072,0,base,465.206,1,1.0,0,465.206,0,465.206,1.0,1327.185,2.8529,19
10226,3072,3072,0,base,175.118,1,1.0,0,175.118,0,175.118,1.0,506.747,2.8937,19
10226,4096,3072,0,base,218.819,1,1.0,0,218.819,0,218.819,1.0,670.264,3.0631,19
10227,3072,6144,0,base,326.652,1,1.0,0,326.652,0,326.652,1.0,1012.045,3.0982,19
10227,8192,3072,0,base,452.066,1,1.0,0,452.066,0,452.066,1.0,1333.777,2.9504,19
10231,3072,3072,0,base,171.81,1,1.0,0,171.81,0,171.81,1.0,510.266,2.9699,19
10231,4096,3072,0,base,215.167,1,1.0,0,215.167,0,215.167,1.0,672.584,3.1259,19
10232,3072,3072,0,base,169.822,1,1.0,0,169.822,0,169.822,1.0,510.954,3.0088,19
10232,4096,3072,0,base,213.534,1,1.0,0,213.534,0,213.534,1.0,669.428,3.135,19
10233,3072,3072,0,base,171.122,1,1.0,0,171.122,0,171.122,1.0,511.978,2.9919,19
10233,4096,3072,0,base,212.927,1,1.0,0,212.927,0,212.927,1.0,669.728,3.1453,19
10235,3072,3072,0,base,169.63,1,1.0,0,169.63,0,169.63,1.0,506.514,2.986,19
10235,4096,3072,0,base,222.123,1,1.0,0,222.123,0,222.123,1.0,671.985,3.0253,19
10236,3072,3072,0,base,170.962,1,1.0,0,170.962,0,170.962,1.0,507.362,2.9677,19
10236,4096,3072,0,base,221.015,1,1.0,0,221.015,0,221.015,1.0,673.176,3.0458,19
10237,3072,3072,0,base,172.574,1,1.0,0,172.574,0,172.574,1.0,509.618,2.953,19
10237,3072,6144,0,base,329.508,1,1.0,0,329.508,0,329.508,1.0,1011.401,3.0694,19
10237,4096,3072,0,base,223.203,1,1.0,0,223.203,0,223.203,1.0,670.492,3.004,19
10237,8192,3072,0,base,460.218,1,1.0,0,460.218,0,460.218,1.0,1355.433,2.9452,19
10238,3072,3072,0,base,174.006,1,1.0,0,174.006,0,174.006,1.0,509.918,2.9305,19
10238,4096,3072,0,base,213.315,1,1.0,0,213.315,0,213.315,1.0,671.368,3.1473,19
10240,2048,3072,0,base,109.989,1,1.0,0,109.989,0,109.989,1.0,351.116,3.1923,19
10240,3072,3072,0,base,165.434,1,1.0,0,165.434,0,165.434,1.0,516.523,3.1222,19
10240,3072,6144,0,base,316.62,1,1.0,0,316.62,0,316.62,1.0,1006.685,3.1795,19
10240,4096,3072,0,base,207.915,1,1.0,0,207.915,0,207.915,1.0,670.841,3.2265,19
10240,8192,3072,0,base,440.782,1,1.0,0,440.782,0,440.782,1.0,1329.216,3.0156,19
10242,3072,3072,0,base,171.842,1,1.0,0,171.842,0,171.842,1.0,516.735,3.007,19
10242,4096,3072,0,base,237.639,1,1.0,0,237.639,0,237.639,1.0,676.353,2.8461,19
10243,3072,3072,0,base,177.25,1,1.0,0,177.25,0,177.25,1.0,515.834,2.9102,19
10243,4096,3072,0,base,237.219,1,1.0,0,237.219,0,237.219,1.0,676.016,2.8498,19
10244,2048,3072,0,base,131.618,1,1.0,0,131.618,0,131.618,1.0,357.408,2.7155,19
10247,3072,3072,0,base,170.946,1,1.0,0,170.946,0,170.946,1.0,522.875,3.0587,19
10247,4096,3072,0,base,230.283,1,1.0,0,230.283,0,230.283,1.0,675.544,2.9335,19
10248,2048,3072,0,base,132.666,1,1.0,0,132.666,0,132.666,1.0,362.357,2.7313,19
10248,3072,3072,0,base,171.07,1,1.0,0,171.07,0,171.07,1.0,519.066,3.0342,19
10248,4096,3072,0,base,230.987,1,1.0,0,230.987,0,230.987,1.0,674.509,2.9201,19
10249,3072,3072,0,base,176.358,1,1.0,0,176.358,0,176.358,1.0,519.511,2.9458,19
10249,4096,3072,0,base,228.091,1,1.0,0,228.091,0,228.091,1.0,675.124,2.9599,19
10250,3072,3072,0,base,177.686,1,1.0,0,177.686,0,177.686,1.0,516.49,2.9068,19
10250,4096,3072,0,base,229.055,1,1.0,0,229.055,0,229.055,1.0,677.409,2.9574,19
10251,3072,3072,0,base,172.038,1,1.0,0,172.038,0,172.038,1.0,516.326,3.0012,19
10251,4096,3072,0,base,230.859,1,1.0,0,230.859,0,230.859,1.0,676.092,2.9286,19
10252,3072,3072,0,base,170.81,1,1.0,0,170.81,0,170.81,1.0,519.323,3.0404,19
10252,4096,3072,0,base,228.155,1,1.0,0,228.155,0,228.155,1.0,676.648,2.9657,19
10253,3072,6144,0,base,330.252,1,1.0,0,330.252,0,330.252,1.0,1024.953,3.1035,19
10253,8192,3072,0,base,470.894,1,1.0,0,470.894,0,470.894,1.0,1336.453,2.8381,19
10254,3072,3072,0,base,172.346,1,1.0,0,172.346,0,172.346,1.0,518.155,3.0065,19
10254,4096,3072,0,base,229.395,1,1.0,0,229.395,0,229.395,1.0,676.496,2.949,19
10255,2048,3072,0,base,131.15,1,1.0,0,131.15,0,131.15,1.0,361.528,2.7566,19
10255,3072,3072,0,base,171.782,1,1.0,0,171.782,0,171.782,1.0,511.742,2.979,19
10255,4096,3072,0,base,231.283,1,1.0,0,231.283,0,231.283,1.0,674.612,2.9168,19
10256,3072,3072,0,base,171.518,1,1.0,0,171.518,0,171.518,1.0,522.211,3.0446,19
10256,4096,3072,0,base,229.283,1,1.0,0,229.283,0,229.283,1.0,679.34,2.9629,19
10258,3072,3072,0,base,171.478,1,1.0,0,171.478,0,171.478,1.0,517.479,3.0178,19
10258,4096,3072,0,base,229.967,1,1.0,0,229.967,0,229.967,1.0,677.133,2.9445,19
10259,3072,3072,0,base,175.298,1,1.0,0,175.298,0,175.298,1.0,517.291,2.9509,19
10259,4096,3072,0,base,232.827,1,1.0,0,232.827,0,232.827,1.0,679.557,2.9187,19
10264,3072,6144,0,base,338.82,1,1.0,0,338.82,0,338.82,1.0,1026.125,3.0285,19
10264,8192,3072,0,base,470.81,1,1.0,0,470.81,0,470.81,1.0,1346.913,2.8608,19
10265,3072,6144,0,base,334.408,1,1.0,0,334.408,0,334.408,1.0,1027.033,3.0712,19
10265,8192,3072,0,base,474.126,1,1.0,0,474.126,0,474.126,1.0,1336.441,2.8187,19
10266,3072,3072,0,base,175.118,1,1.0,0,175.118,0,175.118,1.0,515.439,2.9434,19
10266,4096,3072,0,base,234.623,1,1.0,0,234.623,0,234.623,1.0,675.017,2.877,19
10268,3072,3072,0,base,171.026,1,1.0,0,171.026,0,171.026,1.0,512.566,2.997,19
10268,4096,3072,0,base,235.459,1,1.0,0,235.459,0,235.459,1.0,674.553,2.8648,19
10269,3072,6144,0,base,331.292,1,1.0,0,331.292,0,331.292,1.0,1026.221,3.0976,19
10269,8192,3072,0,base,475.034,1,1.0,0,475.034,0,475.034,1.0,1337.105,2.8148,19
10270,3072,6144,0,base,338.204,1,1.0,0,338.204,0,338.204,1.0,1027.421,3.0379,19
10270,8192,3072,0,base,463.234,1,1.0,0,463.234,0,463.234,1.0,1339.745,2.8922,19
10271,3072,6144,0,base,333.656,1,1.0,0,333.656,0,333.656,1.0,1027.609,3.0798,19
10271,8192,3072,0,base,473.402,1,1.0,0,473.402,0,473.402,1.0,1333.368,2.8166,19
10272,3072,3072,0,base,169.634,1,1.0,0,169.634,0,169.634,1.0,510.53,3.0096,19
10272,3072,6144,0,base,342.756,1,1.0,0,342.756,0,342.756,1.0,1020.913,2.9785,19
10272,4096,3072,0,base,239.575,1,1.0,0,239.575,0,239.575,1.0,675.409,2.8192,19
10272,8192,3072,0,base,469.498,1,1.0,0,469.498,0,469.498,1.0,1336.324,2.8463,19
10274,3072,3072,0,base,175.634,1,1.0,0,175.634,0,175.634,1.0,516.566,2.9411,19
10274,4096,3072,0,base,226.803,1,1.0,0,226.803,0,226.803,1.0,674.629,2.9745,19
10276,3072,3072,0,base,173.082,1,1.0,0,173.082,0,173.082,1.0,517.658,2.9908,19
10276,4096,3072,0,base,237.135,1,1.0,0,237.135,0,237.135,1.0,677.801,2.8583,19
10277,3072,3072,0,base,173.658,1,1.0,0,173.658,0,173.658,1.0,522.651,3.0097,19
10277,4096,3072,0,base,232.967,1,1.0,0,232.967,0,232.967,1.0,676.861,2.9054,19
10278,3072,3072,0,base,175.046,1,1.0,0,175.046,0,175.046,1.0,520.559,2.9738,19
10278,4096,3072,0,base,227.498,1,1.0,0,227.498,0,227.498,1.0,677.02,2.9759,19
10279,3072,3072,0,base,170.642,1,1.0,0,170.642,0,170.642,1.0,516.49,3.0267,19
10279,4096,3072,0,base,234.811,1,1.0,0,234.811,0,234.811,1.0,677.761,2.8864,19
10281,3072,3072,0,base,170.822,1,1.0,0,170.822,0,170.822,1.0,516.078,3.0211,19
10281,4096,3072,0,base,230.875,1,1.0,0,230.875,0,230.875,1.0,675.473,2.9257,19
10282,3072,3072,0,base,172.942,1,1.0,0,172.942,0,172.942,1.0,513.582,2.9697,19
10282,4096,3072,0,base,230.367,1,1.0,0,230.367,0,230.367,1.0,678.032,2.9433,19
10283,3072,3072,0,base,170.818,1,1.0,0,170.818,0,170.818,1.0,516.598,3.0243,19
10283,3072,6144,0,base,340.868,1,1.0,0,340.868,0,340.868,1.0,1029.049,3.0189,19
10283,4096,3072,0,base,235.927,1,1.0,0,235.927,0,235.927,1.0,674.632,2.8595,19
10283,8192,3072,0,base,462.714,1,1.0,0,462.714,0,462.714,1.0,1354.085,2.9264,19
10284,3072,3072,0,base,174.902,1,1.0,0,174.902,0,174.902,1.0,517.367,2.958,19
10284,4096,3072,0,base,231.799,1,1.0,0,231.799,0,231.799,1.0,676.372,2.9179,19
10285,3072,3072,0,base,172.338,1,1.0,0,172.338,0,172.338,1.0,515.802,2.993,19
10285,4096,3072,0,base,227.107,1,1.0,0,227.107,0,227.107,1.0,676.781,2.98,19
10286,3072,3072,0,base,171.222,1,1.0,0,171.222,0,171.222,1.0,512.57,2.9936,19
10286,4096,3072,0,base,229.275,1,1.0,0,229.275,0,229.275,1.0,675.993,2.9484,19
10287,3072,3072,0,base,173.67,1,1.0,0,173.67,0,173.67,1.0,516.41,2.9735,19
10287,4096,3072,0,base,232.787,1,1.0,0,232.787,0,232.787,1.0,679.109,2.9173,19
10288,3072,3072,0,base,173.878,1,1.0,0,173.878,0,173.878,1.0,512.33,2.9465,19
10288,4096,3072,0,base,227.683,1,1.0,0,227.683,0,227.683,1.0,678.965,2.9821,19
10291,3072,3072,0,base,169.698,1,1.0,0,169.698,0,169.698,1.0,515.295,3.0365,19
10291,4096,3072,0,base,226.358,1,1.0,0,226.358,0,226.358,1.0,677.805,2.9944,19
10294,3072,3072,0,base,175.69,1,1.0,0,175.69,0,175.69,1.0,512.246,2.9156,19
10294,4096,3072,0,base,228.887,1,1.0,0,228.887,0,228.887,1.0,675.304,2.9504,19
10296,3072,3072,0,base,174.514,1,1.0,0,174.514,0,174.514,1.0,514.578,2.9486,19
10296,4096,3072,0,base,229.951,1,1.0,0,229.951,0,229.951,1.0,676.381,2.9414,19
10297,3072,3072,0,base,171.458,1,1.0,0,171.458,0,171.458,1.0,512.543,2.9893,19
10297,4096,3072,0,base,232.055,1,1.0,0,232.055,0,232.055,1.0,675.965,2.9129,19
10298,3072,3072,0,base,169.894,1,1.0,0,169.894,0,169.894,1.0,512.774,3.0182,19
10298,4096,3072,0,base,236.463,1,1.0,0,236.463,0,236.463,1.0,677.765,2.8663,19
10299,3072,3072,0,base,171.734,1,1.0,0,171.734,0,171.734,1.0,512.563,2.9846,19
10299,4096,3072,0,base,230.307,1,1.0,0,230.307,0,230.307,1.0,677.197,2.9404,19
10300,3072,3072,0,base,173.426,1,1.0,0,173.426,0,173.426,1.0,515.475,2.9723,19
10300,4096,3072,0,base,226.391,1,1.0,0,226.391,0,226.391,1.0,675.564,2.9841,19
10301,3072,3072,0,base,175.134,1,1.0,0,175.134,0,175.134,1.0,518.343,2.9597,19
10301,4096,3072,0,base,234.671,1,1.0,0,234.671,0,234.671,1.0,677.297,2.8862,19
10302,3072,3072,0,base,171.682,1,1.0,0,171.682,0,171.682,1.0,517.395,3.0137,19
10302,4096,3072,0,base,230.151,1,1.0,0,230.151,0,230.151,1.0,675.745,2.9361,19
10303,3072,3072,0,base,169.938,1,1.0,0,169.938,0,169.938,1.0,518.086,3.0487,19
10303,4096,3072,0,base,231.755,1,1.0,0,231.755,0,231.755,1.0,677.684,2.9241,19
10304,3072,3072,0,base,169.962,1,1.0,0,169.962,0,169.962,1.0,521.839,3.0703,19
10304,4096,3072,0,base,236.939,1,1.0,0,236.939,0,236.939,1.0,676.328,2.8544,19
10305,3072,3072,0,base,174.694,1,1.0,0,174.694,0,174.694,1.0,517.059,2.9598,19
10305,4096,3072,0,base,234.547,1,1.0,0,234.547,0,234.547,1.0,677.52,2.8886,19
10309,3072,3072,0,base,170.922,1,1.0,0,170.922,0,170.922,1.0,513.438,3.0039,19
10309,4096,3072,0,base,229.575,1,1.0,0,229.575,0,229.575,1.0,677.009,2.949,19
10310,3072,3072,0,base,174.254,1,1.0,0,174.254,0,174.254,1.0,520.083,2.9846,19
10310,4096,3072,0,base,234.927,1,1.0,0,234.927,0,234.927,1.0,678.861,2.8897,19
10311,3072,3072,0,base,174.09,1,1.0,0,174.09,0,174.09,1.0,516.175,2.965,19
10311,4096,3072,0,base,236.647,1,1.0,0,236.647,0,236.647,1.0,678.72,2.8681,19
10312,3072,3072,0,base,170.954,1,1.0,0,170.954,0,170.954,1.0,512.611,2.9985,19
10312,4096,3072,0,base,234.363,1,1.0,0,234.363,0,234.363,1.0,678.025,2.8931,19
10316,3072,3072,0,base,174.586,1,1.0,0,174.586,0,174.586,1.0,516.822,2.9603,19
10316,4096,3072,0,base,236.935,1,1.0,0,236.935,0,236.935,1.0,676.072,2.8534,19
10318,3072,3072,0,base,174.034,1,1.0,0,174.034,0,174.034,1.0,523.467,3.0078,19
10318,4096,3072,0,base,229.087,1,1.0,0,229.087,0,229.087,1.0,676.544,2.9532,19
10320,3072,3072,0,base,174.278,1,1.0,0,174.278,0,174.278,1.0,513.651,2.9473,19
10320,4096,3072,0,base,229.775,1,1.0,0,229.775,0,229.775,1.0,677.084,2.9467,19
10321,3072,3072,0,base,175.342,1,1.0,0,175.342,0,175.342,1.0,520.195,2.9667,19
10321,4096,3072,0,base,228.947,1,1.0,0,228.947,0,228.947,1.0,675.745,2.9515,19
10322,3072,3072,0,base,176.414,1,1.0,0,176.414,0,176.414,1.0,514.894,2.9187,19
10322,4096,3072,0,base,234.423,1,1.0,0,234.423,0,234.423,1.0,679.348,2.898,19
10323,3072,3072,0,base,168.986,1,1.0,0,168.986,0,168.986,1.0,513.118,3.0365,19
10323,4096,3072,0,base,235.871,1,1.0,0,235.871,0,235.871,1.0,679.12,2.8792,19
10328,3072,3072,0,base,174.358,1,1.0,0,174.358,0,174.358,1.0,513.794,2.9468,19
10328,4096,3072,0,base,233.511,1,1.0,0,233.511,0,233.511,1.0,676.589,2.8975,19
10330,2048,3072,0,base,130.99,1,1.0,0,130.99,0,130.99,1.0,350.048,2.6723,19
10331,3072,3072,0,base,168.854,1,1.0,0,168.854,0,168.854,1.0,513.914,3.0435,19
10331,4096,3072,0,base,230.451,1,1.0,0,230.451,0,230.451,1.0,679.08,2.9467,19
10332,2048,3072,0,base,129.546,1,1.0,0,129.546,0,129.546,1.0,353.508,2.7288,19
10332,3072,3072,0,base,176.866,1,1.0,0,176.866,0,176.866,1.0,514.063,2.9065,19
10332,4096,3072,0,base,230.687,1,1.0,0,230.687,0,230.687,1.0,677.241,2.9358,19
10333,3072,3072,0,base,170.582,1,1.0,0,170.582,0,170.582,1.0,514.742,3.0176,19
10333,4096,3072,0,base,231.879,1,1.0,0,231.879,0,231.879,1.0,678.185,2.9247,19
10334,3072,3072,0,base,168.506,1,1.0,0,168.506,0,168.506,1.0,513.543,3.0476,19
10334,4096,3072,0,base,236.755,1,1.0,0,236.755,0,236.755,1.0,678.285,2.8649,19
10335,3072,3072,0,base,174.338,1,1.0,0,174.338,0,174.338,1.0,513.286,2.9442,19
10335,4096,3072,0,base,229.731,1,1.0,0,229.731,0,229.731,1.0,679.849,2.9593,19
10336,3072,3072,0,base,169.882,1,1.0,0,169.882,0,169.882,1.0,516.639,3.0412,19
10336,4096,3072,0,base,230.459,1,1.0,0,230.459,0,230.459,1.0,679.981,2.9506,19
10337,3072,3072,0,base,172.678,1,1.0,0,172.678,0,172.678,1.0,515.454,2.9851,19
10337,4096,3072,0,base,228.871,1,1.0,0,228.871,0,228.871,1.0,677.849,2.9617,19
10338,3072,3072,0,base,173.97,1,1.0,0,173.97,0,173.97,1.0,514.338,2.9565,19
10338,4096,3072,0,base,230.651,1,1.0,0,230.651,0,230.651,1.0,677.253,2.9363,19
10339,3072,3072,0,base,174.814,1,1.0,0,174.814,0,174.814,1.0,517.674,2.9613,19
10339,4096,3072,0,base,227.307,1,1.0,0,227.307,0,227.307,1.0,678.041,2.9829,19
10347,3072,3072,0,base,174.166,1,1.0,0,174.166,0,174.166,1.0,518.03,2.9743,19
10347,4096,3072,0,base,225.987,1,1.0,0,225.987,0,225.987,1.0,678.157,3.0009,19
10349,2048,3072,0,base,129.518,1,1.0,0,129.518,0,129.518,1.0,360.505,2.7834,19
10349,3072,3072,0,base,171.146,1,1.0,0,171.146,0,171.146,1.0,524.051,3.062,19
10349,4096,3072,0,base,230.251,1,1.0,0,230.251,0,230.251,1.0,678.776,2.948,19
10350,3072,3072,0,base,174.01,1,1.0,0,174.01,0,174.01,1.0,514.031,2.954,19
10350,4096,3072,0,base,232.051,1,1.0,0,232.051,0,232.051,1.0,679.441,2.928,19
10351,2048,3072,0,base,129.822,1,1.0,0,129.822,0,129.822,1.0,359.801,2.7715,19
10352,3072,3072,0,base,168.622,1,1.0,0,168.622,0,168.622,1.0,515.774,3.0588,19
10352,4096,3072,0,base,229.347,1,1.0,0,229.347,0,229.347,1.0,678.721,2.9594,19
10353,3072,3072,0,base,173.662,1,1.0,0,173.662,0,173.662,1.0,514.866,2.9648,19
10353,4096,3072,0,base,226.583,1,1.0,0,226.583,0,226.583,1.0,678.057,2.9925,19
10357,2048,3072,0,base,130.51,1,1.0,0,130.51,0,130.51,1.0,360.901,2.7653,19
10357,3072,3072,0,base,175.974,1,1.0,0,175.974,0,175.974,1.0,517.202,2.9391,19
10357,4096,3072,0,base,235.459,1,1.0,0,235.459,0,235.459,1.0,676.957,2.8751,19
10358,3072,3072,0,base,172.438,1,1.0,0,172.438,0,172.438,1.0,514.094,2.9813,19
10358,4096,3072,0,base,227.555,1,1.0,0,227.555,0,227.555,1.0,678.721,2.9827,19
10359,2048,3072,0,base,130.014,1,1.0,0,130.014,0,130.014,1.0,356.888,2.745,19
10359,3072,3072,0,base,172.938,1,1.0,0,172.938,0,172.938,1.0,514.914,2.9774,19
10359,4096,3072,0,base,236.491,1,1.0,0,236.491,0,236.491,1.0,677.696,2.8656,19
10360,2048,3072,0,base,130.758,1,1.0,0,130.758,0,130.758,1.0,359.148,2.7467,19
10360,3072,3072,0,base,172.91,1,1.0,0,172.91,0,172.91,1.0,514.174,2.9736,19
10360,4096,3072,0,base,229.375,1,1.0,0,229.375,0,229.375,1.0,677.16,2.9522,19
10361,3072,3072,0,base,169.99,1,1.0,0,169.99,0,169.99,1.0,515.399,3.0319,19
10361,4096,3072,0,base,229.503,1,1.0,0,229.503,0,229.503,1.0,676.881,2.9493,19
10364,2048,3072,0,base,131.022,1,1.0,0,131.022,0,131.022,1.0,360.253,2.7496,19
10364,3072,3072,0,base,170.442,1,1.0,0,170.442,0,170.442,1.0,524.443,3.077,19
10364,4096,3072,0,base,233.579,1,1.0,0,233.579,0,233.579,1.0,677.757,2.9016,19
10365,3072,3072,0,base,172.514,1,1.0,0,172.514,0,172.514,1.0,514.095,2.98,19
10365,4096,3072,0,base,229.923,1,1.0,0,229.923,0,229.923,1.0,680.785,2.9609,19
10368,2048,3072,0,base,128.606,1,1.0,0,128.606,0,128.606,1.0,358.069,2.7842,19
10368,3072,3072,0,base,165.082,1,1.0,0,165.082,0,165.082,1.0,514.631,3.1174,19
10368,3072,6144,0,base,331.544,1,1.0,0,331.544,0,331.544,1.0,1022.037,3.0827,19
10368,4096,3072,0,base,225.051,1,1.0,0,225.051,0,225.051,1.0,676.329,3.0052,19
10368,8192,3072,0,base,464.542,1,1.0,0,464.542,0,464.542,1.0,1349.265,2.9045,19
10370,3072,3072,0,base,169.474,1,1.0,0,169.474,0,169.474,1.0,514.746,3.0373,19
10370,4096,3072,0,base,238.723,1,1.0,0,238.723,0,238.723,1.0,687.777,2.8811,19
10373,3072,3072,0,base,172.382,1,1.0,0,172.382,0,172.382,1.0,518.139,3.0058,19
10373,4096,3072,0,base,234.171,1,1.0,0,234.171,0,234.171,1.0,684.229,2.9219,19
10376,2048,3072,0,base,130.694,1,1.0,0,130.694,0,130.694,1.0,357.669,2.7367,19
10379,3072,3072,0,base,172.614,1,1.0,0,172.614,0,172.614,1.0,516.923,2.9947,19
10379,4096,3072,0,base,230.279,1,1.0,0,230.279,0,230.279,1.0,685.097,2.9751,19
10381,2048,3072,0,base,129.846,1,1.0,0,129.846,0,129.846,1.0,361.272,2.7823,19
10382,2048,3072,0,base,130.654,1,1.0,0,130.654,0,130.654,1.0,362.224,2.7724,19
10382,3072,3072,0,base,169.662,1,1.0,0,169.662,0,169.662,1.0,519.315,3.0609,19
10382,4096,3072,0,base,235.835,1,1.0,0,235.835,0,235.835,1.0,684.817,2.9038,19
10383,2048,3072,0,base,130.314,1,1.0,0,130.314,0,130.314,1.0,361.897,2.7771,19
10384,3072,3072,0,base,168.166,1,1.0,0,168.166,0,168.166,1.0,518.066,3.0807,19
10384,4096,3072,0,base,230.151,1,1.0,0,230.151,0,230.151,1.0,685.112,2.9768,19
10385,2048,3072,0,base,128.882,1,1.0,0,128.882,0,128.882,1.0,357.284,2.7722,19
10386,2048,3072,0,base,128.598,1,1.0,0,128.598,0,128.598,1.0,363.069,2.8233,19
10386,3072,3072,0,base,171.582,1,1.0,0,171.582,0,171.582,1.0,514.658,2.9995,19
10386,4096,3072,0,base,233.475,1,1.0,0,233.475,0,233.475,1.0,685.797,2.9373,19
10389,2048,3072,0,base,130.054,1,1.0,0,130.054,0,130.054,1.0,360.321,2.7706,19
10389,3072,3072,0,base,173.506,1,1.0,0,173.506,0,173.506,1.0,513.614,2.9602,19
10389,4096,3072,0,base,228.899,1,1.0,0,228.899,0,228.899,1.0,686.528,2.9993,19
10390,2048,3072,0,base,130.55,1,1.0,0,130.55,0,130.55,1.0,361.064,2.7657,19
10391,3072,3072,0,base,174.962,1,1.0,0,174.962,0,174.962,1.0,514.555,2.9409,19
10391,4096,3072,0,base,233.143,1,1.0,0,233.143,0,233.143,1.0,686.109,2.9429,19
10392,2048,3072,0,base,129.342,1,1.0,0,129.342,0,129.342,1.0,363.42,2.8098,19
10392,3072,3072,0,base,169.054,1,1.0,0,169.054,0,169.054,1.0,512.343,3.0306,19
10392,4096,3072,0,base,228.067,1,1.0,0,228.067,0,228.067,1.0,684.949,3.0033,19
10393,3072,3072,0,base,172.258,1,1.0,0,172.258,0,172.258,1.0,515.579,2.9931,19
10393,4096,3072,0,base,227.315,1,1.0,0,227.315,0,227.315,1.0,686.377,3.0195,19
10394,3072,3072,0,base,173.098,1,1.0,0,173.098,0,173.098,1.0,518.311,2.9943,19
10394,4096,3072,0,base,227.374,1,1.0,0,227.374,0,227.374,1.0,687.292,3.0227,19
10396,3072,6144,0,base,334.136,1,1.0,0,334.136,0,334.136,1.0,1029.789,3.0819,19
10396,8192,3072,0,base,461.178,1,1.0,0,461.178,0,461.178,1.0,1360.549,2.9502,19
10397,3072,6144,0,base,339.904,1,1.0,0,339.904,0,339.904,1.0,1033.273,3.0399,19
10397,8192,3072,0,base,469.45,1,1.0,0,469.45,0,469.45,1.0,1356.665,2.8899,19
10398,3072,6144,0,base,332.828,1,1.0,0,332.828,0,332.828,1.0,1033.205,3.1043,19
10398,8192,3072,0,base,468.214,1,1.0,0,468.214,0,468.214,1.0,1359.189,2.9029,19
10399,3072,6144,0,base,328.48,1,1.0,0,328.48,0,328.48,1.0,1030.005,3.1357,19
10399,8192,3072,0,base,473.386,1,1.0,0,473.386,0,473.386,1.0,1362.677,2.8786,19
10400,3072,6144,0,base,325.708,1,1.0,0,325.708,0,325.708,1.0,1026.353,3.1511,19
10400,8192,3072,0,base,469.962,1,1.0,0,469.962,0,469.962,1.0,1360.381,2.8947,19
10401,2048,3072,0,base,129.994,1,1.0,0,129.994,0,129.994,1.0,357.084,2.7469,19
10401,3072,3072,0,base,172.33,1,1.0,0,172.33,0,172.33,1.0,525.159,3.0474,19
10401,3072,6144,0,base,334.8,1,1.0,0,334.8,0,334.8,1.0,1045.905,3.124,19
10401,4096,3072,0,base,236.791,1,1.0,0,236.791,0,236.791,1.0,685.553,2.8952,19
10401,8192,3072,0,base,474.082,1,1.0,0,474.082,0,474.082,1.0,1360.769,2.8703,19
10402,2048,3072,0,base,131.77,1,1.0,0,131.77,0,131.77,1.0,362.049,2.7476,19
10403,2048,3072,0,base,129.218,1,1.0,0,129.218,0,129.218,1.0,359.701,2.7837,19
10404,3072,3072,0,base,174.754,1,1.0,0,174.754,0,174.754,1.0,524.887,3.0036,19
10404,4096,3072,0,base,237.811,1,1.0,0,237.811,0,237.811,1.0,683.265,2.8731,19
10406,2048,3072,0,base,131.894,1,1.0,0,131.894,0,131.894,1.0,364.917,2.7667,19
10407,2048,3072,0,base,128.154,1,1.0,0,128.154,0,128.154,1.0,361.152,2.8181,19
10408,2048,3072,0,base,129.742,1,1.0,0,129.742,0,129.742,1.0,364.377,2.8085,19
10408,3072,3072,0,base,171.462,1,1.0,0,171.462,0,171.462,1.0,526.251,3.0692,19
10408,4096,3072,0,base,238.775,1,1.0,0,238.775,0,238.775,1.0,684.168,2.8653,19
10409,2048,3072,0,base,131.302,1,1.0,0,131.302,0,131.302,1.0,360.289,2.744,19
10409,3072,6144,0,base,338.568,1,1.0,0,338.568,0,338.568,1.0,1042.841,3.0802,19
10409,8192,3072,0,base,472.706,1,1.0,0,472.706,0,472.706,1.0,1362.693,2.8827,19
10410,2048,3072,0,base,131.341,1,1.0,0,131.341,0,131.341,1.0,359.285,2.7355,19
10410,3072,3072,0,base,171.674,1,1.0,0,171.674,0,171.674,1.0,529.475,3.0842,19
10410,4096,3072,0,base,229.191,1,1.0,0,229.191,0,229.191,1.0,688.601,3.0045,19
10411,3072,6144,0,base,324.244,1,1.0,0,324.244,0,324.244,1.0,1044.809,3.2223,19
10411,8192,3072,0,base,476.046,1,1.0,0,476.046,0,476.046,1.0,1373.809,2.8859,19
10413,2048,3072,0,base,132.294,1,1.0,0,132.294,0,132.294,1.0,360.797,2.7272,19
10413,3072,3072,0,base,172.794,1,1.0,0,172.794,0,172.794,1.0,522.611,3.0245,19
10413,4096,3072,0,base,235.043,1,1.0,0,235.043,0,235.043,1.0,685.524,2.9166,19
10414,2048,3072,0,base,131.25,1,1.0,0,131.25,0,131.25,1.0,361.721,2.756,19
10415,2048,3072,0,base,128.878,1,1.0,0,128.878,0,128.878,1.0,358.252,2.7798,19
10416,2048,3072,0,base,128.898,1,1.0,0,128.898,0,128.898,1.0,358.092,2.7781,19
10416,3072,3072,0,base,168.99,1,1.0,0,168.99,0,168.99,1.0,522.611,3.0925,19
10416,4096,3072,0,base,233.243,1,1.0,0,233.243,0,233.243,1.0,687.544,2.9478,19
10417,2048,3072,0,base,131.006,1,1.0,0,131.006,0,131.006,1.0,356.841,2.7239,19
10418,3072,3072,0,base,169.482,1,1.0,0,169.482,0,169.482,1.0,522.355,3.0821,19
10418,4096,3072,0,base,234.155,1,1.0,0,234.155,0,234.155,1.0,683.809,2.9203,19
10419,3072,3072,0,base,176.518,1,1.0,0,176.518,0,176.518,1.0,526.275,2.9814,19
10419,4096,3072,0,base,238.527,1,1.0,0,238.527,0,238.527,1.0,684.569,2.87,19
10420,3072,6144,0,base,349.356,1,1.0,0,349.356,0,349.356,1.0,1043.633,2.9873,19
10420,8192,3072,0,base,464.926,1,1.0,0,464.926,0,464.926,1.0,1359.973,2.9251,19
10421,3072,3072,0,base,174.662,1,1.0,0,174.662,0,174.662,1.0,524.103,3.0007,19
10421,3072,6144,0,base,346.548,1,1.0,0,346.548,0,346.548,1.0,1041.017,3.004,19
10421,4096,3072,0,base,233.647,1,1.0,0,233.647,0,233.647,1.0,685.437,2.9336,19
10421,8192,3072,0,base,486.19,1,1.0,0,486.19,0,486.19,1.0,1353.433,2.7838,19
10423,2048,3072,0,base,131.438,1,1.0,0,131.438,0,131.438,1.0,358.969,2.7311,19
10426,2048,3072,0,base,130.006,1,1.0,0,130.006,0,130.006,1.0,361.133,2.7778,19
10426,3072,3072,0,base,172.39,1,1.0,0,172.39,0,172.39,1.0,521.994,3.028,19
10426,4096,3072,0,base,238.351,1,1.0,0,238.351,0,238.351,1.0,685.153,2.8746,19
10427,2048,3072,0,base,130.906,1,1.0,0,130.906,0,130.906,1.0,358.72,2.7403,19
10428,3072,3072,0,base,169.402,1,1.0,0,169.402,0,169.402,1.0,527.735,3.1153,19
10428,4096,3072,0,base,233.499,1,1.0,0,233.499,0,233.499,1.0,690.961,2.9592,19
10429,3072,3072,0,base,177.002,1,1.0,0,177.002,0,177.002,1.0,527.523,2.9803,19
10429,4096,3072,0,base,233.707,1,1.0,0,233.707,0,233.707,1.0,685.549,2.9334,19
10430,3072,3072,0,base,175.842,1,1.0,0,175.842,0,175.842,1.0,526.547,2.9944,19
10430,4096,3072,0,base,238.139,1,1.0,0,238.139,0,238.139,1.0,688.269,2.8902,19
10432,3072,3072,0,base,176.198,1,1.0,0,176.198,0,176.198,1.0,523.183,2.9693,19
10432,4096,3072,0,base,231.463,1,1.0,0,231.463,0,231.463,1.0,686.521,2.966,19
10433,3072,3072,0,base,168.858,1,1.0,0,168.858,0,168.858,1.0,521.231,3.0868,19
10433,4096,3072,0,base,236.023,1,1.0,0,236.023,0,236.023,1.0,683.821,2.8973,19
10435,2048,3072,0,base,131.594,1,1.0,0,131.594,0,131.594,1.0,360.376,2.7386,19
10439,3072,3072,0,base,168.966,1,1.0,0,168.966,0,168.966,1.0,521.327,3.0854,19
10439,4096,3072,0,base,230.291,1,1.0,0,230.291,0,230.291,1.0,685.073,2.9748,19
10440,3072,6144,0,base,342.128,1,1.0,0,342.128,0,342.128,1.0,1043.241,3.0493,19
10440,8192,3072,0,base,464.046,1,1.0,0,464.046,0,464.046,1.0,1368.67,2.9494,19
10441,2048,3072,0,base,131.05,1,1.0,0,131.05,0,131.05,1.0,360.973,2.7545,19
10442,2048,3072,0,base,128.198,1,1.0,0,128.198,0,128.198,1.0,357.632,2.7897,19
10442,3072,3072,0,base,170.738,1,1.0,0,170.738,0,170.738,1.0,521.687,3.0555,19
10442,3072,6144,0,base,342.892,1,1.0,0,342.892,0,342.892,1.0,1045.881,3.0502,19
10442,4096,3072,0,base,230.863,1,1.0,0,230.863,0,230.863,1.0,683.625,2.9612,19
10442,8192,3072,0,base,477.782,1,1.0,0,477.782,0,477.782,1.0,1367.918,2.8631,19
10443,2048,3072,0,base,131.27,1,1.0,0,131.27,0,131.27,1.0,353.164,2.6904,19
10443,3072,6144,0,base,332.384,1,1.0,0,332.384,0,332.384,1.0,1045.301,3.1449,19
10443,8192,3072,0,base,462.978,1,1.0,0,462.978,0,462.978,1.0,1367.565,2.9538,19
10444,2048,3072,0,base,130.29,1,1.0,0,130.29,0,130.29,1.0,362.28,2.7806,19
10444,3072,3072,0,base,176.582,1,1.0,0,176.582,0,176.582,1.0,524.11,2.9681,19
10444,3072,6144,0,base,345.124,1,1.0,0,345.124,0,345.124,1.0,1045.289,3.0287,19
10444,4096,3072,0,base,236.659,1,1.0,0,236.659,0,236.659,1.0,685.521,2.8967,19
10444,8192,3072,0,base,465.402,1,1.0,0,465.402,0,465.402,1.0,1369.425,2.9425,19
10445,2048,3072,0,base,131.258,1,1.0,0,131.258,0,131.258,1.0,362.876,2.7646,19
10446,3072,6144,0,base,345.26,1,1.0,0,345.26,0,345.26,1.0,1045.101,3.027,19
10446,8192,3072,0,base,471.526,1,1.0,0,471.526,0,471.526,1.0,1365.405,2.8957,19
10448,2048,3072,0,base,130.894,1,1.0,0,130.894,0,130.894,1.0,361.585,2.7624,19
10449,3072,3072,0,base,174.362,1,1.0,0,174.362,0,174.362,1.0,520.927,2.9876,19
10449,4096,3072,0,base,238.043,1,1.0,0,238.043,0,238.043,1.0,683.213,2.8701,19
10450,2048,3072,0,base,131.206,1,1.0,0,131.206,0,131.206,1.0,357.164,2.7222,19
10452,2048,3072,0,base,128.026,1,1.0,0,128.026,0,128.026,1.0,359.933,2.8114,19
10453,3072,3072,0,base,173.87,1,1.0,0,173.87,0,173.87,1.0,529.487,3.0453,19
10453,4096,3072,0,base,227.935,1,1.0,0,227.935,0,227.935,1.0,683.629,2.9992,19
10456,3072,3072,0,base,176.998,1,1.0,0,176.998,0,176.998,1.0,524.167,2.9614,19
10456,4096,3072,0,base,230.671,1,1.0,0,230.671,0,230.671,1.0,686.989,2.9782,19
10457,2048,3072,0,base,132.29,1,1.0,0,132.29,0,132.29,1.0,360.773,2.7271,19
10460,3072,3072,0,base,169.694,1,1.0,0,169.694,0,169.694,1.0,521.919,3.0756,19
10460,3072,6144,0,base,331.84,1,1.0,0,331.84,0,331.84,1.0,1045.789,3.1515,19
10460,4096,3072,0,base,234.827,1,1.0,0,234.827,0,234.827,1.0,686.661,2.9241,19
10460,8192,3072,0,base,475.538,1,1.0,0,475.538,0,475.538,1.0,1363.561,2.8674,19
10461,3072,3072,0,base,174.33,1,1.0,0,174.33,0,174.33,1.0,522.939,2.9997,19
10461,3072,6144,0,base,339.812,1,1.0,0,339.812,0,339.812,1.0,1045.501,3.0767,19
10461,4096,3072,0,base,230.367,1,1.0,0,230.367,0,230.367,1.0,686.952,2.982,19
10461,8192,3072,0,base,475.302,1,1.0,0,475.302,0,475.302,1.0,1369.241,2.8808,19
10462,2048,3072,0,base,131.586,1,1.0,0,131.586,0,131.586,1.0,359.793,2.7343,19
10462,3072,3072,0,base,174.818,1,1.0,0,174.818,0,174.818,1.0,520.85,2.9794,19
10462,3072,6144,0,base,344.257,1,1.0,0,344.257,0,344.257,1.0,1046.273,3.0392,19
10462,4096,3072,0,base,234.007,1,1.0,0,234.007,0,234.007,1.0,686.937,2.9355,19
10462,8192,3072,0,base,470.534,1,1.0,0,470.534,0,470.534,1.0,1369.421,2.9104,19
10463,3072,3072,0,base,178.81,1,1.0,0,178.81,0,178.81,1.0,523.839,2.9296,19
10463,3072,6144,0,base,345.532,1,1.0,0,345.532,0,345.532,1.0,1045.277,3.0251,19
10463,4096,3072,0,base,238.083,1,1.0,0,238.083,0,238.083,1.0,685.7,2.8801,19
10463,8192,3072,0,base,471.89,1,1.0,0,471.89,0,471.89,1.0,1369.777,2.9027,19
10464,3072,3072,0,base,177.666,1,1.0,0,177.666,0,177.666,1.0,524.483,2.9521,19
10464,4096,3072,0,base,225.055,1,1.0,0,225.055,0,225.055,1.0,685.793,3.0472,19
10465,2048,3072,0,base,131.666,1,1.0,0,131.666,0,131.666,1.0,353.86,2.6876,19
10468,3072,3072,0,base,169.046,1,1.0,0,169.046,0,169.046,1.0,526.003,3.1116,19
10468,4096,3072,0,base,228.403,1,1.0,0,228.403,0,228.403,1.0,686.325,3.0049,19
10469,2048,3072,0,base,131.474,1,1.0,0,131.474,0,131.474,1.0,361.177,2.7471,19
10469,3072,6144,0,base,329.976,1,1.0,0,329.976,0,329.976,1.0,1047.341,3.174,19
10469,8192,3072,0,base,466.002,1,1.0,0,466.002,0,466.002,1.0,1379.385,2.96,19
10470,3072,3072,0,base,176.678,1,1.0,0,176.678,0,176.678,1.0,521.51,2.9518,19
10470,3072,6144,0,base,332.488,1,1.0,0,332.488,0,332.488,1.0,1046.557,3.1477,19
10470,4096,3072,0,base,235.487,1,1.0,0,235.487,0,235.487,1.0,685.817,2.9123,19
10470,8192,3072,0,base,467.11,1,1.0,0,467.11,0,467.11,1.0,1367.717,2.928,19
10471,2048,3072,0,base,130.65,1,1.0,0,130.65,0,130.65,1.0,360.809,2.7616,19
10471,3072,6144,0,base,337.612,1,1.0,0,337.612,0,337.612,1.0,1046.141,3.0986,19
10471,8192,3072,0,base,468.65,1,1.0,0,468.65,0,468.65,1.0,1360.945,2.904,19
10472,3072,6144,0,base,337.852,1,1.0,0,337.852,0,337.852,1.0,1046.017,3.0961,19
10472,8192,3072,0,base,464.702,1,1.0,0,464.702,0,464.702,1.0,1367.753,2.9433,19
10474,2048,3072,0,base,131.166,1,1.0,0,131.166,0,131.166,1.0,361.545,2.7564,19
10476,2048,3072,0,base,128.366,1,1.0,0,128.366,0,128.366,1.0,357.816,2.7875,19
10476,3072,3072,0,base,171.03,1,1.0,0,171.03,0,171.03,1.0,520.699,3.0445,19
10476,3072,6144,0,base,331.94,1,1.0,0,331.94,0,331.94,1.0,1047.437,3.1555,19
10476,4096,3072,0,base,236.487,1,1.0,0,236.487,0,236.487,1.0,684.149,2.893,19
10476,8192,3072,0,base,465.71,1,1.0,0,465.71,0,465.71,1.0,1371.269,2.9445,19
10477,2048,3072,0,base,130.346,1,1.0,0,130.346,0,130.346,1.0,362.437,2.7806,19
10477,3072,3072,0,base,173.738,1,1.0,0,173.738,0,173.738,1.0,520.575,2.9963,19
10477,4096,3072,0,base,228.715,1,1.0,0,228.715,0,228.715,1.0,687.636,3.0065,19
10479,2048,3072,0,base,130.51,1,1.0,0,130.51,0,130.51,1.0,357.348,2.7381,19
10479,3072,6144,0,base,329.876,1,1.0,0,329.876,0,329.876,1.0,1045.733,3.1701,19
10479,8192,3072,0,base,473.626,1,1.0,0,473.626,0,473.626,1.0,1371.405,2.8955,19
10481,2048,3072,0,base,129.902,1,1.0,0,129.902,0,129.902,1.0,362.721,2.7923,19
10482,3072,3072,0,base,169.566,1,1.0,0,169.566,0,169.566,1.0,522.49,3.0813,19
10482,4096,3072,0,base,233.803,1,1.0,0,233.803,0,233.803,1.0,688.345,2.9441,19
10483,2048,3072,0,base,130.466,1,1.0,0,130.466,0,130.466,1.0,361.385,2.77,19
10484,3072,3072,0,base,170.066,1,1.0,0,170.066,0,170.066,1.0,522.815,3.0742,19
10484,4096,3072,0,base,228.595,1,1.0,0,228.595,0,228.595,1.0,685.713,2.9997,19
10485,3072,3072,0,base,173.47,1,1.0,0,173.47,0,173.47,1.0,522.483,3.0119,19
10485,4096,3072,0,base,229.627,1,1.0,0,229.627,0,229.627,1.0,692.705,3.0167,19
10487,2048,3072,0,base,130.298,1,1.0,0,130.298,0,130.298,1.0,361.941,2.7778,19
10489,3072,3072,0,base,175.118,1,1.0,0,175.118,0,175.118,1.0,528.671,3.0189,19
10489,4096,3072,0,base,235.379,1,1.0,0,235.379,0,235.379,1.0,686.949,2.9185,19
10491,2048,3072,0,base,131.51,1,1.0,0,131.51,0,131.51,1.0,361.829,2.7513,19
10491,3072,3072,0,base,174.114,1,1.0,0,174.114,0,174.114,1.0,525.035,3.0155,19
10491,4096,3072,0,base,234.779,1,1.0,0,234.779,0,234.779,1.0,689.197,2.9355,19
10492,2048,3072,0,base,130.23,1,1.0,0,130.23,0,130.23,1.0,359.129,2.7577,19
10493,2048,3072,0,base,128.177,1,1.0,0,128.177,0,128.177,1.0,365.501,2.8515,19
10493,3072,3072,0,base,172.682,1,1.0,0,172.682,0,172.682,1.0,522.439,3.0254,19
10493,4096,3072,0,base,233.835,1,1.0,0,233.835,0,233.835,1.0,690.361,2.9523,19
10495,2048,3072,0,base,130.286,1,1.0,0,130.286,0,130.286,1.0,358.657,2.7528,19
10495,3072,3072,0,base,169.39,1,1.0,0,169.39,0,169.39,1.0,522.462,3.0844,19
10495,4096,3072,0,base,231.519,1,1.0,0,231.519,0,231.519,1.0,685.672,2.9616,19
10496,2048,3072,0,base,126.994,1,1.0,0,126.994,0,126.994,1.0,361.272,2.8448,19
10496,3072,3072,0,base,169.35,1,1.0,0,169.35,0,169.35,1.0,525.207,3.1013,19
10496,3072,6144,0,base,326.216,1,1.0,0,326.216,0,326.216,1.0,1038.177,3.1825,19
10496,4096,3072,0,base,221.014,1,1.0,0,221.014,0,221.014,1.0,691.225,3.1275,19
10496,8192,3072,0,base,447.97,1,1.0,0,447.97,0,447.97,1.0,1372.721,3.0643,19
10497,3072,6144,0,base,330.396,1,1.0,0,330.396,0,330.396,1.0,1047.925,3.1717,19
10497,8192,3072,0,base,465.95,1,1.0,0,465.95,0,465.95,1.0,1384.222,2.9708,19
10498,3072,3072,0,base,172.938,1,1.0,0,172.938,0,172.938,1.0,526.063,3.0419,19
10498,4096,3072,0,base,234.139,1,1.0,0,234.139,0,234.139,1.0,692.001,2.9555,19
10499,3072,3072,0,base,170.978,1,1.0,0,170.978,0,170.978,1.0,526.499,3.0793,19
10499,4096,3072,0,base,233.339,1,1.0,0,233.339,0,233.339,1.0,694.273,2.9754,19
10500,2048,3072,0,base,129.046,1,1.0,0,129.046,0,129.046,1.0,368.845,2.8583,19
10501,2048,3072,0,base,128.282,1,1.0,0,128.282,0,128.282,1.0,368.373,2.8716,19
10502,3072,3072,0,base,172.538,1,1.0,0,172.538,0,172.538,1.0,524.987,3.0427,19
10502,4096,3072,0,base,230.883,1,1.0,0,230.883,0,230.883,1.0,694.376,3.0075,19
10505,2048,3072,0,base,129.182,1,1.0,0,129.182,0,129.182,1.0,368.721,2.8543,19
10507,2048,3072,0,base,128.166,1,1.0,0,128.166,0,128.166,1.0,367.833,2.87,19
10508,3072,3072,0,base,173.334,1,1.0,0,173.334,0,173.334,1.0,530.727,3.0619,19
10508,4096,3072,0,base,230.199,1,1.0,0,230.199,0,230.199,1.0,694.925,3.0188,19
10509,2048,3072,0,base,129.421,1,1.0,0,129.421,0,129.421,1.0,368.537,2.8476,19
10509,3072,6144,0,base,347.781,1,1.0,0,347.781,0,347.781,1.0,1048.741,3.0155,19
10509,8192,3072,0,base,471.366,1,1.0,0,471.366,0,471.366,1.0,1379.565,2.9267,19
10510,3072,3072,0,base,177.438,1,1.0,0,177.438,0,177.438,1.0,525.842,2.9635,19
10510,4096,3072,0,base,231.851,1,1.0,0,231.851,0,231.851,1.0,694.661,2.9962,19
10511,2048,3072,0,base,131.546,1,1.0,0,131.546,0,131.546,1.0,366.329,2.7848,19
10511,3072,3072,0,base,175.674,1,1.0,0,175.674,0,175.674,1.0,532.055,3.0286,19
10511,4096,3072,0,base,234.807,1,1.0,0,234.807,0,234.807,1.0,692.177,2.9479,19
10512,3072,3072,0,base,174.146,1,1.0,0,174.146,0,174.146,1.0,521.175,2.9927,19
10512,4096,3072,0,base,237.067,1,1.0,0,237.067,0,237.067,1.0,690.313,2.9119,19
10513,2048,3072,0,base,131.026,1,1.0,0,131.026,0,131.026,1.0,366.873,2.8,19
10513,3072,3072,0,base,172.294,1,1.0,0,172.294,0,172.294,1.0,523.903,3.0407,19
10513,3072,6144,0,base,344.616,1,1.0,0,344.616,0,344.616,1.0,1045.121,3.0327,19
10513,4096,3072,0,base,234.523,1,1.0,0,234.523,0,234.523,1.0,694.376,2.9608,19
10513,8192,3072,0,base,472.478,1,1.0,0,472.478,0,472.478,1.0,1377.561,2.9156,19
10514,3072,3072,0,base,175.414,1,1.0,0,175.414,0,175.414,1.0,526.279,3.0002,19
10514,3072,6144,0,base,352.796,1,1.0,0,352.796,0,352.796,1.0,1048.845,2.9729,19
10514,4096,3072,0,base,234.923,1,1.0,0,234.923,0,234.923,1.0,697.165,2.9676,19
10514,8192,3072,0,base,461.466,1,1.0,0,461.466,0,461.466,1.0,1382.17,2.9952,19
10515,3072,3072,0,base,175.914,1,1.0,0,175.914,0,175.914,1.0,525.759,2.9887,19
10515,3072,6144,0,base,335.824,1,1.0,0,335.824,0,335.824,1.0,1049.473,3.1251,19
10515,4096,3072,0,base,239.911,1,1.0,0,239.911,0,239.911,1.0,693.652,2.8913,19
10515,8192,3072,0,base,471.014,1,1.0,0,471.014,0,471.014,1.0,1383.297,2.9368,19
10516,3072,3072,0,base,174.294,1,1.0,0,174.294,0,174.294,1.0,521.506,2.9921,19
10516,3072,6144,0,base,344.252,1,1.0,0,344.252,0,344.252,1.0,1045.853,3.038,19
10516,4096,3072,0,base,242.503,1,1.0,0,242.503,0,242.503,1.0,693.077,2.858,19
10516,8192,3072,0,base,466.514,1,1.0,0,466.514,0,466.514,1.0,1378.681,2.9553,19
10517,2048,3072,0,base,129.934,1,1.0,0,129.934,0,129.934,1.0,368.92,2.8393,19
10517,3072,3072,0,base,174.598,1,1.0,0,174.598,0,174.598,1.0,531.043,3.0415,19
10517,4096,3072,0,base,235.223,1,1.0,0,235.223,0,235.223,1.0,693.085,2.9465,19
10519,3072,3072,0,base,170.558,1,1.0,0,170.558,0,170.558,1.0,523.255,3.0679,19
10519,4096,3072,0,base,233.647,1,1.0,0,233.647,0,233.647,1.0,691.756,2.9607,19
10520,2048,3072,0,base,131.394,1,1.0,0,131.394,0,131.394,1.0,369.613,2.813,19
10520,3072,6144,0,base,341.5,1,1.0,0,341.5,0,341.5,1.0,1049.593,3.0735,19
10520,8192,3072,0,base,465.09,1,1.0,0,465.09,0,465.09,1.0,1381.665,2.9707,19
10522,2048,3072,0,base,131.594,1,1.0,0,131.594,0,131.594,1.0,366.041,2.7816,19
10522,3072,6144,0,base,355.432,1,1.0,0,355.432,0,355.432,1.0,1047.917,2.9483,19
10522,8192,3072,0,base,464.462,1,1.0,0,464.462,0,464.462,1.0,1372.425,2.9549,19
10523,2048,3072,0,base,130.07,1,1.0,0,130.07,0,130.07,1.0,366.541,2.818,19
10524,3072,3072,0,base,170.302,1,1.0,0,170.302,0,170.302,1.0,522.943,3.0707,19
10524,3072,6144,0,base,351.62,1,1.0,0,351.62,0,351.62,1.0,1048.602,2.9822,19
10524,4096,3072,0,base,239.911,1,1.0,0,239.911,0,239.911,1.0,693.689,2.8914,19
10524,8192,3072,0,base,475.746,1,1.0,0,475.746,0,475.746,1.0,1381.185,2.9032,19
10525,3072,3072,0,base,174.798,1,1.0,0,174.798,0,174.798,1.0,525.979,3.0091,19
10525,4096,3072,0,base,242.071,1,1.0,0,242.071,0,242.071,1.0,696.745,2.8783,19
10526,2048,3072,0,base,130.302,1,1.0,0,130.302,0,130.302,1.0,368.917,2.8313,19
10526,3072,6144,0,base,337.728,1,1.0,0,337.728,0,337.728,1.0,1045.425,3.0955,19
10526,8192,3072,0,base,478.262,1,1.0,0,478.262,0,478.262,1.0,1384.974,2.8958,19
10527,3072,6144,0,base,346.024,1,1.0,0,346.024,0,346.024,1.0,1048.293,3.0295,19
10527,8192,3072,0,base,470.15,1,1.0,0,470.15,0,470.15,1.0,1381.85,2.9392,19
10528,2048,3072,0,base,132.466,1,1.0,0,132.466,0,132.466,1.0,369.305,2.7879,19
10532,3072,3072,0,base,177.026,1,1.0,0,177.026,0,177.026,1.0,525.862,2.9705,19
10532,4096,3072,0,base,231.615,1,1.0,0,231.615,0,231.615,1.0,693.489,2.9941,19
10534,2048,3072,0,base,130.386,1,1.0,0,130.386,0,130.386,1.0,366.177,2.8084,19
10534,3072,3072,0,base,171.914,1,1.0,0,171.914,0,171.914,1.0,524.159,3.049,19
10534,4096,3072,0,base,238.003,1,1.0,0,238.003,0,238.003,1.0,693.421,2.9135,19
10535,2048,3072,0,base,132.662,1,1.0,0,132.662,0,132.662,1.0,365.969,2.7587,19
10536,2048,3072,0,base,129.582,1,1.0,0,129.582,0,129.582,1.0,361.813,2.7922,19
10536,3072,3072,0,base,171.534,1,1.0,0,171.534,0,171.534,1.0,531.011,3.0957,19
10536,4096,3072,0,base,231.035,1,1.0,0,231.035,0,231.035,1.0,692.105,2.9957,19
10538,3072,3072,0,base,177.93,1,1.0,0,177.93,0,177.93,1.0,525.687,2.9545,19
10538,4096,3072,0,base,235.375,1,1.0,0,235.375,0,235.375,1.0,696.156,2.9576,19
10539,3072,3072,0,base,171.426,1,1.0,0,171.426,0,171.426,1.0,527.534,3.0773,19
10539,4096,3072,0,base,235.783,1,1.0,0,235.783,0,235.783,1.0,692.416,2.9367,19
10542,2048,3072,0,base,131.21,1,1.0,0,131.21,0,131.21,1.0,369.909,2.8192,19
10542,3072,3072,0,base,175.398,1,1.0,0,175.398,0,175.398,1.0,527.374,3.0067,19
10542,4096,3072,0,base,234.811,1,1.0,0,234.811,0,234.811,1.0,691.352,2.9443,19
10543,2048,3072,0,base,130.626,1,1.0,0,130.626,0,130.626,1.0,369.805,2.831,19
10544,3072,3072,0,base,175.166,1,1.0,0,175.166,0,175.166,1.0,534.659,3.0523,19
10544,4096,3072,0,base,234.547,1,1.0,0,234.547,0,234.547,1.0,690.701,2.9448,19
10545,3072,3072,0,base,176.038,1,1.0,0,176.038,0,176.038,1.0,526.907,2.9931,19
10545,4096,3072,0,base,233.199,1,1.0,0,233.199,0,233.199,1.0,692.409,2.9692,19
10546,2048,3072,0,base,131.93,1,1.0,0,131.93,0,131.93,1.0,367.925,2.7888,19
10547,3072,3072,0,base,170.166,1,1.0,0,170.166,0,170.166,1.0,530.039,3.1148,19
10547,4096,3072,0,base,241.307,1,1.0,0,241.307,0,241.307,1.0,693.657,2.8746,19
10548,2048,3072,0,base,130.582,1,1.0,0,130.582,0,130.582,1.0,369.693,2.8311,19
10549,3072,3072,0,base,171.33,1,1.0,0,171.33,0,171.33,1.0,522.035,3.0469,19
10549,4096,3072,0,base,228.395,1,1.0,0,228.395,0,228.395,1.0,692.581,3.0324,19
10550,2048,3072,0,base,131.962,1,1.0,0,131.962,0,131.962,1.0,366.561,2.7778,19
10550,3072,3072,0,base,175.134,1,1.0,0,175.134,0,175.134,1.0,526.454,3.006,19
10550,4096,3072,0,base,233.059,1,1.0,0,233.059,0,233.059,1.0,691.961,2.969,19
10551,2048,3072,0,base,130.594,1,1.0,0,130.594,0,130.594,1.0,372.453,2.852,19
10551,3072,3072,0,base,175.13,1,1.0,0,175.13,0,175.13,1.0,524.071,2.9925,19
10551,4096,3072,0,base,236.695,1,1.0,0,236.695,0,236.695,1.0,691.005,2.9194,19
10552,3072,3072,0,base,172.302,1,1.0,0,172.302,0,172.302,1.0,529.843,3.0751,19
10552,4096,3072,0,base,232.999,1,1.0,0,232.999,0,232.999,1.0,690.541,2.9637,19
10553,3072,6144,0,base,343.652,1,1.0,0,343.652,0,343.652,1.0,1040.641,3.0282,19
10553,8192,3072,0,base,473.642,1,1.0,0,473.642,0,473.642,1.0,1382.345,2.9185,19
10554,3072,3072,0,base,172.59,1,1.0,0,172.59,0,172.59,1.0,521.387,3.021,19
10554,4096,3072,0,base,233.827,1,1.0,0,233.827,0,233.827,1.0,692.021,2.9595,19
10555,2048,3072,0,base,132.041,1,1.0,0,132.041,0,132.041,1.0,365.917,2.7712,19
10556,2048,3072,0,base,129.166,1,1.0,0,129.166,0,129.166,1.0,366.392,2.8366,19
10556,3072,3072,0,base,170.418,1,1.0,0,170.418,0,170.418,1.0,531.171,3.1169,19
10556,4096,3072,0,base,233.871,1,1.0,0,233.871,0,233.871,1.0,691.917,2.9585,19
10557,3072,3072,0,base,174.006,1,1.0,0,174.006,0,174.006,1.0,528.699,3.0384,19
10557,4096,3072,0,base,236.911,1,1.0,0,236.911,0,236.911,1.0,698.557,2.9486,19
10558,3072,3072,0,base,176.202,1,1.0,0,176.202,0,176.202,1.0,533.074,3.0254,19
10558,4096,3072,0,base,238.075,1,1.0,0,238.075,0,238.075,1.0,691.793,2.9058,19
10559,2048,3072,0,base,129.994,1,1.0,0,129.994,0,129.994,1.0,365.201,2.8094,19
10559,3072,3072,0,base,169.534,1,1.0,0,169.534,0,169.534,1.0,523.859,3.09,19
10559,4096,3072,0,base,235.071,1,1.0,0,235.071,0,235.071,1.0,691.765,2.9428,19
10560,2048,3072,0,base,131.434,1,1.0,0,131.434,0,131.434,1.0,364.865,2.776,19
10560,3072,3072,0,base,173.514,1,1.0,0,173.514,0,173.514,1.0,523.055,3.0145,19
10560,4096,3072,0,base,236.203,1,1.0,0,236.203,0,236.203,1.0,691.409,2.9272,19
10564,2048,3072,0,base,131.97,1,1.0,0,131.97,0,131.97,1.0,364.421,2.7614,19
10565,3072,3072,0,base,174.566,1,1.0,0,174.566,0,174.566,1.0,524.543,3.0048,19
10565,4096,3072,0,base,226.687,1,1.0,0,226.687,0,226.687,1.0,693.137,3.0577,19
10568,2048,3072,0,base,129.954,1,1.0,0,129.954,0,129.954,1.0,368.093,2.8325,19
10568,3072,3072,0,base,169.634,1,1.0,0,169.634,0,169.634,1.0,521.627,3.075,19
10568,4096,3072,0,base,231.799,1,1.0,0,231.799,0,231.799,1.0,692.277,2.9865,19
10569,2048,3072,0,base,130.634,1,1.0,0,130.634,0,130.634,1.0,369.673,2.8298,19
10571,2048,3072,0,base,128.13,1,1.0,0,128.13,0,128.13,1.0,368.757,2.878,19
10571,3072,3072,0,base,174.762,1,1.0,0,174.762,0,174.762,1.0,523.999,2.9984,19
10571,4096,3072,0,base,230.587,1,1.0,0,230.587,0,230.587,1.0,691.153,2.9974,19
10572,2048,3072,0,base,132.574,1,1.0,0,132.574,0,132.574,1.0,368.153,2.777,19
10573,3072,3072,0,base,171.65,1,1.0,0,171.65,0,171.65,1.0,524.951,3.0583,19
10573,4096,3072,0,base,228.907,1,1.0,0,228.907,0,228.907,1.0,692.945,3.0272,19
10574,3072,3072,0,base,172.414,1,1.0,0,172.414,0,172.414,1.0,524.878,3.0443,19
10574,4096,3072,0,base,230.235,1,1.0,0,230.235,0,230.235,1.0,692.188,3.0064,19
10575,3072,3072,0,base,177.066,1,1.0,0,177.066,0,177.066,1.0,531.803,3.0034,19
10575,4096,3072,0,base,232.783,1,1.0,0,232.783,0,232.783,1.0,692.413,2.9745,19
10576,2048,3072,0,base,131.254,1,1.0,0,131.254,0,131.254,1.0,366.38,2.7914,19
10576,3072,3072,0,base,169.71,1,1.0,0,169.71,0,169.71,1.0,522.283,3.0775,19
10576,4096,3072,0,base,229.247,1,1.0,0,229.247,0,229.247,1.0,693.813,3.0265,19
10578,3072,3072,0,base,171.118,1,1.0,0,171.118,0,171.118,1.0,527.963,3.0854,19
10578,4096,3072,0,base,230.147,1,1.0,0,230.147,0,230.147,1.0,693.289,3.0124,19
10579,3072,3072,0,base,172.734,1,1.0,0,172.734,0,172.734,1.0,527.303,3.0527,19
10579,4096,3072,0,base,232.623,1,1.0,0,232.623,0,232.623,1.0,695.225,2.9886,19
10580,3072,3072,0,base,172.51,1,1.0,0,172.51,0,172.51,1.0,528.442,3.0633,19
10580,4096,3072,0,base,234.899,1,1.0,0,234.899,0,234.899,1.0,693.545,2.9525,19
10581,2048,3072,0,base,129.474,1,1.0,0,129.474,0,129.474,1.0,364.913,2.8184,19
10584,2048,3072,0,base,127.582,1,1.0,0,127.582,0,127.582,1.0,368.349,2.8872,19
10585,2048,3072,0,base,129.002,1,1.0,0,129.002,0,129.002,1.0,365.061,2.8299,19
10585,3072,6144,0,base,348.004,1,1.0,0,348.004,0,348.004,1.0,1059.281,3.0439,19
10585,8192,3072,0,base,482.27,1,1.0,0,482.27,0,482.27,1.0,1386.89,2.8758,19
10586,3072,3072,0,base,172.302,1,1.0,0,172.302,0,172.302,1.0,529.395,3.0725,19
10586,4096,3072,0,base,232.687,1,1.0,0,232.687,0,232.687,1.0,692.109,2.9744,19
10588,3072,3072,0,base,176.662,1,1.0,0,176.662,0,176.662,1.0,532.559,3.0146,19
10588,4096,3072,0,base,237.479,1,1.0,0,237.479,0,237.479,1.0,691.805,2.9131,19
10589,2048,3072,0,base,130.034,1,1.0,0,130.034,0,130.034,1.0,370.313,2.8478,19
10591,3072,3072,0,base,175.162,1,1.0,0,175.162,0,175.162,1.0,532.087,3.0377,19
10591,4096,3072,0,base,233.267,1,1.0,0,233.267,0,233.267,1.0,693.413,2.9726,19
10592,3072,3072,0,base,172.282,1,1.0,0,172.282,0,172.282,1.0,526.69,3.0571,19
10592,4096,3072,0,base,233.919,1,1.0,0,233.919,0,233.919,1.0,693.789,2.9659,19
10593,2048,3072,0,base,130.918,1,1.0,0,130.918,0,130.918,1.0,365.301,2.7903,19
10595,3072,3072,0,base,171.806,1,1.0,0,171.806,0,171.806,1.0,529.043,3.0793,19
10595,4096,3072,0,base,232.171,1,1.0,0,232.171,0,232.171,1.0,693.033,2.985,19
10596,2048,3072,0,base,128.922,1,1.0,0,128.922,0,128.922,1.0,369.729,2.8679,19
10601,2048,3072,0,base,127.722,1,1.0,0,127.722,0,127.722,1.0,369.317,2.8916,19
10601,3072,3072,0,base,175.046,1,1.0,0,175.046,0,175.046,1.0,533.834,3.0497,19
10601,4096,3072,0,base,230.399,1,1.0,0,230.399,0,230.399,1.0,693.065,3.0081,19
10602,3072,3072,0,base,173.094,1,1.0,0,173.094,0,173.094,1.0,533.207,3.0804,19
10602,4096,3072,0,base,234.559,1,1.0,0,234.559,0,234.559,1.0,692.413,2.952,19
10604,3072,3072,0,base,177.826,1,1.0,0,177.826,0,177.826,1.0,533.102,2.9979,19
10604,4096,3072,0,base,233.847,1,1.0,0,233.847,0,233.847,1.0,692.189,2.96,19
10605,2048,3072,0,base,129.65,1,1.0,0,129.65,0,129.65,1.0,369.377,2.849,19
10605,3072,3072,0,base,175.73,1,1.0,0,175.73,0,175.73,1.0,532.479,3.0301,19
10605,4096,3072,0,base,268.395,1,1.0,0,268.395,0,268.395,1.0,694.685,2.5883,19
10607,3072,6144,0,base,338.616,1,1.0,0,338.616,0,338.616,1.0,1062.793,3.1386,19
10607,8192,3072,0,base,473.642,1,1.0,0,473.642,0,473.642,1.0,1389.785,2.9343,19
10609,2048,3072,0,base,131.41,1,1.0,0,131.41,0,131.41,1.0,365.544,2.7817,19
10609,3072,3072,0,base,175.162,1,1.0,0,175.162,0,175.162,1.0,530.155,3.0267,19
10609,4096,3072,0,base,233.535,1,1.0,0,233.535,0,233.535,1.0,690.961,2.9587,19
10610,3072,3072,0,base,172.434,1,1.0,0,172.434,0,172.434,1.0,530.487,3.0765,19
10610,4096,3072,0,base,237.155,1,1.0,0,237.155,0,237.155,1.0,693.78,2.9254,19
10612,3072,3072,0,base,174.642,1,1.0,0,174.642,0,174.642,1.0,529.119,3.0297,19
10612,4096,3072,0,base,226.515,1,1.0,0,226.515,0,226.515,1.0,690.945,3.0503,19
10613,2048,3072,0,base,129.146,1,1.0,0,129.146,0,129.146,1.0,363.025,2.811,19
10613,3072,3072,0,base,169.606,1,1.0,0,169.606,0,169.606,1.0,528.359,3.1152,19
10613,4096,3072,0,base,234.663,1,1.0,0,234.663,0,234.663,1.0,692.604,2.9515,19
10617,2048,3072,0,base,130.541,1,1.0,0,130.541,0,130.541,1.0,366.153,2.8049,19
10617,3072,3072,0,base,172.122,1,1.0,0,172.122,0,172.122,1.0,529.063,3.0738,19
10617,4096,3072,0,base,231.219,1,1.0,0,231.219,0,231.219,1.0,696.557,3.0125,19
10618,3072,6144,0,base,337.412,1,1.0,0,337.412,0,337.412,1.0,1060.389,3.1427,19
10618,8192,3072,0,base,467.262,1,1.0,0,467.262,0,467.262,1.0,1384.166,2.9623,19
10619,2048,3072,0,base,131.262,1,1.0,0,131.262,0,131.262,1.0,370.533,2.8229,19
10619,3072,3072,0,base,169.846,1,1.0,0,169.846,0,169.846,1.0,530.531,3.1236,19
10619,4096,3072,0,base,235.831,1,1.0,0,235.831,0,235.831,1.0,695.289,2.9483,19
10620,3072,3072,0,base,172.278,1,1.0,0,172.278,0,172.278,1.0,528.515,3.0678,19
10620,4096,3072,0,base,237.355,1,1.0,0,237.355,0,237.355,1.0,693.144,2.9203,19
10621,3072,3072,0,base,175.19,1,1.0,0,175.19,0,175.19,1.0,533.587,3.0458,19
10621,4096,3072,0,base,226.702,1,1.0,0,226.702,0,226.702,1.0,695.037,3.0659,19
10622,3072,3072,0,base,173.506,1,1.0,0,173.506,0,173.506,1.0,530.383,3.0568,19
10622,4096,3072,0,base,238.227,1,1.0,0,238.227,0,238.227,1.0,694.429,2.915,19
10623,3072,3072,0,base,172.038,1,1.0,0,172.038,0,172.038,1.0,532.355,3.0944,19
10623,4096,3072,0,base,238.551,1,1.0,0,238.551,0,238.551,1.0,693.557,2.9074,19
10624,2048,3072,0,base,127.494,1,1.0,0,127.494,0,127.494,1.0,365.137,2.864,19
10624,3072,3072,0,base,165.886,1,1.0,0,165.886,0,165.886,1.0,528.931,3.1885,19
10624,3072,6144,0,base,327.18,1,1.0,0,327.18,0,327.18,1.0,1056.87,3.2302,19
10624,4096,3072,0,base,229.607,1,1.0,0,229.607,0,229.607,1.0,695.185,3.0277,19
10624,8192,3072,0,base,468.538,1,1.0,0,468.538,0,468.538,1.0,1391.25,2.9693,19
10626,2048,3072,0,base,131.018,1,1.0,0,131.018,0,131.018,1.0,365.021,2.786,19
10628,3072,6144,0,base,351.892,1,1.0,0,351.892,0,351.892,1.0,1061.302,3.016,19
10628,8192,3072,0,base,473.586,1,1.0,0,473.586,0,473.586,1.0,1392.386,2.9401,19
10630,2048,3072,0,base,132.618,1,1.0,0,132.618,0,132.618,1.0,365.189,2.7537,19
10635,3072,3072,0,base,172.602,1,1.0,0,172.602,0,172.602,1.0,530.471,3.0734,19
10635,4096,3072,0,base,235.035,1,1.0,0,235.035,0,235.035,1.0,701.165,2.9832,19
10637,3072,3072,0,base,173.634,1,1.0,0,173.634,0,173.634,1.0,529.003,3.0467,19
10637,4096,3072,0,base,231.255,1,1.0,0,231.255,0,231.255,1.0,702.937,3.0397,19
10640,2048,3072,0,base,129.106,1,1.0,0,129.106,0,129.106,1.0,369.801,2.8643,19
10642,3072,3072,0,base,171.862,1,1.0,0,171.862,0,171.862,1.0,533.51,3.1043,19
10642,4096,3072,0,base,233.535,1,1.0,0,233.535,0,233.535,1.0,700.821,3.0009,19
10643,3072,3072,0,base,173.374,1,1.0,0,173.374,0,173.374,1.0,529.699,3.0552,19
10643,4096,3072,0,base,239.367,1,1.0,0,239.367,0,239.367,1.0,702.693,2.9356,19
10644,2048,3072,0,base,130.19,1,1.0,0,130.19,0,130.19,1.0,369.853,2.8409,19
10649,3072,6144,0,base,342.764,1,1.0,0,342.764,0,342.764,1.0,1062.046,3.0985,19
10649,8192,3072,0,base,473.262,1,1.0,0,473.262,0,473.262,1.0,1399.966,2.9581,19
10652,3072,6144,0,base,343.12,1,1.0,0,343.12,0,343.12,1.0,1062.725,3.0972,19
10652,8192,3072,0,base,469.874,1,1.0,0,469.874,0,469.874,1.0,1399.426,2.9783,19
10654,3072,3072,0,base,176.118,1,1.0,0,176.118,0,176.118,1.0,533.646,3.03,19
10654,4096,3072,0,base,235.031,1,1.0,0,235.031,0,235.031,1.0,705.045,2.9998,19
10655,2048,3072,0,base,129.677,1,1.0,0,129.677,0,129.677,1.0,369.113,2.8464,19
10656,3072,3072,0,base,174.39,1,1.0,0,174.39,0,174.39,1.0,527.811,3.0266,19
10656,4096,3072,0,base,235.599,1,1.0,0,235.599,0,235.599,1.0,701.165,2.9761,19
10657,3072,3072,0,base,174.142,1,1.0,0,174.142,0,174.142,1.0,533.038,3.0609,19
10657,4096,3072,0,base,232.711,1,1.0,0,232.711,0,232.711,1.0,700.853,3.0117,19
10658,2048,3072,0,base,130.618,1,1.0,0,130.618,0,130.618,1.0,365.777,2.8004,19
10659,2048,3072,0,base,128.986,1,1.0,0,128.986,0,128.986,1.0,366.129,2.8385,19
10664,2048,3072,0,base,128.806,1,1.0,0,128.806,0,128.806,1.0,369.621,2.8696,19
10669,3072,3072,0,base,172.514,1,1.0,0,172.514,0,172.514,1.0,530.471,3.0749,19
10669,4096,3072,0,base,234.043,1,1.0,0,234.043,0,234.043,1.0,703.457,3.0057,19
10670,3072,3072,0,base,175.99,1,1.0,0,175.99,0,175.99,1.0,532.018,3.023,19
10670,3072,6144,0,base,337.628,1,1.0,0,337.628,0,337.628,1.0,1062.681,3.1475,19
10670,4096,3072,0,base,236.315,1,1.0,0,236.315,0,236.315,1.0,701.865,2.97,19
10670,8192,3072,0,base,472.63,1,1.0,0,472.63,0,472.63,1.0,1396.81,2.9554,19
10672,2048,3072,0,base,131.438,1,1.0,0,131.438,0,131.438,1.0,369.653,2.8124,19
10672,3072,3072,0,base,173.038,1,1.0,0,173.038,0,173.038,1.0,529.907,3.0624,19
10672,4096,3072,0,base,232.071,1,1.0,0,232.071,0,232.071,1.0,704.289,3.0348,19
10675,3072,3072,0,base,174.158,1,1.0,0,174.158,0,174.158,1.0,531.399,3.0512,19
10675,4096,3072,0,base,234.611,1,1.0,0,234.611,0,234.611,1.0,703.485,2.9985,19
10676,2048,3072,0,base,129.942,1,1.0,0,129.942,0,129.942,1.0,373.205,2.8721,19
10678,2048,3072,0,base,128.922,1,1.0,0,128.922,0,128.922,1.0,370.021,2.8701,19
10678,3072,3072,0,base,171.59,1,1.0,0,171.59,0,171.59,1.0,532.759,3.1048,19
10678,4096,3072,0,base,239.323,1,1.0,0,239.323,0,239.323,1.0,702.445,2.9351,19
10681,3072,3072,0,base,173.258,1,1.0,0,173.258,0,173.258,1.0,531.459,3.0674,19
10681,4096,3072,0,base,232.791,1,1.0,0,232.791,0,232.791,1.0,702.725,3.0187,19
10690,2048,3072,0,base,129.87,1,1.0,0,129.87,0,129.87,1.0,366.437,2.8216,19
10691,2048,3072,0,base,128.454,1,1.0,0,128.454,0,128.454,1.0,369.977,2.8802,19
10691,3072,3072,0,base,175.034,1,1.0,0,175.034,0,175.034,1.0,530.971,3.0335,19
10691,3072,6144,0,base,347.248,1,1.0,0,347.248,0,347.248,1.0,1063.41,3.0624,19
10691,4096,3072,0,base,230.899,1,1.0,0,230.899,0,230.899,1.0,703.145,3.0453,19
10691,8192,3072,0,base,479.098,1,1.0,0,479.098,0,479.098,1.0,1403.798,2.9301,19
10694,3072,6144,0,base,335.108,1,1.0,0,335.108,0,335.108,1.0,1063.809,3.1745,19
10694,8192,3072,0,base,479.894,1,1.0,0,479.894,0,479.894,1.0,1406.094,2.93,19
10695,2048,3072,0,base,130.686,1,1.0,0,130.686,0,130.686,1.0,370.089,2.8319,19
10697,2048,3072,0,base,128.286,1,1.0,0,128.286,0,128.286,1.0,370.825,2.8906,19
10700,2048,3072,0,base,130.274,1,1.0,0,130.274,0,130.274,1.0,365.652,2.8068,19
10702,3072,3072,0,base,169.718,1,1.0,0,169.718,0,169.718,1.0,535.403,3.1547,19
10702,4096,3072,0,base,231.403,1,1.0,0,231.403,0,231.403,1.0,704.897,3.0462,19
10703,3072,3072,0,base,176.618,1,1.0,0,176.618,0,176.618,1.0,531.45,3.009,19
10703,3072,6144,0,base,352.856,1,1.0,0,352.856,0,352.856,1.0,1067.122,3.0242,19
10703,4096,3072,0,base,232.675,1,1.0,0,232.675,0,232.675,1.0,703.973,3.0256,19
10703,8192,3072,0,base,467.074,1,1.0,0,467.074,0,467.074,1.0,1403.538,3.005,19
10706,3072,6144,0,base,338.324,1,1.0,0,338.324,0,338.324,1.0,1066.293,3.1517,19
10706,8192,3072,0,base,476.45,1,1.0,0,476.45,0,476.45,1.0,1409.698,2.9588,19
10707,3072,6144,0,base,339.076,1,1.0,0,339.076,0,339.076,1.0,1066.094,3.1441,19
10707,8192,3072,0,base,469.102,1,1.0,0,469.102,0,469.102,1.0,1402.862,2.9905,19
10708,3072,6144,0,base,340.628,1,1.0,0,340.628,0,340.628,1.0,1065.681,3.1286,19
10708,8192,3072,0,base,478.394,1,1.0,0,478.394,0,478.394,1.0,1401.966,2.9306,19
10709,3072,6144,0,base,340.808,1,1.0,0,340.808,0,340.808,1.0,1066.378,3.129,19
10709,8192,3072,0,base,465.894,1,1.0,0,465.894,0,465.894,1.0,1405.038,3.0158,19
10710,3072,6144,0,base,330.168,1,1.0,0,330.168,0,330.168,1.0,1061.925,3.2163,19
10710,8192,3072,0,base,468.838,1,1.0,0,468.838,0,468.838,1.0,1405.622,2.9981,19
10711,2048,3072,0,base,132.95,1,1.0,0,132.95,0,132.95,1.0,370.525,2.787,19
10714,3072,6144,0,base,352.445,1,1.0,0,352.445,0,352.445,1.0,1063.882,3.0186,19
10714,8192,3072,0,base,474.914,1,1.0,0,474.914,0,474.914,1.0,1407.63,2.964,19
10715,2048,3072,0,base,131.946,1,1.0,0,131.946,0,131.946,1.0,372.517,2.8233,19
10716,3072,3072,0,base,174.158,1,1.0,0,174.158,0,174.158,1.0,532.998,3.0604,19
10716,3072,6144,0,base,342.652,1,1.0,0,342.652,0,342.652,1.0,1065.13,3.1085,19
10716,4096,3072,0,base,233.319,1,1.0,0,233.319,0,233.319,1.0,709.401,3.0405,19
10716,8192,3072,0,base,482.282,1,1.0,0,482.282,0,482.282,1.0,1405.906,2.9151,19
10717,3072,6144,0,base,329.964,1,1.0,0,329.964,0,329.964,1.0,1062.926,3.2213,19
10717,8192,3072,0,base,484.346,1,1.0,0,484.346,0,484.346,1.0,1408.926,2.9089,19
10718,3072,6144,0,base,336.948,1,1.0,0,336.948,0,336.948,1.0,1062.978,3.1547,19
10718,8192,3072,0,base,474.882,1,1.0,0,474.882,0,474.882,1.0,1404.202,2.9569,19
10721,3072,6144,0,base,340.576,1,1.0,0,340.576,0,340.576,1.0,1064.353,3.1252,19
10721,8192,3072,0,base,474.302,1,1.0,0,474.302,0,474.302,1.0,1404.718,2.9617,19
10724,2048,3072,0,base,130.97,1,1.0,0,130.97,0,130.97,1.0,369.901,2.8243,19
10724,3072,6144,0,base,354.697,1,1.0,0,354.697,0,354.697,1.0,1064.31,3.0006,19
10724,8192,3072,0,base,479.69,1,1.0,0,479.69,0,479.69,1.0,1404.566,2.9281,19
10725,2048,3072,0,base,131.634,1,1.0,0,131.634,0,131.634,1.0,371.464,2.822,19
10733,2048,3072,0,base,129.638,1,1.0,0,129.638,0,129.638,1.0,369.669,2.8516,19
10737,2048,3072,0,base,129.306,1,1.0,0,129.306,0,129.306,1.0,365.949,2.8301,19
10742,3072,3072,0,base,177.414,1,1.0,0,177.414,0,177.414,1.0,530.535,2.9904,19
10742,3072,6144,0,base,350.056,1,1.0,0,350.056,0,350.056,1.0,1059.657,3.0271,19
10742,4096,3072,0,base,231.759,1,1.0,0,231.759,0,231.759,1.0,700.565,3.0228,19
10742,8192,3072,0,base,468.898,1,1.0,0,468.898,0,468.898,1.0,1401.662,2.9893,19
10747,3072,6144,0,base,335.192,1,1.0,0,335.192,0,335.192,1.0,1059.71,3.1615,19
10747,8192,3072,0,base,482.67,1,1.0,0,482.67,0,482.67,1.0,1405.402,2.9117,19
10749,3072,3072,0,base,174.486,1,1.0,0,174.486,0,174.486,1.0,536.367,3.074,19
10749,4096,3072,0,base,236.815,1,1.0,0,236.815,0,236.815,1.0,701.205,2.961,19
10751,2048,3072,0,base,131.934,1,1.0,0,131.934,0,131.934,1.0,370.709,2.8098,19
10751,3072,3072,0,base,171.298,1,1.0,0,171.298,0,171.298,1.0,534.958,3.123,19
10751,4096,3072,0,base,227.167,1,1.0,0,227.167,0,227.167,1.0,704.377,3.1007,19
10752,2048,3072,0,base,127.986,1,1.0,0,127.986,0,127.986,1.0,373.592,2.919,19
10752,3072,3072,0,base,166.166,1,1.0,0,166.166,0,166.166,1.0,536.262,3.2273,19
10752,3072,6144,0,base,335.512,1,1.0,0,335.512,0,335.512,1.0,1054.157,3.1419,19
10752,4096,3072,0,base,232.003,1,1.0,0,232.003,0,232.003,1.0,707.097,3.0478,19
10752,8192,3072,0,base,473.942,1,1.0,0,473.942,0,473.942,1.0,1404.198,2.9628,19
10754,3072,3072,0,base,176.462,1,1.0,0,176.462,0,176.462,1.0,542.899,3.0766,19
10754,4096,3072,0,base,241.003,1,1.0,0,241.003,0,241.003,1.0,708.069,2.938,19
10755,3072,3072,0,base,175.91,1,1.0,0,175.91,0,175.91,1.0,551.799,3.1368,19
10755,4096,3072,0,base,241.571,1,1.0,0,241.571,0,241.571,1.0,707.225,2.9276,19
10756,3072,3072,0,base,173.938,1,1.0,0,173.938,0,173.938,1.0,544.327,3.1294,19
10756,4096,3072,0,base,238.043,1,1.0,0,238.043,0,238.043,1.0,711.901,2.9906,19
10758,2048,3072,0,base,130.826,1,1.0,0,130.826,0,130.826,1.0,374.537,2.8629,19
10759,3072,3072,0,base,176.222,1,1.0,0,176.222,0,176.222,1.0,538.031,3.0531,19
10759,4096,3072,0,base,241.379,1,1.0,0,241.379,0,241.379,1.0,711.865,2.9492,19
10760,2048,3072,0,base,131.078,1,1.0,0,131.078,0,131.078,1.0,374.561,2.8576,19
10760,3072,3072,0,base,173.698,1,1.0,0,173.698,0,173.698,1.0,540.287,3.1105,19
10760,4096,3072,0,base,236.039,1,1.0,0,236.039,0,236.039,1.0,709.277,3.0049,19
10762,2048,3072,0,base,131.718,1,1.0,0,131.718,0,131.718,1.0,376.573,2.8589,19
10763,2048,3072,0,base,128.554,1,1.0,0,128.554,0,128.554,1.0,376.845,2.9314,19
10767,3072,6144,0,base,350.704,1,1.0,0,350.704,0,350.704,1.0,1076.63,3.0699,19
10767,8192,3072,0,base,496.934,1,1.0,0,496.934,0,496.934,1.0,1406.218,2.8298,19
10774,2048,3072,0,base,131.71,1,1.0,0,131.71,0,131.71,1.0,378.965,2.8773,19
10775,2048,3072,0,base,129.009,1,1.0,0,129.009,0,129.009,1.0,374.109,2.8999,19
10776,3072,3072,0,base,172.134,1,1.0,0,172.134,0,172.134,1.0,541.431,3.1454,19
10776,4096,3072,0,base,242.703,1,1.0,0,242.703,0,242.703,1.0,707.681,2.9158,19
10777,2048,3072,0,base,130.729,1,1.0,0,130.729,0,130.729,1.0,371.197,2.8394,19
10778,2048,3072,0,base,128.158,1,1.0,0,128.158,0,128.158,1.0,373.425,2.9138,19
10779,2048,3072,0,base,130.018,1,1.0,0,130.018,0,130.018,1.0,372.869,2.8678,19
10780,3072,3072,0,base,172.638,1,1.0,0,172.638,0,172.638,1.0,537.27,3.1121,19
10780,4096,3072,0,base,239.807,1,1.0,0,239.807,0,239.807,1.0,707.613,2.9508,19
10782,2048,3072,0,base,131.198,1,1.0,0,131.198,0,131.198,1.0,372.445,2.8388,19
10782,3072,3072,0,base,174.846,1,1.0,0,174.846,0,174.846,1.0,539.831,3.0875,19
10782,3072,6144,0,base,352.116,1,1.0,0,352.116,0,352.116,1.0,1075.282,3.0538,19
10782,4096,3072,0,base,234.095,1,1.0,0,234.095,0,234.095,1.0,708.365,3.026,19
10782,8192,3072,0,base,487.898,1,1.0,0,487.898,0,487.898,1.0,1409.902,2.8897,19
10783,3072,6144,0,base,345.685,1,1.0,0,345.685,0,345.685,1.0,1075.722,3.1119,19
10783,8192,3072,0,base,491.534,1,1.0,0,491.534,0,491.534,1.0,1402.826,2.854,19
10784,3072,6144,0,base,342.908,1,1.0,0,342.908,0,342.908,1.0,1072.462,3.1275,19
10784,8192,3072,0,base,484.99,1,1.0,0,484.99,0,484.99,1.0,1411.274,2.9099,19
10785,3072,6144,0,base,330.332,1,1.0,0,330.332,0,330.332,1.0,1078.738,3.2656,19
10785,8192,3072,0,base,494.526,1,1.0,0,494.526,0,494.526,1.0,1404.542,2.8402,19
10786,2048,3072,0,base,132.134,1,1.0,0,132.134,0,132.134,1.0,372.789,2.8213,19
10788,2048,3072,0,base,127.918,1,1.0,0,127.918,0,127.918,1.0,376.36,2.9422,19
10789,3072,3072,0,base,176.902,1,1.0,0,176.902,0,176.902,1.0,540.951,3.0579,19
10789,4096,3072,0,base,240.231,1,1.0,0,240.231,0,240.231,1.0,708.509,2.9493,19
10792,3072,3072,0,base,178.01,1,1.0,0,178.01,0,178.01,1.0,540.327,3.0354,19
10792,4096,3072,0,base,238.851,1,1.0,0,238.851,0,238.851,1.0,708.445,2.9661,19
10793,3072,3072,0,base,174.266,1,1.0,0,174.266,0,174.266,1.0,537.655,3.0852,19
10793,4096,3072,0,base,240.955,1,1.0,0,240.955,0,240.955,1.0,708.745,2.9414,19
10800,3072,3072,0,base,178.322,1,1.0,0,178.322,0,178.322,1.0,535.403,3.0024,19
10800,4096,3072,0,base,238.551,1,1.0,0,238.551,0,238.551,1.0,708.945,2.9719,19
10801,2048,3072,0,base,129.874,1,1.0,0,129.874,0,129.874,1.0,373.645,2.877,19
10802,3072,6144,0,base,353.444,1,1.0,0,353.444,0,353.444,1.0,1075.762,3.0437,19
10802,8192,3072,0,base,493.839,1,1.0,0,493.839,0,493.839,1.0,1409.982,2.8551,19
10803,2048,3072,0,base,130.174,1,1.0,0,130.174,0,130.174,1.0,372.673,2.8629,19
10803,3072,3072,0,base,176.926,1,1.0,0,176.926,0,176.926,1.0,536.863,3.0344,19
10803,3072,6144,0,base,349.313,1,1.0,0,349.313,0,349.313,1.0,1079.034,3.089,19
10803,4096,3072,0,base,233.671,1,1.0,0,233.671,0,233.671,1.0,707.405,3.0274,19
10803,8192,3072,0,base,490.382,1,1.0,0,490.382,0,490.382,1.0,1412.85,2.8811,19
10804,2048,3072,0,base,131.374,1,1.0,0,131.374,0,131.374,1.0,376.945,2.8693,19
10804,3072,3072,0,base,173.634,1,1.0,0,173.634,0,173.634,1.0,542.699,3.1255,19
10804,4096,3072,0,base,236.779,1,1.0,0,236.779,0,236.779,1.0,708.529,2.9924,19
10806,3072,6144,0,base,339.584,1,1.0,0,339.584,0,339.584,1.0,1076.87,3.1711,19
10806,8192,3072,0,base,493.37,1,1.0,0,493.37,0,493.37,1.0,1405.922,2.8496,19
10807,3072,6144,0,base,342.745,1,1.0,0,342.745,0,342.745,1.0,1077.585,3.144,19
10807,8192,3072,0,base,487.67,1,1.0,0,487.67,0,487.67,1.0,1411.434,2.8942,19
10808,3072,6144,0,base,348.293,1,1.0,0,348.293,0,348.293,1.0,1077.47,3.0936,19
10808,8192,3072,0,base,489.682,1,1.0,0,489.682,0,489.682,1.0,1407.99,2.8753,19
10813,3072,3072,0,base,174.238,1,1.0,0,174.238,0,174.238,1.0,536.599,3.0797,19
10813,4096,3072,0,base,237.559,1,1.0,0,237.559,0,237.559,1.0,711.013,2.993,19
10818,2048,3072,0,base,129.714,1,1.0,0,129.714,0,129.714,1.0,374.177,2.8846,19
10819,2048,3072,0,base,127.582,1,1.0,0,127.582,0,127.582,1.0,376.952,2.9546,19
10821,3072,3072,0,base,176.146,1,1.0,0,176.146,0,176.146,1.0,537.175,3.0496,19
10821,4096,3072,0,base,236.163,1,1.0,0,236.163,0,236.163,1.0,710.425,3.0082,19
10828,3072,3072,0,base,172.658,1,1.0,0,172.658,0,172.658,1.0,537.311,3.112,19
10828,4096,3072,0,base,240.315,1,1.0,0,240.315,0,240.315,1.0,708.617,2.9487,19
10831,3072,6144,0,base,341.457,1,1.0,0,341.457,0,341.457,1.0,1077.018,3.1542,19
10831,8192,3072,0,base,497.702,1,1.0,0,497.702,0,497.702,1.0,1415.758,2.8446,19
10839,3072,3072,0,base,175.306,1,1.0,0,175.306,0,175.306,1.0,540.695,3.0843,19
10839,4096,3072,0,base,235.743,1,1.0,0,235.743,0,235.743,1.0,710.157,3.0124,19
10840,2048,3072,0,base,130.806,1,1.0,0,130.806,0,130.806,1.0,377.229,2.8839,19
10840,3072,3072,0,base,175.31,1,1.0,0,175.31,0,175.31,1.0,537.219,3.0644,19
10840,4096,3072,0,base,237.859,1,1.0,0,237.859,0,237.859,1.0,709.413,2.9825,19
10841,2048,3072,0,base,129.897,1,1.0,0,129.897,0,129.897,1.0,373.073,2.8721,19
10841,3072,3072,0,base,173.846,1,1.0,0,173.846,0,173.846,1.0,540.339,3.1081,19
10841,4096,3072,0,base,244.207,1,1.0,0,244.207,0,244.207,1.0,709.709,2.9062,19
10843,3072,3072,0,base,174.998,1,1.0,0,174.998,0,174.998,1.0,536.211,3.0641,19
10843,3072,6144,0,base,354.52,1,1.0,0,354.52,0,354.52,1.0,1080.161,3.0468,19
10843,4096,3072,0,base,240.395,1,1.0,0,240.395,0,240.395,1.0,712.549,2.9641,19
10843,8192,3072,0,base,484.29,1,1.0,0,484.29,0,484.29,1.0,1418.118,2.9282,19
10844,3072,6144,0,base,330.336,1,1.0,0,330.336,0,330.336,1.0,1080.034,3.2695,19
10844,8192,3072,0,base,482.518,1,1.0,0,482.518,0,482.518,1.0,1419.638,2.9421,19
10845,3072,6144,0,base,342.712,1,1.0,0,342.712,0,342.712,1.0,1077.81,3.1449,19
10845,8192,3072,0,base,484.994,1,1.0,0,484.994,0,484.994,1.0,1416.006,2.9196,19
10846,3072,6144,0,base,349.332,1,1.0,0,349.332,0,349.332,1.0,1078.03,3.086,19
10846,8192,3072,0,base,480.914,1,1.0,0,480.914,0,480.914,1.0,1420.506,2.9538,19
10847,3072,6144,0,base,331.052,1,1.0,0,331.052,0,331.052,1.0,1078.106,3.2566,19
10847,8192,3072,0,base,492.807,1,1.0,0,492.807,0,492.807,1.0,1419.01,2.8794,19
10850,2048,3072,0,base,131.306,1,1.0,0,131.306,0,131.306,1.0,373.333,2.8432,19
10855,3072,3072,0,base,176.818,1,1.0,0,176.818,0,176.818,1.0,536.239,3.0327,19
10855,4096,3072,0,base,232.039,1,1.0,0,232.039,0,232.039,1.0,709.785,3.0589,19
10858,2048,3072,0,base,129.71,1,1.0,0,129.71,0,129.71,1.0,372.681,2.8732,19
10858,3072,3072,0,base,174.054,1,1.0,0,174.054,0,174.054,1.0,538.127,3.0917,19
10858,4096,3072,0,base,233.671,1,1.0,0,233.671,0,233.671,1.0,708.861,3.0336,19
10860,3072,3072,0,base,174.954,1,1.0,0,174.954,0,174.954,1.0,539.923,3.0861,19
10860,4096,3072,0,base,237.267,1,1.0,0,237.267,0,237.267,1.0,711.633,2.9993,19
10863,2048,3072,0,base,131.386,1,1.0,0,131.386,0,131.386,1.0,373.861,2.8455,19
10864,2048,3072,0,base,128.262,1,1.0,0,128.262,0,128.262,1.0,373.393,2.9112,19
10864,3072,3072,0,base,169.482,1,1.0,0,169.482,0,169.482,1.0,538.339,3.1764,19
10864,4096,3072,0,base,236.351,1,1.0,0,236.351,0,236.351,1.0,709.881,3.0035,19
10868,2048,3072,0,base,131.41,1,1.0,0,131.41,0,131.41,1.0,373.113,2.8393,19
10872,3072,3072,0,base,171.918,1,1.0,0,171.918,0,171.918,1.0,539.399,3.1375,19
10872,4096,3072,0,base,232.967,1,1.0,0,232.967,0,232.967,1.0,711.105,3.0524,19
10873,3072,3072,0,base,173.838,1,1.0,0,173.838,0,173.838,1.0,539.035,3.1008,19
10873,3072,6144,0,base,345.532,1,1.0,0,345.532,0,345.532,1.0,1079.158,3.1232,19
10873,4096,3072,0,base,233.955,1,1.0,0,233.955,0,233.955,1.0,711.913,3.0429,19
10873,8192,3072,0,base,494.114,1,1.0,0,494.114,0,494.114,1.0,1424.106,2.8821,19
10875,2048,3072,0,base,130.518,1,1.0,0,130.518,0,130.518,1.0,373.057,2.8583,19
10877,3072,6144,0,base,356.761,1,1.0,0,356.761,0,356.761,1.0,1079.265,3.0252,19
10877,8192,3072,0,base,488.326,1,1.0,0,488.326,0,488.326,1.0,1427.69,2.9236,19
10880,2048,3072,0,base,126.958,1,1.0,0,126.958,0,126.958,1.0,373.757,2.944,19
10880,3072,3072,0,base,167.158,1,1.0,0,167.158,0,167.158,1.0,538.835,3.2235,19
10880,3072,6144,0,base,336.74,1,1.0,0,336.74,0,336.74,1.0,1073.05,3.1866,19
10880,4096,3072,0,base,224.299,1,1.0,0,224.299,0,224.299,1.0,715.125,3.1883,19
10880,8192,3072,0,base,480.798,1,1.0,0,480.798,0,480.798,1.0,1423.17,2.96,19
10885,3072,3072,0,base,191.186,1,1.0,0,191.186,0,191.186,1.0,547.211,2.8622,19
10885,4096,3072,0,base,242.139,1,1.0,0,242.139,0,242.139,1.0,717.029,2.9612,19
10890,2048,3072,0,base,130.737,1,1.0,0,130.737,0,130.737,1.0,373.417,2.8562,19
10894,2048,3072,0,base,129.274,1,1.0,0,129.274,0,129.274,1.0,377.261,2.9183,19
10902,3072,3072,0,base,188.519,1,1.0,0,188.519,0,188.519,1.0,540.995,2.8697,19
10902,4096,3072,0,base,230.599,1,1.0,0,230.599,0,230.599,1.0,720.789,3.1257,19
10903,3072,3072,0,base,189.63,1,1.0,0,189.63,0,189.63,1.0,542.131,2.8589,19
10903,4096,3072,0,base,239.563,1,1.0,0,239.563,0,239.563,1.0,718.529,2.9993,19
10905,3072,3072,0,base,187.542,1,1.0,0,187.542,0,187.542,1.0,541.795,2.8889,19
10905,4096,3072,0,base,240.883,1,1.0,0,240.883,0,240.883,1.0,717.641,2.9792,19
10906,3072,3072,0,base,190.21,1,1.0,0,190.21,0,190.21,1.0,542.327,2.8512,19
10906,4096,3072,0,base,240.203,1,1.0,0,240.203,0,240.203,1.0,717.749,2.9881,19
10908,3072,3072,0,base,190.719,1,1.0,0,190.719,0,190.719,1.0,537.171,2.8166,19
10908,4096,3072,0,base,239.947,1,1.0,0,239.947,0,239.947,1.0,718.345,2.9938,19
10909,2048,3072,0,base,131.786,1,1.0,0,131.786,0,131.786,1.0,374.229,2.8397,19
10910,2048,3072,0,base,129.454,1,1.0,0,129.454,0,129.454,1.0,377.893,2.9191,19
10915,2048,3072,0,base,128.926,1,1.0,0,128.926,0,128.926,1.0,375.441,2.9121,19
10924,3072,3072,0,base,188.334,1,1.0,0,188.334,0,188.334,1.0,544.299,2.8901,19
10924,4096,3072,0,base,234.047,1,1.0,0,234.047,0,234.047,1.0,717.921,3.0674,19
10925,2048,3072,0,base,129.874,1,1.0,0,129.874,0,129.874,1.0,371.049,2.857,19
10925,3072,3072,0,base,188.018,1,1.0,0,188.018,0,188.018,1.0,547.739,2.9132,19
10925,4096,3072,0,base,232.923,1,1.0,0,232.923,0,232.923,1.0,719.337,3.0883,19
10926,3072,3072,0,base,188.97,1,1.0,0,188.97,0,188.97,1.0,544.271,2.8802,19
10926,4096,3072,0,base,242.375,1,1.0,0,242.375,0,242.375,1.0,719.505,2.9686,19
10927,3072,3072,0,base,192.062,1,1.0,0,192.062,0,192.062,1.0,545.603,2.8408,19
10927,4096,3072,0,base,238.975,1,1.0,0,238.975,0,238.975,1.0,718.553,3.0068,19
10928,3072,3072,0,base,190.07,1,1.0,0,190.07,0,190.07,1.0,544.395,2.8642,19
10928,4096,3072,0,base,241.835,1,1.0,0,241.835,0,241.835,1.0,720.745,2.9803,19
10929,3072,3072,0,base,189.758,1,1.0,0,189.758,0,189.758,1.0,544.463,2.8692,19
10929,4096,3072,0,base,241.287,1,1.0,0,241.287,0,241.287,1.0,720.025,2.9841,19
10934,3072,3072,0,base,190.834,1,1.0,0,190.834,0,190.834,1.0,543.743,2.8493,19
10934,4096,3072,0,base,231.347,1,1.0,0,231.347,0,231.347,1.0,717.773,3.1026,19
10936,2048,3072,0,base,130.03,1,1.0,0,130.03,0,130.03,1.0,378.668,2.9122,19
10944,2048,3072,0,base,129.594,1,1.0,0,129.594,0,129.594,1.0,375.497,2.8975,19
10947,3072,3072,0,base,188.818,1,1.0,0,188.818,0,188.818,1.0,544.875,2.8857,19
10947,4096,3072,0,base,233.755,1,1.0,0,233.755,0,233.755,1.0,719.405,3.0776,19
10956,3072,3072,0,base,189.822,1,1.0,0,189.822,0,189.822,1.0,546.991,2.8816,19
10956,4096,3072,0,base,238.299,1,1.0,0,238.299,0,238.299,1.0,718.397,3.0147,19
10960,3072,6144,0,base,375.633,1,1.0,0,375.633,0,375.633,1.0,1101.598,2.9326,19
10960,8192,3072,0,base,492.018,1,1.0,0,492.018,0,492.018,1.0,1431.138,2.9087,19
10961,3072,6144,0,base,359.412,1,1.0,0,359.412,0,359.412,1.0,1103.63,3.0707,19
10961,8192,3072,0,base,498.362,1,1.0,0,498.362,0,498.362,1.0,1434.022,2.8775,19
10962,3072,6144,0,base,368.097,1,1.0,0,368.097,0,368.097,1.0,1098.338,2.9838,19
10962,8192,3072,0,base,495.522,1,1.0,0,495.522,0,495.522,1.0,1436.73,2.8994,19
10963,3072,6144,0,base,355.937,1,1.0,0,355.937,0,355.937,1.0,1103.638,3.1007,19
10963,8192,3072,0,base,501.226,1,1.0,0,501.226,0,501.226,1.0,1437.154,2.8673,19
10966,2048,3072,0,base,131.73,1,1.0,0,131.73,0,131.73,1.0,375.925,2.8538,19
10967,3072,3072,0,base,190.186,1,1.0,0,190.186,0,190.186,1.0,544.795,2.8645,19
10967,4096,3072,0,base,237.587,1,1.0,0,237.587,0,237.587,1.0,720.445,3.0323,19
10969,3072,3072,0,base,192.49,1,1.0,0,192.49,0,192.49,1.0,544.431,2.8284,19
10969,4096,3072,0,base,232.219,1,1.0,0,232.219,0,232.219,1.0,718.105,3.0924,19
10970,2048,3072,0,base,130.642,1,1.0,0,130.642,0,130.642,1.0,375.897,2.8773,19
10973,2048,3072,0,base,129.218,1,1.0,0,129.218,0,129.218,1.0,373.872,2.8934,19
10974,3072,3072,0,base,188.934,1,1.0,0,188.934,0,188.934,1.0,550.527,2.9139,19
10974,4096,3072,0,base,242.471,1,1.0,0,242.471,0,242.471,1.0,719.805,2.9686,19
10989,2048,3072,0,base,130.81,1,1.0,0,130.81,0,130.81,1.0,375.713,2.8722,19
10992,3072,3072,0,base,194.162,1,1.0,0,194.162,0,194.162,1.0,545.007,2.807,19
10992,4096,3072,0,base,240.971,1,1.0,0,240.971,0,240.971,1.0,722.241,2.9972,19
10995,2048,3072,0,base,131.854,1,1.0,0,131.854,0,131.854,1.0,374.453,2.8399,19
10997,2048,3072,0,base,130.922,1,1.0,0,130.922,0,130.922,1.0,373.913,2.856,19
10997,3072,3072,0,base,193.794,1,1.0,0,193.794,0,193.794,1.0,546.847,2.8218,19
10997,4096,3072,0,base,235.683,1,1.0,0,235.683,0,235.683,1.0,716.877,3.0417,19
11001,3072,3072,0,base,193.771,1,1.0,0,193.771,0,193.771,1.0,551.399,2.8456,19
11001,4096,3072,0,base,234.851,1,1.0,0,234.851,0,234.851,1.0,719.821,3.065,19
11003,2048,3072,0,base,131.697,1,1.0,0,131.697,0,131.697,1.0,374.624,2.8446,19
11004,3072,3072,0,base,188.806,1,1.0,0,188.806,0,188.806,1.0,544.803,2.8855,19
11004,3072,6144,0,base,373.417,1,1.0,0,373.417,0,373.417,1.0,1092.97,2.9269,19
11004,4096,3072,0,base,241.419,1,1.0,0,241.419,0,241.419,1.0,716.913,2.9696,19
11004,8192,3072,0,base,491.178,1,1.0,0,491.178,0,491.178,1.0,1434.042,2.9196,19
11005,2048,3072,0,base,130.49,1,1.0,0,130.49,0,130.49,1.0,374.652,2.8711,19
11005,3072,3072,0,base,189.878,1,1.0,0,189.878,0,189.878,1.0,555.311,2.9246,19
11005,4096,3072,0,base,240.531,1,1.0,0,240.531,0,240.531,1.0,720.877,2.997,19
11007,2048,3072,0,base,130.142,1,1.0,0,130.142,0,130.142,1.0,378.889,2.9114,19
11008,2048,3072,0,base,125.966,1,1.0,0,125.966,0,125.966,1.0,377.673,2.9982,19
11008,3072,3072,0,base,183.374,1,1.0,0,183.374,0,183.374,1.0,546.915,2.9825,19
11008,3072,6144,0,base,356.157,1,1.0,0,356.157,0,356.157,1.0,1096.07,3.0775,19
11008,4096,3072,0,base,235.039,1,1.0,0,235.039,0,235.039,1.0,724.233,3.0813,19
11008,8192,3072,0,base,476.262,1,1.0,0,476.262,0,476.262,1.0,1435.978,3.0151,19
11009,3072,3072,0,base,188.87,1,1.0,0,188.87,0,188.87,1.0,550.035,2.9122,19
11009,4096,3072,0,base,245.563,1,1.0,0,245.563,0,245.563,1.0,724.489,2.9503,19
11010,3072,3072,0,base,196.714,1,1.0,0,196.714,0,196.714,1.0,547.191,2.7817,19
11010,4096,3072,0,base,235.255,1,1.0,0,235.255,0,235.255,1.0,723.413,3.075,19
11011,3072,3072,0,base,190.882,1,1.0,0,190.882,0,190.882,1.0,546.571,2.8634,19
11011,4096,3072,0,base,241.967,1,1.0,0,241.967,0,241.967,1.0,724.697,2.995,19
11012,3072,3072,0,base,192.843,1,1.0,0,192.843,0,192.843,1.0,547.343,2.8383,19
11012,4096,3072,0,base,233.683,1,1.0,0,233.683,0,233.683,1.0,725.013,3.1025,19
11013,3072,3072,0,base,196.659,1,1.0,0,196.659,0,196.659,1.0,549.107,2.7922,19
11013,4096,3072,0,base,234.675,1,1.0,0,234.675,0,234.675,1.0,724.801,3.0885,19
11014,3072,3072,0,base,190.543,1,1.0,0,190.543,0,190.543,1.0,546.975,2.8706,19
11014,4096,3072,0,base,244.519,1,1.0,0,244.519,0,244.519,1.0,725.213,2.9659,19
11015,3072,3072,0,base,192.406,1,1.0,0,192.406,0,192.406,1.0,544.763,2.8313,19
11015,4096,3072,0,base,246.019,1,1.0,0,246.019,0,246.019,1.0,723.557,2.9411,19
11021,2048,3072,0,base,132.678,1,1.0,0,132.678,0,132.678,1.0,383.777,2.8926,19
11021,3072,3072,0,base,194.482,1,1.0,0,194.482,0,194.482,1.0,550.823,2.8323,19
11021,4096,3072,0,base,237.407,1,1.0,0,237.407,0,237.407,1.0,724.533,3.0519,19
11023,3072,3072,0,base,192.855,1,1.0,0,192.855,0,192.855,1.0,547.339,2.8381,19
11023,4096,3072,0,base,236.703,1,1.0,0,236.703,0,236.703,1.0,723.045,3.0547,19
11024,2048,3072,0,base,132.51,1,1.0,0,132.51,0,132.51,1.0,380.865,2.8742,19
11025,2048,3072,0,base,128.694,1,1.0,0,128.694,0,128.694,1.0,387.261,3.0092,19
11028,2048,3072,0,base,129.234,1,1.0,0,129.234,0,129.234,1.0,381.429,2.9515,19
11030,2048,3072,0,base,129.022,1,1.0,0,129.022,0,129.022,1.0,382.541,2.9649,19
11030,3072,3072,0,base,188.174,1,1.0,0,188.174,0,188.174,1.0,547.203,2.908,19
11030,4096,3072,0,base,237.111,1,1.0,0,237.111,0,237.111,1.0,724.817,3.0569,19
11033,2048,3072,0,base,131.998,1,1.0,0,131.998,0,131.998,1.0,382.457,2.8975,19
11035,3072,3072,0,base,188.487,1,1.0,0,188.487,0,188.487,1.0,551.447,2.9257,19
11035,4096,3072,0,base,242.223,1,1.0,0,242.223,0,242.223,1.0,723.909,2.9886,19
11037,2048,3072,0,base,130.054,1,1.0,0,130.054,0,130.054,1.0,386.741,2.9737,19
11038,2048,3072,0,base,130.542,1,1.0,0,130.542,0,130.542,1.0,382.185,2.9277,19
11041,2048,3072,0,base,128.046,1,1.0,0,128.046,0,128.046,1.0,383.025,2.9913,19
11046,3072,3072,0,base,192.774,1,1.0,0,192.774,0,192.774,1.0,546.515,2.835,19
11046,4096,3072,0,base,236.667,1,1.0,0,236.667,0,236.667,1.0,724.397,3.0608,19
11060,2048,3072,0,base,130.017,1,1.0,0,130.017,0,130.017,1.0,382.885,2.9449,19
11060,3072,3072,0,base,190.606,1,1.0,0,190.606,0,190.606,1.0,548.511,2.8777,19
11060,4096,3072,0,base,241.747,1,1.0,0,241.747,0,241.747,1.0,723.573,2.9931,19
11061,2048,3072,0,base,130.569,1,1.0,0,130.569,0,130.569,1.0,387.717,2.9694,19
11061,3072,3072,0,base,193.058,1,1.0,0,193.058,0,193.058,1.0,546.771,2.8322,19
11061,4096,3072,0,base,233.791,1,1.0,0,233.791,0,233.791,1.0,723.709,3.0955,19
11063,2048,3072,0,base,131.122,1,1.0,0,131.122,0,131.122,1.0,382.925,2.9204,19
11074,3072,3072,0,base,190.142,1,1.0,0,190.142,0,190.142,1.0,547.399,2.8789,19
11074,4096,3072,0,base,241.399,1,1.0,0,241.399,0,241.399,1.0,724.149,2.9998,19
11079,2048,3072,0,base,130.766,1,1.0,0,130.766,0,130.766,1.0,381.829,2.9199,19
11079,3072,3072,0,base,187.591,1,1.0,0,187.591,0,187.591,1.0,547.491,2.9185,19
11079,4096,3072,0,base,242.999,1,1.0,0,242.999,0,242.999,1.0,725.489,2.9856,19
11080,3072,3072,0,base,190.066,1,1.0,0,190.066,0,190.066,1.0,545.515,2.8701,19
11080,4096,3072,0,base,235.311,1,1.0,0,235.311,0,235.311,1.0,724.485,3.0788,19
11083,2048,3072,0,base,131.398,1,1.0,0,131.398,0,131.398,1.0,381.321,2.902,19
11083,3072,3072,0,base,187.346,1,1.0,0,187.346,0,187.346,1.0,546.251,2.9157,19
11083,4096,3072,0,base,239.875,1,1.0,0,239.875,0,239.875,1.0,724.609,3.0208,19
11087,2048,3072,0,base,131.094,1,1.0,0,131.094,0,131.094,1.0,378.081,2.8841,19
11099,3072,3072,0,base,193.806,1,1.0,0,193.806,0,193.806,1.0,552.687,2.8517,19
11099,4096,3072,0,base,233.731,1,1.0,0,233.731,0,233.731,1.0,724.241,3.0986,19
11102,2048,3072,0,base,131.942,1,1.0,0,131.942,0,131.942,1.0,381.705,2.893,19
11102,3072,3072,0,base,188.278,1,1.0,0,188.278,0,188.278,1.0,556.443,2.9554,19
11102,4096,3072,0,base,239.095,1,1.0,0,239.095,0,239.095,1.0,724.653,3.0308,19
11107,3072,3072,0,base,189.154,1,1.0,0,189.154,0,189.154,1.0,552.947,2.9233,19
11107,4096,3072,0,base,244.375,1,1.0,0,244.375,0,244.375,1.0,725.181,2.9675,19
11108,3072,3072,0,base,188.062,1,1.0,0,188.062,0,188.062,1.0,558.087,2.9676,19
11108,4096,3072,0,base,238.771,1,1.0,0,238.771,0,238.771,1.0,725.445,3.0382,19
11112,2048,3072,0,base,131.686,1,1.0,0,131.686,0,131.686,1.0,381.885,2.9,19
11113,2048,3072,0,base,128.822,1,1.0,0,128.822,0,128.822,1.0,383.437,2.9765,19
11117,3072,3072,0,base,195.047,1,1.0,0,195.047,0,195.047,1.0,553.507,2.8378,19
11117,4096,3072,0,base,240.975,1,1.0,0,240.975,0,240.975,1.0,724.813,3.0078,19
11118,3072,3072,0,base,191.286,1,1.0,0,191.286,0,191.286,1.0,555.107,2.902,19
11118,4096,3072,0,base,238.947,1,1.0,0,238.947,0,238.947,1.0,724.261,3.0311,19
11119,3072,3072,0,base,189.926,1,1.0,0,189.926,0,189.926,1.0,553.411,2.9138,19
11119,4096,3072,0,base,237.419,1,1.0,0,237.419,0,237.419,1.0,725.581,3.0561,19
11122,2048,3072,0,base,132.078,1,1.0,0,132.078,0,132.078,1.0,377.801,2.8604,19
11123,3072,3072,0,base,193.054,1,1.0,0,193.054,0,193.054,1.0,552.539,2.8621,19
11123,4096,3072,0,base,235.539,1,1.0,0,235.539,0,235.539,1.0,727.089,3.0869,19
11124,3072,3072,0,base,194.287,1,1.0,0,194.287,0,194.287,1.0,553.239,2.8475,19
11124,4096,3072,0,base,239.955,1,1.0,0,239.955,0,239.955,1.0,723.657,3.0158,19
11126,3072,3072,0,base,194.658,1,1.0,0,194.658,0,194.658,1.0,552.551,2.8386,19
11126,4096,3072,0,base,232.087,1,1.0,0,232.087,0,232.087,1.0,724.445,3.1214,19
11127,2048,3072,0,base,130.146,1,1.0,0,130.146,0,130.146,1.0,384.689,2.9558,19
11136,2048,3072,0,base,127.25,1,1.0,0,127.25,0,127.25,1.0,382.945,3.0094,19
11136,3072,3072,0,base,183.735,1,1.0,0,183.735,0,183.735,1.0,552.035,3.0045,19
11136,3072,6144,0,base,359.833,1,1.0,0,359.833,0,359.833,1.0,1109.522,3.0834,19
11136,4096,3072,0,base,221.611,1,1.0,0,221.611,0,221.611,1.0,728.789,3.2886,19
11136,8192,3072,0,base,485.918,1,1.0,0,485.918,0,485.918,1.0,1458.391,3.0013,19
11137,2048,3072,0,base,130.942,1,1.0,0,130.942,0,130.942,1.0,386.401,2.9509,19
11147,2048,3072,0,base,130.098,1,1.0,0,130.098,0,130.098,1.0,381.201,2.9301,19
11151,2048,3072,0,base,128.334,1,1.0,0,128.334,0,128.334,1.0,381.829,2.9753,19
11152,3072,3072,0,base,189.086,1,1.0,0,189.086,0,189.086,1.0,552.899,2.9241,19
11152,4096,3072,0,base,237.763,1,1.0,0,237.763,0,237.763,1.0,733.477,3.0849,19
11154,2048,3072,0,base,130.67,1,1.0,0,130.67,0,130.67,1.0,378.289,2.895,19
11155,2048,3072,0,base,130.146,1,1.0,0,130.146,0,130.146,1.0,383.837,2.9493,19
11156,2048,3072,0,base,129.95,1,1.0,0,129.95,0,129.95,1.0,385.365,2.9655,19
11159,3072,3072,0,base,194.326,1,1.0,0,194.326,0,194.326,1.0,555.223,2.8572,19
11159,4096,3072,0,base,238.451,1,1.0,0,238.451,0,238.451,1.0,732.321,3.0712,19
11160,2048,3072,0,base,130.642,1,1.0,0,130.642,0,130.642,1.0,380.461,2.9122,19
11160,3072,3072,0,base,192.914,1,1.0,0,192.914,0,192.914,1.0,556.723,2.8859,19
11160,4096,3072,0,base,242.783,1,1.0,0,242.783,0,242.783,1.0,732.273,3.0162,19
11162,2048,3072,0,base,130.549,1,1.0,0,130.549,0,130.549,1.0,380.873,2.9175,19
11165,2048,3072,0,base,130.194,1,1.0,0,130.194,0,130.194,1.0,381.409,2.9296,19
11171,2048,3072,0,base,129.81,1,1.0,0,129.81,0,129.81,1.0,381.509,2.939,19
11172,2048,3072,0,base,128.91,1,1.0,0,128.91,0,128.91,1.0,385.177,2.988,19
11187,2048,3072,0,base,128.742,1,1.0,0,128.742,0,128.742,1.0,382.545,2.9714,19
11188,2048,3072,0,base,128.162,1,1.0,0,128.162,0,128.162,1.0,382.133,2.9816,19
11189,2048,3072,0,base,127.774,1,1.0,0,127.774,0,127.774,1.0,385.365,3.016,19
11195,2048,3072,0,base,129.346,1,1.0,0,129.346,0,129.346,1.0,385.301,2.9788,19
11219,2048,3072,0,base,128.114,1,1.0,0,128.114,0,128.114,1.0,385.589,3.0097,19
11221,2048,3072,0,base,127.734,1,1.0,0,127.734,0,127.734,1.0,384.733,3.012,19
11234,2048,3072,0,base,129.294,1,1.0,0,129.294,0,129.294,1.0,382.933,2.9617,19
11238,2048,3072,0,base,129.862,1,1.0,0,129.862,0,129.862,1.0,381.645,2.9389,19
11254,2048,3072,0,base,130.03,1,1.0,0,130.03,0,130.03,1.0,384.481,2.9569,19
11264,2048,3072,0,base,126.942,1,1.0,0,126.942,0,126.942,1.0,387.589,3.0533,19
11264,3072,3072,0,base,184.218,1,1.0,0,184.218,0,184.218,1.0,558.687,3.0327,19
11264,3072,6144,0,base,373.381,1,1.0,0,373.381,0,373.381,1.0,1110.65,2.9746,19
11264,4096,3072,0,base,232.575,1,1.0,0,232.575,0,232.575,1.0,735.733,3.1634,19
11264,8192,3072,0,base,485.162,1,1.0,0,485.162,0,485.162,1.0,1473.219,3.0365,19
11274,2048,3072,0,base,130.114,1,1.0,0,130.114,0,130.114,1.0,389.593,2.9942,19
11284,2048,3072,0,base,130.506,1,1.0,0,130.506,0,130.506,1.0,393.437,3.0147,19
11296,2048,3072,0,base,129.853,1,1.0,0,129.853,0,129.853,1.0,391.017,3.0112,19
11302,2048,3072,0,base,130.778,1,1.0,0,130.778,0,130.778,1.0,391.149,2.9909,19
11304,3072,6144,0,base,380.993,1,1.0,0,380.993,0,380.993,1.0,1134.427,2.9776,19
11304,8192,3072,0,base,518.69,1,1.0,0,518.69,0,518.69,1.0,1473.087,2.84,19
11313,2048,3072,0,base,131.438,1,1.0,0,131.438,0,131.438,1.0,390.105,2.968,19
11322,2048,3072,0,base,127.878,1,1.0,0,127.878,0,127.878,1.0,389.965,3.0495,19
11339,2048,3072,0,base,128.866,1,1.0,0,128.866,0,128.866,1.0,389.197,3.0202,19
11342,3072,6144,0,base,379.357,1,1.0,0,379.357,0,379.357,1.0,1132.478,2.9853,19
11342,8192,3072,0,base,516.151,1,1.0,0,516.151,0,516.151,1.0,1481.191,2.8697,19
11366,2048,3072,0,base,131.954,1,1.0,0,131.954,0,131.954,1.0,389.277,2.9501,19
11391,2048,3072,0,base,131.074,1,1.0,0,131.074,0,131.074,1.0,390.369,2.9782,19
11392,2048,3072,0,base,125.894,1,1.0,0,125.894,0,125.894,1.0,386.541,3.0704,19
11392,3072,3072,0,base,183.974,1,1.0,0,183.974,0,183.974,1.0,561.343,3.0512,19
11392,3072,6144,0,base,362.856,1,1.0,0,362.856,0,362.856,1.0,1129.574,3.113,19
11392,4096,3072,0,base,242.203,1,1.0,0,242.203,0,242.203,1.0,745.034,3.0761,19
11392,8192,3072,0,base,515.059,1,1.0,0,515.059,0,515.059,1.0,1492.943,2.8986,19
11401,2048,3072,0,base,130.346,1,1.0,0,130.346,0,130.346,1.0,391.901,3.0066,19
11402,2048,3072,0,base,129.326,1,1.0,0,129.326,0,129.326,1.0,389.669,3.0131,19
11407,2048,3072,0,base,131.078,1,1.0,0,131.078,0,131.078,1.0,386.517,2.9488,19
11418,2048,3072,0,base,129.498,1,1.0,0,129.498,0,129.498,1.0,389.525,3.008,19
11419,3072,3072,0,base,188.47,1,1.0,0,188.47,0,188.47,1.0,565.515,3.0006,19
11419,4096,3072,0,base,256.723,1,1.0,0,256.723,0,256.723,1.0,752.79,2.9323,19
11427,2048,3072,0,base,132.518,1,1.0,0,132.518,0,132.518,1.0,389.833,2.9417,19
11428,2048,3072,0,base,130.254,1,1.0,0,130.254,0,130.254,1.0,389.693,2.9918,19
11430,2048,3072,0,base,128.77,1,1.0,0,128.77,0,128.77,1.0,390.449,3.0321,19
11436,2048,3072,0,base,128.998,1,1.0,0,128.998,0,128.998,1.0,390.657,3.0284,19
11443,2048,3072,0,base,129.922,1,1.0,0,129.922,0,129.922,1.0,394.525,3.0366,19
11444,2048,3072,0,base,130.53,1,1.0,0,130.53,0,130.53,1.0,390.713,2.9933,19
11465,2048,3072,0,base,128.794,1,1.0,0,128.794,0,128.794,1.0,386.421,3.0003,19
11475,2048,3072,0,base,129.17,1,1.0,0,129.17,0,129.17,1.0,392.569,3.0392,19
11496,3072,3072,0,base,197.454,1,1.0,0,197.454,0,197.454,1.0,578.079,2.9277,19
11496,4096,3072,0,base,261.871,1,1.0,0,261.871,0,261.871,1.0,751.198,2.8686,19
11505,2048,3072,0,base,131.354,1,1.0,0,131.354,0,131.354,1.0,394.205,3.0011,19
11509,2048,3072,0,base,131.086,1,1.0,0,131.086,0,131.086,1.0,387.961,2.9596,19
11520,2048,3072,0,base,125.826,1,1.0,0,125.826,0,125.826,1.0,391.737,3.1133,19
11520,3072,3072,0,base,184.878,1,1.0,0,184.878,0,184.878,1.0,573.339,3.1012,19
11520,3072,6144,0,base,370.173,1,1.0,0,370.173,0,370.173,1.0,1142.49,3.0864,19
11520,4096,3072,0,base,245.215,1,1.0,0,245.215,0,245.215,1.0,753.454,3.0726,19
11520,8192,3072,0,base,502.49,1,1.0,0,502.49,0,502.49,1.0,1511.056,3.0071,19
11557,2048,3072,0,base,131.257,1,1.0,0,131.257,0,131.257,1.0,399.265,3.0418,19
11572,2048,3072,0,base,131.362,1,1.0,0,131.362,0,131.362,1.0,397.497,3.026,19
11593,2048,3072,0,base,130.254,1,1.0,0,130.254,0,130.254,1.0,398.033,3.0558,19
11607,3072,6144,0,base,384.309,1,1.0,0,384.309,0,384.309,1.0,1166.711,3.0359,19
11607,8192,3072,0,base,527.339,1,1.0,0,527.339,0,527.339,1.0,1524.111,2.8902,19
11648,2048,3072,0,base,128.454,1,1.0,0,128.454,0,128.454,1.0,395.381,3.078,19
11648,3072,3072,0,base,188.459,1,1.0,0,188.459,0,188.459,1.0,586.248,3.1108,19
11648,3072,6144,0,base,378.781,1,1.0,0,378.781,0,378.781,1.0,1155.043,3.0494,19
11648,4096,3072,0,base,251.247,1,1.0,0,251.247,0,251.247,1.0,762.282,3.034,19
11648,8192,3072,0,base,513.555,1,1.0,0,513.555,0,513.555,1.0,1519.771,2.9593,19
11668,3072,3072,0,base,191.366,1,1.0,0,191.366,0,191.366,1.0,588.163,3.0735,19
11668,4096,3072,0,base,257.499,1,1.0,0,257.499,0,257.499,1.0,767.906,2.9822,19
11714,3072,3072,0,base,195.943,1,1.0,0,195.943,0,195.943,1.0,579.119,2.9556,19
11714,4096,3072,0,base,262.011,1,1.0,0,262.011,0,262.011,1.0,765.278,2.9208,19
11734,2048,3072,0,base,133.674,1,1.0,0,133.674,0,133.674,1.0,399.133,2.9859,19
11734,3072,6144,0,base,381.133,1,1.0,0,381.133,0,381.133,1.0,1167.003,3.0619,19
11734,8192,3072,0,base,527.139,1,1.0,0,527.139,0,527.139,1.0,1532.948,2.9081,19
11749,3072,6144,0,base,382.357,1,1.0,0,382.357,0,382.357,1.0,1166.207,3.05,19
11749,8192,3072,0,base,520.054,1,1.0,0,520.054,0,520.054,1.0,1539.9,2.961,19
11759,2048,3072,0,base,133.846,1,1.0,0,133.846,0,133.846,1.0,399.245,2.9829,19
11774,2048,3072,0,base,128.954,1,1.0,0,128.954,0,128.954,1.0,394.689,3.0607,19
11776,2048,3072,0,base,125.922,1,1.0,0,125.922,0,125.922,1.0,400.681,3.182,19
11776,3072,3072,0,base,182.006,1,1.0,0,182.006,0,182.006,1.0,577.607,3.1736,19
11776,3072,6144,0,base,362.469,1,1.0,0,362.469,0,362.469,1.0,1156.246,3.1899,19
11776,4096,3072,0,base,248.775,1,1.0,0,248.775,0,248.775,1.0,769.858,3.0946,19
11776,8192,3072,0,base,522.759,1,1.0,0,522.759,0,522.759,1.0,1533.672,2.9338,19
11818,3072,3072,0,base,192.915,1,1.0,0,192.915,0,192.915,1.0,593.564,3.0768,19
11818,4096,3072,0,base,254.647,1,1.0,0,254.647,0,254.647,1.0,776.29,3.0485,19
11820,2048,3072,0,base,132.934,1,1.0,0,132.934,0,132.934,1.0,407.073,3.0622,19
11825,3072,6144,0,base,387.561,1,1.0,0,387.561,0,387.561,1.0,1180.483,3.0459,19
11825,8192,3072,0,base,539.663,1,1.0,0,539.663,0,539.663,1.0,1544.888,2.8627,19
11833,2048,3072,0,base,134.322,1,1.0,0,134.322,0,134.322,1.0,410.345,3.0549,19
11873,2048,3072,0,base,130.41,1,1.0,0,130.41,0,130.41,1.0,402.809,3.0888,19
11894,2048,3072,0,base,132.953,1,1.0,0,132.953,0,132.953,1.0,409.497,3.08,19
11904,2048,3072,0,base,128.098,1,1.0,0,128.098,0,128.098,1.0,402.129,3.1392,19
11904,3072,3072,0,base,189.894,1,1.0,0,189.894,0,189.894,1.0,597.088,3.1443,19
11904,3072,6144,0,base,372.057,1,1.0,0,372.057,0,372.057,1.0,1172.787,3.1522,19
11904,4096,3072,0,base,254.719,1,1.0,0,254.719,0,254.719,1.0,780.394,3.0637,19
11904,8192,3072,0,base,516.591,1,1.0,0,516.591,0,516.591,1.0,1558.868,3.0176,19
11972,3072,3072,0,base,195.471,1,1.0,0,195.471,0,195.471,1.0,594.728,3.0425,19
11972,4096,3072,0,base,254.823,1,1.0,0,254.823,0,254.823,1.0,783.214,3.0736,19
11984,2048,3072,0,base,133.898,1,1.0,0,133.898,0,133.898,1.0,411.141,3.0706,19
12001,3072,3072,0,base,198.619,1,1.0,0,198.619,0,198.619,1.0,595.916,3.0003,19
12001,4096,3072,0,base,271.128,1,1.0,0,271.128,0,271.128,1.0,782.386,2.8857,19
12002,3072,3072,0,base,195.975,1,1.0,0,195.975,0,195.975,1.0,609.136,3.1082,19
12002,4096,3072,0,base,258.999,1,1.0,0,258.999,0,258.999,1.0,785.786,3.0339,19
12003,2048,3072,0,base,131.542,1,1.0,0,131.542,0,131.542,1.0,406.573,3.0908,19
12004,2048,3072,0,base,129.538,1,1.0,0,129.538,0,129.538,1.0,408.185,3.1511,19
12004,3072,3072,0,base,189.866,1,1.0,0,189.866,0,189.866,1.0,594.352,3.1304,19
12004,3072,6144,0,base,399.545,1,1.0,0,399.545,0,399.545,1.0,1201.28,3.0066,19
12004,4096,3072,0,base,266.452,1,1.0,0,266.452,0,266.452,1.0,782.326,2.9361,19
12004,8192,3072,0,base,542.423,1,1.0,0,542.423,0,542.423,1.0,1564.116,2.8836,19
12016,3072,3072,0,base,194.97,1,1.0,0,194.97,0,194.97,1.0,596.144,3.0576,19
12016,4096,3072,0,base,269.427,1,1.0,0,269.427,0,269.427,1.0,786.198,2.918,19
12020,2048,3072,0,base,134.026,1,1.0,0,134.026,0,134.026,1.0,406.881,3.0358,19
12020,3072,3072,0,base,196.963,1,1.0,0,196.963,0,196.963,1.0,595.276,3.0223,19
12020,4096,3072,0,base,266.375,1,1.0,0,266.375,0,266.375,1.0,783.658,2.9419,19
12022,3072,3072,0,base,198.262,1,1.0,0,198.262,0,198.262,1.0,598.372,3.0181,19
12022,4096,3072,0,base,265.183,1,1.0,0,265.183,0,265.183,1.0,786.89,2.9673,19
12023,3072,3072,0,base,199.274,1,1.0,0,199.274,0,199.274,1.0,596.052,2.9911,19
12023,4096,3072,0,base,264.971,1,1.0,0,264.971,0,264.971,1.0,785.062,2.9628,19
12032,2048,3072,0,base,128.894,1,1.0,0,128.894,0,128.894,1.0,409.717,3.1787,19
12032,3072,3072,0,base,185.978,1,1.0,0,185.978,0,185.978,1.0,593.256,3.1899,19
12032,3072,6144,0,base,378.197,1,1.0,0,378.197,0,378.197,1.0,1191.583,3.1507,19
12032,4096,3072,0,base,254.399,1,1.0,0,254.399,0,254.399,1.0,786.486,3.0915,19
12032,8192,3072,0,base,535.963,1,1.0,0,535.963,0,535.963,1.0,1568.956,2.9274,19
12088,2048,3072,0,base,131.946,1,1.0,0,131.946,0,131.946,1.0,410.661,3.1124,19
12108,3072,3072,0,base,199.591,1,1.0,0,199.591,0,199.591,1.0,596.528,2.9888,19
12108,4096,3072,0,base,264.195,1,1.0,0,264.195,0,264.195,1.0,791.91,2.9974,19
12159,3072,3072,0,base,205.274,1,1.0,0,205.274,0,205.274,1.0,606.847,2.9563,19
12159,4096,3072,0,base,268.071,1,1.0,0,268.071,0,268.071,1.0,791.866,2.9539,19
12160,2048,3072,0,base,129.306,1,1.0,0,129.306,0,129.306,1.0,416.081,3.2178,19
12160,3072,3072,0,base,194.763,1,1.0,0,194.763,0,194.763,1.0,606.144,3.1122,19
12160,3072,6144,0,base,374.861,1,1.0,0,374.861,0,374.861,1.0,1208.244,3.2232,19
12160,4096,3072,0,base,246.291,1,1.0,0,246.291,0,246.291,1.0,796.614,3.2344,19
12160,8192,3072,0,base,544.043,1,1.0,0,544.043,0,544.043,1.0,1591.961,2.9262,19
12163,3072,3072,0,base,192.994,1,1.0,0,192.994,0,192.994,1.0,602.652,3.1226,19
12163,4096,3072,0,base,268.767,1,1.0,0,268.767,0,268.767,1.0,802.326,2.9852,19
12233,2048,3072,0,base,133.318,1,1.0,0,133.318,0,133.318,1.0,416.905,3.1272,19
12250,2048,3072,0,base,130.798,1,1.0,0,130.798,0,130.798,1.0,415.901,3.1797,19
12252,2048,3072,0,base,132.198,1,1.0,0,132.198,0,132.198,1.0,416.317,3.1492,19
12265,2048,3072,0,base,131.254,1,1.0,0,131.254,0,131.254,1.0,413.057,3.147,19
12277,2048,3072,0,base,130.63,1,1.0,0,130.63,0,130.63,1.0,415.598,3.1815,19
12286,3072,6144,0,base,386.221,1,1.0,0,386.221,0,386.221,1.0,1235.344,3.1985,19
12286,8192,3072,0,base,544.323,1,1.0,0,544.323,0,544.323,1.0,1601.012,2.9413,19
12288,2048,3072,0,base,129.286,1,1.0,0,129.286,0,129.286,1.0,412.165,3.188,19
12288,3072,3072,0,base,193.059,1,1.0,0,193.059,0,193.059,1.0,613.288,3.1767,19
12288,3072,6144,0,base,373.741,1,1.0,0,373.741,0,373.741,1.0,1207.851,3.2318,19
12288,4096,3072,0,base,251.683,1,1.0,0,251.683,0,251.683,1.0,799.966,3.1785,19
12288,8192,3072,0,base,535.883,1,1.0,0,535.883,0,535.883,1.0,1602.749,2.9909,19
12315,2048,3072,0,base,150.322,1,1.0,0,150.322,0,150.322,1.0,422.785,2.8125,19
12389,2048,3072,0,base,148.77,1,1.0,0,148.77,0,148.77,1.0,424.313,2.8521,19
12416,2048,3072,0,base,145.734,1,1.0,0,145.734,0,145.734,1.0,423.026,2.9027,19
12416,3072,3072,0,base,207.451,1,1.0,0,207.451,0,207.451,1.0,614.376,2.9615,19
12416,3072,6144,0,base,408.581,1,1.0,0,408.581,0,408.581,1.0,1222.48,2.992,19
12416,4096,3072,0,base,275.048,1,1.0,0,275.048,0,275.048,1.0,808.414,2.9392,19
12416,8192,3072,0,base,546.503,1,1.0,0,546.503,0,546.503,1.0,1621.533,2.9671,19
12430,3072,3072,0,base,206.607,1,1.0,0,206.607,0,206.607,1.0,612.048,2.9624,19
12430,4096,3072,0,base,280.163,1,1.0,0,280.163,0,280.163,1.0,812.894,2.9015,19
12503,3072,3072,0,base,211.391,1,1.0,0,211.391,0,211.391,1.0,622.88,2.9466,19
12503,4096,3072,0,base,283.872,1,1.0,0,283.872,0,283.872,1.0,816.019,2.8746,19
12544,2048,3072,0,base,146.854,1,1.0,0,146.854,0,146.854,1.0,429.057,2.9217,19
12544,3072,3072,0,base,205.127,1,1.0,0,205.127,0,205.127,1.0,619.52,3.0202,19
12544,3072,6144,0,base,405.889,1,1.0,0,405.889,0,405.889,1.0,1235.708,3.0444,19
12544,4096,3072,0,base,275.852,1,1.0,0,275.852,0,275.852,1.0,817.206,2.9625,19
12544,8192,3072,0,base,545.199,1,1.0,0,545.199,0,545.199,1.0,1633.797,2.9967,19
12599,2048,3072,0,base,151.966,1,1.0,0,151.966,0,151.966,1.0,438.43,2.8851,19
12607,3072,6144,0,base,420.909,1,1.0,0,420.909,0,420.909,1.0,1244.828,2.9575,19
12607,8192,3072,0,base,566.096,1,1.0,0,566.096,0,566.096,1.0,1633.329,2.8853,19
12608,2048,3072,0,base,151.738,1,1.0,0,151.738,0,151.738,1.0,432.097,2.8477,19
12615,3072,3072,0,base,208.811,1,1.0,0,208.811,0,208.811,1.0,619.84,2.9684,19
12615,4096,3072,0,base,287.916,1,1.0,0,287.916,0,287.916,1.0,822.29,2.856,19
12655,3072,6144,0,base,427.505,1,1.0,0,427.505,0,427.505,1.0,1265.504,2.9602,19
12655,8192,3072,0,base,566.135,1,1.0,0,566.135,0,566.135,1.0,1641.381,2.8993,19
12672,2048,3072,0,base,145.578,1,1.0,0,145.578,0,145.578,1.0,435.43,2.991,19
12672,3072,3072,0,base,204.858,1,1.0,0,204.858,0,204.858,1.0,625.836,3.055,19
12672,3072,6144,0,base,411.857,1,1.0,0,411.857,0,411.857,1.0,1255.916,3.0494,19
12672,4096,3072,0,base,265.395,1,1.0,0,265.395,0,265.395,1.0,826.755,3.1152,19
12672,8192,3072,0,base,556.075,1,1.0,0,556.075,0,556.075,1.0,1656.017,2.978,19
12684,3072,3072,0,base,217.039,1,1.0,0,217.039,0,217.039,1.0,628.016,2.8936,19
12684,4096,3072,0,base,282.86,1,1.0,0,282.86,0,282.86,1.0,830.527,2.9362,19
12693,2048,3072,0,base,150.234,1,1.0,0,150.234,0,150.234,1.0,430.202,2.8635,19
12714,2048,3072,0,base,150.63,1,1.0,0,150.63,0,150.63,1.0,423.521,2.8117,19
12741,2048,3072,0,base,148.702,1,1.0,0,148.702,0,148.702,1.0,427.749,2.8766,19
12772,3072,6144,0,base,416.573,1,1.0,0,416.573,0,416.573,1.0,1261.58,3.0285,19
12772,8192,3072,0,base,564.055,1,1.0,0,564.055,0,564.055,1.0,1665.045,2.9519,19
12798,2048,3072,0,base,149.098,1,1.0,0,149.098,0,149.098,1.0,431.605,2.8948,19
12800,2048,3072,0,base,146.354,1,1.0,0,146.354,0,146.354,1.0,432.07,2.9522,19
12800,3072,3072,0,base,207.195,1,1.0,0,207.195,0,207.195,1.0,628.24,3.0321,19
12800,3072,6144,0,base,408.521,1,1.0,0,408.521,0,408.521,1.0,1257.672,3.0786,19
12800,4096,3072,0,base,278.035,1,1.0,0,278.035,0,278.035,1.0,833.899,2.9993,19
12800,8192,3072,0,base,569.711,1,1.0,0,569.711,0,569.711,1.0,1669.389,2.9302,19
12880,2048,3072,0,base,150.534,1,1.0,0,150.534,0,150.534,1.0,435.442,2.8926,19
12928,2048,3072,0,base,146.174,1,1.0,0,146.174,0,146.174,1.0,435.19,2.9772,19
12928,3072,3072,0,base,205.355,1,1.0,0,205.355,0,205.355,1.0,635.336,3.0938,19
12928,3072,6144,0,base,410.009,1,1.0,0,410.009,0,410.009,1.0,1272.917,3.1046,19
12928,4096,3072,0,base,273.091,1,1.0,0,273.091,0,273.091,1.0,841.635,3.0819,19
12928,8192,3072,0,base,577.067,1,1.0,0,577.067,0,577.067,1.0,1679.674,2.9107,19
12935,3072,6144,0,base,421.657,1,1.0,0,421.657,0,421.657,1.0,1292.737,3.0658,19
12935,8192,3072,0,base,584.64,1,1.0,0,584.64,0,584.64,1.0,1697.762,2.9039,19
12980,2048,3072,0,base,149.958,1,1.0,0,149.958,0,149.958,1.0,435.513,2.9042,19
13001,3072,3072,0,base,210.186,1,1.0,0,210.186,0,210.186,1.0,641.332,3.0513,19
13001,3072,6144,0,base,422.725,1,1.0,0,422.725,0,422.725,1.0,1308.649,3.0957,19
13001,4096,3072,0,base,292.228,1,1.0,0,292.228,0,292.228,1.0,846.595,2.897,19
13001,8192,3072,0,base,589.172,1,1.0,0,589.172,0,589.172,1.0,1680.306,2.852,19
13002,2048,3072,0,base,148.874,1,1.0,0,148.874,0,148.874,1.0,436.21,2.9301,19
13003,2048,3072,0,base,148.834,1,1.0,0,148.834,0,148.834,1.0,435.645,2.9271,19
13003,3072,3072,0,base,217.527,1,1.0,0,217.527,0,217.527,1.0,643.344,2.9575,19
13003,3072,6144,0,base,424.049,1,1.0,0,424.049,0,424.049,1.0,1305.525,3.0787,19
13003,4096,3072,0,base,291.368,1,1.0,0,291.368,0,291.368,1.0,849.099,2.9142,19
13003,8192,3072,0,base,588.707,1,1.0,0,588.707,0,588.707,1.0,1707.094,2.8997,19
13004,2048,3072,0,base,151.998,1,1.0,0,151.998,0,151.998,1.0,435.458,2.8649,19
13022,2048,3072,0,base,147.798,1,1.0,0,147.798,0,147.798,1.0,439.254,2.972,19
13039,2048,3072,0,base,148.186,1,1.0,0,148.186,0,148.186,1.0,434.11,2.9295,19
13051,3072,6144,0,base,432.29,1,1.0,0,432.29,0,432.29,1.0,1301.921,3.0117,19
13051,8192,3072,0,base,589.496,1,1.0,0,589.496,0,589.496,1.0,1687.51,2.8626,19
13056,2048,3072,0,base,146.926,1,1.0,0,146.926,0,146.926,1.0,441.334,3.0038,19
13056,3072,3072,0,base,202.879,1,1.0,0,202.879,0,202.879,1.0,643.78,3.1732,19
13056,3072,6144,0,base,418.213,1,1.0,0,418.213,0,418.213,1.0,1288.236,3.0803,19
13056,4096,3072,0,base,274.687,1,1.0,0,274.687,0,274.687,1.0,849.915,3.0941,19
13056,8192,3072,0,base,584.083,1,1.0,0,584.083,0,584.083,1.0,1710.698,2.9289,19
13117,3072,3072,0,base,211.851,1,1.0,0,211.851,0,211.851,1.0,643.92,3.0395,19
13117,4096,3072,0,base,287.404,1,1.0,0,287.404,0,287.404,1.0,853.955,2.9713,19
13145,3072,3072,0,base,216.991,1,1.0,0,216.991,0,216.991,1.0,651.457,3.0022,19
13145,4096,3072,0,base,296.068,1,1.0,0,296.068,0,296.068,1.0,858.599,2.9,19
13153,2048,3072,0,base,154.542,1,1.0,0,154.542,0,154.542,1.0,443.865,2.8721,19
13169,2048,3072,0,base,151.078,1,1.0,0,151.078,0,151.078,1.0,443.282,2.9341,19
13172,2048,3072,0,base,150.838,1,1.0,0,150.838,0,150.838,1.0,443.166,2.938,19
13178,4096,3072,0,base,292.2,1,1.0,0,292.2,0,292.2,1.0,856.855,2.9324,19
13182,2048,3072,0,base,155.15,1,1.0,0,155.15,0,155.15,1.0,443.278,2.8571,19
13184,2048,3072,0,base,144.91,1,1.0,0,144.91,0,144.91,1.0,443.186,3.0584,19
13184,3072,3072,0,base,211.171,1,1.0,0,211.171,0,211.171,1.0,654.14,3.0977,19
13184,3072,6144,0,base,422.265,1,1.0,0,422.265,0,422.265,1.0,1313.921,3.1116,19
13184,4096,3072,0,base,270.463,1,1.0,0,270.463,0,270.463,1.0,859.151,3.1766,19
13184,8192,3072,0,base,577.691,1,1.0,0,577.691,0,577.691,1.0,1720.694,2.9786,19
13199,3072,3072,0,base,211.699,1,1.0,0,211.699,0,211.699,1.0,652.768,3.0835,19
13199,4096,3072,0,base,286.064,1,1.0,0,286.064,0,286.064,1.0,866.107,3.0277,19
13221,2048,3072,0,base,149.494,1,1.0,0,149.494,0,149.494,1.0,448.718,3.0016,19
13259,3072,3072,0,base,219.167,1,1.0,0,219.167,0,219.167,1.0,653.116,2.98,19
13259,4096,3072,0,base,285.072,1,1.0,0,285.072,0,285.072,1.0,864.247,3.0317,19
13261,3072,3072,0,base,212.311,1,1.0,0,212.311,0,212.311,1.0,657.24,3.0957,19
13261,4096,3072,0,base,279.532,1,1.0,0,279.532,0,279.532,1.0,864.659,3.0932,19
13294,2048,3072,0,base,148.094,1,1.0,0,148.094,0,148.094,1.0,443.698,2.9961,19
13300,2048,3072,0,base,148.23,1,1.0,0,148.23,0,148.23,1.0,444.818,3.0009,19
13312,2048,3072,0,base,145.93,1,1.0,0,145.93,0,145.93,1.0,444.394,3.0453,19
13312,3072,3072,0,base,202.231,1,1.0,0,202.231,0,202.231,1.0,657.137,3.2494,19
13312,3072,6144,0,base,413.053,1,1.0,0,413.053,0,413.053,1.0,1307.093,3.1645,19
13312,4096,3072,0,base,270.223,1,1.0,0,270.223,0,270.223,1.0,869.623,3.2182,19
13312,8192,3072,0,base,582.267,1,1.0,0,582.267,0,582.267,1.0,1726.082,2.9644,19
13332,3072,6144,0,base,433.829,1,1.0,0,433.829,0,433.829,1.0,1330.081,3.0659,19
13332,8192,3072,0,base,605.032,1,1.0,0,605.032,0,605.032,1.0,1750.654,2.8935,19
13363,2048,3072,0,base,151.93,1,1.0,0,151.93,0,151.93,1.0,451.358,2.9708,19
13440,2048,3072,0,base,147.142,1,1.0,0,147.142,0,147.142,1.0,449.042,3.0518,19
13440,3072,3072,0,base,210.043,1,1.0,0,210.043,0,210.043,1.0,661.956,3.1515,19
13440,3072,6144,0,base,425.165,1,1.0,0,425.165,0,425.165,1.0,1321.441,3.1081,19
13440,4096,3072,0,base,297.556,1,1.0,0,297.556,0,297.556,1.0,876.683,2.9463,19
13440,8192,3072,0,base,603.688,1,1.0,0,603.688,0,603.688,1.0,1749.118,2.8974,19
13458,3072,6144,0,base,436.098,1,1.0,0,436.098,0,436.098,1.0,1333.997,3.0589,19
13458,8192,3072,0,base,611.444,1,1.0,0,611.444,0,611.444,1.0,1752.474,2.8661,19
13467,2048,3072,0,base,153.098,1,1.0,0,153.098,0,153.098,1.0,449.026,2.9329,19
13517,3072,6144,0,base,428.146,1,1.0,0,428.146,0,428.146,1.0,1347.997,3.1485,19
13517,8192,3072,0,base,611.288,1,1.0,0,611.288,0,611.288,1.0,1770.955,2.8971,19
13525,2048,3072,0,base,151.286,1,1.0,0,151.286,0,151.286,1.0,451.086,2.9817,19
13534,3072,6144,0,base,441.642,1,1.0,0,441.642,0,441.642,1.0,1349.205,3.055,19
13534,8192,3072,0,base,611.732,1,1.0,0,611.732,0,611.732,1.0,1760.386,2.8777,19
13563,3072,3072,0,base,223.323,1,1.0,0,223.323,0,223.323,1.0,669.405,2.9975,19
13563,4096,3072,0,base,310.404,1,1.0,0,310.404,0,310.404,1.0,882.739,2.8438,19
13568,2048,3072,0,base,145.998,1,1.0,0,145.998,0,145.998,1.0,453.574,3.1067,19
13568,3072,3072,0,base,214.307,1,1.0,0,214.307,0,214.307,1.0,669.248,3.1229,19
13568,3072,6144,0,base,430.098,1,1.0,0,430.098,0,430.098,1.0,1338.605,3.1123,19
13568,4096,3072,0,base,290.064,1,1.0,0,290.064,0,290.064,1.0,883.991,3.0476,19
13568,8192,3072,0,base,605.08,1,1.0,0,605.08,0,605.08,1.0,1773.523,2.9311,19
13600,3072,6144,0,base,455.498,1,1.0,0,455.498,0,455.498,1.0,1343.321,2.9491,19
13600,8192,3072,0,base,619.988,1,1.0,0,619.988,0,619.988,1.0,1765.359,2.8474,19
13616,3072,6144,0,base,442.37,1,1.0,0,442.37,0,442.37,1.0,1340.905,3.0312,19
13616,8192,3072,0,base,616.568,1,1.0,0,616.568,0,616.568,1.0,1782.627,2.8912,19
13652,2048,3072,0,base,152.362,1,1.0,0,152.362,0,152.362,1.0,460.442,3.022,19
13652,3072,3072,0,base,240.815,1,1.0,0,240.815,0,240.815,1.0,676.737,2.8102,19
13652,4096,3072,0,base,308.864,1,1.0,0,308.864,0,308.864,1.0,890.547,2.8833,19
13653,3072,3072,0,base,234.491,1,1.0,0,234.491,0,234.491,1.0,675.913,2.8825,19
13653,4096,3072,0,base,309.144,1,1.0,0,309.144,0,309.144,1.0,890.247,2.8797,19
13656,3072,6144,0,base,444.217,1,1.0,0,444.217,0,444.217,1.0,1367.438,3.0783,19
13656,8192,3072,0,base,612.992,1,1.0,0,612.992,0,612.992,1.0,1789.603,2.9195,19
13657,3072,3072,0,base,232.595,1,1.0,0,232.595,0,232.595,1.0,676.101,2.9068,19
13657,4096,3072,0,base,305.896,1,1.0,0,305.896,0,305.896,1.0,892.18,2.9166,19
13661,3072,3072,0,base,236.435,1,1.0,0,236.435,0,236.435,1.0,677.801,2.8668,19
13661,4096,3072,0,base,310.756,1,1.0,0,310.756,0,310.756,1.0,894.424,2.8782,19
13663,2048,3072,0,base,153.122,1,1.0,0,153.122,0,153.122,1.0,460.39,3.0067,19
13663,3072,3072,0,base,237.151,1,1.0,0,237.151,0,237.151,1.0,675.777,2.8496,19
13663,4096,3072,0,base,309.048,1,1.0,0,309.048,0,309.048,1.0,892.415,2.8876,19
13664,3072,3072,0,base,234.223,1,1.0,0,234.223,0,234.223,1.0,676.117,2.8866,19
13664,4096,3072,0,base,309.808,1,1.0,0,309.808,0,309.808,1.0,890.983,2.8759,19
13667,3072,3072,0,base,232.583,1,1.0,0,232.583,0,232.583,1.0,676.62,2.9092,19
13667,4096,3072,0,base,309.08,1,1.0,0,309.08,0,309.08,1.0,893.259,2.8901,19
13670,3072,3072,0,base,231.499,1,1.0,0,231.499,0,231.499,1.0,678.805,2.9322,19
13670,4096,3072,0,base,304.576,1,1.0,0,304.576,0,304.576,1.0,892.656,2.9308,19
13672,3072,6144,0,base,448.638,1,1.0,0,448.638,0,448.638,1.0,1378.318,3.0722,19
13672,8192,3072,0,base,616.588,1,1.0,0,616.588,0,616.588,1.0,1781.951,2.89,19
13674,3072,6144,0,base,459.13,1,1.0,0,459.13,0,459.13,1.0,1374.246,2.9932,19
13674,8192,3072,0,base,617.336,1,1.0,0,617.336,0,617.336,1.0,1782.579,2.8875,19
13696,2048,3072,0,base,148.698,1,1.0,0,148.698,0,148.698,1.0,464.738,3.1254,19
13696,3072,3072,0,base,224.267,1,1.0,0,224.267,0,224.267,1.0,674.061,3.0056,19
13696,3072,6144,0,base,443.206,1,1.0,0,443.206,0,443.206,1.0,1366.018,3.0821,19
13696,4096,3072,0,base,296.584,1,1.0,0,296.584,0,296.584,1.0,892.992,3.0109,19
13696,8192,3072,0,base,604.964,1,1.0,0,604.964,0,604.964,1.0,1787.603,2.9549,19
13712,2048,3072,0,base,153.646,1,1.0,0,153.646,0,153.646,1.0,464.062,3.0203,19
13797,2048,3072,0,base,152.626,1,1.0,0,152.626,0,152.626,1.0,465.746,3.0516,19
13799,3072,6144,0,base,462.942,1,1.0,0,462.942,0,462.942,1.0,1380.918,2.9829,19
13799,8192,3072,0,base,624.448,1,1.0,0,624.448,0,624.448,1.0,1796.923,2.8776,19
13808,3072,6144,0,base,457.47,1,1.0,0,457.47,0,457.47,1.0,1375.722,3.0072,19
13808,8192,3072,0,base,640.824,1,1.0,0,640.824,0,640.824,1.0,1797.279,2.8046,19
13824,2048,3072,0,base,150.418,1,1.0,0,150.418,0,150.418,1.0,462.594,3.0754,19
13824,3072,3072,0,base,229.783,1,1.0,0,229.783,0,229.783,1.0,678.333,2.9521,19
13824,3072,6144,0,base,443.154,1,1.0,0,443.154,0,443.154,1.0,1362.946,3.0756,19
13824,4096,3072,0,base,299.256,1,1.0,0,299.256,0,299.256,1.0,900.368,3.0087,19
13824,8192,3072,0,base,599.859,1,1.0,0,599.859,0,599.859,1.0,1798.655,2.9985,19
13828,3072,6144,0,base,458.07,1,1.0,0,458.07,0,458.07,1.0,1389.998,3.0345,19
13828,8192,3072,0,base,636.308,1,1.0,0,636.308,0,636.308,1.0,1804.123,2.8353,19
13836,2048,3072,0,base,151.59,1,1.0,0,151.59,0,151.59,1.0,469.118,3.0947,19
13848,3072,6144,0,base,459.63,1,1.0,0,459.63,0,459.63,1.0,1390.462,3.0252,19
13848,8192,3072,0,base,632.128,1,1.0,0,632.128,0,632.128,1.0,1797.347,2.8433,19
13852,3072,6144,0,base,453.786,1,1.0,0,453.786,0,453.786,1.0,1387.21,3.057,19
13852,8192,3072,0,base,627.668,1,1.0,0,627.668,0,627.668,1.0,1798.803,2.8659,19
13860,2048,3072,0,base,151.118,1,1.0,0,151.118,0,151.118,1.0,469.762,3.1086,19
13872,3072,6144,0,base,462.31,1,1.0,0,462.31,0,462.31,1.0,1383.066,2.9916,19
13872,8192,3072,0,base,627.688,1,1.0,0,627.688,0,627.688,1.0,1806.171,2.8775,19
13903,3072,6144,0,base,476.45,1,1.0,0,476.45,0,476.45,1.0,1392.11,2.9218,19
13903,8192,3072,0,base,631.224,1,1.0,0,631.224,0,631.224,1.0,1810.615,2.8684,19
13910,3072,6144,0,base,457.242,1,1.0,0,457.242,0,457.242,1.0,1387.438,3.0344,19
13910,8192,3072,0,base,631.524,1,1.0,0,631.524,0,631.524,1.0,1810.603,2.867,19
13912,3072,6144,0,base,453.706,1,1.0,0,453.706,0,453.706,1.0,1388.094,3.0595,19
13912,8192,3072,0,base,636.02,1,1.0,0,636.02,0,636.02,1.0,1811.067,2.8475,19
13916,3072,6144,0,base,463.082,1,1.0,0,463.082,0,463.082,1.0,1385.246,2.9914,19
13916,8192,3072,0,base,625.964,1,1.0,0,625.964,0,625.964,1.0,1807.323,2.8873,19
13931,3072,6144,0,base,465.498,1,1.0,0,465.498,0,465.498,1.0,1393.49,2.9935,19
13931,8192,3072,0,base,632.108,1,1.0,0,632.108,0,632.108,1.0,1805.527,2.8564,19
13933,3072,6144,0,base,452.486,1,1.0,0,452.486,0,452.486,1.0,1387.354,3.0661,19
13933,8192,3072,0,base,634.604,1,1.0,0,634.604,0,634.604,1.0,1806.391,2.8465,19
13934,3072,6144,0,base,464.75,1,1.0,0,464.75,0,464.75,1.0,1388.166,2.9869,19
13934,8192,3072,0,base,634.876,1,1.0,0,634.876,0,634.876,1.0,1811.807,2.8538,19
13935,3072,6144,0,base,452.546,1,1.0,0,452.546,0,452.546,1.0,1386.522,3.0638,19
13935,8192,3072,0,base,632.464,1,1.0,0,632.464,0,632.464,1.0,1811.247,2.8638,19
13936,3072,6144,0,base,456.378,1,1.0,0,456.378,0,456.378,1.0,1386.286,3.0376,19
13936,8192,3072,0,base,634.932,1,1.0,0,634.932,0,634.932,1.0,1816.66,2.8612,19
13937,3072,6144,0,base,450.79,1,1.0,0,450.79,0,450.79,1.0,1385.538,3.0736,19
13937,8192,3072,0,base,626.388,1,1.0,0,626.388,0,626.388,1.0,1808.499,2.8872,19
13938,3072,6144,0,base,458.102,1,1.0,0,458.102,0,458.102,1.0,1386.526,3.0267,19
13938,8192,3072,0,base,632.852,1,1.0,0,632.852,0,632.852,1.0,1814.615,2.8674,19
13939,3072,6144,0,base,453.702,1,1.0,0,453.702,0,453.702,1.0,1385.73,3.0543,19
13939,8192,3072,0,base,636.108,1,1.0,0,636.108,0,636.108,1.0,1813.787,2.8514,19
13940,3072,6144,0,base,451.086,1,1.0,0,451.086,0,451.086,1.0,1391.762,3.0854,19
13940,8192,3072,0,base,636.932,1,1.0,0,636.932,0,636.932,1.0,1809.383,2.8408,19
13941,3072,6144,0,base,455.986,1,1.0,0,455.986,0,455.986,1.0,1390.29,3.049,19
13941,8192,3072,0,base,635.18,1,1.0,0,635.18,0,635.18,1.0,1813.299,2.8548,19
13942,3072,6144,0,base,466.49,1,1.0,0,466.49,0,466.49,1.0,1383.19,2.9651,19
13942,8192,3072,0,base,635.212,1,1.0,0,635.212,0,635.212,1.0,1810.035,2.8495,19
13950,3072,6144,0,base,448.61,1,1.0,0,448.61,0,448.61,1.0,1390.686,3.1,19
13950,8192,3072,0,base,638.94,1,1.0,0,638.94,0,638.94,1.0,1809.611,2.8322,19
13952,2048,3072,0,base,146.694,1,1.0,0,146.694,0,146.694,1.0,470.458,3.2071,19
13952,3072,3072,0,base,223.647,1,1.0,0,223.647,0,223.647,1.0,687.837,3.0755,19
13952,3072,6144,0,base,457.138,1,1.0,0,457.138,0,457.138,1.0,1386.05,3.032,19
13952,4096,3072,0,base,296.624,1,1.0,0,296.624,0,296.624,1.0,909.576,3.0664,19
13952,8192,3072,0,base,621.108,1,1.0,0,621.108,0,621.108,1.0,1817.623,2.9264,19
13962,3072,6144,0,base,460.282,1,1.0,0,460.282,0,460.282,1.0,1392.206,3.0247,19
13962,8192,3072,0,base,632.856,1,1.0,0,632.856,0,632.856,1.0,1825.8,2.885,19
13975,3072,6144,0,base,463.366,1,1.0,0,463.366,0,463.366,1.0,1390.918,3.0018,19
13975,8192,3072,0,base,632.292,1,1.0,0,632.292,0,632.292,1.0,1819.295,2.8773,19
13984,3072,6144,0,base,462.13,1,1.0,0,462.13,0,462.13,1.0,1380.174,2.9865,19
13984,8192,3072,0,base,635.156,1,1.0,0,635.156,0,635.156,1.0,1825.039,2.8734,19
14000,3072,3072,0,base,235.543,1,1.0,0,235.543,0,235.543,1.0,691.085,2.934,19
14000,4096,3072,0,base,309.456,1,1.0,0,309.456,0,309.456,1.0,916.38,2.9613,19
14002,2048,3072,0,base,155.702,1,1.0,0,155.702,0,155.702,1.0,465.51,2.9897,19
14002,3072,3072,0,base,234.911,1,1.0,0,234.911,0,234.911,1.0,694.445,2.9562,19
14002,3072,6144,0,base,462.146,1,1.0,0,462.146,0,462.146,1.0,1405.494,3.0412,19
14002,4096,3072,0,base,303.064,1,1.0,0,303.064,0,303.064,1.0,916.34,3.0236,19
14002,8192,3072,0,base,626.86,1,1.0,0,626.86,0,626.86,1.0,1821.523,2.9058,19
14003,3072,3072,0,base,228.519,1,1.0,0,228.519,0,228.519,1.0,694.913,3.0409,19
14003,4096,3072,0,base,300.196,1,1.0,0,300.196,0,300.196,1.0,912.368,3.0392,19
14005,2048,3072,0,base,156.206,1,1.0,0,156.206,0,156.206,1.0,468.214,2.9974,19
14007,3072,6144,0,base,463.998,1,1.0,0,463.998,0,463.998,1.0,1405.798,3.0298,19
14007,8192,3072,0,base,638.344,1,1.0,0,638.344,0,638.344,1.0,1826.976,2.8621,19
14008,2048,3072,0,base,153.93,1,1.0,0,153.93,0,153.93,1.0,467.47,3.0369,19
14010,3072,6144,0,base,458.806,1,1.0,0,458.806,0,458.806,1.0,1410.01,3.0732,19
14010,8192,3072,0,base,641.004,1,1.0,0,641.004,0,641.004,1.0,1832.636,2.859,19
14022,2048,3072,0,base,154.054,1,1.0,0,154.054,0,154.054,1.0,468.134,3.0388,19
14037,3072,3072,0,base,244.803,1,1.0,0,244.803,0,244.803,1.0,695.449,2.8408,19
14037,4096,3072,0,base,308.824,1,1.0,0,308.824,0,308.824,1.0,913.631,2.9584,19
14050,2048,3072,0,base,154.95,1,1.0,0,154.95,0,154.95,1.0,465.202,3.0023,19
14050,3072,3072,0,base,239.167,1,1.0,0,239.167,0,239.167,1.0,695.637,2.9086,19
14050,4096,3072,0,base,299.992,1,1.0,0,299.992,0,299.992,1.0,915.071,3.0503,19
14051,3072,6144,0,base,451.97,1,1.0,0,451.97,0,451.97,1.0,1414.934,3.1306,19
14051,8192,3072,0,base,628.984,1,1.0,0,628.984,0,628.984,1.0,1835.04,2.9175,19
14055,3072,6144,0,base,453.426,1,1.0,0,453.426,0,453.426,1.0,1406.606,3.1022,19
14055,8192,3072,0,base,634.872,1,1.0,0,634.872,0,634.872,1.0,1837.192,2.8938,19
14074,3072,6144,0,base,460.662,1,1.0,0,460.662,0,460.662,1.0,1410.106,3.061,19
14074,8192,3072,0,base,628.348,1,1.0,0,628.348,0,628.348,1.0,1836.92,2.9234,19
14080,2048,3072,0,base,147.574,1,1.0,0,147.574,0,147.574,1.0,471.49,3.1949,19
14080,3072,3072,0,base,230.887,1,1.0,0,230.887,0,230.887,1.0,691.193,2.9936,19
14080,3072,6144,0,base,456.054,1,1.0,0,456.054,0,456.054,1.0,1396.814,3.0628,19
14080,4096,3072,0,base,296.108,1,1.0,0,296.108,0,296.108,1.0,916.143,3.094,19
14080,8192,3072,0,base,615.232,1,1.0,0,615.232,0,615.232,1.0,1842.952,2.9955,19
14082,3072,6144,0,base,462.034,1,1.0,0,462.034,0,462.034,1.0,1410.262,3.0523,19
14082,8192,3072,0,base,632.976,1,1.0,0,632.976,0,632.976,1.0,1847.68,2.919,19
14104,3072,6144,0,base,452.358,1,1.0,0,452.358,0,452.358,1.0,1414.61,3.1272,19
14104,8192,3072,0,base,638.104,1,1.0,0,638.104,0,638.104,1.0,1844.164,2.8901,19
14107,3072,6144,0,base,464.882,1,1.0,0,464.882,0,464.882,1.0,1412.186,3.0377,19
14107,8192,3072,0,base,636.06,1,1.0,0,636.06,0,636.06,1.0,1846.952,2.9037,19
14109,3072,6144,0,base,450.958,1,1.0,0,450.958,0,450.958,1.0,1413.066,3.1335,19
14109,8192,3072,0,base,644.28,1,1.0,0,644.28,0,644.28,1.0,1843.78,2.8618,19
14110,3072,6144,0,base,535.851,1,1.0,0,535.851,0,535.851,1.0,1408.862,2.6292,19
14110,8192,3072,0,base,638.208,1,1.0,0,638.208,0,638.208,1.0,1845.692,2.892,19
14111,3072,6144,0,base,466.438,1,1.0,0,466.438,0,466.438,1.0,1406.97,3.0164,19
14111,8192,3072,0,base,633.02,1,1.0,0,633.02,0,633.02,1.0,1841.695,2.9094,19
14112,3072,6144,0,base,461.186,1,1.0,0,461.186,0,461.186,1.0,1406.55,3.0499,19
14112,8192,3072,0,base,634.284,1,1.0,0,634.284,0,634.284,1.0,1843.708,2.9068,19
14113,3072,6144,0,base,467.282,1,1.0,0,467.282,0,467.282,1.0,1409.67,3.0167,19
14113,8192,3072,0,base,635.14,1,1.0,0,635.14,0,635.14,1.0,1844.208,2.9036,19
14114,3072,6144,0,base,466.686,1,1.0,0,466.686,0,466.686,1.0,1410.958,3.0234,19
14114,8192,3072,0,base,630.608,1,1.0,0,630.608,0,630.608,1.0,1838.48,2.9154,19
14115,3072,6144,0,base,463.33,1,1.0,0,463.33,0,463.33,1.0,1416.318,3.0568,19
14115,8192,3072,0,base,637.408,1,1.0,0,637.408,0,637.408,1.0,1835.664,2.8799,19
14116,3072,6144,0,base,466.81,1,1.0,0,466.81,0,466.81,1.0,1411.038,3.0227,19
14116,8192,3072,0,base,637.38,1,1.0,0,637.38,0,637.38,1.0,1839.856,2.8866,19
14117,3072,6144,0,base,454.258,1,1.0,0,454.258,0,454.258,1.0,1405.094,3.0932,19
14117,8192,3072,0,base,635.464,1,1.0,0,635.464,0,635.464,1.0,1837.024,2.8908,19
14118,3072,6144,0,base,464.858,1,1.0,0,464.858,0,464.858,1.0,1407.078,3.0269,19
14118,8192,3072,0,base,635.164,1,1.0,0,635.164,0,635.164,1.0,1837.1,2.8923,19
14119,3072,6144,0,base,465.09,1,1.0,0,465.09,0,465.09,1.0,1407.098,3.0254,19
14119,8192,3072,0,base,643.06,1,1.0,0,643.06,0,643.06,1.0,1834.084,2.8521,19
14120,3072,3072,0,base,241.623,1,1.0,0,241.623,0,241.623,1.0,691.677,2.8626,19
14120,3072,6144,0,base,460.366,1,1.0,0,460.366,0,460.366,1.0,1408.826,3.0602,19
14120,4096,3072,0,base,309.892,1,1.0,0,309.892,0,309.892,1.0,920.248,2.9696,19
14120,8192,3072,0,base,634.96,1,1.0,0,634.96,0,634.96,1.0,1836.268,2.8919,19
14121,3072,6144,0,base,453.662,1,1.0,0,453.662,0,453.662,1.0,1405.306,3.0977,19
14121,8192,3072,0,base,631.808,1,1.0,0,631.808,0,631.808,1.0,1840.732,2.9134,19
14122,3072,3072,0,base,242.415,1,1.0,0,242.415,0,242.415,1.0,692.945,2.8585,19
14122,3072,6144,0,base,464.358,1,1.0,0,464.358,0,464.358,1.0,1406.378,3.0287,19
14122,4096,3072,0,base,298.724,1,1.0,0,298.724,0,298.724,1.0,920.024,3.0798,19
14122,8192,3072,0,base,634.444,1,1.0,0,634.444,0,634.444,1.0,1836.464,2.8946,19
14123,3072,3072,0,base,241.023,1,1.0,0,241.023,0,241.023,1.0,693.745,2.8783,19
14123,3072,6144,0,base,465.294,1,1.0,0,465.294,0,465.294,1.0,1405.362,3.0204,19
14123,4096,3072,0,base,318.208,1,1.0,0,318.208,0,318.208,1.0,918.956,2.8879,19
14123,8192,3072,0,base,646.428,1,1.0,0,646.428,0,646.428,1.0,1836.768,2.8414,19
14124,3072,6144,0,base,459.066,1,1.0,0,459.066,0,459.066,1.0,1406.634,3.0641,19
14124,8192,3072,0,base,636.088,1,1.0,0,636.088,0,636.088,1.0,1835.048,2.8849,19
14125,3072,6144,0,base,465.426,1,1.0,0,465.426,0,465.426,1.0,1404.03,3.0167,19
14125,8192,3072,0,base,638.188,1,1.0,0,638.188,0,638.188,1.0,1838.991,2.8816,19
14126,3072,6144,0,base,466.87,1,1.0,0,466.87,0,466.87,1.0,1405.77,3.0111,19
14126,8192,3072,0,base,635.856,1,1.0,0,635.856,0,635.856,1.0,1840.38,2.8943,19
14127,3072,6144,0,base,464.342,1,1.0,0,464.342,0,464.342,1.0,1403.218,3.0219,19
14127,8192,3072,0,base,632.996,1,1.0,0,632.996,0,632.996,1.0,1839.644,2.9062,19
14128,3072,6144,0,base,465.49,1,1.0,0,465.49,0,465.49,1.0,1401.886,3.0116,19
14128,8192,3072,0,base,634.648,1,1.0,0,634.648,0,634.648,1.0,1843.208,2.9043,19
14129,3072,6144,0,base,456.042,1,1.0,0,456.042,0,456.042,1.0,1402.302,3.0749,19
14129,8192,3072,0,base,635.308,1,1.0,0,635.308,0,635.308,1.0,1839.548,2.8955,19
14130,3072,6144,0,base,466.73,1,1.0,0,466.73,0,466.73,1.0,1407.694,3.0161,19
14130,8192,3072,0,base,635.592,1,1.0,0,635.592,0,635.592,1.0,1836.66,2.8897,19
14131,3072,3072,0,base,240.323,1,1.0,0,240.323,0,240.323,1.0,692.529,2.8817,19
14131,3072,6144,0,base,457.286,1,1.0,0,457.286,0,457.286,1.0,1406.978,3.0768,19
14131,4096,3072,0,base,303.248,1,1.0,0,303.248,0,303.248,1.0,924.396,3.0483,19
14131,8192,3072,0,base,646.132,1,1.0,0,646.132,0,646.132,1.0,1842.864,2.8521,19
14132,3072,6144,0,base,455.862,1,1.0,0,455.862,0,455.862,1.0,1403.166,3.0781,19
14132,8192,3072,0,base,638.644,1,1.0,0,638.644,0,638.644,1.0,1843.34,2.8863,19
14133,3072,6144,0,base,451.346,1,1.0,0,451.346,0,451.346,1.0,1403.206,3.1089,19
14133,8192,3072,0,base,629.964,1,1.0,0,629.964,0,629.964,1.0,1840.176,2.9211,19
14134,3072,6144,0,base,460.258,1,1.0,0,460.258,0,460.258,1.0,1403.522,3.0494,19
14134,8192,3072,0,base,637.208,1,1.0,0,637.208,0,637.208,1.0,1834.216,2.8785,19
14177,3072,3072,0,base,239.007,1,1.0,0,239.007,0,239.007,1.0,699.817,2.928,19
14177,4096,3072,0,base,310.292,1,1.0,0,310.292,0,310.292,1.0,922.272,2.9723,19
14189,3072,3072,0,base,235.943,1,1.0,0,235.943,0,235.943,1.0,701.861,2.9747,19
14189,4096,3072,0,base,315.672,1,1.0,0,315.672,0,315.672,1.0,921.172,2.9181,19
14191,3072,3072,0,base,235.511,1,1.0,0,235.511,0,235.511,1.0,701.857,2.9801,19
14191,4096,3072,0,base,314.928,1,1.0,0,314.928,0,314.928,1.0,923.844,2.9335,19
14208,2048,3072,0,base,150.102,1,1.0,0,150.102,0,150.102,1.0,473.038,3.1514,19
14208,3072,3072,0,base,231.907,1,1.0,0,231.907,0,231.907,1.0,701.561,3.0252,19
14208,3072,6144,0,base,457.106,1,1.0,0,457.106,0,457.106,1.0,1417.186,3.1003,19
14208,4096,3072,0,base,295.268,1,1.0,0,295.268,0,295.268,1.0,925.464,3.1343,19
14208,8192,3072,0,base,629.568,1,1.0,0,629.568,0,629.568,1.0,1853.556,2.9442,19
14305,2048,3072,0,base,155.618,1,1.0,0,155.618,0,155.618,1.0,476.89,3.0645,19
14305,3072,3072,0,base,244.159,1,1.0,0,244.159,0,244.159,1.0,701.421,2.8728,19
14305,4096,3072,0,base,313.016,1,1.0,0,313.016,0,313.016,1.0,932.496,2.9791,19
14334,3072,3072,0,base,238.823,1,1.0,0,238.823,0,238.823,1.0,702.177,2.9402,19
14334,4096,3072,0,base,308.804,1,1.0,0,308.804,0,308.804,1.0,931.896,3.0178,19
14336,2048,3072,0,base,152.834,1,1.0,0,152.834,0,152.834,1.0,474.954,3.1076,19
14336,3072,3072,0,base,227.027,1,1.0,0,227.027,0,227.027,1.0,702.701,3.0952,19
14336,3072,6144,0,base,452.922,1,1.0,0,452.922,0,452.922,1.0,1412.794,3.1193,19
14336,4096,3072,0,base,293.72,1,1.0,0,293.72,0,293.72,1.0,932.976,3.1764,19
14336,8192,3072,0,base,630.384,1,1.0,0,630.384,0,630.384,1.0,1866.692,2.9612,19
14353,3072,6144,0,base,460.87,1,1.0,0,460.87,0,460.87,1.0,1443.202,3.1315,19
14353,8192,3072,0,base,645.96,1,1.0,0,645.96,0,645.96,1.0,1877.86,2.9071,19
14433,2048,3072,0,base,168.71,1,1.0,0,168.71,0,168.71,1.0,480.414,2.8476,19
14434,2048,3072,0,base,167.702,1,1.0,0,167.702,0,167.702,1.0,481.686,2.8723,19
14464,2048,3072,0,base,167.878,1,1.0,0,167.878,0,167.878,1.0,480.61,2.8629,19
14464,3072,3072,0,base,228.435,1,1.0,0,228.435,0,228.435,1.0,708.617,3.1021,19
14464,3072,6144,0,base,450.358,1,1.0,0,450.358,0,450.358,1.0,1433.259,3.1825,19
14464,4096,3072,0,base,308.812,1,1.0,0,308.812,0,308.812,1.0,941.848,3.0499,19
14464,8192,3072,0,base,645.02,1,1.0,0,645.02,0,645.02,1.0,1887.548,2.9263,19
14473,2048,3072,0,base,168.762,1,1.0,0,168.762,0,168.762,1.0,481.282,2.8518,19
14473,3072,6144,0,base,483.022,1,1.0,0,483.022,0,483.022,1.0,1441.847,2.9851,19
14473,8192,3072,0,base,662.708,1,1.0,0,662.708,0,662.708,1.0,1900.316,2.8675,19
14476,2048,3072,0,base,168.394,1,1.0,0,168.394,0,168.394,1.0,484.154,2.8751,19
14483,3072,3072,0,base,234.331,1,1.0,0,234.331,0,234.331,1.0,713.509,3.0449,19
14483,4096,3072,0,base,328.192,1,1.0,0,328.192,0,328.192,1.0,950.408,2.8959,19
14497,3072,6144,0,base,472.598,1,1.0,0,472.598,0,472.598,1.0,1460.075,3.0895,19
14497,8192,3072,0,base,650.652,1,1.0,0,650.652,0,650.652,1.0,1899.228,2.919,19
14531,3072,6144,0,base,469.166,1,1.0,0,469.166,0,469.166,1.0,1459.071,3.1099,19
14531,8192,3072,0,base,650.288,1,1.0,0,650.288,0,650.288,1.0,1903.485,2.9271,19
14592,2048,3072,0,base,163.966,1,1.0,0,163.966,0,163.966,1.0,483.026,2.9459,19
14592,3072,3072,0,base,232.211,1,1.0,0,232.211,0,232.211,1.0,718.993,3.0963,19
14592,3072,6144,0,base,452.305,1,1.0,0,452.305,0,452.305,1.0,1450.667,3.2073,19
14592,4096,3072,0,base,310.352,1,1.0,0,310.352,0,310.352,1.0,954.652,3.076,19
14592,8192,3072,0,base,652.424,1,1.0,0,652.424,0,652.424,1.0,1907.308,2.9234,19
14720,2048,3072,0,base,166.026,1,1.0,0,166.026,0,166.026,1.0,492.714,2.9677,19
14720,3072,3072,0,base,237.687,1,1.0,0,237.687,0,237.687,1.0,726.649,3.0572,19
14720,3072,6144,0,base,462.126,1,1.0,0,462.126,0,462.126,1.0,1463.495,3.1669,19
14720,4096,3072,0,base,321.996,1,1.0,0,321.996,0,321.996,1.0,957.872,2.9748,19
14720,8192,3072,0,base,637.944,1,1.0,0,637.944,0,637.944,1.0,1920.853,3.011,19
14837,2048,3072,0,base,169.91,1,1.0,0,169.91,0,169.91,1.0,490.958,2.8895,19
14837,3072,3072,0,base,234.451,1,1.0,0,234.451,0,234.451,1.0,727.357,3.1024,19
14837,4096,3072,0,base,326.652,1,1.0,0,326.652,0,326.652,1.0,964.408,2.9524,19
14848,2048,3072,0,base,166.186,1,1.0,0,166.186,0,166.186,1.0,491.33,2.9565,19
14848,3072,3072,0,base,231.427,1,1.0,0,231.427,0,231.427,1.0,728.045,3.1459,19
14848,3072,6144,0,base,463.622,1,1.0,0,463.622,0,463.622,1.0,1465.639,3.1613,19
14848,4096,3072,0,base,311.004,1,1.0,0,311.004,0,311.004,1.0,971.465,3.1236,19
14848,8192,3072,0,base,641.056,1,1.0,0,641.056,0,641.056,1.0,1941.233,3.0282,19
14865,3072,6144,0,base,474.146,1,1.0,0,474.146,0,474.146,1.0,1493.683,3.1503,19
14865,8192,3072,0,base,672.321,1,1.0,0,672.321,0,672.321,1.0,1942.513,2.8893,19
14883,2048,3072,0,base,170.418,1,1.0,0,170.418,0,170.418,1.0,500.882,2.9391,19
14976,2048,3072,0,base,166.574,1,1.0,0,166.574,0,166.574,1.0,500.467,3.0045,19
14976,3072,3072,0,base,239.779,1,1.0,0,239.779,0,239.779,1.0,735.389,3.0669,19
14976,3072,6144,0,base,458.586,1,1.0,0,458.586,0,458.586,1.0,1479.151,3.2255,19
14976,4096,3072,0,base,324.64,1,1.0,0,324.64,0,324.64,1.0,974.149,3.0007,19
14976,8192,3072,0,base,668.261,1,1.0,0,668.261,0,668.261,1.0,1958.033,2.93,19
15000,2048,3072,0,base,170.278,1,1.0,0,170.278,0,170.278,1.0,497.93,2.9242,19
15000,3072,3072,0,base,266.635,1,1.0,0,266.635,0,266.635,1.0,736.342,2.7616,19
15000,3072,6144,0,base,506.083,1,1.0,0,506.083,0,506.083,1.0,1495.223,2.9545,19
15000,4096,3072,0,base,333.576,1,1.0,0,333.576,0,333.576,1.0,977.993,2.9318,19
15000,8192,3072,0,base,682.749,1,1.0,0,682.749,0,682.749,1.0,1957.697,2.8674,19
15001,2048,3072,0,base,172.09,1,1.0,0,172.09,0,172.09,1.0,502.138,2.9179,19
15001,3072,3072,0,base,252.987,1,1.0,0,252.987,0,252.987,1.0,736.889,2.9128,19
15001,3072,6144,0,base,503.591,1,1.0,0,503.591,0,503.591,1.0,1506.119,2.9908,19
15001,4096,3072,0,base,332.524,1,1.0,0,332.524,0,332.524,1.0,978.049,2.9413,19
15001,8192,3072,0,base,684.817,1,1.0,0,684.817,0,684.817,1.0,1951.469,2.8496,19
15002,3072,3072,0,base,253.395,1,1.0,0,253.395,0,253.395,1.0,739.157,2.917,19
15002,3072,6144,0,base,508.343,1,1.0,0,508.343,0,508.343,1.0,1488.707,2.9286,19
15002,4096,3072,0,base,339.58,1,1.0,0,339.58,0,339.58,1.0,979.653,2.8849,19
15002,8192,3072,0,base,690.833,1,1.0,0,690.833,0,690.833,1.0,1952.593,2.8264,19
15003,2048,3072,0,base,173.29,1,1.0,0,173.29,0,173.29,1.0,501.374,2.8933,19
15003,3072,3072,0,base,252.695,1,1.0,0,252.695,0,252.695,1.0,733.093,2.9011,19
15003,4096,3072,0,base,326.056,1,1.0,0,326.056,0,326.056,1.0,976.948,2.9963,19
15004,2048,3072,0,base,172.99,1,1.0,0,172.99,0,172.99,1.0,501.474,2.8989,19
15010,2048,3072,0,base,169.846,1,1.0,0,169.846,0,169.846,1.0,498.059,2.9324,19
15010,3072,6144,0,base,497.043,1,1.0,0,497.043,0,497.043,1.0,1502.563,3.023,19
15010,8192,3072,0,base,678.441,1,1.0,0,678.441,0,678.441,1.0,1945.937,2.8682,19
15014,2048,3072,0,base,174.318,1,1.0,0,174.318,0,174.318,1.0,499.13,2.8633,19
15015,2048,3072,0,base,169.878,1,1.0,0,169.878,0,169.878,1.0,503.258,2.9625,19
15016,3072,6144,0,base,500.638,1,1.0,0,500.638,0,500.638,1.0,1501.863,2.9999,19
15016,8192,3072,0,base,679.293,1,1.0,0,679.293,0,679.293,1.0,1951.229,2.8724,19
15017,3072,3072,0,base,252.427,1,1.0,0,252.427,0,252.427,1.0,739.49,2.9295,19
15017,4096,3072,0,base,335.049,1,1.0,0,335.049,0,335.049,1.0,976.953,2.9159,19
15019,2048,3072,0,base,169.834,1,1.0,0,169.834,0,169.834,1.0,505.63,2.9772,19
15022,2048,3072,0,base,167.886,1,1.0,0,167.886,0,167.886,1.0,500.723,2.9825,19
15023,3072,3072,0,base,266.087,1,1.0,0,266.087,0,266.087,1.0,740.446,2.7827,19
15023,4096,3072,0,base,321.848,1,1.0,0,321.848,0,321.848,1.0,978.101,3.039,19
15026,2048,3072,0,base,171.486,1,1.0,0,171.486,0,171.486,1.0,502.459,2.93,19
15031,3072,6144,0,base,500.899,1,1.0,0,500.899,0,500.899,1.0,1503.795,3.0022,19
15031,8192,3072,0,base,681.025,1,1.0,0,681.025,0,681.025,1.0,1950.017,2.8634,19
15035,2048,3072,0,base,170.57,1,1.0,0,170.57,0,170.57,1.0,495.686,2.9061,19
15038,3072,3072,0,base,256.967,1,1.0,0,256.967,0,256.967,1.0,739.574,2.8781,19
15038,4096,3072,0,base,327.58,1,1.0,0,327.58,0,327.58,1.0,976.669,2.9815,19
15042,2048,3072,0,base,170.53,1,1.0,0,170.53,0,170.53,1.0,499.803,2.9309,19
15045,2048,3072,0,base,175.05,1,1.0,0,175.05,0,175.05,1.0,497.182,2.8402,19
15048,2048,3072,0,base,166.846,1,1.0,0,166.846,0,166.846,1.0,496.25,2.9743,19
15048,3072,3072,0,base,263.851,1,1.0,0,263.851,0,263.851,1.0,740.598,2.8069,19
15048,4096,3072,0,base,334.468,1,1.0,0,334.468,0,334.468,1.0,979.113,2.9274,19
15061,2048,3072,0,base,170.166,1,1.0,0,170.166,0,170.166,1.0,500.002,2.9383,19
15104,2048,3072,0,base,167.35,1,1.0,0,167.35,0,167.35,1.0,496.971,2.9696,19
15104,3072,3072,0,base,255.207,1,1.0,0,255.207,0,255.207,1.0,743.17,2.912,19
15104,3072,6144,0,base,487.646,1,1.0,0,487.646,0,487.646,1.0,1496.715,3.0693,19
15104,4096,3072,0,base,327.304,1,1.0,0,327.304,0,327.304,1.0,979.545,2.9928,19
15104,8192,3072,0,base,677.457,1,1.0,0,677.457,0,677.457,1.0,1966.525,2.9028,19
15106,3072,3072,0,base,257.763,1,1.0,0,257.763,0,257.763,1.0,741.77,2.8777,19
15106,4096,3072,0,base,338.836,1,1.0,0,338.836,0,338.836,1.0,983.937,2.9039,19
15112,3072,3072,0,base,252.103,1,1.0,0,252.103,0,252.103,1.0,741.786,2.9424,19
15112,4096,3072,0,base,334.048,1,1.0,0,334.048,0,334.048,1.0,987.041,2.9548,19
15125,2048,3072,0,base,169.37,1,1.0,0,169.37,0,169.37,1.0,506.751,2.992,19
15125,3072,3072,0,base,252.771,1,1.0,0,252.771,0,252.771,1.0,740.509,2.9296,19
15125,4096,3072,0,base,337.436,1,1.0,0,337.436,0,337.436,1.0,982.916,2.9129,19
15154,2048,3072,0,base,173.622,1,1.0,0,173.622,0,173.622,1.0,505.463,2.9113,19
15215,2048,3072,0,base,167.25,1,1.0,0,167.25,0,167.25,1.0,507.539,3.0346,19
15226,3072,6144,0,base,504.542,1,1.0,0,504.542,0,504.542,1.0,1514.703,3.0021,19
15226,8192,3072,0,base,685.289,1,1.0,0,685.289,0,685.289,1.0,1976.074,2.8836,19
15232,2048,3072,0,base,164.878,1,1.0,0,164.878,0,164.878,1.0,507.115,3.0757,19
15232,3072,3072,0,base,260.119,1,1.0,0,260.119,0,260.119,1.0,749.01,2.8795,19
15232,3072,6144,0,base,496.318,1,1.0,0,496.318,0,496.318,1.0,1510.58,3.0436,19
15232,4096,3072,0,base,319.848,1,1.0,0,319.848,0,319.848,1.0,991.877,3.1011,19
15232,8192,3072,0,base,667.877,1,1.0,0,667.877,0,667.877,1.0,1984.198,2.9709,19
15234,3072,3072,0,base,262.587,1,1.0,0,262.587,0,262.587,1.0,749.75,2.8552,19
15234,4096,3072,0,base,337.008,1,1.0,0,337.008,0,337.008,1.0,995.232,2.9531,19
15235,3072,3072,0,base,266.112,1,1.0,0,266.112,0,266.112,1.0,750.634,2.8207,19
15235,4096,3072,0,base,339.224,1,1.0,0,339.224,0,339.224,1.0,992.929,2.9271,19
15237,2048,3072,0,base,171.802,1,1.0,0,171.802,0,171.802,1.0,509.414,2.9651,19
15237,3072,3072,0,base,265.056,1,1.0,0,265.056,0,265.056,1.0,749.942,2.8294,19
15237,4096,3072,0,base,335.716,1,1.0,0,335.716,0,335.716,1.0,994.001,2.9608,19
15240,3072,3072,0,base,254.827,1,1.0,0,254.827,0,254.827,1.0,751.565,2.9493,19
15240,4096,3072,0,base,340.144,1,1.0,0,340.144,0,340.144,1.0,997.397,2.9323,19
15241,2048,3072,0,base,173.842,1,1.0,0,173.842,0,173.842,1.0,505.719,2.9091,19
15241,3072,3072,0,base,265.183,1,1.0,0,265.183,0,265.183,1.0,750.454,2.8299,19
15241,3072,6144,0,base,511.919,1,1.0,0,511.919,0,511.919,1.0,1517.972,2.9653,19
15241,4096,3072,0,base,330.992,1,1.0,0,330.992,0,330.992,1.0,996.185,3.0097,19
15241,8192,3072,0,base,680.721,1,1.0,0,680.721,0,680.721,1.0,1987.438,2.9196,19
15248,2048,3072,0,base,171.27,1,1.0,0,171.27,0,171.27,1.0,508.395,2.9684,19
15249,2048,3072,0,base,171.202,1,1.0,0,171.202,0,171.202,1.0,508.759,2.9717,19
15275,3072,3072,0,base,256.663,1,1.0,0,256.663,0,256.663,1.0,751.998,2.9299,19
15275,4096,3072,0,base,337.744,1,1.0,0,337.744,0,337.744,1.0,996.993,2.9519,19
15277,3072,6144,0,base,509.342,1,1.0,0,509.342,0,509.342,1.0,1519.503,2.9833,19
15277,8192,3072,0,base,689.901,1,1.0,0,689.901,0,689.901,1.0,1988.774,2.8827,19
15278,3072,6144,0,base,502.006,1,1.0,0,502.006,0,502.006,1.0,1519.852,3.0276,19
15278,8192,3072,0,base,688.585,1,1.0,0,688.585,0,688.585,1.0,1987.11,2.8858,19
15279,3072,6144,0,base,507.702,1,1.0,0,507.702,0,507.702,1.0,1522.772,2.9993,19
15279,8192,3072,0,base,685.725,1,1.0,0,685.725,0,685.725,1.0,1989.302,2.901,19
15290,3072,3072,0,base,259.627,1,1.0,0,259.627,0,259.627,1.0,751.862,2.8959,19
15290,4096,3072,0,base,331.688,1,1.0,0,331.688,0,331.688,1.0,997.745,3.0081,19
15296,2048,3072,0,base,171.658,1,1.0,0,171.658,0,171.658,1.0,509.067,2.9656,19
15303,3072,6144,0,base,509.023,1,1.0,0,509.023,0,509.023,1.0,1523.2,2.9924,19
15303,8192,3072,0,base,690.233,1,1.0,0,690.233,0,690.233,1.0,1999.182,2.8964,19
15336,3072,6144,0,base,501.794,1,1.0,0,501.794,0,501.794,1.0,1527.292,3.0437,19
15336,8192,3072,0,base,686.409,1,1.0,0,686.409,0,686.409,1.0,1993.246,2.9039,19
15349,3072,6144,0,base,500.114,1,1.0,0,500.114,0,500.114,1.0,1520.224,3.0398,19
15349,8192,3072,0,base,689.301,1,1.0,0,689.301,0,689.301,1.0,2016.966,2.9261,19
15352,3072,3072,0,base,261.203,1,1.0,0,261.203,0,261.203,1.0,750.454,2.8731,19
15352,4096,3072,0,base,338.268,1,1.0,0,338.268,0,338.268,1.0,998.073,2.9505,19
15360,2048,3072,0,base,166.642,1,1.0,0,166.642,0,166.642,1.0,507.343,3.0445,19
15360,3072,3072,0,base,254.271,1,1.0,0,254.271,0,254.271,1.0,753.27,2.9625,19
15360,3072,6144,0,base,490.263,1,1.0,0,490.263,0,490.263,1.0,1514.231,3.0886,19
15360,4096,3072,0,base,313.608,1,1.0,0,313.608,0,313.608,1.0,997.681,3.1813,19
15360,8192,3072,0,base,667.941,1,1.0,0,667.941,0,667.941,1.0,1995.918,2.9882,19
15398,3072,3072,0,base,259.163,1,1.0,0,259.163,0,259.163,1.0,758.874,2.9282,19
15398,4096,3072,0,base,343.184,1,1.0,0,343.184,0,343.184,1.0,1005.105,2.9288,19
15441,3072,3072,0,base,269.347,1,1.0,0,269.347,0,269.347,1.0,758.134,2.8147,19
15441,4096,3072,0,base,341.696,1,1.0,0,341.696,0,341.696,1.0,1008.017,2.95,19
15488,2048,3072,0,base,169.262,1,1.0,0,169.262,0,169.262,1.0,517.359,3.0566,19
15488,3072,3072,0,base,251.375,1,1.0,0,251.375,0,251.375,1.0,759.538,3.0215,19
15488,3072,6144,0,base,487.534,1,1.0,0,487.534,0,487.534,1.0,1530.024,3.1383,19
15488,4096,3072,0,base,343.352,1,1.0,0,343.352,0,343.352,1.0,1008.813,2.9381,19
15488,8192,3072,0,base,699.321,1,1.0,0,699.321,0,699.321,1.0,2027.75,2.8996,19
15508,2048,3072,0,base,170.158,1,1.0,0,170.158,0,170.158,1.0,514.171,3.0217,19
15509,2048,3072,0,base,174.274,1,1.0,0,174.274,0,174.274,1.0,516.367,2.963,19
15510,2048,3072,0,base,168.682,1,1.0,0,168.682,0,168.682,1.0,512.275,3.0369,19
15510,3072,6144,0,base,514.591,1,1.0,0,514.591,0,514.591,1.0,1549.628,3.0114,19
15510,8192,3072,0,base,694.701,1,1.0,0,694.701,0,694.701,1.0,2025.274,2.9153,19
15514,3072,3072,0,base,253.119,1,1.0,0,253.119,0,253.119,1.0,760.458,3.0043,19
15514,4096,3072,0,base,345.836,1,1.0,0,345.836,0,345.836,1.0,1013.225,2.9298,19
15519,3072,6144,0,base,510.679,1,1.0,0,510.679,0,510.679,1.0,1544.348,3.0241,19
15519,8192,3072,0,base,706.985,1,1.0,0,706.985,0,706.985,1.0,2017.326,2.8534,19
15524,3072,6144,0,base,502.302,1,1.0,0,502.302,0,502.302,1.0,1560.508,3.1067,19
15524,8192,3072,0,base,698.057,1,1.0,0,698.057,0,698.057,1.0,2035.186,2.9155,19
15529,2048,3072,0,base,170.854,1,1.0,0,170.854,0,170.854,1.0,513.375,3.0048,19
15537,3072,6144,0,base,520.147,1,1.0,0,520.147,0,520.147,1.0,1553.008,2.9857,19
15537,8192,3072,0,base,696.857,1,1.0,0,696.857,0,696.857,1.0,2029.37,2.9122,19
15559,3072,3072,0,base,260.968,1,1.0,0,260.968,0,260.968,1.0,769.562,2.9489,19
15559,4096,3072,0,base,348.356,1,1.0,0,348.356,0,348.356,1.0,1016.353,2.9176,19
15575,3072,6144,0,base,507.887,1,1.0,0,507.887,0,507.887,1.0,1559.132,3.0698,19
15575,8192,3072,0,base,701.105,1,1.0,0,701.105,0,701.105,1.0,2039.018,2.9083,19
15595,3072,6144,0,base,507.015,1,1.0,0,507.015,0,507.015,1.0,1562.984,3.0827,19
15595,8192,3072,0,base,699.057,1,1.0,0,699.057,0,699.057,1.0,2032.398,2.9073,19
15597,2048,3072,0,base,173.014,1,1.0,0,173.014,0,173.014,1.0,514.507,2.9738,19
15605,2048,3072,0,base,172.37,1,1.0,0,172.37,0,172.37,1.0,518.187,3.0062,19
15614,2048,3072,0,base,168.242,1,1.0,0,168.242,0,168.242,1.0,513.631,3.0529,19
15615,3072,6144,0,base,509.915,1,1.0,0,509.915,0,509.915,1.0,1558.284,3.056,19
15615,8192,3072,0,base,703.509,1,1.0,0,703.509,0,703.509,1.0,2030.802,2.8867,19
15616,2048,3072,0,base,166.518,1,1.0,0,166.518,0,166.518,1.0,523.871,3.146,19
15616,3072,3072,0,base,247.595,1,1.0,0,247.595,0,247.595,1.0,768.866,3.1053,19
15616,3072,6144,0,base,496.506,1,1.0,0,496.506,0,496.506,1.0,1551.868,3.1256,19
15616,4096,3072,0,base,351.552,1,1.0,0,351.552,0,351.552,1.0,1013.825,2.8839,19
15616,8192,3072,0,base,692.841,1,1.0,0,692.841,0,692.841,1.0,2038.542,2.9423,19
15617,2048,3072,0,base,174.406,1,1.0,0,174.406,0,174.406,1.0,520.903,2.9867,19
15621,2048,3072,0,base,173.442,1,1.0,0,173.442,0,173.442,1.0,526.227,3.034,19
15626,3072,3072,0,base,270.847,1,1.0,0,270.847,0,270.847,1.0,766.97,2.8317,19
15626,4096,3072,0,base,357.392,1,1.0,0,357.392,0,357.392,1.0,1023.029,2.8625,19
15637,3072,6144,0,base,519.631,1,1.0,0,519.631,0,519.631,1.0,1562.768,3.0075,19
15637,8192,3072,0,base,706.265,1,1.0,0,706.265,0,706.265,1.0,2040.974,2.8898,19
15643,2048,3072,0,base,171.15,1,1.0,0,171.15,0,171.15,1.0,522.503,3.0529,19
15654,2048,3072,0,base,175.378,1,1.0,0,175.378,0,175.378,1.0,525.195,2.9946,19
15658,3072,6144,0,base,518.935,1,1.0,0,518.935,0,518.935,1.0,1559.32,3.0048,19
15658,8192,3072,0,base,699.265,1,1.0,0,699.265,0,699.265,1.0,2037.702,2.9141,19
15677,3072,6144,0,base,508.498,1,1.0,0,508.498,0,508.498,1.0,1552.512,3.0531,19
15677,8192,3072,0,base,706.093,1,1.0,0,706.093,0,706.093,1.0,2039.826,2.8889,19
15681,2048,3072,0,base,173.162,1,1.0,0,173.162,0,173.162,1.0,524.874,3.0311,19
15702,3072,6144,0,base,519.651,1,1.0,0,519.651,0,519.651,1.0,1566.34,3.0142,19
15702,8192,3072,0,base,701.233,1,1.0,0,701.233,0,701.233,1.0,2040.866,2.9104,19
15724,3072,6144,0,base,501.238,1,1.0,0,501.238,0,501.238,1.0,1569.456,3.1312,19
15724,8192,3072,0,base,703.177,1,1.0,0,703.177,0,703.177,1.0,2062.659,2.9333,19
15743,3072,3072,0,base,264.175,1,1.0,0,264.175,0,264.175,1.0,772.514,2.9242,19
15743,4096,3072,0,base,356.373,1,1.0,0,356.373,0,356.373,1.0,1018.845,2.8589,19
15744,2048,3072,0,base,167.09,1,1.0,0,167.09,0,167.09,1.0,522.207,3.1253,19
15744,3072,3072,0,base,248.019,1,1.0,0,248.019,0,248.019,1.0,772.386,3.1142,19
15744,3072,6144,0,base,499.574,1,1.0,0,499.574,0,499.574,1.0,1562.832,3.1283,19
15744,4096,3072,0,base,331.356,1,1.0,0,331.356,0,331.356,1.0,1021.253,3.082,19
15744,8192,3072,0,base,694.525,1,1.0,0,694.525,0,694.525,1.0,2050.534,2.9524,19
15747,3072,6144,0,base,514.166,1,1.0,0,514.166,0,514.166,1.0,1569.616,3.0527,19
15747,8192,3072,0,base,707.645,1,1.0,0,707.645,0,707.645,1.0,2049.63,2.8964,19
15749,3072,6144,0,base,502.019,1,1.0,0,502.019,0,502.019,1.0,1574.92,3.1372,19
15749,8192,3072,0,base,710.477,1,1.0,0,710.477,0,710.477,1.0,2051.85,2.888,19
15770,3072,6144,0,base,505.407,1,1.0,0,505.407,0,505.407,1.0,1571.032,3.1085,19
15770,8192,3072,0,base,708.509,1,1.0,0,708.509,0,708.509,1.0,2050.106,2.8936,19
15786,3072,6144,0,base,508.25,1,1.0,0,508.25,0,508.25,1.0,1569.88,3.0888,19
15786,8192,3072,0,base,708.441,1,1.0,0,708.441,0,708.441,1.0,2049.242,2.8926,19
15793,3072,6144,0,base,509.494,1,1.0,0,509.494,0,509.494,1.0,1569.964,3.0814,19
15793,8192,3072,0,base,707.701,1,1.0,0,707.701,0,707.701,1.0,2053.883,2.9022,19
15816,3072,6144,0,base,504.034,1,1.0,0,504.034,0,504.034,1.0,1568.912,3.1127,19
15816,8192,3072,0,base,713.965,1,1.0,0,713.965,0,713.965,1.0,2062.247,2.8884,19
15817,3072,6144,0,base,504.138,1,1.0,0,504.138,0,504.138,1.0,1571.092,3.1164,19
15817,8192,3072,0,base,711.109,1,1.0,0,711.109,0,711.109,1.0,2058.435,2.8947,19
15818,3072,6144,0,base,509.563,1,1.0,0,509.563,0,509.563,1.0,1574.024,3.089,19
15818,8192,3072,0,base,705.341,1,1.0,0,705.341,0,705.341,1.0,2066.087,2.9292,19
15820,3072,3072,0,base,262.991,1,1.0,0,262.991,0,262.991,1.0,773.926,2.9428,19
15820,4096,3072,0,base,346.844,1,1.0,0,346.844,0,346.844,1.0,1027.877,2.9635,19
15821,3072,3072,0,base,272.403,1,1.0,0,272.403,0,272.403,1.0,774.162,2.842,19
15821,4096,3072,0,base,359.401,1,1.0,0,359.401,0,359.401,1.0,1027.749,2.8596,19
15839,3072,6144,0,base,519.287,1,1.0,0,519.287,0,519.287,1.0,1571.008,3.0253,19
15839,8192,3072,0,base,705.841,1,1.0,0,705.841,0,705.841,1.0,2059.307,2.9175,19
15840,3072,6144,0,base,506.55,1,1.0,0,506.55,0,506.55,1.0,1563.472,3.0865,19
15840,8192,3072,0,base,705.905,1,1.0,0,705.905,0,705.905,1.0,2061.507,2.9204,19
15841,3072,6144,0,base,502.206,1,1.0,0,502.206,0,502.206,1.0,1573.272,3.1327,19
15841,8192,3072,0,base,704.857,1,1.0,0,704.857,0,704.857,1.0,2071.823,2.9394,19
15853,3072,3072,0,base,262.703,1,1.0,0,262.703,0,262.703,1.0,776.862,2.9572,19
15853,4096,3072,0,base,346.092,1,1.0,0,346.092,0,346.092,1.0,1029.613,2.975,19
15858,3072,6144,0,base,508.235,1,1.0,0,508.235,0,508.235,1.0,1571.612,3.0923,19
15858,8192,3072,0,base,704.953,1,1.0,0,704.953,0,704.953,1.0,2065.787,2.9304,19
15871,3072,3072,0,base,258.983,1,1.0,0,258.983,0,258.983,1.0,775.526,2.9945,19
15871,4096,3072,0,base,348.489,1,1.0,0,348.489,0,348.489,1.0,1030.413,2.9568,19
15872,2048,3072,0,base,172.298,1,1.0,0,172.298,0,172.298,1.0,526.167,3.0538,19
15872,3072,3072,0,base,252.907,1,1.0,0,252.907,0,252.907,1.0,778.014,3.0763,19
15872,3072,6144,0,base,498.398,1,1.0,0,498.398,0,498.398,1.0,1561.636,3.1333,19
15872,4096,3072,0,base,340.54,1,1.0,0,340.54,0,340.54,1.0,1032.853,3.033,19
15872,8192,3072,0,base,694.613,1,1.0,0,694.613,0,694.613,1.0,2071.007,2.9815,19
15876,2048,3072,0,base,175.17,1,1.0,0,175.17,0,175.17,1.0,529.831,3.0247,19
15887,3072,6144,0,base,521.599,1,1.0,0,521.599,0,521.599,1.0,1586.796,3.0422,19
15887,8192,3072,0,base,723.469,1,1.0,0,723.469,0,723.469,1.0,2075.107,2.8683,19
15905,2048,3072,0,base,170.666,1,1.0,0,170.666,0,170.666,1.0,529.491,3.1025,19
15976,2048,3072,0,base,171.702,1,1.0,0,171.702,0,171.702,1.0,533.471,3.107,19
15997,2048,3072,0,base,172.078,1,1.0,0,172.078,0,172.078,1.0,531.159,3.0867,19
16000,2048,3072,0,base,167.914,1,1.0,0,167.914,0,167.914,1.0,529.271,3.152,19
16000,3072,3072,0,base,265.884,1,1.0,0,265.884,0,265.884,1.0,784.75,2.9515,19
16000,3072,6144,0,base,500.37,1,1.0,0,500.37,0,500.37,1.0,1579.965,3.1576,19
16000,4096,3072,0,base,333.176,1,1.0,0,333.176,0,333.176,1.0,1042.805,3.1299,19
16000,8192,3072,0,base,705.817,1,1.0,0,705.817,0,705.817,1.0,2088.643,2.9592,19
16001,3072,6144,0,base,516.951,1,1.0,0,516.951,0,516.951,1.0,1589.481,3.0747,19
16001,8192,3072,0,base,732.821,1,1.0,0,732.821,0,732.821,1.0,2098.607,2.8637,19
16003,2048,3072,0,base,173.842,1,1.0,0,173.842,0,173.842,1.0,527.435,3.034,19
16003,3072,3072,0,base,273.412,1,1.0,0,273.412,0,273.412,1.0,785.17,2.8718,19
16003,4096,3072,0,base,355.797,1,1.0,0,355.797,0,355.797,1.0,1046.214,2.9405,19
16012,3072,3072,0,base,258.463,1,1.0,0,258.463,0,258.463,1.0,785.73,3.04,19
16012,4096,3072,0,base,355.937,1,1.0,0,355.937,0,355.937,1.0,1043.674,2.9322,19
16016,2048,3072,0,base,176.43,1,1.0,0,176.43,0,176.43,1.0,530.719,3.0081,19
16080,3072,3072,0,base,266.736,1,1.0,0,266.736,0,266.736,1.0,790.65,2.9642,19
16080,4096,3072,0,base,346.924,1,1.0,0,346.924,0,346.924,1.0,1047.301,3.0188,19
16096,2048,3072,0,base,174.946,1,1.0,0,174.946,0,174.946,1.0,529.451,3.0264,19
16128,2048,3072,0,base,165.41,1,1.0,0,165.41,0,165.41,1.0,534.375,3.2306,19
16128,3072,3072,0,base,257.695,1,1.0,0,257.695,0,257.695,1.0,792.026,3.0735,19
16128,3072,6144,0,base,497.306,1,1.0,0,497.306,0,497.306,1.0,1596.621,3.2105,19
16128,4096,3072,0,base,337.617,1,1.0,0,337.617,0,337.617,1.0,1051.998,3.116,19
16128,8192,3072,0,base,716.949,1,1.0,0,716.949,0,716.949,1.0,2102.699,2.9328,19
16138,3072,6144,0,base,516.715,1,1.0,0,516.715,0,516.715,1.0,1612.453,3.1206,19
16138,8192,3072,0,base,735.506,1,1.0,0,735.506,0,735.506,1.0,2107.623,2.8655,19
16141,3072,6144,0,base,521.823,1,1.0,0,521.823,0,521.823,1.0,1606.272,3.0782,19
16141,8192,3072,0,base,738.934,1,1.0,0,738.934,0,738.934,1.0,2111.083,2.8569,19
16171,2048,3072,0,base,173.05,1,1.0,0,173.05,0,173.05,1.0,537.987,3.1088,19
16199,3072,3072,0,base,263.939,1,1.0,0,263.939,0,263.939,1.0,793.822,3.0076,19
16199,4096,3072,0,base,364.736,1,1.0,0,364.736,0,364.736,1.0,1058.942,2.9033,19
16200,2048,3072,0,base,180.882,1,1.0,0,180.882,0,180.882,1.0,540.783,2.9897,19
16214,2048,3072,0,base,175.522,1,1.0,0,175.522,0,175.522,1.0,537.991,3.0651,19
16225,3072,6144,0,base,520.223,1,1.0,0,520.223,0,520.223,1.0,1630.857,3.1349,19
16225,8192,3072,0,base,737.749,1,1.0,0,737.749,0,737.749,1.0,2117.475,2.8702,19
16248,3072,6144,0,base,515.21,1,1.0,0,515.21,0,515.21,1.0,1632.365,3.1683,19
16248,8192,3072,0,base,736.038,1,1.0,0,736.038,0,736.038,1.0,2113.579,2.8716,19
16249,3072,6144,0,base,516.043,1,1.0,0,516.043,0,516.043,1.0,1632.229,3.163,19
16249,8192,3072,0,base,739.918,1,1.0,0,739.918,0,739.918,1.0,2114.223,2.8574,19
16250,3072,6144,0,base,506.227,1,1.0,0,506.227,0,506.227,1.0,1632.645,3.2251,19
16250,8192,3072,0,base,735.65,1,1.0,0,735.65,0,735.65,1.0,2116.103,2.8765,19
16256,2048,3072,0,base,170.602,1,1.0,0,170.602,0,170.602,1.0,538.163,3.1545,19
16256,3072,3072,0,base,261.067,1,1.0,0,261.067,0,261.067,1.0,796.946,3.0526,19
16256,3072,6144,0,base,517.707,1,1.0,0,517.707,0,517.707,1.0,1611.861,3.1135,19
16256,4096,3072,0,base,347.885,1,1.0,0,347.885,0,347.885,1.0,1059.089,3.0444,19
16256,8192,3072,0,base,727.505,1,1.0,0,727.505,0,727.505,1.0,2121.111,2.9156,19
16263,3072,6144,0,base,519.255,1,1.0,0,519.255,0,519.255,1.0,1620.621,3.1211,19
16263,8192,3072,0,base,737.677,1,1.0,0,737.677,0,737.677,1.0,2122.008,2.8766,19
16284,2048,3072,0,base,172.514,1,1.0,0,172.514,0,172.514,1.0,536.567,3.1103,19
16294,2048,3072,0,base,175.314,1,1.0,0,175.314,0,175.314,1.0,539.691,3.0784,19
16294,3072,3072,0,base,275.932,1,1.0,0,275.932,0,275.932,1.0,799.23,2.8965,19
16294,4096,3072,0,base,363.101,1,1.0,0,363.101,0,363.101,1.0,1065.849,2.9354,19
16298,3072,6144,0,base,527.391,1,1.0,0,527.391,0,527.391,1.0,1631.865,3.0942,19
16298,8192,3072,0,base,747.21,1,1.0,0,747.21,0,747.21,1.0,2128.443,2.8485,19
16333,2048,3072,0,base,176.206,1,1.0,0,176.206,0,176.206,1.0,539.255,3.0604,19
16340,3072,6144,0,base,524.051,1,1.0,0,524.051,0,524.051,1.0,1623.361,3.0977,19
16340,8192,3072,0,base,739.857,1,1.0,0,739.857,0,739.857,1.0,2130.636,2.8798,19
16384,2048,3072,0,base,173.394,1,1.0,0,173.394,0,173.394,1.0,543.019,3.1317,19
16384,3072,3072,0,base,259.207,1,1.0,0,259.207,0,259.207,1.0,802.314,3.0953,19
16384,3072,6144,0,base,498.939,1,1.0,0,498.939,0,498.939,1.0,1611.573,3.23,19
16384,4096,3072,0,base,349.093,1,1.0,0,349.093,0,349.093,1.0,1062.354,3.0432,19
16384,8192,3072,0,base,726.945,1,1.0,0,726.945,0,726.945,1.0,2158.12,2.9688,19
16422,3072,6144,0,base,543.227,1,1.0,0,543.227,0,543.227,1.0,1641.529,3.0218,19
16422,8192,3072,0,base,745.866,1,1.0,0,745.866,0,745.866,1.0,2152.252,2.8856,19
16443,3072,3072,0,base,288.003,1,1.0,0,288.003,0,288.003,1.0,806.839,2.8015,19
16443,4096,3072,0,base,368.945,1,1.0,0,368.945,0,368.945,1.0,1067.41,2.8931,19
16463,3072,3072,0,base,287.56,1,1.0,0,287.56,0,287.56,1.0,806.142,2.8034,19
16463,4096,3072,0,base,379.473,1,1.0,0,379.473,0,379.473,1.0,1067.653,2.8135,19
16512,2048,3072,0,base,187.694,1,1.0,0,187.694,0,187.694,1.0,548.147,2.9204,19
16512,3072,3072,0,base,270.548,1,1.0,0,270.548,0,270.548,1.0,807.486,2.9846,19
16512,3072,6144,0,base,524.615,1,1.0,0,524.615,0,524.615,1.0,1631.613,3.1101,19
16512,4096,3072,0,base,357.845,1,1.0,0,357.845,0,357.845,1.0,1078.434,3.0137,19
16512,8192,3072,0,base,737.101,1,1.0,0,737.101,0,737.101,1.0,2145.644,2.9109,19
16527,3072,3072,0,base,283.424,1,1.0,0,283.424,0,283.424,1.0,805.89,2.8434,19
16527,4096,3072,0,base,377.145,1,1.0,0,377.145,0,377.145,1.0,1078.87,2.8606,19
16640,2048,3072,0,base,184.054,1,1.0,0,184.054,0,184.054,1.0,545.703,2.9649,19
16640,3072,3072,0,base,274.516,1,1.0,0,274.516,0,274.516,1.0,812.883,2.9612,19
16640,3072,6144,0,base,532.479,1,1.0,0,532.479,0,532.479,1.0,1645.745,3.0907,19
16640,4096,3072,0,base,366.073,1,1.0,0,366.073,0,366.073,1.0,1079.306,2.9483,19
16640,8192,3072,0,base,736.322,1,1.0,0,736.322,0,736.322,1.0,2163.756,2.9386,19
16646,3072,3072,0,base,283.619,1,1.0,0,283.619,0,283.619,1.0,813.171,2.8671,19
16646,4096,3072,0,base,382.837,1,1.0,0,382.837,0,382.837,1.0,1085.834,2.8363,19
16681,3072,3072,0,base,292.344,1,1.0,0,292.344,0,292.344,1.0,813.266,2.7819,19
16681,4096,3072,0,base,378.497,1,1.0,0,378.497,0,378.497,1.0,1084.95,2.8665,19
16697,3072,3072,0,base,285.76,1,1.0,0,285.76,0,285.76,1.0,812.731,2.8441,19
16697,4096,3072,0,base,371.569,1,1.0,0,371.569,0,371.569,1.0,1085.262,2.9208,19
16699,2048,3072,0,base,191.759,1,1.0,0,191.759,0,191.759,1.0,552.991,2.8838,19
16699,3072,6144,0,base,559.755,1,1.0,0,559.755,0,559.755,1.0,1659.254,2.9642,19
16699,8192,3072,0,base,756.834,1,1.0,0,756.834,0,756.834,1.0,2170.256,2.8675,19
16726,3072,3072,0,base,291.572,1,1.0,0,291.572,0,291.572,1.0,822.055,2.8194,19
16726,4096,3072,0,base,388.405,1,1.0,0,388.405,0,388.405,1.0,1087.022,2.7987,19
16758,3072,3072,0,base,294.824,1,1.0,0,294.824,0,294.824,1.0,823.743,2.794,19
16758,4096,3072,0,base,380.281,1,1.0,0,380.281,0,380.281,1.0,1088.286,2.8618,19
16768,2048,3072,0,base,187.926,1,1.0,0,187.926,0,187.926,1.0,557.247,2.9652,19
16768,3072,3072,0,base,283.42,1,1.0,0,283.42,0,283.42,1.0,823.875,2.9069,19
16768,3072,6144,0,base,538.343,1,1.0,0,538.343,0,538.343,1.0,1657.701,3.0793,19
16768,4096,3072,0,base,360.833,1,1.0,0,360.833,0,360.833,1.0,1090.666,3.0226,19
16768,8192,3072,0,base,747.134,1,1.0,0,747.134,0,747.134,1.0,2178.6,2.9159,19
16804,3072,6144,0,base,548.819,1,1.0,0,548.819,0,548.819,1.0,1674.41,3.0509,19
16804,8192,3072,0,base,760.754,1,1.0,0,760.754,0,760.754,1.0,2187.376,2.8753,19
16852,3072,6144,0,base,554.175,1,1.0,0,554.175,0,554.175,1.0,1675.534,3.0235,19
16852,8192,3072,0,base,757.63,1,1.0,0,757.63,0,757.63,1.0,2192.936,2.8945,19
16876,2048,3072,0,base,192.139,1,1.0,0,192.139,0,192.139,1.0,558.111,2.9047,19
16887,2048,3072,0,base,196.475,1,1.0,0,196.475,0,196.475,1.0,554.291,2.8212,19
16896,2048,3072,0,base,184.69,1,1.0,0,184.69,0,184.69,1.0,557.119,3.0165,19
16896,3072,3072,0,base,280.76,1,1.0,0,280.76,0,280.76,1.0,827.083,2.9459,19
16896,3072,6144,0,base,527.859,1,1.0,0,527.859,0,527.859,1.0,1659.813,3.1444,19
16896,4096,3072,0,base,368.436,1,1.0,0,368.436,0,368.436,1.0,1100.702,2.9875,19
16896,8192,3072,0,base,749.994,1,1.0,0,749.994,0,749.994,1.0,2195.78,2.9277,19
16940,3072,3072,0,base,280.259,1,1.0,0,280.259,0,280.259,1.0,832.487,2.9704,19
16940,4096,3072,0,base,381.521,1,1.0,0,381.521,0,381.521,1.0,1110.378,2.9104,19
16943,2048,3072,0,base,192.447,1,1.0,0,192.447,0,192.447,1.0,561.663,2.9185,19
16978,2048,3072,0,base,198.879,1,1.0,0,198.879,0,198.879,1.0,563.011,2.8309,19
16995,3072,3072,0,base,290.648,1,1.0,0,290.648,0,290.648,1.0,833.139,2.8665,19
16995,4096,3072,0,base,387.137,1,1.0,0,387.137,0,387.137,1.0,1112.402,2.8734,19
17006,3072,3072,0,base,282.184,1,1.0,0,282.184,0,282.184,1.0,830.779,2.9441,19
17006,4096,3072,0,base,376.317,1,1.0,0,376.317,0,376.317,1.0,1111.062,2.9525,19
17013,3072,3072,0,base,291.76,1,1.0,0,291.76,0,291.76,1.0,830.135,2.8453,19
17013,4096,3072,0,base,385.053,1,1.0,0,385.053,0,385.053,1.0,1116.302,2.8991,19
17024,2048,3072,0,base,186.106,1,1.0,0,186.106,0,186.106,1.0,563.431,3.0275,19
17024,3072,3072,0,base,282.396,1,1.0,0,282.396,0,282.396,1.0,832.426,2.9477,19
17024,3072,6144,0,base,539.063,1,1.0,0,539.063,0,539.063,1.0,1673.273,3.104,19
17024,4096,3072,0,base,374.849,1,1.0,0,374.849,0,374.849,1.0,1131.935,3.0197,19
17024,8192,3072,0,base,763.681,1,1.0,0,763.681,0,763.681,1.0,2219.737,2.9066,19
17047,2048,3072,0,base,187.89,1,1.0,0,187.89,0,187.89,1.0,560.755,2.9845,19
17047,3072,3072,0,base,298.968,1,1.0,0,298.968,0,298.968,1.0,833.167,2.7868,19
17047,4096,3072,0,base,381.261,1,1.0,0,381.261,0,381.261,1.0,1139.047,2.9876,19
17047,8192,3072,0,base,783.358,1,1.0,0,783.358,0,783.358,1.0,2226.453,2.8422,19
17079,3072,3072,0,base,291.628,1,1.0,0,291.628,0,291.628,1.0,839.351,2.8782,19
17079,4096,3072,0,base,373.584,1,1.0,0,373.584,0,373.584,1.0,1120.515,2.9994,19
17152,2048,3072,0,base,186.254,1,1.0,0,186.254,0,186.254,1.0,565.151,3.0343,19
17152,3072,3072,0,base,287.824,1,1.0,0,287.824,0,287.824,1.0,840.959,2.9218,19
17152,3072,6144,0,base,542.179,1,1.0,0,542.179,0,542.179,1.0,1701.366,3.138,19
17152,4096,3072,0,base,366.301,1,1.0,0,366.301,0,366.301,1.0,1117.014,3.0494,19
17152,8192,3072,0,base,761.298,1,1.0,0,761.298,0,761.298,1.0,2237.205,2.9387,19
17218,8192,3072,0,base,773.71,1,1.0,0,773.71,0,773.71,1.0,2248.725,2.9064,19
17219,8192,3072,0,base,792.442,1,1.0,0,792.442,0,792.442,1.0,2251.841,2.8416,19
17235,2048,3072,0,base,191.826,1,1.0,0,191.826,0,191.826,1.0,571.735,2.9805,19
17235,3072,3072,0,base,286.344,1,1.0,0,286.344,0,286.344,1.0,851.243,2.9728,19
17235,4096,3072,0,base,371.213,1,1.0,0,371.213,0,371.213,1.0,1126.434,3.0345,19
17237,3072,3072,0,base,282.396,1,1.0,0,282.396,0,282.396,1.0,849.715,3.0089,19
17237,4096,3072,0,base,385.529,1,1.0,0,385.529,0,385.529,1.0,1141.851,2.9618,19
17237,8192,3072,0,base,782.742,1,1.0,0,782.742,0,782.742,1.0,2265.337,2.8941,19
17241,2048,3072,0,base,196.671,1,1.0,0,196.671,0,196.671,1.0,571.479,2.9058,19
17241,3072,3072,0,base,292.664,1,1.0,0,292.664,0,292.664,1.0,848.123,2.8979,19
17241,3072,6144,0,base,561.531,1,1.0,0,561.531,0,561.531,1.0,1726.154,3.074,19
17241,4096,3072,0,base,374.237,1,1.0,0,374.237,0,374.237,1.0,1127.434,3.0126,19
17241,8192,3072,0,base,794.458,1,1.0,0,794.458,0,794.458,1.0,2249.713,2.8318,19
17242,3072,3072,0,base,298.9,1,1.0,0,298.9,0,298.9,1.0,851.127,2.8475,19
17242,4096,3072,0,base,375.897,1,1.0,0,375.897,0,375.897,1.0,1134.375,3.0178,19
17280,2048,3072,0,base,186.73,1,1.0,0,186.73,0,186.73,1.0,569.604,3.0504,19
17280,3072,3072,0,base,280.512,1,1.0,0,280.512,0,280.512,1.0,851.279,3.0347,19
17280,3072,6144,0,base,539.407,1,1.0,0,539.407,0,539.407,1.0,1713.554,3.1767,19
17280,4096,3072,0,base,361.813,1,1.0,0,361.813,0,361.813,1.0,1149.127,3.176,19
17280,8192,3072,0,base,759.638,1,1.0,0,759.638,0,759.638,1.0,2266.237,2.9833,19
17286,3072,6144,0,base,547.575,1,1.0,0,547.575,0,547.575,1.0,1716.25,3.1343,19
17286,8192,3072,0,base,782.146,1,1.0,0,782.146,0,782.146,1.0,2257.429,2.8862,19
17292,3072,3072,0,base,289.488,1,1.0,0,289.488,0,289.488,1.0,850.587,2.9382,19
17292,4096,3072,0,base,384.009,1,1.0,0,384.009,0,384.009,1.0,1135.203,2.9562,19
17292,8192,3072,0,base,788.186,1,1.0,0,788.186,0,788.186,1.0,2266.545,2.8756,19
17301,2048,3072,0,base,187.578,1,1.0,0,187.578,0,187.578,1.0,571.583,3.0472,19
17328,8192,3072,0,base,791.106,1,1.0,0,791.106,0,791.106,1.0,2269.089,2.8682,19
17375,8192,3072,0,base,794.734,1,1.0,0,794.734,0,794.734,1.0,2272.673,2.8597,19
17385,8192,3072,0,base,791.886,1,1.0,0,791.886,0,791.886,1.0,2272.225,2.8694,19
17395,8192,3072,0,base,806.174,1,1.0,0,806.174,0,806.174,1.0,2276.385,2.8237,19
17406,8192,3072,0,base,805.363,1,1.0,0,805.363,0,805.363,1.0,2270.493,2.8192,19
17408,2048,3072,0,base,187.327,1,1.0,0,187.327,0,187.327,1.0,573.255,3.0602,19
17408,3072,3072,0,base,282.468,1,1.0,0,282.468,0,282.468,1.0,852.111,3.0167,19
17408,3072,6144,0,base,533.115,1,1.0,0,533.115,0,533.115,1.0,1718.179,3.2229,19
17408,4096,3072,0,base,372.833,1,1.0,0,372.833,0,372.833,1.0,1142.507,3.0644,19
17408,8192,3072,0,base,773.626,1,1.0,0,773.626,0,773.626,1.0,2281.757,2.9494,19
17417,8192,3072,0,base,796.962,1,1.0,0,796.962,0,796.962,1.0,2279.449,2.8602,19
17420,3072,6144,0,base,570.951,1,1.0,0,570.951,0,570.951,1.0,1743.763,3.0541,19
17420,8192,3072,0,base,801.034,1,1.0,0,801.034,0,801.034,1.0,2276.081,2.8414,19
17428,8192,3072,0,base,807.726,1,1.0,0,807.726,0,807.726,1.0,2274.989,2.8165,19
17439,8192,3072,0,base,821.955,1,1.0,0,821.955,0,821.955,1.0,2278.529,2.7721,19
17450,8192,3072,0,base,812.63,1,1.0,0,812.63,0,812.63,1.0,2284.209,2.8109,19
17469,8192,3072,0,base,820.375,1,1.0,0,820.375,0,820.375,1.0,2291.781,2.7936,19
17501,8192,3072,0,base,811.634,1,1.0,0,811.634,0,811.634,1.0,2281.897,2.8115,19
17533,8192,3072,0,base,812.574,1,1.0,0,812.574,0,812.574,1.0,2281.941,2.8083,19
17536,2048,3072,0,base,194.37,1,1.0,0,194.37,0,194.37,1.0,579.052,2.9791,19
17536,3072,3072,0,base,275.528,1,1.0,0,275.528,0,275.528,1.0,856.163,3.1074,19
17536,3072,6144,0,base,554.111,1,1.0,0,554.111,0,554.111,1.0,1729.238,3.1207,19
17536,4096,3072,0,base,389.505,1,1.0,0,389.505,0,389.505,1.0,1140.671,2.9285,19
17536,8192,3072,0,base,781.41,1,1.0,0,781.41,0,781.41,1.0,2287.93,2.928,19
17567,8192,3072,0,base,795.215,1,1.0,0,795.215,0,795.215,1.0,2310.838,2.9059,19
17607,8192,3072,0,base,817.799,1,1.0,0,817.799,0,817.799,1.0,2298.514,2.8106,19
17652,8192,3072,0,base,814.718,1,1.0,0,814.718,0,814.718,1.0,2300.738,2.824,19
17664,2048,3072,0,base,189.838,1,1.0,0,189.838,0,189.838,1.0,579.127,3.0506,19
17664,3072,3072,0,base,279.656,1,1.0,0,279.656,0,279.656,1.0,866.171,3.0973,19
17664,3072,6144,0,base,550.223,1,1.0,0,550.223,0,550.223,1.0,1746.155,3.1735,19
17664,4096,3072,0,base,387.033,1,1.0,0,387.033,0,387.033,1.0,1150.455,2.9725,19
17664,8192,3072,0,base,786.758,1,1.0,0,786.758,0,786.758,1.0,2300.378,2.9239,19
17686,8192,3072,0,base,800.874,1,1.0,0,800.874,0,800.874,1.0,2305.378,2.8786,19
17708,8192,3072,0,base,822.378,1,1.0,0,822.378,0,822.378,1.0,2306.802,2.805,19
17774,8192,3072,0,base,821.887,1,1.0,0,821.887,0,821.887,1.0,2323.05,2.8265,19
17792,2048,3072,0,base,190.207,1,1.0,0,190.207,0,190.207,1.0,585.135,3.0763,19
17792,3072,3072,0,base,299.884,1,1.0,0,299.884,0,299.884,1.0,872.607,2.9098,19
17792,3072,6144,0,base,581.808,1,1.0,0,581.808,0,581.808,1.0,1749.722,3.0074,19
17792,4096,3072,0,base,388.585,1,1.0,0,388.585,0,388.585,1.0,1161.099,2.988,19
17792,8192,3072,0,base,790.238,1,1.0,0,790.238,0,790.238,1.0,2320.11,2.936,19
17793,8192,3072,0,base,802.762,1,1.0,0,802.762,0,802.762,1.0,2321.694,2.8921,19
17798,8192,3072,0,base,823.919,1,1.0,0,823.919,0,823.919,1.0,2324.186,2.8209,19
17849,3072,6144,0,base,594.32,1,1.0,0,594.32,0,594.32,1.0,1766.551,2.9724,19
17849,8192,3072,0,base,803.358,1,1.0,0,803.358,0,803.358,1.0,2329.942,2.9003,19
17857,8192,3072,0,base,824.766,1,1.0,0,824.766,0,824.766,1.0,2329.274,2.8242,19
17860,3072,6144,0,base,592.076,1,1.0,0,592.076,0,592.076,1.0,1776.999,3.0013,19
17860,8192,3072,0,base,809.974,1,1.0,0,809.974,0,809.974,1.0,2334.082,2.8817,19
17870,8192,3072,0,base,818.79,1,1.0,0,818.79,0,818.79,1.0,2331.482,2.8475,19
17872,2048,3072,0,base,194.126,1,1.0,0,194.126,0,194.126,1.0,590.255,3.0406,19
17873,8192,3072,0,base,817.114,1,1.0,0,817.114,0,817.114,1.0,2341.37,2.8654,19
17888,3072,6144,0,base,602.3,1,1.0,0,602.3,0,602.3,1.0,1748.371,2.9028,19
17888,8192,3072,0,base,805.186,1,1.0,0,805.186,0,805.186,1.0,2343.246,2.9102,19
17920,2048,3072,0,base,189.478,1,1.0,0,189.478,0,189.478,1.0,592.1,3.1249,19
17920,3072,3072,0,base,304.012,1,1.0,0,304.012,0,304.012,1.0,877.663,2.8869,19
17920,3072,6144,0,base,577.351,1,1.0,0,577.351,0,577.351,1.0,1764.255,3.0558,19
17920,4096,3072,0,base,393.917,1,1.0,0,393.917,0,393.917,1.0,1166.875,2.9622,19
17920,8192,3072,0,base,797.514,1,1.0,0,797.514,0,797.514,1.0,2342.41,2.9371,19
17941,8192,3072,0,base,817.983,1,1.0,0,817.983,0,817.983,1.0,2339.686,2.8603,19
17978,8192,3072,0,base,834.583,1,1.0,0,834.583,0,834.583,1.0,2351.566,2.8177,19
17979,8192,3072,0,base,839.682,1,1.0,0,839.682,0,839.682,1.0,2345.298,2.7931,19
18004,2048,3072,0,base,192.863,1,1.0,0,192.863,0,192.863,1.0,597.452,3.0978,19
18006,2048,3072,0,base,200.091,1,1.0,0,200.091,0,200.091,1.0,598.372,2.9905,19
18014,2048,3072,0,base,192.866,1,1.0,0,192.866,0,192.866,1.0,594.268,3.0812,19
18014,3072,6144,0,base,600.176,1,1.0,0,600.176,0,600.176,1.0,1789.147,2.981,19
18014,8192,3072,0,base,815.735,1,1.0,0,815.735,0,815.735,1.0,2358.346,2.8911,19
18022,8192,3072,0,base,843.051,1,1.0,0,843.051,0,843.051,1.0,2351.298,2.789,19
18023,8192,3072,0,base,846.123,1,1.0,0,846.123,0,846.123,1.0,2356.482,2.785,19
18046,2048,3072,0,base,195.579,1,1.0,0,195.579,0,195.579,1.0,593.82,3.0362,19
18046,3072,3072,0,base,306.26,1,1.0,0,306.26,0,306.26,1.0,882.983,2.8831,19
18046,4096,3072,0,base,392.093,1,1.0,0,392.093,0,392.093,1.0,1171.903,2.9888,19
18046,8192,3072,0,base,817.875,1,1.0,0,817.875,0,817.875,1.0,2360.098,2.8856,19
18047,3072,6144,0,base,609.628,1,1.0,0,609.628,0,609.628,1.0,1786.807,2.931,19
18047,8192,3072,0,base,813.93,1,1.0,0,813.93,0,813.93,1.0,2353.55,2.8916,19
18048,2048,3072,0,base,187.178,1,1.0,0,187.178,0,187.178,1.0,596.7,3.1879,19
18048,3072,3072,0,base,307.82,1,1.0,0,307.82,0,307.82,1.0,884.383,2.8731,19
18048,3072,6144,0,base,589.216,1,1.0,0,589.216,0,589.216,1.0,1790.091,3.0381,19
18048,4096,3072,0,base,378.12,1,1.0,0,378.12,0,378.12,1.0,1186.711,3.1384,19
18048,8192,3072,0,base,800.646,1,1.0,0,800.646,0,800.646,1.0,2356.078,2.9427,19
18055,2048,3072,0,base,197.547,1,1.0,0,197.547,0,197.547,1.0,596.328,3.0187,19
18091,8192,3072,0,base,833.751,1,1.0,0,833.751,0,833.751,1.0,2357.311,2.8274,19
18160,3072,3072,0,base,324.092,1,1.0,0,324.092,0,324.092,1.0,890.767,2.7485,19
18160,4096,3072,0,base,408.837,1,1.0,0,408.837,0,408.837,1.0,1189.827,2.9103,19
18176,2048,3072,0,base,189.631,1,1.0,0,189.631,0,189.631,1.0,598.684,3.1571,19
18176,3072,3072,0,base,307.716,1,1.0,0,307.716,0,307.716,1.0,891.327,2.8966,19
18176,3072,6144,0,base,564.087,1,1.0,0,564.087,0,564.087,1.0,1796.083,3.1841,19
18176,4096,3072,0,base,377.601,1,1.0,0,377.601,0,377.601,1.0,1203.244,3.1865,19
18176,8192,3072,0,base,800.214,1,1.0,0,800.214,0,800.214,1.0,2371.695,2.9638,19
18247,2048,3072,0,base,197.886,1,1.0,0,197.886,0,197.886,1.0,605.124,3.0579,19
18304,2048,3072,0,base,187.074,1,1.0,0,187.074,0,187.074,1.0,608.232,3.2513,19
18304,3072,3072,0,base,297.708,1,1.0,0,297.708,0,297.708,1.0,897.676,3.0153,19
18304,3072,6144,0,base,574.611,1,1.0,0,574.611,0,574.611,1.0,1811.755,3.153,19
18304,4096,3072,0,base,394.953,1,1.0,0,394.953,0,394.953,1.0,1199.916,3.0381,19
18304,8192,3072,0,base,803.258,1,1.0,0,803.258,0,803.258,1.0,2389.303,2.9745,19
18371,2048,3072,0,base,198.363,1,1.0,0,198.363,0,198.363,1.0,605.704,3.0535,19
18410,8192,3072,0,base,839.971,1,1.0,0,839.971,0,839.971,1.0,2412.503,2.8721,19
18432,2048,3072,0,base,198.335,1,1.0,0,198.335,0,198.335,1.0,607.035,3.0607,19
18432,3072,3072,0,base,310.552,1,1.0,0,310.552,0,310.552,1.0,903.048,2.9079,19
18432,3072,6144,0,base,579.439,1,1.0,0,579.439,0,579.439,1.0,1812.684,3.1283,19
18432,4096,3072,0,base,386.557,1,1.0,0,386.557,0,386.557,1.0,1211.032,3.1329,19
18432,8192,3072,0,base,812.37,1,1.0,0,812.37,0,812.37,1.0,2403.635,2.9588,19
18526,8192,3072,0,base,845.895,1,1.0,0,845.895,0,845.895,1.0,2429.083,2.8716,19
18558,3072,3072,0,base,316.576,1,1.0,0,316.576,0,316.576,1.0,903.988,2.8555,19
18558,4096,3072,0,base,427.466,1,1.0,0,427.466,0,427.466,1.0,1210.776,2.8325,19
18560,2048,3072,0,base,206.647,1,1.0,0,206.647,0,206.647,1.0,612.428,2.9636,19
18560,3072,3072,0,base,303.58,1,1.0,0,303.58,0,303.58,1.0,909.06,2.9945,19
18560,3072,6144,0,base,571.415,1,1.0,0,571.415,0,571.415,1.0,1831.807,3.2057,19
18560,4096,3072,0,base,407.669,1,1.0,0,407.669,0,407.669,1.0,1213.283,2.9761,19
18560,8192,3072,0,base,826.759,1,1.0,0,826.759,0,826.759,1.0,2427.715,2.9364,19
18581,3072,3072,0,base,312.44,1,1.0,0,312.44,0,312.44,1.0,906.88,2.9026,19
18581,4096,3072,0,base,418.513,1,1.0,0,418.513,0,418.513,1.0,1222.848,2.9219,19
18638,3072,6144,0,base,605.676,1,1.0,0,605.676,0,605.676,1.0,1860.308,3.0715,19
18638,8192,3072,0,base,842.767,1,1.0,0,842.767,0,842.767,1.0,2437.479,2.8922,19
18671,2048,3072,0,base,213.811,1,1.0,0,213.811,0,213.811,1.0,610.444,2.8551,19
18688,2048,3072,0,base,206.147,1,1.0,0,206.147,0,206.147,1.0,612.744,2.9724,19
18688,3072,3072,0,base,308.972,1,1.0,0,308.972,0,308.972,1.0,912.304,2.9527,19
18688,3072,6144,0,base,576.595,1,1.0,0,576.595,0,576.595,1.0,1844.88,3.1996,19
18688,4096,3072,0,base,401.533,1,1.0,0,401.533,0,401.533,1.0,1215.908,3.0282,19
18688,8192,3072,0,base,823.571,1,1.0,0,823.571,0,823.571,1.0,2433.455,2.9548,19
18706,3072,3072,0,base,308.404,1,1.0,0,308.404,0,308.404,1.0,912.395,2.9584,19
18706,4096,3072,0,base,418.813,1,1.0,0,418.813,0,418.813,1.0,1220.36,2.9139,19
18816,2048,3072,0,base,209.919,1,1.0,0,209.919,0,209.919,1.0,618.74,2.9475,19
18816,3072,3072,0,base,317.256,1,1.0,0,317.256,0,317.256,1.0,917.984,2.8935,19
18816,3072,6144,0,base,599.848,1,1.0,0,599.848,0,599.848,1.0,1858.104,3.0976,19
18816,4096,3072,0,base,409.713,1,1.0,0,409.713,0,409.713,1.0,1219.864,2.9774,19
18816,8192,3072,0,base,840.183,1,1.0,0,840.183,0,840.183,1.0,2448.376,2.9141,19
18867,3072,6144,0,base,603.364,1,1.0,0,603.364,0,603.364,1.0,1864.864,3.0908,19
18867,8192,3072,0,base,858.439,1,1.0,0,858.439,0,858.439,1.0,2461.444,2.8673,19
18910,2048,3072,0,base,213.919,1,1.0,0,213.919,0,213.919,1.0,618.56,2.8916,19
18944,2048,3072,0,base,210.994,1,1.0,0,210.994,0,210.994,1.0,622.66,2.9511,19
18944,3072,3072,0,base,314.624,1,1.0,0,314.624,0,314.624,1.0,922.34,2.9316,19
18944,3072,6144,0,base,581.388,1,1.0,0,581.388,0,581.388,1.0,1861.6,3.202,19
18944,4096,3072,0,base,414.613,1,1.0,0,414.613,0,414.613,1.0,1234.212,2.9768,19
18944,8192,3072,0,base,839.115,1,1.0,0,839.115,0,839.115,1.0,2469.852,2.9434,19
18955,8192,3072,0,base,866.535,1,1.0,0,866.535,0,866.535,1.0,2475.364,2.8566,19
18964,2048,3072,0,base,219.371,1,1.0,0,219.371,0,219.371,1.0,626.092,2.854,19
18964,3072,3072,0,base,323.328,1,1.0,0,323.328,0,323.328,1.0,927.768,2.8694,19
18964,3072,6144,0,base,613.328,1,1.0,0,613.328,0,613.328,1.0,1891.661,3.0843,19
18964,4096,3072,0,base,429.754,1,1.0,0,429.754,0,429.754,1.0,1234.08,2.8716,19
18964,8192,3072,0,base,869.827,1,1.0,0,869.827,0,869.827,1.0,2471.772,2.8417,19
18965,3072,3072,0,base,328.476,1,1.0,0,328.476,0,328.476,1.0,927.544,2.8238,19
18965,4096,3072,0,base,434.562,1,1.0,0,434.562,0,434.562,1.0,1237.048,2.8467,19
18978,8192,3072,0,base,874.643,1,1.0,0,874.643,0,874.643,1.0,2478.856,2.8341,19
18989,3072,6144,0,base,610.364,1,1.0,0,610.364,0,610.364,1.0,1886.176,3.0902,19
18989,8192,3072,0,base,866.915,1,1.0,0,866.915,0,866.915,1.0,2473.76,2.8535,19
18996,2048,3072,0,base,213.479,1,1.0,0,213.479,0,213.479,1.0,626.236,2.9335,19
18998,3072,6144,0,base,618.784,1,1.0,0,618.784,0,618.784,1.0,1884.644,3.0457,19
18998,8192,3072,0,base,869.279,1,1.0,0,869.279,0,869.279,1.0,2481.592,2.8548,19
19001,3072,3072,0,base,318.116,1,1.0,0,318.116,0,318.116,1.0,931.72,2.9289,19
19001,4096,3072,0,base,437.442,1,1.0,0,437.442,0,437.442,1.0,1239.992,2.8346,19
19001,8192,3072,0,base,865.371,1,1.0,0,865.371,0,865.371,1.0,2482.608,2.8688,19
19002,3072,3072,0,base,319.184,1,1.0,0,319.184,0,319.184,1.0,930.56,2.9154,19
19002,3072,6144,0,base,610.156,1,1.0,0,610.156,0,610.156,1.0,1886.993,3.0926,19
19002,4096,3072,0,base,431.558,1,1.0,0,431.558,0,431.558,1.0,1237.836,2.8683,19
19002,8192,3072,0,base,872.039,1,1.0,0,872.039,0,872.039,1.0,2488.244,2.8534,19
19003,3072,6144,0,base,610.228,1,1.0,0,610.228,0,610.228,1.0,1885.568,3.0899,19
19003,8192,3072,0,base,864.003,1,1.0,0,864.003,0,864.003,1.0,2475.12,2.8647,19
19024,8192,3072,0,base,888.051,1,1.0,0,888.051,0,888.051,1.0,2483.504,2.7966,19
19025,3072,6144,0,base,609.088,1,1.0,0,609.088,0,609.088,1.0,1888.572,3.1007,19
19025,8192,3072,0,base,870.723,1,1.0,0,870.723,0,870.723,1.0,2484.38,2.8532,19
19026,3072,6144,0,base,616.196,1,1.0,0,616.196,0,616.196,1.0,1891.252,3.0692,19
19026,8192,3072,0,base,862.559,1,1.0,0,862.559,0,862.559,1.0,2481.048,2.8764,19
19047,3072,3072,0,base,329.528,1,1.0,0,329.528,0,329.528,1.0,931.148,2.8257,19
19047,4096,3072,0,base,429.374,1,1.0,0,429.374,0,429.374,1.0,1244.856,2.8992,19
19057,3072,6144,0,base,612.976,1,1.0,0,612.976,0,612.976,1.0,1886.612,3.0778,19
19057,8192,3072,0,base,863.403,1,1.0,0,863.403,0,863.403,1.0,2494.888,2.8896,19
19072,2048,3072,0,base,208.559,1,1.0,0,208.559,0,208.559,1.0,628.596,3.014,19
19072,3072,3072,0,base,319.276,1,1.0,0,319.276,0,319.276,1.0,931.256,2.9168,19
19072,3072,6144,0,base,591.124,1,1.0,0,591.124,0,591.124,1.0,1873.504,3.1694,19
19072,4096,3072,0,base,417.925,1,1.0,0,417.925,0,417.925,1.0,1241.396,2.9704,19
19072,8192,3072,0,base,855.951,1,1.0,0,855.951,0,855.951,1.0,2493.748,2.9134,19
19200,2048,3072,0,base,209.107,1,1.0,0,209.107,0,209.107,1.0,630.636,3.0159,19
19200,3072,3072,0,base,327.416,1,1.0,0,327.416,0,327.416,1.0,938.8,2.8673,19
19200,3072,6144,0,base,619.832,1,1.0,0,619.832,0,619.832,1.0,1898.149,3.0624,19
19200,4096,3072,0,base,404.405,1,1.0,0,404.405,0,404.405,1.0,1252.492,3.0971,19
19200,8192,3072,0,base,849.367,1,1.0,0,849.367,0,849.367,1.0,2504.208,2.9483,19
19310,3072,3072,0,base,340.344,1,1.0,0,340.344,0,340.344,1.0,947.516,2.784,19
19310,4096,3072,0,base,422.105,1,1.0,0,422.105,0,422.105,1.0,1257.156,2.9783,19
19328,2048,3072,0,base,212.855,1,1.0,0,212.855,0,212.855,1.0,638.828,3.0012,19
19328,3072,3072,0,base,327.476,1,1.0,0,327.476,0,327.476,1.0,943.972,2.8826,19
19328,3072,6144,0,base,607.524,1,1.0,0,607.524,0,607.524,1.0,1910.457,3.1447,19
19328,4096,3072,0,base,412.481,1,1.0,0,412.481,0,412.481,1.0,1260.128,3.055,19
19328,8192,3072,0,base,857.515,1,1.0,0,857.515,0,857.515,1.0,2519.649,2.9383,19
19416,3072,3072,0,base,332.34,1,1.0,0,332.34,0,332.34,1.0,948.468,2.8539,19
19416,4096,3072,0,base,423.437,1,1.0,0,423.437,0,423.437,1.0,1262.472,2.9815,19
19456,2048,3072,0,base,211.091,1,1.0,0,211.091,0,211.091,1.0,637.568,3.0204,19
19456,3072,3072,0,base,324.264,1,1.0,0,324.264,0,324.264,1.0,952.452,2.9373,19
19456,3072,6144,0,base,618.328,1,1.0,0,618.328,0,618.328,1.0,1913.333,3.0944,19
19456,4096,3072,0,base,421.353,1,1.0,0,421.353,0,421.353,1.0,1266.44,3.0056,19
19456,8192,3072,0,base,859.727,1,1.0,0,859.727,0,859.727,1.0,2545.285,2.9606,19
19573,3072,3072,0,base,337.328,1,1.0,0,337.328,0,337.328,1.0,958.14,2.8404,19
19573,4096,3072,0,base,447.318,1,1.0,0,447.318,0,447.318,1.0,1285.753,2.8744,19
19584,2048,3072,0,base,214.931,1,1.0,0,214.931,0,214.931,1.0,645.456,3.0031,19
19584,3072,3072,0,base,330.824,1,1.0,0,330.824,0,330.824,1.0,954.54,2.8853,19
19584,3072,6144,0,base,614.148,1,1.0,0,614.148,0,614.148,1.0,1929.909,3.1424,19
19584,4096,3072,0,base,420.33,1,1.0,0,420.33,0,420.33,1.0,1279.005,3.0429,19
19584,8192,3072,0,base,868.527,1,1.0,0,868.527,0,868.527,1.0,2558.317,2.9456,19
19600,2048,3072,0,base,218.339,1,1.0,0,218.339,0,218.339,1.0,648.544,2.9704,19
19670,8192,3072,0,base,900.363,1,1.0,0,900.363,0,900.363,1.0,2575.065,2.86,19
19690,2048,3072,0,base,223.347,1,1.0,0,223.347,0,223.347,1.0,645.248,2.889,19
19712,2048,3072,0,base,212.083,1,1.0,0,212.083,0,212.083,1.0,647.132,3.0513,19
19712,3072,3072,0,base,325.22,1,1.0,0,325.22,0,325.22,1.0,965.172,2.9678,19
19712,3072,6144,0,base,621.628,1,1.0,0,621.628,0,621.628,1.0,1945.213,3.1292,19
19712,4096,3072,0,base,436.122,1,1.0,0,436.122,0,436.122,1.0,1287.025,2.9511,19
19712,8192,3072,0,base,869.423,1,1.0,0,869.423,0,869.423,1.0,2574.873,2.9616,19
19798,2048,3072,0,base,212.703,1,1.0,0,212.703,0,212.703,1.0,651.533,3.0631,19
19798,3072,3072,0,base,332.296,1,1.0,0,332.296,0,332.296,1.0,970.617,2.9209,19
19798,4096,3072,0,base,446.157,1,1.0,0,446.157,0,446.157,1.0,1293.077,2.8983,19
19811,8192,3072,0,base,893.412,1,1.0,0,893.412,0,893.412,1.0,2609.578,2.9209,19
19840,2048,3072,0,base,215.963,1,1.0,0,215.963,0,215.963,1.0,657.98,3.0467,19
19840,3072,3072,0,base,336.384,1,1.0,0,336.384,0,336.384,1.0,971.236,2.8873,19
19840,3072,6144,0,base,618.148,1,1.0,0,618.148,0,618.148,1.0,1963.633,3.1766,19
19840,4096,3072,0,base,425.613,1,1.0,0,425.613,0,425.613,1.0,1288.417,3.0272,19
19840,8192,3072,0,base,883.147,1,1.0,0,883.147,0,883.147,1.0,2587.234,2.9296,19
19867,3072,3072,0,base,339.841,1,1.0,0,339.841,0,339.841,1.0,969.956,2.8542,19
19867,4096,3072,0,base,453.922,1,1.0,0,453.922,0,453.922,1.0,1294.821,2.8525,19
19875,2048,3072,0,base,224.295,1,1.0,0,224.295,0,224.295,1.0,650.153,2.8986,19
19954,8192,3072,0,base,909.684,1,1.0,0,909.684,0,909.684,1.0,2599.929,2.8581,19
19968,2048,3072,0,base,217.275,1,1.0,0,217.275,0,217.275,1.0,654.297,3.0114,19
19968,3072,3072,0,base,328.76,1,1.0,0,328.76,0,328.76,1.0,972.945,2.9594,19
19968,3072,6144,0,base,619.396,1,1.0,0,619.396,0,619.396,1.0,1960.481,3.1652,19
19968,4096,3072,0,base,444.71,1,1.0,0,444.71,0,444.71,1.0,1306.641,2.9382,19
19968,8192,3072,0,base,879.703,1,1.0,0,879.703,0,879.703,1.0,2599.585,2.9551,19
20000,2048,3072,0,base,222.371,1,1.0,0,222.371,0,222.371,1.0,657.072,2.9548,19
20000,3072,3072,0,base,347.777,1,1.0,0,347.777,0,347.777,1.0,975.369,2.8046,19
20000,3072,6144,0,base,641.7,1,1.0,0,641.7,0,641.7,1.0,1980.81,3.0868,19
20000,4096,3072,0,base,448.742,1,1.0,0,448.742,0,448.742,1.0,1299.505,2.8959,19
20000,8192,3072,0,base,907.328,1,1.0,0,907.328,0,907.328,1.0,2608.442,2.8749,19
20001,2048,3072,0,base,220.959,1,1.0,0,220.959,0,220.959,1.0,657.297,2.9747,19
20001,3072,3072,0,base,346.532,1,1.0,0,346.532,0,346.532,1.0,976.617,2.8183,19
20001,3072,6144,0,base,644.776,1,1.0,0,644.776,0,644.776,1.0,1987.178,3.082,19
20001,4096,3072,0,base,446.218,1,1.0,0,446.218,0,446.218,1.0,1306.057,2.9269,19
20001,8192,3072,0,base,911.284,1,1.0,0,911.284,0,911.284,1.0,2607.686,2.8616,19
20002,2048,3072,0,base,223.655,1,1.0,0,223.655,0,223.655,1.0,659.429,2.9484,19
20002,3072,3072,0,base,337.22,1,1.0,0,337.22,0,337.22,1.0,978.117,2.9005,19
20002,3072,6144,0,base,642.864,1,1.0,0,642.864,0,642.864,1.0,1986.85,3.0906,19
20002,4096,3072,0,base,445.254,1,1.0,0,445.254,0,445.254,1.0,1309.513,2.941,19
20002,8192,3072,0,base,924.508,1,1.0,0,924.508,0,924.508,1.0,2612.342,2.8257,19
20003,2048,3072,0,base,221.607,1,1.0,0,221.607,0,221.607,1.0,657.925,2.9689,19
20003,3072,3072,0,base,350.168,1,1.0,0,350.168,0,350.168,1.0,978.84,2.7953,19
20003,4096,3072,0,base,458.026,1,1.0,0,458.026,0,458.026,1.0,1305.361,2.85,19
20004,2048,3072,0,base,222.147,1,1.0,0,222.147,0,222.147,1.0,659.609,2.9692,19
20004,3072,3072,0,base,332.808,1,1.0,0,332.808,0,332.808,1.0,981.393,2.9488,19
20004,3072,6144,0,base,643.296,1,1.0,0,643.296,0,643.296,1.0,1988.674,3.0914,19
20004,4096,3072,0,base,453.99,1,1.0,0,453.99,0,453.99,1.0,1300.017,2.8635,19
20004,8192,3072,0,base,908.432,1,1.0,0,908.432,0,908.432,1.0,2617.49,2.8813,19
20005,3072,6144,0,base,660.329,1,1.0,0,660.329,0,660.329,1.0,1987.51,3.0099,19
20005,8192,3072,0,base,907.96,1,1.0,0,907.96,0,907.96,1.0,2609.418,2.8739,19
20006,2048,3072,0,base,219.403,1,1.0,0,219.403,0,219.403,1.0,660.556,3.0107,19
20008,8192,3072,0,base,926.028,1,1.0,0,926.028,0,926.028,1.0,2608.866,2.8173,19
20012,3072,3072,0,base,337.264,1,1.0,0,337.264,0,337.264,1.0,980.209,2.9064,19
20012,4096,3072,0,base,452.654,1,1.0,0,452.654,0,452.654,1.0,1304.241,2.8813,19
20013,2048,3072,0,base,225.763,1,1.0,0,225.763,0,225.763,1.0,660.584,2.926,19
20014,3072,3072,0,base,343.276,1,1.0,0,343.276,0,343.276,1.0,980.401,2.856,19
20014,4096,3072,0,base,459.498,1,1.0,0,459.498,0,459.498,1.0,1309.857,2.8506,19
20015,2048,3072,0,base,222.123,1,1.0,0,222.123,0,222.123,1.0,660.025,2.9714,19
20015,3072,6144,0,base,656.705,1,1.0,0,656.705,0,656.705,1.0,1989.134,3.029,19
20015,8192,3072,0,base,914.024,1,1.0,0,914.024,0,914.024,1.0,2614.27,2.8602,19
20017,2048,3072,0,base,216.987,1,1.0,0,216.987,0,216.987,1.0,658.025,3.0326,19
20017,3072,3072,0,base,352.413,1,1.0,0,352.413,0,352.413,1.0,979.029,2.7781,19
20017,4096,3072,0,base,454.926,1,1.0,0,454.926,0,454.926,1.0,1302.469,2.863,19
20020,2048,3072,0,base,221.983,1,1.0,0,221.983,0,221.983,1.0,660.14,2.9738,19
20021,3072,3072,0,base,343.824,1,1.0,0,343.824,0,343.824,1.0,979.313,2.8483,19
20021,4096,3072,0,base,456.398,1,1.0,0,456.398,0,456.398,1.0,1301.425,2.8515,19
20027,3072,6144,0,base,652.872,1,1.0,0,652.872,0,652.872,1.0,1986.846,3.0432,19
20027,8192,3072,0,base,916.62,1,1.0,0,916.62,0,916.62,1.0,2611.082,2.8486,19
20028,2048,3072,0,base,220.058,1,1.0,0,220.058,0,220.058,1.0,662.473,3.0104,19
20030,2048,3072,0,base,221.651,1,1.0,0,221.651,0,221.651,1.0,663.261,2.9924,19
20030,3072,3072,0,base,352.713,1,1.0,0,352.713,0,352.713,1.0,979.073,2.7758,19
20030,4096,3072,0,base,456.222,1,1.0,0,456.222,0,456.222,1.0,1304.601,2.8596,19
20034,8192,3072,0,base,910.52,1,1.0,0,910.52,0,910.52,1.0,2619.166,2.8766,19
20040,2048,3072,0,base,223.403,1,1.0,0,223.403,0,223.403,1.0,661.152,2.9595,19
20043,8192,3072,0,base,925.188,1,1.0,0,925.188,0,925.188,1.0,2614.362,2.8258,19
20047,3072,3072,0,base,343.68,1,1.0,0,343.68,0,343.68,1.0,977.42,2.844,19
20047,4096,3072,0,base,460.646,1,1.0,0,460.646,0,460.646,1.0,1305.257,2.8335,19
20055,3072,3072,0,base,334.016,1,1.0,0,334.016,0,334.016,1.0,982.105,2.9403,19
20055,4096,3072,0,base,442.722,1,1.0,0,442.722,0,442.722,1.0,1301.561,2.9399,19
20056,3072,3072,0,base,344.401,1,1.0,0,344.401,0,344.401,1.0,980.137,2.8459,19
20056,4096,3072,0,base,447.934,1,1.0,0,447.934,0,447.934,1.0,1306.109,2.9159,19
20057,3072,3072,0,base,335.156,1,1.0,0,335.156,0,335.156,1.0,980.165,2.9245,19
20057,4096,3072,0,base,446.77,1,1.0,0,446.77,0,446.77,1.0,1305.525,2.9221,19
20060,2048,3072,0,base,214.979,1,1.0,0,214.979,0,214.979,1.0,663.585,3.0867,19
20067,8192,3072,0,base,923.032,1,1.0,0,923.032,0,923.032,1.0,2622.578,2.8413,19
20096,2048,3072,0,base,218.167,1,1.0,0,218.167,0,218.167,1.0,663.273,3.0402,19
20096,3072,3072,0,base,335.276,1,1.0,0,335.276,0,335.276,1.0,984.001,2.9349,19
20096,3072,6144,0,base,622.712,1,1.0,0,622.712,0,622.712,1.0,1984.602,3.187,19
20096,4096,3072,0,base,442.234,1,1.0,0,442.234,0,442.234,1.0,1309.345,2.9608,19
20096,8192,3072,0,base,896.672,1,1.0,0,896.672,0,896.672,1.0,2622.746,2.925,19
20105,3072,3072,0,base,351.665,1,1.0,0,351.665,0,351.665,1.0,979.729,2.786,19
20105,4096,3072,0,base,455.018,1,1.0,0,455.018,0,455.018,1.0,1314.409,2.8887,19
20108,3072,3072,0,base,341.532,1,1.0,0,341.532,0,341.532,1.0,984.981,2.884,19
20108,4096,3072,0,base,450.754,1,1.0,0,450.754,0,450.754,1.0,1315.769,2.919,19
20111,3072,3072,0,base,341.492,1,1.0,0,341.492,0,341.492,1.0,985.248,2.8851,19
20111,4096,3072,0,base,444.318,1,1.0,0,444.318,0,444.318,1.0,1312.001,2.9528,19
20119,3072,3072,0,base,340.552,1,1.0,0,340.552,0,340.552,1.0,981.073,2.8808,19
20119,4096,3072,0,base,452.822,1,1.0,0,452.822,0,452.822,1.0,1312.413,2.8983,19
20126,3072,3072,0,base,336.432,1,1.0,0,336.432,0,336.432,1.0,983.273,2.9226,19
20126,4096,3072,0,base,444.326,1,1.0,0,444.326,0,444.326,1.0,1317.077,2.9642,19
20131,8192,3072,0,base,912.756,1,1.0,0,912.756,0,912.756,1.0,2631.042,2.8825,19
20135,3072,3072,0,base,338.3,1,1.0,0,338.3,0,338.3,1.0,988.26,2.9213,19
20135,4096,3072,0,base,446.486,1,1.0,0,446.486,0,446.486,1.0,1317.817,2.9515,19
20157,2048,3072,0,base,217.151,1,1.0,0,217.151,0,217.151,1.0,663.209,3.0541,19
20174,3072,3072,0,base,343.208,1,1.0,0,343.208,0,343.208,1.0,988.401,2.8799,19
20174,4096,3072,0,base,455.226,1,1.0,0,455.226,0,455.226,1.0,1336.649,2.9362,19
20176,3072,3072,0,base,340.209,1,1.0,0,340.209,0,340.209,1.0,988.997,2.907,19
20176,4096,3072,0,base,446.194,1,1.0,0,446.194,0,446.194,1.0,1315.605,2.9485,19
20177,3072,3072,0,base,344.496,1,1.0,0,344.496,0,344.496,1.0,990.165,2.8742,19
20177,4096,3072,0,base,453.67,1,1.0,0,453.67,0,453.67,1.0,1312.429,2.8929,19
20216,8192,3072,0,base,924.28,1,1.0,0,924.28,0,924.28,1.0,2640.434,2.8567,19
20217,8192,3072,0,base,933.996,1,1.0,0,933.996,0,933.996,1.0,2653.21,2.8407,19
20224,2048,3072,0,base,214.095,1,1.0,0,214.095,0,214.095,1.0,665.472,3.1083,19
20224,3072,3072,0,base,322.24,1,1.0,0,322.24,0,322.24,1.0,989.013,3.0692,19
20224,3072,6144,0,base,624.716,1,1.0,0,624.716,0,624.716,1.0,2000.654,3.2025,19
20224,4096,3072,0,base,444.658,1,1.0,0,444.658,0,444.658,1.0,1319.009,2.9663,19
20224,8192,3072,0,base,903.736,1,1.0,0,903.736,0,903.736,1.0,2634.282,2.9149,19
20226,2048,3072,0,base,223.783,1,1.0,0,223.783,0,223.783,1.0,668.749,2.9884,19
20239,2048,3072,0,base,215.187,1,1.0,0,215.187,0,215.187,1.0,672.445,3.1249,19
20242,2048,3072,0,base,218.803,1,1.0,0,218.803,0,218.803,1.0,670.133,3.0627,19
20254,2048,3072,0,base,224.067,1,1.0,0,224.067,0,224.067,1.0,669.441,2.9877,19
20261,3072,3072,0,base,342.036,1,1.0,0,342.036,0,342.036,1.0,990.589,2.8962,19
20261,4096,3072,0,base,453.394,1,1.0,0,453.394,0,453.394,1.0,1324.749,2.9219,19
20269,3072,6144,0,base,652.216,1,1.0,0,652.216,0,652.216,1.0,2009.11,3.0804,19
20269,8192,3072,0,base,919.104,1,1.0,0,919.104,0,919.104,1.0,2658.519,2.8925,19
20270,8192,3072,0,base,931.328,1,1.0,0,931.328,0,931.328,1.0,2640.494,2.8352,19
20274,3072,3072,0,base,345.849,1,1.0,0,345.849,0,345.849,1.0,986.684,2.8529,19
20274,4096,3072,0,base,459.01,1,1.0,0,459.01,0,459.01,1.0,1320.161,2.8761,19
20282,8192,3072,0,base,918.5,1,1.0,0,918.5,0,918.5,1.0,2643.25,2.8778,19
20285,8192,3072,0,base,937.372,1,1.0,0,937.372,0,937.372,1.0,2649.446,2.8265,19
20291,8192,3072,0,base,931.684,1,1.0,0,931.684,0,931.684,1.0,2645.962,2.84,19
20294,3072,3072,0,base,350.373,1,1.0,0,350.373,0,350.373,1.0,987.368,2.8181,19
20294,4096,3072,0,base,458.89,1,1.0,0,458.89,0,458.89,1.0,1318.629,2.8735,19
20297,8192,3072,0,base,923.652,1,1.0,0,923.652,0,923.652,1.0,2651.686,2.8709,19
20327,2048,3072,0,base,219.21,1,1.0,0,219.21,0,219.21,1.0,672.681,3.0687,19
20329,8192,3072,0,base,933.152,1,1.0,0,933.152,0,933.152,1.0,2651.95,2.8419,19
20335,3072,6144,0,base,660.477,1,1.0,0,660.477,0,660.477,1.0,2019.726,3.058,19
20335,8192,3072,0,base,917.444,1,1.0,0,917.444,0,917.444,1.0,2653.018,2.8918,19
20348,3072,3072,0,base,347.341,1,1.0,0,347.341,0,347.341,1.0,995.029,2.8647,19
20348,4096,3072,0,base,451.434,1,1.0,0,451.434,0,451.434,1.0,1322.725,2.9301,19
20352,2048,3072,0,base,215.682,1,1.0,0,215.682,0,215.682,1.0,667.693,3.0957,19
20352,3072,3072,0,base,325.984,1,1.0,0,325.984,0,325.984,1.0,991.997,3.0431,19
20352,3072,6144,0,base,636.992,1,1.0,0,636.992,0,636.992,1.0,2007.746,3.1519,19
20352,4096,3072,0,base,442.545,1,1.0,0,442.545,0,442.545,1.0,1322.897,2.9893,19
20352,8192,3072,0,base,904.888,1,1.0,0,904.888,0,904.888,1.0,2655.85,2.935,19
20360,2048,3072,0,base,216.483,1,1.0,0,216.483,0,216.483,1.0,667.301,3.0825,19
20369,2048,3072,0,base,222.319,1,1.0,0,222.319,0,222.319,1.0,672.553,3.0252,19
20388,2048,3072,0,base,216.759,1,1.0,0,216.759,0,216.759,1.0,668.285,3.0831,19
20388,3072,3072,0,base,337.472,1,1.0,0,337.472,0,337.472,1.0,993.761,2.9447,19
20388,4096,3072,0,base,457.998,1,1.0,0,457.998,0,457.998,1.0,1329.769,2.9034,19
20414,2048,3072,0,base,225.927,1,1.0,0,225.927,0,225.927,1.0,668.401,2.9585,19
20419,3072,6144,0,base,650.513,1,1.0,0,650.513,0,650.513,1.0,2023.174,3.1101,19
20419,8192,3072,0,base,920.056,1,1.0,0,920.056,0,920.056,1.0,2677.543,2.9102,19
20428,3072,6144,0,base,662.741,1,1.0,0,662.741,0,662.741,1.0,2021.578,3.0503,19
20428,8192,3072,0,base,919.124,1,1.0,0,919.124,0,919.124,1.0,2674.387,2.9097,19
20433,3072,6144,0,base,651.156,1,1.0,0,651.156,0,651.156,1.0,2023.578,3.1077,19
20433,8192,3072,0,base,923.672,1,1.0,0,923.672,0,923.672,1.0,2673.719,2.8947,19
20446,3072,6144,0,base,653.576,1,1.0,0,653.576,0,653.576,1.0,2026.206,3.1002,19
20446,8192,3072,0,base,925.16,1,1.0,0,925.16,0,925.16,1.0,2677.214,2.8938,19
20453,2048,3072,0,base,221.435,1,1.0,0,221.435,0,221.435,1.0,668.305,3.0181,19
20456,3072,6144,0,base,651.089,1,1.0,0,651.089,0,651.089,1.0,2022.09,3.1057,19
20456,8192,3072,0,base,919.724,1,1.0,0,919.724,0,919.724,1.0,2672.187,2.9054,19
20459,3072,6144,0,base,657.176,1,1.0,0,657.176,0,657.176,1.0,2024.518,3.0806,19
20459,8192,3072,0,base,919.46,1,1.0,0,919.46,0,919.46,1.0,2675.586,2.91,19
20460,3072,6144,0,base,651.032,1,1.0,0,651.032,0,651.032,1.0,2025.794,3.1117,19
20460,8192,3072,0,base,924.108,1,1.0,0,924.108,0,924.108,1.0,2663.422,2.8822,19
20461,3072,6144,0,base,660.937,1,1.0,0,660.937,0,660.937,1.0,2028.066,3.0685,19
20461,8192,3072,0,base,922.728,1,1.0,0,922.728,0,922.728,1.0,2680.895,2.9054,19
20462,3072,6144,0,base,658.565,1,1.0,0,658.565,0,658.565,1.0,2024.578,3.0742,19
20462,8192,3072,0,base,927.708,1,1.0,0,927.708,0,927.708,1.0,2678.051,2.8867,19
20463,3072,6144,0,base,658.98,1,1.0,0,658.98,0,658.98,1.0,2026.19,3.0747,19
20463,8192,3072,0,base,929.936,1,1.0,0,929.936,0,929.936,1.0,2673.035,2.8744,19
20464,3072,6144,0,base,661.281,1,1.0,0,661.281,0,661.281,1.0,2016.422,3.0493,19
20464,8192,3072,0,base,916.488,1,1.0,0,916.488,0,916.488,1.0,2678.271,2.9223,19
20465,3072,6144,0,base,659.024,1,1.0,0,659.024,0,659.024,1.0,2022.946,3.0696,19
20465,8192,3072,0,base,916.992,1,1.0,0,916.992,0,916.992,1.0,2685.459,2.9286,19
20466,3072,6144,0,base,663.569,1,1.0,0,663.569,0,663.569,1.0,2020.458,3.0448,19
20466,8192,3072,0,base,927.992,1,1.0,0,927.992,0,927.992,1.0,2672.303,2.8797,19
20467,3072,6144,0,base,663.685,1,1.0,0,663.685,0,663.685,1.0,2023.078,3.0483,19
20467,8192,3072,0,base,928.436,1,1.0,0,928.436,0,928.436,1.0,2674.531,2.8807,19
20468,3072,6144,0,base,658.493,1,1.0,0,658.493,0,658.493,1.0,2017.078,3.0632,19
20468,8192,3072,0,base,914.044,1,1.0,0,914.044,0,914.044,1.0,2665.538,2.9162,19
20470,3072,6144,0,base,660.601,1,1.0,0,660.601,0,660.601,1.0,2023.882,3.0637,19
20470,8192,3072,0,base,927.18,1,1.0,0,927.18,0,927.18,1.0,2679.434,2.8899,19
20472,2048,3072,0,base,220.151,1,1.0,0,220.151,0,220.151,1.0,671.929,3.0521,19
20472,3072,6144,0,base,655.797,1,1.0,0,655.797,0,655.797,1.0,2022.65,3.0843,19
20472,8192,3072,0,base,926.884,1,1.0,0,926.884,0,926.884,1.0,2686.011,2.8979,19
20474,3072,6144,0,base,658.608,1,1.0,0,658.608,0,658.608,1.0,2024.246,3.0735,19
20474,8192,3072,0,base,922.028,1,1.0,0,922.028,0,922.028,1.0,2680.435,2.9071,19
20476,3072,6144,0,base,656.772,1,1.0,0,656.772,0,656.772,1.0,2024.27,3.0821,19
20476,8192,3072,0,base,920.832,1,1.0,0,920.832,0,920.832,1.0,2688.963,2.9201,19
20478,2048,3072,0,base,222.143,1,1.0,0,222.143,0,222.143,1.0,671.873,3.0245,19
20478,3072,6144,0,base,666.293,1,1.0,0,666.293,0,666.293,1.0,2023.018,3.0362,19
20478,8192,3072,0,base,924.596,1,1.0,0,924.596,0,924.596,1.0,2663.615,2.8808,19
20480,2048,3072,0,base,216.095,1,1.0,0,216.095,0,216.095,1.0,669.441,3.0979,19
20480,3072,3072,0,base,332.996,1,1.0,0,332.996,0,332.996,1.0,1002.285,3.0099,19
20480,3072,6144,0,base,632.364,1,1.0,0,632.364,0,632.364,1.0,2012.89,3.1831,19
20480,4096,3072,0,base,446.038,1,1.0,0,446.038,0,446.038,1.0,1334.161,2.9911,19
20480,8192,3072,0,base,907.54,1,1.0,0,907.54,0,907.54,1.0,2664.027,2.9354,19
20482,3072,6144,0,base,683.233,1,1.0,0,683.233,0,683.233,1.0,2048.17,2.9978,19
20482,8192,3072,0,base,934.7,1,1.0,0,934.7,0,934.7,1.0,2686.855,2.8746,19
20484,3072,6144,0,base,688.981,1,1.0,0,688.981,0,688.981,1.0,2045.442,2.9688,19
20484,8192,3072,0,base,933.92,1,1.0,0,933.92,0,933.92,1.0,2684.063,2.874,19
20487,2048,3072,0,base,243.175,1,1.0,0,243.175,0,243.175,1.0,675.573,2.7781,19
20493,2048,3072,0,base,240.891,1,1.0,0,240.891,0,240.891,1.0,677.781,2.8136,19
20499,3072,6144,0,base,690.685,1,1.0,0,690.685,0,690.685,1.0,2042.567,2.9573,19
20499,8192,3072,0,base,928.712,1,1.0,0,928.712,0,928.712,1.0,2669.187,2.8741,19
20504,2048,3072,0,base,235.271,1,1.0,0,235.271,0,235.271,1.0,674.12,2.8653,19
20518,3072,6144,0,base,681.989,1,1.0,0,681.989,0,681.989,1.0,2041.298,2.9932,19
20518,8192,3072,0,base,938.808,1,1.0,0,938.808,0,938.808,1.0,2691.211,2.8666,19
20539,3072,6144,0,base,687.141,1,1.0,0,687.141,0,687.141,1.0,2035.271,2.9619,19
20539,8192,3072,0,base,926.4,1,1.0,0,926.4,0,926.4,1.0,2667.162,2.8791,19
20554,3072,3072,0,base,362.613,1,1.0,0,362.613,0,362.613,1.0,1001.625,2.7622,19
20554,4096,3072,0,base,476.874,1,1.0,0,476.874,0,476.874,1.0,1333.901,2.7972,19
20585,3072,3072,0,base,357.408,1,1.0,0,357.408,0,357.408,1.0,1003.409,2.8075,19
20585,4096,3072,0,base,467.882,1,1.0,0,467.882,0,467.882,1.0,1333.433,2.8499,19
20597,3072,3072,0,base,355.913,1,1.0,0,355.913,0,355.913,1.0,1001.153,2.8129,19
20597,4096,3072,0,base,471.114,1,1.0,0,471.114,0,471.114,1.0,1333.869,2.8313,19
20598,3072,6144,0,base,676.153,1,1.0,0,676.153,0,676.153,1.0,2031.514,3.0045,19
20598,8192,3072,0,base,931.044,1,1.0,0,931.044,0,931.044,1.0,2688.015,2.8871,19
20605,3072,6144,0,base,692.933,1,1.0,0,692.933,0,692.933,1.0,2039.554,2.9434,19
20605,8192,3072,0,base,938.512,1,1.0,0,938.512,0,938.512,1.0,2672.666,2.8478,19
20606,3072,6144,0,base,689.525,1,1.0,0,689.525,0,689.525,1.0,2034.582,2.9507,19
20606,8192,3072,0,base,930.0,1,1.0,0,930.0,0,930.0,1.0,2669.971,2.8709,19
20607,3072,6144,0,base,680.557,1,1.0,0,680.557,0,680.557,1.0,2036.979,2.9931,19
20607,8192,3072,0,base,928.724,1,1.0,0,928.724,0,928.724,1.0,2694.711,2.9015,19
20608,2048,3072,0,base,233.375,1,1.0,0,233.375,0,233.375,1.0,679.869,2.9132,19
20608,3072,3072,0,base,356.465,1,1.0,0,356.465,0,356.465,1.0,1008.637,2.8296,19
20608,3072,6144,0,base,658.981,1,1.0,0,658.981,0,658.981,1.0,2027.598,3.0769,19
20608,4096,3072,0,base,453.674,1,1.0,0,453.674,0,453.674,1.0,1339.637,2.9529,19
20608,8192,3072,0,base,910.528,1,1.0,0,910.528,0,910.528,1.0,2679.915,2.9433,19
20617,8192,3072,0,base,956.828,1,1.0,0,956.828,0,956.828,1.0,2696.475,2.8181,19
20626,8192,3072,0,base,953.44,1,1.0,0,953.44,0,953.44,1.0,2679.003,2.8098,19
20628,3072,6144,0,base,683.925,1,1.0,0,683.925,0,683.925,1.0,2038.754,2.981,19
20628,8192,3072,0,base,936.196,1,1.0,0,936.196,0,936.196,1.0,2681.403,2.8641,19
20630,3072,6144,0,base,687.317,1,1.0,0,687.317,0,687.317,1.0,2040.666,2.969,19
20630,8192,3072,0,base,936.624,1,1.0,0,936.624,0,936.624,1.0,2698.731,2.8813,19
20631,8192,3072,0,base,953.616,1,1.0,0,953.616,0,953.616,1.0,2678.495,2.8088,19
20632,3072,6144,0,base,690.393,1,1.0,0,690.393,0,690.393,1.0,2039.034,2.9534,19
20632,8192,3072,0,base,933.912,1,1.0,0,933.912,0,933.912,1.0,2681.487,2.8712,19
20633,8192,3072,0,base,954.648,1,1.0,0,954.648,0,954.648,1.0,2677.131,2.8043,19
20634,3072,6144,0,base,688.109,1,1.0,0,688.109,0,688.109,1.0,2045.866,2.9732,19
20634,8192,3072,0,base,932.252,1,1.0,0,932.252,0,932.252,1.0,2688.515,2.8839,19
20635,8192,3072,0,base,954.832,1,1.0,0,954.832,0,954.832,1.0,2681.103,2.8079,19
20636,3072,6144,0,base,690.181,1,1.0,0,690.181,0,690.181,1.0,2050.146,2.9704,19
20636,8192,3072,0,base,947.644,1,1.0,0,947.644,0,947.644,1.0,2698.211,2.8473,19
20637,3072,6144,0,base,690.877,1,1.0,0,690.877,0,690.877,1.0,2047.798,2.9641,19
20637,8192,3072,0,base,945.012,1,1.0,0,945.012,0,945.012,1.0,2682.259,2.8383,19
20638,8192,3072,0,base,958.028,1,1.0,0,958.028,0,958.028,1.0,2709.699,2.8284,19
20639,3072,6144,0,base,693.769,1,1.0,0,693.769,0,693.769,1.0,2042.862,2.9446,19
20639,8192,3072,0,base,933.66,1,1.0,0,933.66,0,933.66,1.0,2707.643,2.9,19
20640,3072,6144,0,base,691.861,1,1.0,0,691.861,0,691.861,1.0,2034.966,2.9413,19
20640,8192,3072,0,base,933.224,1,1.0,0,933.224,0,933.224,1.0,2685.343,2.8775,19
20645,3072,3072,0,base,367.289,1,1.0,0,367.289,0,367.289,1.0,1010.345,2.7508,19
20645,4096,3072,0,base,461.162,1,1.0,0,461.162,0,461.162,1.0,1343.953,2.9143,19
20649,3072,3072,0,base,357.573,1,1.0,0,357.573,0,357.573,1.0,1011.693,2.8293,19
20649,4096,3072,0,base,474.89,1,1.0,0,474.89,0,474.89,1.0,1347.481,2.8375,19
20649,8192,3072,0,base,945.38,1,1.0,0,945.38,0,945.38,1.0,2685.911,2.8411,19
20650,3072,3072,0,base,365.709,1,1.0,0,365.709,0,365.709,1.0,1009.665,2.7608,19
20650,4096,3072,0,base,460.214,1,1.0,0,460.214,0,460.214,1.0,1350.445,2.9344,19
20650,8192,3072,0,base,945.312,1,1.0,0,945.312,0,945.312,1.0,2702.423,2.8588,19
20651,8192,3072,0,base,956.04,1,1.0,0,956.04,0,956.04,1.0,2694.463,2.8184,19
20653,3072,3072,0,base,359.837,1,1.0,0,359.837,0,359.837,1.0,1011.929,2.8122,19
20653,4096,3072,0,base,464.502,1,1.0,0,464.502,0,464.502,1.0,1355.065,2.9172,19
20658,3072,3072,0,base,359.396,1,1.0,0,359.396,0,359.396,1.0,1013.473,2.8199,19
20658,4096,3072,0,base,474.422,1,1.0,0,474.422,0,474.422,1.0,1368.738,2.8851,19
20672,8192,3072,0,base,949.6,1,1.0,0,949.6,0,949.6,1.0,2692.215,2.8351,19
20673,3072,6144,0,base,685.297,1,1.0,0,685.297,0,685.297,1.0,2066.639,3.0157,19
20673,8192,3072,0,base,943.172,1,1.0,0,943.172,0,943.172,1.0,2706.003,2.869,19
20676,8192,3072,0,base,958.865,1,1.0,0,958.865,0,958.865,1.0,2711.087,2.8274,19
20683,8192,3072,0,base,951.7,1,1.0,0,951.7,0,951.7,1.0,2696.491,2.8333,19
20684,3072,3072,0,base,370.749,1,1.0,0,370.749,0,370.749,1.0,1016.269,2.7411,19
20684,4096,3072,0,base,477.33,1,1.0,0,477.33,0,477.33,1.0,1360.925,2.8511,19
20685,3072,3072,0,base,360.956,1,1.0,0,360.956,0,360.956,1.0,1014.877,2.8116,19
20685,4096,3072,0,base,461.654,1,1.0,0,461.654,0,461.654,1.0,1352.294,2.9292,19
20687,2048,3072,0,base,240.595,1,1.0,0,240.595,0,240.595,1.0,677.065,2.8141,19
20691,8192,3072,0,base,955.324,1,1.0,0,955.324,0,955.324,1.0,2692.339,2.8182,19
20696,8192,3072,0,base,953.076,1,1.0,0,953.076,0,953.076,1.0,2694.039,2.8267,19
20697,3072,6144,0,base,689.473,1,1.0,0,689.473,0,689.473,1.0,2059.351,2.9868,19
20697,8192,3072,0,base,935.132,1,1.0,0,935.132,0,935.132,1.0,2685.878,2.8722,19
20698,3072,6144,0,base,689.585,1,1.0,0,689.585,0,689.585,1.0,2055.723,2.9811,19
20698,8192,3072,0,base,944.264,1,1.0,0,944.264,0,944.264,1.0,2709.207,2.8691,19
20719,8192,3072,0,base,949.356,1,1.0,0,949.356,0,949.356,1.0,2697.027,2.8409,19
20720,3072,6144,0,base,684.485,1,1.0,0,684.485,0,684.485,1.0,2047.703,2.9916,19
20720,8192,3072,0,base,931.02,1,1.0,0,931.02,0,931.02,1.0,2696.075,2.8958,19
20721,3072,6144,0,base,693.017,1,1.0,0,693.017,0,693.017,1.0,2051.263,2.9599,19
20721,8192,3072,0,base,938.564,1,1.0,0,938.564,0,938.564,1.0,2713.119,2.8907,19
20736,2048,3072,0,base,236.227,1,1.0,0,236.227,0,236.227,1.0,678.136,2.8707,19
20736,3072,3072,0,base,359.709,1,1.0,0,359.709,0,359.709,1.0,1009.541,2.8066,19
20736,3072,6144,0,base,657.796,1,1.0,0,657.796,0,657.796,1.0,2043.706,3.1069,19
20736,4096,3072,0,base,452.838,1,1.0,0,452.838,0,452.838,1.0,1348.301,2.9774,19
20736,8192,3072,0,base,922.972,1,1.0,0,922.972,0,922.972,1.0,2705.983,2.9318,19
20741,3072,3072,0,base,357.609,1,1.0,0,357.609,0,357.609,1.0,1011.561,2.8287,19
20741,4096,3072,0,base,468.034,1,1.0,0,468.034,0,468.034,1.0,1351.51,2.8876,19
20742,3072,6144,0,base,676.585,1,1.0,0,676.585,0,676.585,1.0,2053.983,3.0358,19
20742,8192,3072,0,base,937.884,1,1.0,0,937.884,0,937.884,1.0,2723.691,2.9041,19
20743,8192,3072,0,base,953.12,1,1.0,0,953.12,0,953.12,1.0,2713.687,2.8472,19
20744,3072,6144,0,base,692.561,1,1.0,0,692.561,0,692.561,1.0,2058.234,2.9719,19
20744,8192,3072,0,base,938.936,1,1.0,0,938.936,0,938.936,1.0,2692.367,2.8675,19
20745,3072,6144,0,base,695.925,1,1.0,0,695.925,0,695.925,1.0,2056.118,2.9545,19
20745,8192,3072,0,base,942.176,1,1.0,0,942.176,0,942.176,1.0,2709.543,2.8758,19
20758,3072,3072,0,base,368.869,1,1.0,0,368.869,0,368.869,1.0,1014.805,2.7511,19
20758,4096,3072,0,base,477.502,1,1.0,0,477.502,0,477.502,1.0,1360.561,2.8493,19
20767,3072,6144,0,base,687.029,1,1.0,0,687.029,0,687.029,1.0,2059.511,2.9977,19
20767,8192,3072,0,base,942.048,1,1.0,0,942.048,0,942.048,1.0,2692.067,2.8577,19
20768,2048,3072,0,base,246.007,1,1.0,0,246.007,0,246.007,1.0,683.809,2.7796,19
20771,2048,3072,0,base,237.263,1,1.0,0,237.263,0,237.263,1.0,683.977,2.8828,19
20773,8192,3072,0,base,957.32,1,1.0,0,957.32,0,957.32,1.0,2719.687,2.8409,19
20784,2048,3072,0,base,242.539,1,1.0,0,242.539,0,242.539,1.0,683.205,2.8169,19
20790,3072,6144,0,base,686.041,1,1.0,0,686.041,0,686.041,1.0,2055.327,2.9959,19
20790,8192,3072,0,base,940.824,1,1.0,0,940.824,0,940.824,1.0,2708.651,2.879,19
20801,8192,3072,0,base,959.708,1,1.0,0,959.708,0,959.708,1.0,2707.327,2.821,19
20802,3072,6144,0,base,694.649,1,1.0,0,694.649,0,694.649,1.0,2060.143,2.9657,19
20802,8192,3072,0,base,944.94,1,1.0,0,944.94,0,944.94,1.0,2705.447,2.8631,19
20804,3072,6144,0,base,695.773,1,1.0,0,695.773,0,695.773,1.0,2063.079,2.9652,19
20804,8192,3072,0,base,943.376,1,1.0,0,943.376,0,943.376,1.0,2720.027,2.8833,19
20806,8192,3072,0,base,957.428,1,1.0,0,957.428,0,957.428,1.0,2710.171,2.8307,19
20813,3072,6144,0,base,692.453,1,1.0,0,692.453,0,692.453,1.0,2059.427,2.9741,19
20813,8192,3072,0,base,938.816,1,1.0,0,938.816,0,938.816,1.0,2728.379,2.9062,19
20815,8192,3072,0,base,959.4,1,1.0,0,959.4,0,959.4,1.0,2721.363,2.8365,19
20817,8192,3072,0,base,956.316,1,1.0,0,956.316,0,956.316,1.0,2726.283,2.8508,19
20825,3072,3072,0,base,365.709,1,1.0,0,365.709,0,365.709,1.0,1019.717,2.7883,19
20825,4096,3072,0,base,479.194,1,1.0,0,479.194,0,479.194,1.0,1367.822,2.8544,19
20832,3072,6144,0,base,687.105,1,1.0,0,687.105,0,687.105,1.0,2067.651,3.0092,19
20832,8192,3072,0,base,949.653,1,1.0,0,949.653,0,949.653,1.0,2720.055,2.8643,19
20835,3072,6144,0,base,692.653,1,1.0,0,692.653,0,692.653,1.0,2077.511,2.9994,19
20835,8192,3072,0,base,950.236,1,1.0,0,950.236,0,950.236,1.0,2702.411,2.8439,19
20836,3072,6144,0,base,692.137,1,1.0,0,692.137,0,692.137,1.0,2084.167,3.0112,19
20836,8192,3072,0,base,954.992,1,1.0,0,954.992,0,954.992,1.0,2728.363,2.8569,19
20837,3072,6144,0,base,695.533,1,1.0,0,695.533,0,695.533,1.0,2078.111,2.9878,19
20837,8192,3072,0,base,936.448,1,1.0,0,936.448,0,936.448,1.0,2721.939,2.9067,19
20838,3072,6144,0,base,687.369,1,1.0,0,687.369,0,687.369,1.0,2081.271,3.0279,19
20838,8192,3072,0,base,937.9,1,1.0,0,937.9,0,937.9,1.0,2718.459,2.8985,19
20839,3072,6144,0,base,688.649,1,1.0,0,688.649,0,688.649,1.0,2081.911,3.0232,19
20839,8192,3072,0,base,933.236,1,1.0,0,933.236,0,933.236,1.0,2734.515,2.9301,19
20840,3072,6144,0,base,690.469,1,1.0,0,690.469,0,690.469,1.0,2086.955,3.0225,19
20840,8192,3072,0,base,932.576,1,1.0,0,932.576,0,932.576,1.0,2741.415,2.9396,19
20841,3072,6144,0,base,688.577,1,1.0,0,688.577,0,688.577,1.0,2077.679,3.0174,19
20841,8192,3072,0,base,937.476,1,1.0,0,937.476,0,937.476,1.0,2727.639,2.9096,19
20842,2048,3072,0,base,243.127,1,1.0,0,243.127,0,243.127,1.0,685.685,2.8203,19
20842,3072,6144,0,base,687.213,1,1.0,0,687.213,0,687.213,1.0,2079.971,3.0267,19
20842,8192,3072,0,base,950.304,1,1.0,0,950.304,0,950.304,1.0,2732.048,2.8749,19
20843,3072,6144,0,base,688.301,1,1.0,0,688.301,0,688.301,1.0,2083.147,3.0265,19
20843,8192,3072,0,base,939.808,1,1.0,0,939.808,0,939.808,1.0,2738.043,2.9134,19
20844,3072,6144,0,base,693.657,1,1.0,0,693.657,0,693.657,1.0,2081.155,3.0003,19
20844,8192,3072,0,base,937.76,1,1.0,0,937.76,0,937.76,1.0,2735.099,2.9166,19
20845,3072,6144,0,base,689.993,1,1.0,0,689.993,0,689.993,1.0,2082.999,3.0189,19
20845,8192,3072,0,base,949.852,1,1.0,0,949.852,0,949.852,1.0,2734.443,2.8788,19
20846,3072,6144,0,base,690.897,1,1.0,0,690.897,0,690.897,1.0,2073.163,3.0007,19
20846,8192,3072,0,base,937.452,1,1.0,0,937.452,0,937.452,1.0,2708.587,2.8893,19
20847,8192,3072,0,base,962.12,1,1.0,0,962.12,0,962.12,1.0,2721.063,2.8282,19
20848,3072,6144,0,base,696.509,1,1.0,0,696.509,0,696.509,1.0,2062.231,2.9608,19
20848,8192,3072,0,base,941.748,1,1.0,0,941.748,0,941.748,1.0,2719.195,2.8874,19
20849,8192,3072,0,base,953.044,1,1.0,0,953.044,0,953.044,1.0,2715.247,2.849,19
20850,2048,3072,0,base,241.139,1,1.0,0,241.139,0,241.139,1.0,684.857,2.8401,19
20850,3072,6144,0,base,686.421,1,1.0,0,686.421,0,686.421,1.0,2068.287,3.0131,19
20850,8192,3072,0,base,940.16,1,1.0,0,940.16,0,940.16,1.0,2721.431,2.8946,19
20851,8192,3072,0,base,954.8,1,1.0,0,954.8,0,954.8,1.0,2715.387,2.8439,19
20852,3072,6144,0,base,687.937,1,1.0,0,687.937,0,687.937,1.0,2066.259,3.0036,19
20852,8192,3072,0,base,945.248,1,1.0,0,945.248,0,945.248,1.0,2703.087,2.8597,19
20853,8192,3072,0,base,956.504,1,1.0,0,956.504,0,956.504,1.0,2718.439,2.8421,19
20854,3072,6144,0,base,688.32,1,1.0,0,688.32,0,688.32,1.0,2068.835,3.0056,19
20854,8192,3072,0,base,946.856,1,1.0,0,946.856,0,946.856,1.0,2722.331,2.8751,19
20855,8192,3072,0,base,954.532,1,1.0,0,954.532,0,954.532,1.0,2710.935,2.8401,19
20856,3072,6144,0,base,689.377,1,1.0,0,689.377,0,689.377,1.0,2067.411,2.999,19
20856,8192,3072,0,base,942.664,1,1.0,0,942.664,0,942.664,1.0,2717.767,2.8831,19
20857,8192,3072,0,base,961.356,1,1.0,0,961.356,0,961.356,1.0,2727.355,2.837,19
20858,3072,6144,0,base,693.397,1,1.0,0,693.397,0,693.397,1.0,2072.023,2.9882,19
20858,8192,3072,0,base,944.904,1,1.0,0,944.904,0,944.904,1.0,2707.483,2.8654,19
20859,3072,6144,0,base,692.465,1,1.0,0,692.465,0,692.465,1.0,2072.255,2.9926,19
20859,8192,3072,0,base,944.312,1,1.0,0,944.312,0,944.312,1.0,2704.555,2.864,19
20860,3072,6144,0,base,690.289,1,1.0,0,690.289,0,690.289,1.0,2069.754,2.9984,19
20860,8192,3072,0,base,942.024,1,1.0,0,942.024,0,942.024,1.0,2727.231,2.8951,19
20861,8192,3072,0,base,956.856,1,1.0,0,956.856,0,956.856,1.0,2732.603,2.8558,19
20862,3072,6144,0,base,689.185,1,1.0,0,689.185,0,689.185,1.0,2072.567,3.0073,19
20862,8192,3072,0,base,939.8,1,1.0,0,939.8,0,939.8,1.0,2708.095,2.8816,19
20864,2048,3072,0,base,237.047,1,1.0,0,237.047,0,237.047,1.0,686.265,2.8951,19
20864,3072,3072,0,base,357.685,1,1.0,0,357.685,0,357.685,1.0,1021.185,2.855,19
20864,3072,6144,0,base,672.329,1,1.0,0,672.329,0,672.329,1.0,2060.251,3.0644,19
20864,4096,3072,0,base,459.746,1,1.0,0,459.746,0,459.746,1.0,1369.678,2.9792,19
20864,8192,3072,0,base,927.368,1,1.0,0,927.368,0,927.368,1.0,2716.539,2.9293,19
20882,3072,6144,0,base,698.013,1,1.0,0,698.013,0,698.013,1.0,2075.563,2.9735,19
20882,8192,3072,0,base,947.788,1,1.0,0,947.788,0,947.788,1.0,2712.523,2.862,19
20910,8192,3072,0,base,962.116,1,1.0,0,962.116,0,962.116,1.0,2731.359,2.8389,19
20931,3072,3072,0,base,364.881,1,1.0,0,364.881,0,364.881,1.0,1022.341,2.8019,19
20931,4096,3072,0,base,478.03,1,1.0,0,478.03,0,478.03,1.0,1381.642,2.8903,19
20992,2048,3072,0,base,232.075,1,1.0,0,232.075,0,232.075,1.0,687.613,2.9629,19
20992,3072,3072,0,base,358.721,1,1.0,0,358.721,0,358.721,1.0,1025.085,2.8576,19
20992,3072,6144,0,base,664.053,1,1.0,0,664.053,0,664.053,1.0,2066.967,3.1127,19
20992,4096,3072,0,base,448.814,1,1.0,0,448.814,0,448.814,1.0,1373.858,3.0611,19
20992,8192,3072,0,base,926.26,1,1.0,0,926.26,0,926.26,1.0,2730.239,2.9476,19
21001,8192,3072,0,base,977.573,1,1.0,0,977.573,0,977.573,1.0,2742.923,2.8059,19
21002,3072,3072,0,base,371.377,1,1.0,0,371.377,0,371.377,1.0,1032.805,2.781,19
21002,4096,3072,0,base,479.014,1,1.0,0,479.014,0,479.014,1.0,1382.586,2.8863,19
21003,2048,3072,0,base,239.435,1,1.0,0,239.435,0,239.435,1.0,692.785,2.8934,19
21009,3072,6144,0,base,682.353,1,1.0,0,682.353,0,682.353,1.0,2096.235,3.0721,19
21009,8192,3072,0,base,1044.114,1,1.0,0,1044.114,0,1044.114,1.0,2751.939,2.6357,19
21010,8192,3072,0,base,974.588,1,1.0,0,974.588,0,974.588,1.0,2758.42,2.8303,19
21011,2048,3072,0,base,240.347,1,1.0,0,240.347,0,240.347,1.0,694.825,2.8909,19
21011,8192,3072,0,base,967.924,1,1.0,0,967.924,0,967.924,1.0,2759.508,2.851,19
21015,3072,3072,0,base,370.645,1,1.0,0,370.645,0,370.645,1.0,1030.021,2.779,19
21015,4096,3072,0,base,475.15,1,1.0,0,475.15,0,475.15,1.0,1380.914,2.9063,19
21016,3072,6144,0,base,685.621,1,1.0,0,685.621,0,685.621,1.0,2092.075,3.0514,19
21016,8192,3072,0,base,948.928,1,1.0,0,948.928,0,948.928,1.0,2736.051,2.8833,19
21018,3072,6144,0,base,693.733,1,1.0,0,693.733,0,693.733,1.0,2098.931,3.0256,19
21018,8192,3072,0,base,963.073,1,1.0,0,963.073,0,963.073,1.0,2757.04,2.8628,19
21020,3072,6144,0,base,693.357,1,1.0,0,693.357,0,693.357,1.0,2096.623,3.0239,19
21020,8192,3072,0,base,946.868,1,1.0,0,946.868,0,946.868,1.0,2742.959,2.8969,19
21030,8192,3072,0,base,973.304,1,1.0,0,973.304,0,973.304,1.0,2776.888,2.8531,19
21039,3072,6144,0,base,694.057,1,1.0,0,694.057,0,694.057,1.0,2101.667,3.0281,19
21039,8192,3072,0,base,954.66,1,1.0,0,954.66,0,954.66,1.0,2750.716,2.8814,19
21041,8192,3072,0,base,974.152,1,1.0,0,974.152,0,974.152,1.0,2755.24,2.8283,19
21042,3072,6144,0,base,694.829,1,1.0,0,694.829,0,694.829,1.0,2086.763,3.0033,19
21042,8192,3072,0,base,946.604,1,1.0,0,946.604,0,946.604,1.0,2754.952,2.9104,19
21043,8192,3072,0,base,973.709,1,1.0,0,973.709,0,973.709,1.0,2757.5,2.832,19
21044,3072,6144,0,base,693.513,1,1.0,0,693.513,0,693.513,1.0,2088.995,3.0122,19
21044,8192,3072,0,base,960.673,1,1.0,0,960.673,0,960.673,1.0,2757.088,2.87,19
21045,8192,3072,0,base,972.377,1,1.0,0,972.377,0,972.377,1.0,2753.475,2.8317,19
21046,3072,6144,0,base,691.377,1,1.0,0,691.377,0,691.377,1.0,2086.163,3.0174,19
21046,8192,3072,0,base,963.893,1,1.0,0,963.893,0,963.893,1.0,2744.628,2.8474,19
21047,3072,6144,0,base,696.781,1,1.0,0,696.781,0,696.781,1.0,2083.035,2.9895,19
21047,8192,3072,0,base,951.304,1,1.0,0,951.304,0,951.304,1.0,2750.335,2.8911,19
21048,8192,3072,0,base,979.585,1,1.0,0,979.585,0,979.585,1.0,2752.18,2.8095,19
21049,3072,6144,0,base,695.993,1,1.0,0,695.993,0,695.993,1.0,2082.811,2.9926,19
21049,8192,3072,0,base,949.532,1,1.0,0,949.532,0,949.532,1.0,2754.532,2.9009,19
21050,3072,6144,0,base,694.397,1,1.0,0,694.397,0,694.397,1.0,2083.927,3.0011,19
21050,8192,3072,0,base,958.292,1,1.0,0,958.292,0,958.292,1.0,2750.743,2.8705,19
21068,3072,3072,0,base,364.553,1,1.0,0,364.553,0,364.553,1.0,1026.397,2.8155,19
21068,4096,3072,0,base,478.874,1,1.0,0,478.874,0,478.874,1.0,1377.194,2.8759,19
21079,3072,3072,0,base,372.121,1,1.0,0,372.121,0,372.121,1.0,1027.377,2.7609,19
21079,4096,3072,0,base,475.362,1,1.0,0,475.362,0,475.362,1.0,1380.974,2.9051,19
21096,3072,3072,0,base,366.601,1,1.0,0,366.601,0,366.601,1.0,1024.469,2.7945,19
21096,4096,3072,0,base,487.09,1,1.0,0,487.09,0,487.09,1.0,1378.89,2.8309,19
21106,3072,3072,0,base,362.481,1,1.0,0,362.481,0,362.481,1.0,1026.713,2.8325,19
21106,4096,3072,0,base,473.882,1,1.0,0,473.882,0,473.882,1.0,1373.67,2.8988,19
21113,8192,3072,0,base,955.748,1,1.0,0,955.748,0,955.748,1.0,2755.208,2.8828,19
21118,3072,3072,0,base,368.849,1,1.0,0,368.849,0,368.849,1.0,1028.501,2.7884,19
21118,4096,3072,0,base,485.174,1,1.0,0,485.174,0,485.174,1.0,1375.662,2.8354,19
21120,2048,3072,0,base,237.891,1,1.0,0,237.891,0,237.891,1.0,690.065,2.9008,19
21120,3072,3072,0,base,350.709,1,1.0,0,350.709,0,350.709,1.0,1028.717,2.9333,19
21120,3072,6144,0,base,668.825,1,1.0,0,668.825,0,668.825,1.0,2075.099,3.1026,19
21120,4096,3072,0,base,452.79,1,1.0,0,452.79,0,452.79,1.0,1381.214,3.0505,19
21120,8192,3072,0,base,939.64,1,1.0,0,939.64,0,939.64,1.0,2736.439,2.9122,19
21154,3072,3072,0,base,376.537,1,1.0,0,376.537,0,376.537,1.0,1030.797,2.7376,19
21154,4096,3072,0,base,474.626,1,1.0,0,474.626,0,474.626,1.0,1392.594,2.9341,19
21166,3072,3072,0,base,350.124,1,1.0,0,350.124,0,350.124,1.0,1035.353,2.9571,19
21166,4096,3072,0,base,481.746,1,1.0,0,481.746,0,481.746,1.0,1391.026,2.8875,19
21170,2048,3072,0,base,232.899,1,1.0,0,232.899,0,232.899,1.0,692.673,2.9741,19
21184,8192,3072,0,base,971.381,1,1.0,0,971.381,0,971.381,1.0,2748.96,2.83,19
21185,3072,3072,0,base,375.584,1,1.0,0,375.584,0,375.584,1.0,1036.805,2.7605,19
21185,4096,3072,0,base,472.558,1,1.0,0,472.558,0,472.558,1.0,1382.366,2.9253,19
21186,3072,6144,0,base,690.877,1,1.0,0,690.877,0,690.877,1.0,2106.795,3.0495,19
21186,8192,3072,0,base,955.388,1,1.0,0,955.388,0,955.388,1.0,2759.524,2.8884,19
21189,3072,6144,0,base,696.649,1,1.0,0,696.649,0,696.649,1.0,2107.351,3.025,19
21189,8192,3072,0,base,960.992,1,1.0,0,960.992,0,960.992,1.0,2760.135,2.8722,19
21191,8192,3072,0,base,978.313,1,1.0,0,978.313,0,978.313,1.0,2759.976,2.8212,19
21202,3072,3072,0,base,372.749,1,1.0,0,372.749,0,372.749,1.0,1038.137,2.7851,19
21202,4096,3072,0,base,472.574,1,1.0,0,472.574,0,472.574,1.0,1389.25,2.9398,19
21209,8192,3072,0,base,968.637,1,1.0,0,968.637,0,968.637,1.0,2781.476,2.8715,19
21213,8192,3072,0,base,976.181,1,1.0,0,976.181,0,976.181,1.0,2774.816,2.8425,19
21215,3072,6144,0,base,696.869,1,1.0,0,696.869,0,696.869,1.0,2114.195,3.0338,19
21215,8192,3072,0,base,960.768,1,1.0,0,960.768,0,960.768,1.0,2765.216,2.8781,19
21218,3072,6144,0,base,695.213,1,1.0,0,695.213,0,695.213,1.0,2121.031,3.0509,19
21218,8192,3072,0,base,965.708,1,1.0,0,965.708,0,965.708,1.0,2766.076,2.8643,19
21219,3072,6144,0,base,696.345,1,1.0,0,696.345,0,696.345,1.0,2118.311,3.042,19
21219,8192,3072,0,base,969.657,1,1.0,0,969.657,0,969.657,1.0,2760.568,2.847,19
21220,3072,6144,0,base,704.145,1,1.0,0,704.145,0,704.145,1.0,2115.999,3.0051,19
21220,8192,3072,0,base,967.74,1,1.0,0,967.74,0,967.74,1.0,2770.016,2.8624,19
21221,3072,6144,0,base,697.265,1,1.0,0,697.265,0,697.265,1.0,2109.811,3.0258,19
21221,8192,3072,0,base,966.872,1,1.0,0,966.872,0,966.872,1.0,2771.936,2.8669,19
21222,3072,6144,0,base,694.301,1,1.0,0,694.301,0,694.301,1.0,2111.411,3.0411,19
21222,8192,3072,0,base,962.972,1,1.0,0,962.972,0,962.972,1.0,2775.788,2.8825,19
21223,3072,6144,0,base,699.621,1,1.0,0,699.621,0,699.621,1.0,2115.859,3.0243,19
21223,8192,3072,0,base,958.344,1,1.0,0,958.344,0,958.344,1.0,2771.46,2.8919,19
21224,3072,6144,0,base,695.429,1,1.0,0,695.429,0,695.429,1.0,2118.451,3.0463,19
21224,8192,3072,0,base,958.76,1,1.0,0,958.76,0,958.76,1.0,2776.944,2.8964,19
21225,2048,3072,0,base,241.731,1,1.0,0,241.731,0,241.731,1.0,695.077,2.8754,19
21225,3072,6144,0,base,694.329,1,1.0,0,694.329,0,694.329,1.0,2106.671,3.0341,19
21225,8192,3072,0,base,967.164,1,1.0,0,967.164,0,967.164,1.0,2770.504,2.8646,19
21226,3072,6144,0,base,697.453,1,1.0,0,697.453,0,697.453,1.0,2113.823,3.0308,19
21226,8192,3072,0,base,967.432,1,1.0,0,967.432,0,967.432,1.0,2779.6,2.8732,19
21227,3072,6144,0,base,700.333,1,1.0,0,700.333,0,700.333,1.0,2114.235,3.0189,19
21227,8192,3072,0,base,960.304,1,1.0,0,960.304,0,960.304,1.0,2779.852,2.8948,19
21228,8192,3072,0,base,980.948,1,1.0,0,980.948,0,980.948,1.0,2760.796,2.8144,19
21229,3072,6144,0,base,696.297,1,1.0,0,696.297,0,696.297,1.0,2105.811,3.0243,19
21229,8192,3072,0,base,966.085,1,1.0,0,966.085,0,966.085,1.0,2778.096,2.8756,19
21230,8192,3072,0,base,973.693,1,1.0,0,973.693,0,973.693,1.0,2777.512,2.8526,19
21231,3072,6144,0,base,706.369,1,1.0,0,706.369,0,706.369,1.0,2115.591,2.995,19
21231,8192,3072,0,base,964.372,1,1.0,0,964.372,0,964.372,1.0,2778.348,2.881,19
21232,8192,3072,0,base,980.109,1,1.0,0,980.109,0,980.109,1.0,2780.828,2.8373,19
21233,3072,6144,0,base,689.873,1,1.0,0,689.873,0,689.873,1.0,2106.499,3.0535,19
21233,8192,3072,0,base,953.564,1,1.0,0,953.564,0,953.564,1.0,2770.808,2.9057,19
21234,8192,3072,0,base,974.413,1,1.0,0,974.413,0,974.413,1.0,2773.924,2.8468,19
21235,3072,6144,0,base,694.969,1,1.0,0,694.969,0,694.969,1.0,2098.115,3.019,19
21235,8192,3072,0,base,953.248,1,1.0,0,953.248,0,953.248,1.0,2770.94,2.9068,19
21236,8192,3072,0,base,982.601,1,1.0,0,982.601,0,982.601,1.0,2766.116,2.8151,19
21237,3072,6144,0,base,698.701,1,1.0,0,698.701,0,698.701,1.0,2101.423,3.0076,19
21237,8192,3072,0,base,955.596,1,1.0,0,955.596,0,955.596,1.0,2770.592,2.8993,19
21238,8192,3072,0,base,978.425,1,1.0,0,978.425,0,978.425,1.0,2769.188,2.8303,19
21239,3072,6144,0,base,695.049,1,1.0,0,695.049,0,695.049,1.0,2105.507,3.0293,19
21239,8192,3072,0,base,967.964,1,1.0,0,967.964,0,967.964,1.0,2765.36,2.8569,19
21240,8192,3072,0,base,977.405,1,1.0,0,977.405,0,977.405,1.0,2762.456,2.8263,19
21241,3072,6144,0,base,695.073,1,1.0,0,695.073,0,695.073,1.0,2099.971,3.0212,19
21241,8192,3072,0,base,958.88,1,1.0,0,958.88,0,958.88,1.0,2764.648,2.8832,19
21242,8192,3072,0,base,991.857,1,1.0,0,991.857,0,991.857,1.0,2773.036,2.7958,19
21243,3072,6144,0,base,693.741,1,1.0,0,693.741,0,693.741,1.0,2104.771,3.0339,19
21243,8192,3072,0,base,958.676,1,1.0,0,958.676,0,958.676,1.0,2770.176,2.8896,19
21244,8192,3072,0,base,975.117,1,1.0,0,975.117,0,975.117,1.0,2774.776,2.8456,19
21245,3072,6144,0,base,698.053,1,1.0,0,698.053,0,698.053,1.0,2103.031,3.0127,19
21245,8192,3072,0,base,957.592,1,1.0,0,957.592,0,957.592,1.0,2768.884,2.8915,19
21248,2048,3072,0,base,232.399,1,1.0,0,232.399,0,232.399,1.0,696.989,2.9991,19
21248,3072,3072,0,base,346.721,1,1.0,0,346.721,0,346.721,1.0,1039.645,2.9985,19
21248,3072,6144,0,base,661.412,1,1.0,0,661.412,0,661.412,1.0,2094.019,3.166,19
21248,4096,3072,0,base,462.422,1,1.0,0,462.422,0,462.422,1.0,1387.058,2.9996,19
21248,8192,3072,0,base,946.236,1,1.0,0,946.236,0,946.236,1.0,2770.904,2.9283,19
21270,8192,3072,0,base,974.057,1,1.0,0,974.057,0,974.057,1.0,2767.876,2.8416,19
21292,3072,6144,0,base,704.217,1,1.0,0,704.217,0,704.217,1.0,2111.563,2.9985,19
21292,8192,3072,0,base,967.196,1,1.0,0,967.196,0,967.196,1.0,2776.188,2.8703,19
21336,3072,6144,0,base,696.945,1,1.0,0,696.945,0,696.945,1.0,2130.736,3.0572,19
21336,8192,3072,0,base,957.228,1,1.0,0,957.228,0,957.228,1.0,2783.628,2.908,19
21338,3072,6144,0,base,697.997,1,1.0,0,697.997,0,697.997,1.0,2125.335,3.0449,19
21338,8192,3072,0,base,959.368,1,1.0,0,959.368,0,959.368,1.0,2781.152,2.8989,19
21344,3072,6144,0,base,699.017,1,1.0,0,699.017,0,699.017,1.0,2118.503,3.0307,19
21344,8192,3072,0,base,967.196,1,1.0,0,967.196,0,967.196,1.0,2777.188,2.8714,19
21352,3072,3072,0,base,373.345,1,1.0,0,373.345,0,373.345,1.0,1045.285,2.7998,19
21352,4096,3072,0,base,485.478,1,1.0,0,485.478,0,485.478,1.0,1395.062,2.8736,19
21373,3072,3072,0,base,366.781,1,1.0,0,366.781,0,366.781,1.0,1046.993,2.8545,19
21373,4096,3072,0,base,487.806,1,1.0,0,487.806,0,487.806,1.0,1401.398,2.8729,19
21376,2048,3072,0,base,234.635,1,1.0,0,234.635,0,234.635,1.0,700.021,2.9834,19
21376,3072,3072,0,base,350.504,1,1.0,0,350.504,0,350.504,1.0,1043.629,2.9775,19
21376,3072,6144,0,base,664.748,1,1.0,0,664.748,0,664.748,1.0,2115.875,3.183,19
21376,4096,3072,0,base,462.582,1,1.0,0,462.582,0,462.582,1.0,1399.958,3.0264,19
21376,8192,3072,0,base,945.384,1,1.0,0,945.384,0,945.384,1.0,2774.924,2.9352,19
21393,3072,6144,0,base,698.017,1,1.0,0,698.017,0,698.017,1.0,2131.607,3.0538,19
21393,8192,3072,0,base,960.604,1,1.0,0,960.604,0,960.604,1.0,2802.128,2.917,19
21405,3072,3072,0,base,376.865,1,1.0,0,376.865,0,376.865,1.0,1044.185,2.7707,19
21405,4096,3072,0,base,482.154,1,1.0,0,482.154,0,482.154,1.0,1406.214,2.9165,19
21411,8192,3072,0,base,976.996,1,1.0,0,976.996,0,976.996,1.0,2788.9,2.8546,19
21426,3072,3072,0,base,367.097,1,1.0,0,367.097,0,367.097,1.0,1049.61,2.8592,19
21426,4096,3072,0,base,482.542,1,1.0,0,482.542,0,482.542,1.0,1406.778,2.9153,19
21428,3072,3072,0,base,353.677,1,1.0,0,353.677,0,353.677,1.0,1044.369,2.9529,19
21428,4096,3072,0,base,477.57,1,1.0,0,477.57,0,477.57,1.0,1409.29,2.951,19
21459,3072,3072,0,base,365.344,1,1.0,0,365.344,0,365.344,1.0,1047.058,2.8659,19
21459,4096,3072,0,base,486.114,1,1.0,0,486.114,0,486.114,1.0,1408.622,2.8977,19
21470,2048,3072,0,base,242.439,1,1.0,0,242.439,0,242.439,1.0,703.945,2.9036,19
21504,2048,3072,0,base,234.175,1,1.0,0,234.175,0,234.175,1.0,703.937,3.006,19
21504,3072,3072,0,base,358.585,1,1.0,0,358.585,0,358.585,1.0,1049.866,2.9278,19
21504,3072,6144,0,base,670.629,1,1.0,0,670.629,0,670.629,1.0,2116.807,3.1565,19
21504,4096,3072,0,base,467.882,1,1.0,0,467.882,0,467.882,1.0,1413.534,3.0211,19
21504,8192,3072,0,base,946.692,1,1.0,0,946.692,0,946.692,1.0,2806.268,2.9643,19
21558,3072,3072,0,base,371.533,1,1.0,0,371.533,0,371.533,1.0,1055.53,2.841,19
21558,4096,3072,0,base,485.23,1,1.0,0,485.23,0,485.23,1.0,1413.658,2.9134,19
21601,3072,3072,0,base,359.537,1,1.0,0,359.537,0,359.537,1.0,1059.261,2.9462,19
21601,4096,3072,0,base,501.682,1,1.0,0,501.682,0,501.682,1.0,1418.97,2.8284,19
21632,2048,3072,0,base,227.679,1,1.0,0,227.679,0,227.679,1.0,710.141,3.119,19
21632,3072,3072,0,base,366.633,1,1.0,0,366.633,0,366.633,1.0,1056.494,2.8816,19
21632,3072,6144,0,base,670.741,1,1.0,0,670.741,0,670.741,1.0,2138.051,3.1876,19
21632,4096,3072,0,base,477.298,1,1.0,0,477.298,0,477.298,1.0,1419.542,2.9741,19
21632,8192,3072,0,base,953.477,1,1.0,0,953.477,0,953.477,1.0,2829.588,2.9677,19
21640,3072,3072,0,base,377.037,1,1.0,0,377.037,0,377.037,1.0,1059.765,2.8108,19
21640,4096,3072,0,base,497.454,1,1.0,0,497.454,0,497.454,1.0,1417.986,2.8505,19
21641,3072,3072,0,base,362.433,1,1.0,0,362.433,0,362.433,1.0,1054.75,2.9102,19
21641,4096,3072,0,base,491.298,1,1.0,0,491.298,0,491.298,1.0,1418.918,2.8881,19
21643,3072,3072,0,base,370.713,1,1.0,0,370.713,0,370.713,1.0,1054.693,2.845,19
21643,4096,3072,0,base,501.858,1,1.0,0,501.858,0,501.858,1.0,1415.566,2.8206,19
21644,3072,3072,0,base,357.401,1,1.0,0,357.401,0,357.401,1.0,1052.618,2.9452,19
21644,4096,3072,0,base,493.654,1,1.0,0,493.654,0,493.654,1.0,1416.014,2.8684,19
21647,3072,3072,0,base,362.541,1,1.0,0,362.541,0,362.541,1.0,1058.398,2.9194,19
21647,4096,3072,0,base,502.93,1,1.0,0,502.93,0,502.93,1.0,1420.15,2.8238,19
21655,3072,3072,0,base,364.633,1,1.0,0,364.633,0,364.633,1.0,1054.554,2.8921,19
21655,4096,3072,0,base,505.142,1,1.0,0,505.142,0,505.142,1.0,1419.082,2.8093,19
21705,8192,3072,0,base,993.693,1,1.0,0,993.693,0,993.693,1.0,2837.377,2.8554,19
21730,3072,3072,0,base,379.417,1,1.0,0,379.417,0,379.417,1.0,1058.938,2.791,19
21730,4096,3072,0,base,488.922,1,1.0,0,488.922,0,488.922,1.0,1418.206,2.9007,19
21739,3072,3072,0,base,375.089,1,1.0,0,375.089,0,375.089,1.0,1060.134,2.8264,19
21739,4096,3072,0,base,501.606,1,1.0,0,501.606,0,501.606,1.0,1419.778,2.8305,19
21743,2048,3072,0,base,235.691,1,1.0,0,235.691,0,235.691,1.0,710.113,3.0129,19
21750,3072,6144,0,base,707.485,1,1.0,0,707.485,0,707.485,1.0,2153.3,3.0436,19
21750,8192,3072,0,base,987.137,1,1.0,0,987.137,0,987.137,1.0,2830.589,2.8675,19
21760,2048,3072,0,base,229.235,1,1.0,0,229.235,0,229.235,1.0,711.181,3.1024,19
21760,3072,3072,0,base,352.749,1,1.0,0,352.749,0,352.749,1.0,1058.19,2.9998,19
21760,3072,6144,0,base,670.037,1,1.0,0,670.037,0,670.037,1.0,2141.808,3.1966,19
21760,4096,3072,0,base,480.554,1,1.0,0,480.554,0,480.554,1.0,1423.15,2.9615,19
21760,8192,3072,0,base,962.144,1,1.0,0,962.144,0,962.144,1.0,2827.489,2.9387,19
21766,3072,3072,0,base,386.713,1,1.0,0,386.713,0,386.713,1.0,1060.71,2.7429,19
21766,4096,3072,0,base,499.218,1,1.0,0,499.218,0,499.218,1.0,1424.102,2.8527,19
21812,3072,3072,0,base,383.057,1,1.0,0,383.057,0,383.057,1.0,1059.866,2.7669,19
21812,4096,3072,0,base,496.454,1,1.0,0,496.454,0,496.454,1.0,1426.746,2.8739,19
21813,3072,3072,0,base,383.557,1,1.0,0,383.557,0,383.557,1.0,1060.458,2.7648,19
21813,4096,3072,0,base,492.05,1,1.0,0,492.05,0,492.05,1.0,1423.29,2.8926,19
21819,3072,3072,0,base,370.121,1,1.0,0,370.121,0,370.121,1.0,1059.95,2.8638,19
21819,4096,3072,0,base,493.07,1,1.0,0,493.07,0,493.07,1.0,1427.455,2.895,19
21822,3072,6144,0,base,714.369,1,1.0,0,714.369,0,714.369,1.0,2150.616,3.0105,19
21822,8192,3072,0,base,986.509,1,1.0,0,986.509,0,986.509,1.0,2836.409,2.8752,19
21825,8192,3072,0,base,998.441,1,1.0,0,998.441,0,998.441,1.0,2843.857,2.8483,19
21830,2048,3072,0,base,250.127,1,1.0,0,250.127,0,250.127,1.0,716.325,2.8638,19
21832,3072,3072,0,base,385.761,1,1.0,0,385.761,0,385.761,1.0,1062.638,2.7547,19
21832,4096,3072,0,base,503.302,1,1.0,0,503.302,0,503.302,1.0,1424.026,2.8294,19
21888,2048,3072,0,base,228.463,1,1.0,0,228.463,0,228.463,1.0,716.13,3.1346,19
21888,3072,3072,0,base,384.385,1,1.0,0,384.385,0,384.385,1.0,1070.289,2.7844,19
21888,3072,6144,0,base,701.317,1,1.0,0,701.317,0,701.317,1.0,2158.4,3.0776,19
21888,4096,3072,0,base,474.998,1,1.0,0,474.998,0,474.998,1.0,1434.571,3.0202,19
21888,8192,3072,0,base,968.092,1,1.0,0,968.092,0,968.092,1.0,2843.629,2.9374,19
21968,3072,3072,0,base,391.309,1,1.0,0,391.309,0,391.309,1.0,1073.73,2.7439,19
21968,4096,3072,0,base,510.419,1,1.0,0,510.419,0,510.419,1.0,1436.175,2.8137,19
22001,2048,3072,0,base,244.267,1,1.0,0,244.267,0,244.267,1.0,716.765,2.9344,19
22010,3072,3072,0,base,386.201,1,1.0,0,386.201,0,386.201,1.0,1068.138,2.7658,19
22010,4096,3072,0,base,509.291,1,1.0,0,509.291,0,509.291,1.0,1430.046,2.8079,19
22010,8192,3072,0,base,991.413,1,1.0,0,991.413,0,991.413,1.0,2873.241,2.8981,19
22012,3072,3072,0,base,390.637,1,1.0,0,390.637,0,390.637,1.0,1072.294,2.745,19
22012,4096,3072,0,base,504.774,1,1.0,0,504.774,0,504.774,1.0,1432.423,2.8377,19
22016,2048,3072,0,base,229.531,1,1.0,0,229.531,0,229.531,1.0,720.601,3.1395,19
22016,3072,3072,0,base,381.113,1,1.0,0,381.113,0,381.113,1.0,1073.242,2.8161,19
22016,3072,6144,0,base,701.057,1,1.0,0,701.057,0,701.057,1.0,2162.588,3.0848,19
22016,4096,3072,0,base,490.343,1,1.0,0,490.343,0,490.343,1.0,1439.023,2.9347,19
22016,8192,3072,0,base,977.637,1,1.0,0,977.637,0,977.637,1.0,2866.801,2.9324,19
22030,3072,3072,0,base,395.801,1,1.0,0,395.801,0,395.801,1.0,1078.466,2.7248,19
22030,4096,3072,0,base,509.978,1,1.0,0,509.978,0,509.978,1.0,1441.215,2.826,19
22040,8192,3072,0,base,1010.081,1,1.0,0,1010.081,0,1010.081,1.0,2876.657,2.8479,19
22042,3072,3072,0,base,391.853,1,1.0,0,391.853,0,391.853,1.0,1080.018,2.7562,19
22042,4096,3072,0,base,500.135,1,1.0,0,500.135,0,500.135,1.0,1439.843,2.8789,19
22059,2048,3072,0,base,241.383,1,1.0,0,241.383,0,241.383,1.0,725.053,3.0037,19
22067,3072,3072,0,base,394.989,1,1.0,0,394.989,0,394.989,1.0,1086.058,2.7496,19
22067,4096,3072,0,base,509.062,1,1.0,0,509.062,0,509.062,1.0,1442.127,2.8329,19
22144,2048,3072,0,base,234.295,1,1.0,0,234.295,0,234.295,1.0,726.925,3.1026,19
22144,3072,3072,0,base,369.085,1,1.0,0,369.085,0,369.085,1.0,1083.362,2.9353,19
22144,3072,6144,0,base,713.893,1,1.0,0,713.893,0,713.893,1.0,2183.908,3.0592,19
22144,4096,3072,0,base,477.458,1,1.0,0,477.458,0,477.458,1.0,1447.722,3.0321,19
22144,8192,3072,0,base,987.585,1,1.0,0,987.585,0,987.585,1.0,2879.433,2.9156,19
22184,3072,6144,0,base,744.462,1,1.0,0,744.462,0,744.462,1.0,2210.064,2.9687,19
22184,8192,3072,0,base,1018.185,1,1.0,0,1018.185,0,1018.185,1.0,2892.713,2.841,19
22187,2048,3072,0,base,244.803,1,1.0,0,244.803,0,244.803,1.0,725.885,2.9652,19
22188,8192,3072,0,base,1022.705,1,1.0,0,1022.705,0,1022.705,1.0,2893.797,2.8296,19
22213,2048,3072,0,base,250.091,1,1.0,0,250.091,0,250.091,1.0,727.645,2.9095,19
22242,3072,6144,0,base,733.138,1,1.0,0,733.138,0,733.138,1.0,2210.848,3.0156,19
22242,8192,3072,0,base,1009.097,1,1.0,0,1009.097,0,1009.097,1.0,2909.069,2.8828,19
22248,3072,3072,0,base,396.577,1,1.0,0,396.577,0,396.577,1.0,1086.946,2.7408,19
22248,4096,3072,0,base,513.631,1,1.0,0,513.631,0,513.631,1.0,1457.935,2.8385,19
22272,2048,3072,0,base,239.215,1,1.0,0,239.215,0,239.215,1.0,727.933,3.043,19
22272,3072,3072,0,base,373.081,1,1.0,0,373.081,0,373.081,1.0,1090.482,2.9229,19
22272,3072,6144,0,base,704.129,1,1.0,0,704.129,0,704.129,1.0,2206.68,3.1339,19
22272,4096,3072,0,base,484.322,1,1.0,0,484.322,0,484.322,1.0,1459.631,3.0138,19
22272,8192,3072,0,base,997.849,1,1.0,0,997.849,0,997.849,1.0,2904.745,2.911,19
22280,3072,3072,0,base,390.669,1,1.0,0,390.669,0,390.669,1.0,1107.254,2.8343,19
22280,4096,3072,0,base,505.119,1,1.0,0,505.119,0,505.119,1.0,1465.047,2.9004,19
22311,8192,3072,0,base,1017.893,1,1.0,0,1017.893,0,1017.893,1.0,2919.738,2.8684,19
22315,8192,3072,0,base,1033.049,1,1.0,0,1033.049,0,1033.049,1.0,2911.265,2.8181,19
22331,3072,3072,0,base,381.893,1,1.0,0,381.893,0,381.893,1.0,1101.498,2.8843,19
22331,4096,3072,0,base,501.595,1,1.0,0,501.595,0,501.595,1.0,1462.259,2.9152,19
22338,8192,3072,0,base,1016.457,1,1.0,0,1016.457,0,1016.457,1.0,2929.526,2.8821,19
22341,2048,3072,0,base,238.307,1,1.0,0,238.307,0,238.307,1.0,736.334,3.0899,19
22360,2048,3072,0,base,252.139,1,1.0,0,252.139,0,252.139,1.0,735.161,2.9157,19
22400,2048,3072,0,base,242.087,1,1.0,0,242.087,0,242.087,1.0,736.278,3.0414,19
22400,3072,3072,0,base,380.593,1,1.0,0,380.593,0,380.593,1.0,1097.29,2.8831,19
22400,3072,6144,0,base,699.773,1,1.0,0,699.773,0,699.773,1.0,2210.708,3.1592,19
22400,4096,3072,0,base,488.014,1,1.0,0,488.014,0,488.014,1.0,1475.091,3.0226,19
22400,8192,3072,0,base,984.533,1,1.0,0,984.533,0,984.533,1.0,2922.958,2.9689,19
22410,2048,3072,0,base,253.499,1,1.0,0,253.499,0,253.499,1.0,734.097,2.8959,19
22437,3072,6144,0,base,731.738,1,1.0,0,731.738,0,731.738,1.0,2227.86,3.0446,19
22437,8192,3072,0,base,1032.373,1,1.0,0,1032.373,0,1032.373,1.0,2936.302,2.8442,19
22528,2048,3072,0,base,238.247,1,1.0,0,238.247,0,238.247,1.0,737.041,3.0936,19
22528,3072,3072,0,base,369.201,1,1.0,0,369.201,0,369.201,1.0,1108.862,3.0034,19
22528,3072,6144,0,base,697.253,1,1.0,0,697.253,0,697.253,1.0,2218.644,3.182,19
22528,4096,3072,0,base,480.29,1,1.0,0,480.29,0,480.29,1.0,1471.967,3.0647,19
22528,8192,3072,0,base,989.333,1,1.0,0,989.333,0,989.333,1.0,2933.134,2.9648,19
22602,3072,3072,0,base,397.393,1,1.0,0,397.393,0,397.393,1.0,1111.13,2.796,19
22602,4096,3072,0,base,524.051,1,1.0,0,524.051,0,524.051,1.0,1475.831,2.8162,19
22605,3072,3072,0,base,391.533,1,1.0,0,391.533,0,391.533,1.0,1124.246,2.8714,19
22605,4096,3072,0,base,519.391,1,1.0,0,519.391,0,519.391,1.0,1475.179,2.8402,19
22649,8192,3072,0,base,1032.205,1,1.0,0,1032.205,0,1032.205,1.0,2957.222,2.865,19
22650,8192,3072,0,base,1048.562,1,1.0,0,1048.562,0,1048.562,1.0,2957.338,2.8204,19
22656,2048,3072,0,base,262.263,1,1.0,0,262.263,0,262.263,1.0,741.31,2.8266,19
22656,3072,3072,0,base,376.093,1,1.0,0,376.093,0,376.093,1.0,1114.962,2.9646,19
22656,3072,6144,0,base,718.393,1,1.0,0,718.393,0,718.393,1.0,2223.349,3.0949,19
22656,4096,3072,0,base,502.203,1,1.0,0,502.203,0,502.203,1.0,1479.035,2.9451,19
22656,8192,3072,0,base,1017.213,1,1.0,0,1017.213,0,1017.213,1.0,2955.538,2.9055,19
22694,3072,6144,0,base,752.11,1,1.0,0,752.11,0,752.11,1.0,2261.617,3.007,19
22694,8192,3072,0,base,1052.158,1,1.0,0,1052.158,0,1052.158,1.0,2961.066,2.8143,19
22728,8192,3072,0,base,1040.061,1,1.0,0,1040.061,0,1040.061,1.0,2966.291,2.852,19
22784,2048,3072,0,base,255.503,1,1.0,0,255.503,0,255.503,1.0,743.794,2.9111,19
22784,3072,3072,0,base,386.245,1,1.0,0,386.245,0,386.245,1.0,1114.434,2.8853,19
22784,3072,6144,0,base,712.757,1,1.0,0,712.757,0,712.757,1.0,2241.681,3.1451,19
22784,4096,3072,0,base,509.815,1,1.0,0,509.815,0,509.815,1.0,1486.463,2.9157,19
22784,8192,3072,0,base,1009.745,1,1.0,0,1009.745,0,1009.745,1.0,2966.942,2.9383,19
22912,2048,3072,0,base,254.407,1,1.0,0,254.407,0,254.407,1.0,748.51,2.9422,19
22912,3072,3072,0,base,383.929,1,1.0,0,383.929,0,383.929,1.0,1123.63,2.9267,19
22912,3072,6144,0,base,709.197,1,1.0,0,709.197,0,709.197,1.0,2256.965,3.1824,19
22912,4096,3072,0,base,500.859,1,1.0,0,500.859,0,500.859,1.0,1496.411,2.9877,19
22912,8192,3072,0,base,1017.525,1,1.0,0,1017.525,0,1017.525,1.0,2980.142,2.9288,19
23009,3072,6144,0,base,742.402,1,1.0,0,742.402,0,742.402,1.0,2279.857,3.0709,19
23009,8192,3072,0,base,1049.001,1,1.0,0,1049.001,0,1049.001,1.0,3000.447,2.8603,19
23010,8192,3072,0,base,1054.401,1,1.0,0,1054.401,0,1054.401,1.0,3000.235,2.8454,19
23040,2048,3072,0,base,263.767,1,1.0,0,263.767,0,263.767,1.0,752.894,2.8544,19
23040,3072,3072,0,base,389.709,1,1.0,0,389.709,0,389.709,1.0,1133.075,2.9075,19
23040,3072,6144,0,base,713.001,1,1.0,0,713.001,0,713.001,1.0,2259.905,3.1696,19
23040,4096,3072,0,base,508.491,1,1.0,0,508.491,0,508.491,1.0,1503.712,2.9572,19
23040,8192,3072,0,base,1014.253,1,1.0,0,1014.253,0,1014.253,1.0,2994.659,2.9526,19
23133,3072,6144,0,base,742.058,1,1.0,0,742.058,0,742.058,1.0,2292.069,3.0888,19
23133,8192,3072,0,base,1067.954,1,1.0,0,1067.954,0,1067.954,1.0,3028.307,2.8356,19
23168,2048,3072,0,base,261.359,1,1.0,0,261.359,0,261.359,1.0,759.522,2.906,19
23168,3072,3072,0,base,382.973,1,1.0,0,382.973,0,382.973,1.0,1136.934,2.9687,19
23168,3072,6144,0,base,724.549,1,1.0,0,724.549,0,724.549,1.0,2280.461,3.1474,19
23168,4096,3072,0,base,513.571,1,1.0,0,513.571,0,513.571,1.0,1512.884,2.9458,19
23168,8192,3072,0,base,1025.337,1,1.0,0,1025.337,0,1025.337,1.0,3020.775,2.9461,19
23173,2048,3072,0,base,264.867,1,1.0,0,264.867,0,264.867,1.0,761.845,2.8763,19
23173,3072,3072,0,base,417.985,1,1.0,0,417.985,0,417.985,1.0,1136.847,2.7198,19
23173,4096,3072,0,base,533.359,1,1.0,0,533.359,0,533.359,1.0,1520.652,2.8511,19
23179,8192,3072,0,base,1052.314,1,1.0,0,1052.314,0,1052.314,1.0,3024.651,2.8743,19
23180,8192,3072,0,base,1067.222,1,1.0,0,1067.222,0,1067.222,1.0,3023.715,2.8333,19
23227,2048,3072,0,base,266.063,1,1.0,0,266.063,0,266.063,1.0,758.829,2.8521,19
23240,8192,3072,0,base,1061.078,1,1.0,0,1061.078,0,1061.078,1.0,3034.823,2.8601,19
23296,2048,3072,0,base,262.828,1,1.0,0,262.828,0,262.828,1.0,763.398,2.9046,19
23296,3072,3072,0,base,398.941,1,1.0,0,398.941,0,398.941,1.0,1141.263,2.8607,19
23296,3072,6144,0,base,747.993,1,1.0,0,747.993,0,747.993,1.0,2297.005,3.0709,19
23296,4096,3072,0,base,509.442,1,1.0,0,509.442,0,509.442,1.0,1524.408,2.9923,19
23296,8192,3072,0,base,1029.253,1,1.0,0,1029.253,0,1029.253,1.0,3038.527,2.9522,19
23309,8192,3072,0,base,1063.746,1,1.0,0,1063.746,0,1063.746,1.0,3043.411,2.861,19
23334,2048,3072,0,base,262.259,1,1.0,0,262.259,0,262.259,1.0,768.53,2.9304,19
23334,3072,3072,0,base,406.905,1,1.0,0,406.905,0,406.905,1.0,1165.731,2.8649,19
23334,4096,3072,0,base,536.775,1,1.0,0,536.775,0,536.775,1.0,1532.284,2.8546,19
23424,2048,3072,0,base,258.075,1,1.0,0,258.075,0,258.075,1.0,768.102,2.9763,19
23424,3072,3072,0,base,393.125,1,1.0,0,393.125,0,393.125,1.0,1151.359,2.9287,19
23424,3072,6144,0,base,744.854,1,1.0,0,744.854,0,744.854,1.0,2318.274,3.1124,19
23424,4096,3072,0,base,520.959,1,1.0,0,520.959,0,520.959,1.0,1524.968,2.9272,19
23424,8192,3072,0,base,1038.381,1,1.0,0,1038.381,0,1038.381,1.0,3050.703,2.9379,19
23545,8192,3072,0,base,1078.202,1,1.0,0,1078.202,0,1078.202,1.0,3083.408,2.8598,19
23546,8192,3072,0,base,1075.342,1,1.0,0,1075.342,0,1075.342,1.0,3071.932,2.8567,19
23552,2048,3072,0,base,258.135,1,1.0,0,258.135,0,258.135,1.0,768.714,2.9779,19
23552,3072,3072,0,base,406.529,1,1.0,0,406.529,0,406.529,1.0,1156.903,2.8458,19
23552,3072,6144,0,base,742.482,1,1.0,0,742.482,0,742.482,1.0,2311.534,3.1133,19
23552,4096,3072,0,base,514.071,1,1.0,0,514.071,0,514.071,1.0,1536.304,2.9885,19
23552,8192,3072,0,base,1034.685,1,1.0,0,1034.685,0,1034.685,1.0,3067.516,2.9647,19
23671,8192,3072,0,base,1085.417,1,1.0,0,1085.417,0,1085.417,1.0,3091.468,2.8482,19
23680,2048,3072,0,base,257.747,1,1.0,0,257.747,0,257.747,1.0,775.638,3.0093,19
23680,3072,3072,0,base,411.261,1,1.0,0,411.261,0,411.261,1.0,1163.175,2.8283,19
23680,3072,6144,0,base,746.358,1,1.0,0,746.358,0,746.358,1.0,2341.79,3.1376,19
23680,4096,3072,0,base,531.759,1,1.0,0,531.759,0,531.759,1.0,1557.26,2.9285,19
23680,8192,3072,0,base,1044.665,1,1.0,0,1044.665,0,1044.665,1.0,3093.888,2.9616,19
23718,2048,3072,0,base,266.703,1,1.0,0,266.703,0,266.703,1.0,778.794,2.9201,19
23726,8192,3072,0,base,1078.202,1,1.0,0,1078.202,0,1078.202,1.0,3106.42,2.8811,19
23755,2048,3072,0,base,263.567,1,1.0,0,263.567,0,263.567,1.0,775.358,2.9418,19
23795,2048,3072,0,base,268.231,1,1.0,0,268.231,0,268.231,1.0,775.302,2.8904,19
23808,2048,3072,0,base,256.547,1,1.0,0,256.547,0,256.547,1.0,777.578,3.0309,19
23808,3072,3072,0,base,400.701,1,1.0,0,400.701,0,400.701,1.0,1173.707,2.9291,19
23808,3072,6144,0,base,752.274,1,1.0,0,752.274,0,752.274,1.0,2355.471,3.1311,19
23808,4096,3072,0,base,523.347,1,1.0,0,523.347,0,523.347,1.0,1554.32,2.97,19
23808,8192,3072,0,base,1056.966,1,1.0,0,1056.966,0,1056.966,1.0,3101.812,2.9346,19
23936,2048,3072,0,base,262.459,1,1.0,0,262.459,0,262.459,1.0,781.834,2.9789,19
23936,3072,3072,0,base,394.593,1,1.0,0,394.593,0,394.593,1.0,1171.611,2.9692,19
23936,3072,6144,0,base,753.302,1,1.0,0,753.302,0,753.302,1.0,2363.495,3.1375,19
23936,4096,3072,0,base,532.715,1,1.0,0,532.715,0,532.715,1.0,1564.396,2.9366,19
23936,8192,3072,0,base,1060.89,1,1.0,0,1060.89,0,1060.89,1.0,3125.56,2.9462,19
23997,2048,3072,0,base,275.484,1,1.0,0,275.484,0,275.484,1.0,783.39,2.8437,19
23997,3072,3072,0,base,421.594,1,1.0,0,421.594,0,421.594,1.0,1172.051,2.78,19
23997,3072,6144,0,base,779.406,1,1.0,0,779.406,0,779.406,1.0,2379.259,3.0527,19
23997,4096,3072,0,base,553.523,1,1.0,0,553.523,0,553.523,1.0,1570.596,2.8375,19
23997,8192,3072,0,base,1086.094,1,1.0,0,1086.094,0,1086.094,1.0,3118.704,2.8715,19
24003,2048,3072,0,base,276.031,1,1.0,0,276.031,0,276.031,1.0,781.69,2.8319,19
24064,2048,3072,0,base,265.9,1,1.0,0,265.9,0,265.9,1.0,782.722,2.9437,19
24064,3072,3072,0,base,405.161,1,1.0,0,405.161,0,405.161,1.0,1186.919,2.9295,19
24064,3072,6144,0,base,753.118,1,1.0,0,753.118,0,753.118,1.0,2362.243,3.1366,19
24064,4096,3072,0,base,529.427,1,1.0,0,529.427,0,529.427,1.0,1570.004,2.9655,19
24064,8192,3072,0,base,1064.418,1,1.0,0,1064.418,0,1064.418,1.0,3125.664,2.9365,19
24192,2048,3072,0,base,271.679,1,1.0,0,271.679,0,271.679,1.0,789.682,2.9067,19
24192,3072,3072,0,base,410.289,1,1.0,0,410.289,0,410.289,1.0,1196.824,2.917,19
24192,3072,6144,0,base,761.974,1,1.0,0,761.974,0,761.974,1.0,2383.466,3.128,19
24192,4096,3072,0,base,528.719,1,1.0,0,528.719,0,528.719,1.0,1575.548,2.9799,19
24192,8192,3072,0,base,1079.318,1,1.0,0,1079.318,0,1079.318,1.0,3148.945,2.9175,19
24300,3072,3072,0,base,418.877,1,1.0,0,418.877,0,418.877,1.0,1203.323,2.8727,19
24300,4096,3072,0,base,551.411,1,1.0,0,551.411,0,551.411,1.0,1580.516,2.8663,19
24320,2048,3072,0,base,258.219,1,1.0,0,258.219,0,258.219,1.0,795.474,3.0806,19
24320,3072,3072,0,base,402.197,1,1.0,0,402.197,0,402.197,1.0,1187.539,2.9526,19
24320,3072,6144,0,base,756.185,1,1.0,0,756.185,0,756.185,1.0,2402.699,3.1774,19
24320,4096,3072,0,base,542.471,1,1.0,0,542.471,0,542.471,1.0,1588.26,2.9278,19
24320,8192,3072,0,base,1074.666,1,1.0,0,1074.666,0,1074.666,1.0,3164.297,2.9444,19
24448,2048,3072,0,base,269.211,1,1.0,0,269.211,0,269.211,1.0,800.83,2.9747,19
24448,3072,3072,0,base,411.549,1,1.0,0,411.549,0,411.549,1.0,1208.788,2.9372,19
24448,3072,6144,0,base,765.226,1,1.0,0,765.226,0,765.226,1.0,2414.131,3.1548,19
24448,4096,3072,0,base,535.703,1,1.0,0,535.703,0,535.703,1.0,1594.501,2.9765,19
24448,8192,3072,0,base,1080.966,1,1.0,0,1080.966,0,1080.966,1.0,3181.097,2.9428,19
24494,3072,3072,0,base,421.621,1,1.0,0,421.621,0,421.621,1.0,1199.243,2.8444,19
24494,4096,3072,0,base,562.439,1,1.0,0,562.439,0,562.439,1.0,1598.52,2.8421,19
24504,3072,6144,0,base,781.022,1,1.0,0,781.022,0,781.022,1.0,2436.712,3.1199,19
24504,8192,3072,0,base,1117.97,1,1.0,0,1117.97,0,1117.97,1.0,3199.069,2.8615,19
24576,2048,3072,0,base,268.356,1,1.0,0,268.356,0,268.356,1.0,803.01,2.9923,19
24576,3072,3072,0,base,409.825,1,1.0,0,409.825,0,409.825,1.0,1205.652,2.9419,19
24576,3072,6144,0,base,768.422,1,1.0,0,768.422,0,768.422,1.0,2424.767,3.1555,19
24576,4096,3072,0,base,529.467,1,1.0,0,529.467,0,529.467,1.0,1605.597,3.0325,19
24576,8192,3072,0,base,1084.966,1,1.0,0,1084.966,0,1084.966,1.0,3190.733,2.9409,19
24654,3072,6144,0,base,826.191,1,1.0,0,826.191,0,826.191,1.0,2456.856,2.9737,19
24654,8192,3072,0,base,1131.279,1,1.0,0,1131.279,0,1131.279,1.0,3220.85,2.8471,19
24675,2048,3072,0,base,281.904,1,1.0,0,281.904,0,281.904,1.0,806.638,2.8614,19
24675,3072,3072,0,base,430.733,1,1.0,0,430.733,0,430.733,1.0,1209.115,2.8071,19
24675,4096,3072,0,base,565.815,1,1.0,0,565.815,0,565.815,1.0,1620.393,2.8638,19
24675,8192,3072,0,base,1118.423,1,1.0,0,1118.423,0,1118.423,1.0,3223.386,2.8821,19
24704,2048,3072,0,base,287.492,1,1.0,0,287.492,0,287.492,1.0,811.014,2.821,19
24704,3072,3072,0,base,417.241,1,1.0,0,417.241,0,417.241,1.0,1205.423,2.889,19
24704,3072,6144,0,base,789.398,1,1.0,0,789.398,0,789.398,1.0,2432.411,3.0813,19
24704,4096,3072,0,base,549.159,1,1.0,0,549.159,0,549.159,1.0,1629.493,2.9673,19
24704,8192,3072,0,base,1093.29,1,1.0,0,1093.29,0,1093.29,1.0,3223.526,2.9485,19
24759,3072,3072,0,base,439.002,1,1.0,0,439.002,0,439.002,1.0,1216.859,2.7719,19
24759,4096,3072,0,base,572.795,1,1.0,0,572.795,0,572.795,1.0,1623.509,2.8344,19
24832,2048,3072,0,base,274.291,1,1.0,0,274.291,0,274.291,1.0,811.151,2.9573,19
24832,3072,3072,0,base,417.542,1,1.0,0,417.542,0,417.542,1.0,1214.808,2.9094,19
24832,3072,6144,0,base,795.122,1,1.0,0,795.122,0,795.122,1.0,2448.331,3.0792,19
24832,4096,3072,0,base,552.335,1,1.0,0,552.335,0,552.335,1.0,1641.461,2.9719,19
24832,8192,3072,0,base,1101.622,1,1.0,0,1101.622,0,1101.622,1.0,3241.242,2.9422,19
24960,2048,3072,0,base,279.184,1,1.0,0,279.184,0,279.184,1.0,818.755,2.9327,19
24960,3072,3072,0,base,420.985,1,1.0,0,420.985,0,420.985,1.0,1218.576,2.8946,19
24960,3072,6144,0,base,793.622,1,1.0,0,793.622,0,793.622,1.0,2472.944,3.116,19
24960,4096,3072,0,base,554.863,1,1.0,0,554.863,0,554.863,1.0,1628.613,2.9352,19
24960,8192,3072,0,base,1107.186,1,1.0,0,1107.186,0,1107.186,1.0,3263.478,2.9475,19
25000,2048,3072,0,base,285.696,1,1.0,0,285.696,0,285.696,1.0,816.594,2.8583,19
25000,3072,3072,0,base,425.877,1,1.0,0,425.877,0,425.877,1.0,1223.588,2.8731,19
25000,3072,6144,0,base,823.387,1,1.0,0,823.387,0,823.387,1.0,2498.836,3.0348,19
25000,4096,3072,0,base,574.723,1,1.0,0,574.723,0,574.723,1.0,1640.469,2.8544,19
25000,8192,3072,0,base,1134.259,1,1.0,0,1134.259,0,1134.259,1.0,3267.114,2.8804,19
25001,3072,3072,0,base,433.23,1,1.0,0,433.23,0,433.23,1.0,1226.816,2.8318,19
25001,4096,3072,0,base,575.059,1,1.0,0,575.059,0,575.059,1.0,1644.165,2.8591,19
25001,8192,3072,0,base,1133.559,1,1.0,0,1133.559,0,1133.559,1.0,3263.582,2.8791,19
25002,8192,3072,0,base,1136.755,1,1.0,0,1136.755,0,1136.755,1.0,3270.47,2.877,19
25003,2048,3072,0,base,284.896,1,1.0,0,284.896,0,284.896,1.0,819.442,2.8763,19
25003,3072,3072,0,base,437.854,1,1.0,0,437.854,0,437.854,1.0,1226.284,2.8007,19
25003,4096,3072,0,base,564.879,1,1.0,0,564.879,0,564.879,1.0,1641.973,2.9068,19
25003,8192,3072,0,base,1127.403,1,1.0,0,1127.403,0,1127.403,1.0,3263.91,2.8951,19
25004,2048,3072,0,base,287.716,1,1.0,0,287.716,0,287.716,1.0,817.37,2.8409,19
25004,3072,3072,0,base,442.746,1,1.0,0,442.746,0,442.746,1.0,1225.612,2.7682,19
25004,4096,3072,0,base,576.419,1,1.0,0,576.419,0,576.419,1.0,1632.209,2.8316,19
25006,3072,3072,0,base,434.602,1,1.0,0,434.602,0,434.602,1.0,1238.992,2.8509,19
25006,4096,3072,0,base,564.859,1,1.0,0,564.859,0,564.859,1.0,1629.613,2.885,19
25007,2048,3072,0,base,281.94,1,1.0,0,281.94,0,281.94,1.0,815.899,2.8939,19
25009,2048,3072,0,base,293.692,1,1.0,0,293.692,0,293.692,1.0,815.398,2.7764,19
25014,3072,3072,0,base,436.382,1,1.0,0,436.382,0,436.382,1.0,1227.556,2.813,19
25014,4096,3072,0,base,570.503,1,1.0,0,570.503,0,570.503,1.0,1644.245,2.8821,19
25014,8192,3072,0,base,1132.962,1,1.0,0,1132.962,0,1132.962,1.0,3273.39,2.8892,19
25019,2048,3072,0,base,286.687,1,1.0,0,286.687,0,286.687,1.0,815.987,2.8463,19
25033,2048,3072,0,base,289.668,1,1.0,0,289.668,0,289.668,1.0,814.463,2.8117,19
25039,3072,6144,0,base,825.975,1,1.0,0,825.975,0,825.975,1.0,2493.816,3.0192,19
25039,8192,3072,0,base,1142.431,1,1.0,0,1142.431,0,1142.431,1.0,3262.714,2.8559,19
25040,3072,3072,0,base,433.858,1,1.0,0,433.858,0,433.858,1.0,1219.148,2.81,19
25040,4096,3072,0,base,567.815,1,1.0,0,567.815,0,567.815,1.0,1639.241,2.8869,19
25045,2048,3072,0,base,292.14,1,1.0,0,292.14,0,292.14,1.0,814.131,2.7868,19
25070,8192,3072,0,base,1136.111,1,1.0,0,1136.111,0,1136.111,1.0,3265.818,2.8746,19
25088,2048,3072,0,base,274.759,1,1.0,0,274.759,0,274.759,1.0,816.634,2.9722,19
25088,3072,3072,0,base,416.394,1,1.0,0,416.394,0,416.394,1.0,1220.488,2.9311,19
25088,3072,6144,0,base,799.498,1,1.0,0,799.498,0,799.498,1.0,2467.764,3.0866,19
25088,4096,3072,0,base,548.995,1,1.0,0,548.995,0,548.995,1.0,1636.433,2.9808,19
25088,8192,3072,0,base,1099.322,1,1.0,0,1099.322,0,1099.322,1.0,3255.63,2.9615,19
25090,2048,3072,0,base,295.328,1,1.0,0,295.328,0,295.328,1.0,821.59,2.782,19
25117,2048,3072,0,base,289.596,1,1.0,0,289.596,0,289.596,1.0,822.303,2.8395,19
25199,3072,3072,0,base,438.157,1,1.0,0,438.157,0,438.157,1.0,1236.556,2.8222,19
25199,4096,3072,0,base,578.115,1,1.0,0,578.115,0,578.115,1.0,1639.653,2.8362,19
25216,2048,3072,0,base,277.628,1,1.0,0,277.628,0,277.628,1.0,825.075,2.9719,19
25216,3072,3072,0,base,419.409,1,1.0,0,419.409,0,419.409,1.0,1238.664,2.9534,19
25216,3072,6144,0,base,804.754,1,1.0,0,804.754,0,804.754,1.0,2493.324,3.0982,19
25216,4096,3072,0,base,559.415,1,1.0,0,559.415,0,559.415,1.0,1649.957,2.9494,19
25216,8192,3072,0,base,1118.17,1,1.0,0,1118.17,0,1118.17,1.0,3282.922,2.936,19
25238,2048,3072,0,base,295.155,1,1.0,0,295.155,0,295.155,1.0,823.346,2.7895,19
25260,8192,3072,0,base,1152.51,1,1.0,0,1152.51,0,1152.51,1.0,3289.163,2.8539,19
25270,3072,6144,0,base,832.679,1,1.0,0,832.679,0,832.679,1.0,2520.644,3.0272,19
25270,8192,3072,0,base,1159.251,1,1.0,0,1159.251,0,1159.251,1.0,3291.278,2.8391,19
25276,8192,3072,0,base,1154.847,1,1.0,0,1154.847,0,1154.847,1.0,3296.65,2.8546,19
25284,8192,3072,0,base,1158.735,1,1.0,0,1158.735,0,1158.735,1.0,3305.658,2.8528,19
25292,3072,6144,0,base,830.867,1,1.0,0,830.867,0,830.867,1.0,2523.725,3.0375,19
25292,8192,3072,0,base,1159.983,1,1.0,0,1159.983,0,1159.983,1.0,3302.663,2.8472,19
25320,8192,3072,0,base,1155.447,1,1.0,0,1155.447,0,1155.447,1.0,3304.083,2.8596,19
25328,3072,6144,0,base,837.495,1,1.0,0,837.495,0,837.495,1.0,2512.924,3.0005,19
25328,8192,3072,0,base,1154.851,1,1.0,0,1154.851,0,1154.851,1.0,3300.543,2.858,19
25333,8192,3072,0,base,1152.231,1,1.0,0,1152.231,0,1152.231,1.0,3302.871,2.8665,19
25344,2048,3072,0,base,288.476,1,1.0,0,288.476,0,288.476,1.0,826.399,2.8647,19
25344,3072,3072,0,base,437.709,1,1.0,0,437.709,0,437.709,1.0,1249.068,2.8536,19
25344,3072,6144,0,base,803.226,1,1.0,0,803.226,0,803.226,1.0,2505.108,3.1188,19
25344,4096,3072,0,base,564.819,1,1.0,0,564.819,0,564.819,1.0,1645.933,2.9141,19
25344,8192,3072,0,base,1116.898,1,1.0,0,1116.898,0,1116.898,1.0,3299.27,2.954,19
25352,8192,3072,0,base,1154.251,1,1.0,0,1154.251,0,1154.251,1.0,3309.895,2.8676,19
25385,3072,6144,0,base,834.875,1,1.0,0,834.875,0,834.875,1.0,2528.58,3.0287,19
25385,8192,3072,0,base,1158.603,1,1.0,0,1158.603,0,1158.603,1.0,3323.039,2.8681,19
25404,3072,3072,0,base,445.878,1,1.0,0,445.878,0,445.878,1.0,1248.072,2.7991,19
25404,4096,3072,0,base,579.751,1,1.0,0,579.751,0,579.751,1.0,1667.514,2.8763,19
25404,8192,3072,0,base,1144.586,1,1.0,0,1144.586,0,1144.586,1.0,3316.447,2.8975,19
25407,3072,6144,0,base,837.987,1,1.0,0,837.987,0,837.987,1.0,2530.201,3.0194,19
25407,8192,3072,0,base,1167.107,1,1.0,0,1167.107,0,1167.107,1.0,3321.275,2.8457,19
25414,8192,3072,0,base,1161.147,1,1.0,0,1161.147,0,1161.147,1.0,3325.799,2.8642,19
25440,8192,3072,0,base,1157.979,1,1.0,0,1157.979,0,1157.979,1.0,3326.003,2.8722,19
25462,8192,3072,0,base,1155.603,1,1.0,0,1155.603,0,1155.603,1.0,3334.067,2.8851,19
25472,2048,3072,0,base,290.76,1,1.0,0,290.76,0,290.76,1.0,832.847,2.8644,19
25472,3072,3072,0,base,430.865,1,1.0,0,430.865,0,430.865,1.0,1243.16,2.8853,19
25472,3072,6144,0,base,808.006,1,1.0,0,808.006,0,808.006,1.0,2521.156,3.1202,19
25472,4096,3072,0,base,573.907,1,1.0,0,573.907,0,573.907,1.0,1676.125,2.9205,19
25472,8192,3072,0,base,1116.926,1,1.0,0,1116.926,0,1116.926,1.0,3317.483,2.9702,19
25485,8192,3072,0,base,1157.503,1,1.0,0,1157.503,0,1157.503,1.0,3336.939,2.8829,19
25487,3072,6144,0,base,827.831,1,1.0,0,827.831,0,827.831,1.0,2553.041,3.084,19
25487,8192,3072,0,base,1166.247,1,1.0,0,1166.247,0,1166.247,1.0,3341.375,2.8651,19
25507,2048,3072,0,base,294.175,1,1.0,0,294.175,0,294.175,1.0,834.583,2.837,19
25507,8192,3072,0,base,1156.487,1,1.0,0,1156.487,0,1156.487,1.0,3333.923,2.8828,19
25510,3072,6144,0,base,829.066,1,1.0,0,829.066,0,829.066,1.0,2551.501,3.0776,19
25510,8192,3072,0,base,1162.731,1,1.0,0,1162.731,0,1162.731,1.0,3342.099,2.8744,19
25530,8192,3072,0,base,1160.475,1,1.0,0,1160.475,0,1160.475,1.0,3338.011,2.8764,19
25553,8192,3072,0,base,1164.075,1,1.0,0,1164.075,0,1164.075,1.0,3345.147,2.8737,19
25554,3072,6144,0,base,836.463,1,1.0,0,836.463,0,836.463,1.0,2557.217,3.0572,19
25554,8192,3072,0,base,1164.443,1,1.0,0,1164.443,0,1164.443,1.0,3342.255,2.8703,19
25576,8192,3072,0,base,1158.411,1,1.0,0,1158.411,0,1158.411,1.0,3331.455,2.8759,19
25577,3072,6144,0,base,841.067,1,1.0,0,841.067,0,841.067,1.0,2549.577,3.0314,19
25577,8192,3072,0,base,1168.923,1,1.0,0,1168.923,0,1168.923,1.0,3325.443,2.8449,19
25578,3072,6144,0,base,833.891,1,1.0,0,833.891,0,833.891,1.0,2547.573,3.055,19
25578,8192,3072,0,base,1164.475,1,1.0,0,1164.475,0,1164.475,1.0,3328.815,2.8586,19
25600,2048,3072,0,base,280.88,1,1.0,0,280.88,0,280.88,1.0,832.667,2.9645,19
25600,3072,3072,0,base,429.422,1,1.0,0,429.422,0,429.422,1.0,1256.524,2.9261,19
25600,3072,6144,0,base,801.254,1,1.0,0,801.254,0,801.254,1.0,2525.204,3.1516,19
25600,4096,3072,0,base,567.779,1,1.0,0,567.779,0,567.779,1.0,1665.837,2.934,19
25600,8192,3072,0,base,1122.81,1,1.0,0,1122.81,0,1122.81,1.0,3326.091,2.9623,19
25601,8192,3072,0,base,1168.599,1,1.0,0,1168.599,0,1168.599,1.0,3333.183,2.8523,19
25602,3072,6144,0,base,845.663,1,1.0,0,845.663,0,845.663,1.0,2551.565,3.0172,19
25602,8192,3072,0,base,1175.547,1,1.0,0,1175.547,0,1175.547,1.0,3326.763,2.83,19
25603,3072,6144,0,base,846.423,1,1.0,0,846.423,0,846.423,1.0,2550.841,3.0137,19
25603,8192,3072,0,base,1176.267,1,1.0,0,1176.267,0,1176.267,1.0,3336.303,2.8363,19
25625,3072,6144,0,base,852.399,1,1.0,0,852.399,0,852.399,1.0,2563.921,3.0079,19
25625,8192,3072,0,base,1177.735,1,1.0,0,1177.735,0,1177.735,1.0,3343.711,2.8391,19
25626,8192,3072,0,base,1172.067,1,1.0,0,1172.067,0,1172.067,1.0,3344.443,2.8535,19
25627,3072,6144,0,base,855.231,1,1.0,0,855.231,0,855.231,1.0,2556.049,2.9887,19
25627,8192,3072,0,base,1172.635,1,1.0,0,1172.635,0,1172.635,1.0,3336.375,2.8452,19
25647,3072,6144,0,base,847.263,1,1.0,0,847.263,0,847.263,1.0,2554.597,3.0151,19
25647,8192,3072,0,base,1176.475,1,1.0,0,1176.475,0,1176.475,1.0,3346.539,2.8445,19
25653,8192,3072,0,base,1173.751,1,1.0,0,1173.751,0,1173.751,1.0,3342.263,2.8475,19
25670,3072,6144,0,base,851.863,1,1.0,0,851.863,0,851.863,1.0,2557.853,3.0027,19
25670,8192,3072,0,base,1179.579,1,1.0,0,1179.579,0,1179.579,1.0,3356.451,2.8455,19
25672,3072,3072,0,base,453.546,1,1.0,0,453.546,0,453.546,1.0,1261.956,2.7824,19
25672,4096,3072,0,base,594.308,1,1.0,0,594.308,0,594.308,1.0,1684.945,2.8351,19
25675,8192,3072,0,base,1162.155,1,1.0,0,1162.155,0,1162.155,1.0,3352.675,2.8849,19
25694,3072,6144,0,base,850.011,1,1.0,0,850.011,0,850.011,1.0,2560.429,3.0122,19
25694,8192,3072,0,base,1180.427,1,1.0,0,1180.427,0,1180.427,1.0,3358.351,2.845,19
25717,3072,6144,0,base,845.915,1,1.0,0,845.915,0,845.915,1.0,2569.593,3.0376,19
25717,8192,3072,0,base,1179.327,1,1.0,0,1179.327,0,1179.327,1.0,3352.559,2.8428,19
25728,2048,3072,0,base,289.056,1,1.0,0,289.056,0,289.056,1.0,841.626,2.9116,19
25728,3072,3072,0,base,435.634,1,1.0,0,435.634,0,435.634,1.0,1258.972,2.89,19
25728,3072,6144,0,base,816.895,1,1.0,0,816.895,0,816.895,1.0,2544.133,3.1144,19
25728,4096,3072,0,base,584.732,1,1.0,0,584.732,0,584.732,1.0,1682.857,2.878,19
25728,8192,3072,0,base,1140.631,1,1.0,0,1140.631,0,1140.631,1.0,3356.795,2.9429,19
25740,3072,6144,0,base,839.467,1,1.0,0,839.467,0,839.467,1.0,2578.485,3.0716,19
25740,8192,3072,0,base,1181.895,1,1.0,0,1181.895,0,1181.895,1.0,3364.187,2.8464,19
25856,2048,3072,0,base,280.463,1,1.0,0,280.463,0,280.463,1.0,843.967,3.0092,19
25856,3072,3072,0,base,421.409,1,1.0,0,421.409,0,421.409,1.0,1260.648,2.9915,19
25856,3072,6144,0,base,806.282,1,1.0,0,806.282,0,806.282,1.0,2558.245,3.1729,19
25856,4096,3072,0,base,580.359,1,1.0,0,580.359,0,580.359,1.0,1686.99,2.9068,19
25856,8192,3072,0,base,1144.727,1,1.0,0,1144.727,0,1144.727,1.0,3373.079,2.9466,19
25870,3072,3072,0,base,452.43,1,1.0,0,452.43,0,452.43,1.0,1263.188,2.792,19
25870,4096,3072,0,base,593.547,1,1.0,0,593.547,0,593.547,1.0,1692.11,2.8508,19
25883,3072,6144,0,base,857.175,1,1.0,0,857.175,0,857.175,1.0,2591.878,3.0237,19
25883,8192,3072,0,base,1186.671,1,1.0,0,1186.671,0,1186.671,1.0,3381.496,2.8496,19
25890,8192,3072,0,base,1177.111,1,1.0,0,1177.111,0,1177.111,1.0,3388.656,2.8788,19
25897,8192,3072,0,base,1183.051,1,1.0,0,1183.051,0,1183.051,1.0,3398.98,2.8731,19
25906,3072,6144,0,base,864.527,1,1.0,0,864.527,0,864.527,1.0,2581.969,2.9866,19
25906,8192,3072,0,base,1172.355,1,1.0,0,1172.355,0,1172.355,1.0,3387.7,2.8897,19
25943,2048,3072,0,base,297.756,1,1.0,0,297.756,0,297.756,1.0,848.647,2.8501,19
25968,8192,3072,0,base,1179.391,1,1.0,0,1179.391,0,1179.391,1.0,3385.34,2.8704,19
25984,2048,3072,0,base,283.684,1,1.0,0,283.684,0,283.684,1.0,865.771,3.0519,19
25984,3072,3072,0,base,428.278,1,1.0,0,428.278,0,428.278,1.0,1271.044,2.9678,19
25984,3072,6144,0,base,827.431,1,1.0,0,827.431,0,827.431,1.0,2571.253,3.1075,19
25984,4096,3072,0,base,606.64,1,1.0,0,606.64,0,606.64,1.0,1707.294,2.8143,19
25984,8192,3072,0,base,1140.527,1,1.0,0,1140.527,0,1140.527,1.0,3389.54,2.9719,19
26027,3072,6144,0,base,865.663,1,1.0,0,865.663,0,865.663,1.0,2606.682,3.0112,19
26027,8192,3072,0,base,1185.015,1,1.0,0,1185.015,0,1185.015,1.0,3389.168,2.86,19
26029,8192,3072,0,base,1184.059,1,1.0,0,1184.059,0,1184.059,1.0,3387.236,2.8607,19
26038,3072,6144,0,base,867.959,1,1.0,0,867.959,0,867.959,1.0,2592.737,2.9872,19
26038,8192,3072,0,base,1192.371,1,1.0,0,1192.371,0,1192.371,1.0,3386.044,2.8398,19
26050,8192,3072,0,base,1188.523,1,1.0,0,1188.523,0,1188.523,1.0,3392.396,2.8543,19
26102,3072,3072,0,base,467.414,1,1.0,0,467.414,0,467.414,1.0,1269.472,2.7159,19
26102,4096,3072,0,base,591.416,1,1.0,0,591.416,0,591.416,1.0,1700.878,2.8759,19
26102,8192,3072,0,base,1172.775,1,1.0,0,1172.775,0,1172.775,1.0,3401.196,2.9001,19
26112,2048,3072,0,base,295.372,1,1.0,0,295.372,0,295.372,1.0,849.551,2.8762,19
26112,3072,3072,0,base,438.006,1,1.0,0,438.006,0,438.006,1.0,1272.888,2.9061,19
26112,3072,6144,0,base,828.523,1,1.0,0,828.523,0,828.523,1.0,2580.817,3.115,19
26112,4096,3072,0,base,592.48,1,1.0,0,592.48,0,592.48,1.0,1707.806,2.8825,19
26112,8192,3072,0,base,1152.259,1,1.0,0,1152.259,0,1152.259,1.0,3390.012,2.9421,19
26134,8192,3072,0,base,1198.56,1,1.0,0,1198.56,0,1198.56,1.0,3401.068,2.8376,19
26185,8192,3072,0,base,1190.839,1,1.0,0,1190.839,0,1190.839,1.0,3407.208,2.8612,19
26202,3072,3072,0,base,469.826,1,1.0,0,469.826,0,469.826,1.0,1292.353,2.7507,19
26202,4096,3072,0,base,590.292,1,1.0,0,590.292,0,590.292,1.0,1695.702,2.8727,19
26240,2048,3072,0,base,289.596,1,1.0,0,289.596,0,289.596,1.0,855.995,2.9558,19
26240,3072,3072,0,base,438.329,1,1.0,0,438.329,0,438.329,1.0,1277.868,2.9153,19
26240,3072,6144,0,base,842.439,1,1.0,0,842.439,0,842.439,1.0,2599.569,3.0858,19
26240,4096,3072,0,base,587.255,1,1.0,0,587.255,0,587.255,1.0,1716.482,2.9229,19
26240,8192,3072,0,base,1158.495,1,1.0,0,1158.495,0,1158.495,1.0,3410.484,2.9439,19
26268,8192,3072,0,base,1191.071,1,1.0,0,1191.071,0,1191.071,1.0,3418.66,2.8702,19
26274,8192,3072,0,base,1198.195,1,1.0,0,1198.195,0,1198.195,1.0,3429.144,2.8619,19
26286,3072,6144,0,base,869.635,1,1.0,0,869.635,0,869.635,1.0,2626.022,3.0197,19
26286,8192,3072,0,base,1195.64,1,1.0,0,1195.64,0,1195.64,1.0,3431.412,2.8699,19
26313,3072,3072,0,base,458.478,1,1.0,0,458.478,0,458.478,1.0,1296.581,2.828,19
26313,4096,3072,0,base,602.252,1,1.0,0,602.252,0,602.252,1.0,1703.346,2.8283,19
26334,3072,6144,0,base,867.175,1,1.0,0,867.175,0,867.175,1.0,2618.778,3.0199,19
26334,8192,3072,0,base,1202.084,1,1.0,0,1202.084,0,1202.084,1.0,3431.976,2.855,19
26336,3072,6144,0,base,873.391,1,1.0,0,873.391,0,873.391,1.0,2612.654,2.9914,19
26336,8192,3072,0,base,1198.463,1,1.0,0,1198.463,0,1198.463,1.0,3432.564,2.8641,19
26338,3072,6144,0,base,876.967,1,1.0,0,876.967,0,876.967,1.0,2629.046,2.9979,19
26338,8192,3072,0,base,1196.827,1,1.0,0,1196.827,0,1196.827,1.0,3443.12,2.8769,19
26368,2048,3072,0,base,279.988,1,1.0,0,279.988,0,279.988,1.0,861.555,3.0771,19
26368,3072,3072,0,base,441.414,1,1.0,0,441.414,0,441.414,1.0,1302.837,2.9515,19
26368,3072,6144,0,base,836.439,1,1.0,0,836.439,0,836.439,1.0,2605.029,3.1144,19
26368,4096,3072,0,base,590.58,1,1.0,0,590.58,0,590.58,1.0,1708.598,2.8931,19
26368,8192,3072,0,base,1161.715,1,1.0,0,1161.715,0,1161.715,1.0,3429.728,2.9523,19
26402,8192,3072,0,base,1196.915,1,1.0,0,1196.915,0,1196.915,1.0,3461.944,2.8924,19
26456,3072,3072,0,base,456.262,1,1.0,0,456.262,0,456.262,1.0,1306.753,2.864,19
26456,4096,3072,0,base,604.7,1,1.0,0,604.7,0,604.7,1.0,1722.834,2.8491,19
26496,2048,3072,0,base,281.232,1,1.0,0,281.232,0,281.232,1.0,866.523,3.0812,19
26496,3072,3072,0,base,451.906,1,1.0,0,451.906,0,451.906,1.0,1292.201,2.8594,19
26496,3072,6144,0,base,846.827,1,1.0,0,846.827,0,846.827,1.0,2625.234,3.1001,19
26496,4096,3072,0,base,589.255,1,1.0,0,589.255,0,589.255,1.0,1739.978,2.9528,19
26496,8192,3072,0,base,1167.595,1,1.0,0,1167.595,0,1167.595,1.0,3456.104,2.96,19
26590,8192,3072,0,base,1218.011,1,1.0,0,1218.011,0,1218.011,1.0,3468.625,2.8478,19
26624,2048,3072,0,base,292.608,1,1.0,0,292.608,0,292.608,1.0,868.995,2.9698,19
26624,3072,3072,0,base,450.05,1,1.0,0,450.05,0,450.05,1.0,1301.589,2.8921,19
26624,3072,6144,0,base,840.411,1,1.0,0,840.411,0,840.411,1.0,2627.354,3.1263,19
26624,4096,3072,0,base,596.524,1,1.0,0,596.524,0,596.524,1.0,1744.934,2.9252,19
26624,8192,3072,0,base,1163.283,1,1.0,0,1163.283,0,1163.283,1.0,3468.341,2.9815,19
26733,3072,3072,0,base,458.198,1,1.0,0,458.198,0,458.198,1.0,1313.117,2.8658,19
26733,4096,3072,0,base,606.72,1,1.0,0,606.72,0,606.72,1.0,1743.802,2.8741,19
26752,2048,3072,0,base,306.364,1,1.0,0,306.364,0,306.364,1.0,874.779,2.8554,19
26752,3072,3072,0,base,458.326,1,1.0,0,458.326,0,458.326,1.0,1308.785,2.8556,19
26752,3072,6144,0,base,839.719,1,1.0,0,839.719,0,839.719,1.0,2658.302,3.1657,19
26752,4096,3072,0,base,617.752,1,1.0,0,617.752,0,617.752,1.0,1748.306,2.8301,19
26752,8192,3072,0,base,1177.195,1,1.0,0,1177.195,0,1177.195,1.0,3485.405,2.9608,19
26762,2048,3072,0,base,303.836,1,1.0,0,303.836,0,303.836,1.0,873.363,2.8745,19
26762,3072,3072,0,base,468.846,1,1.0,0,468.846,0,468.846,1.0,1313.581,2.8017,19
26762,4096,3072,0,base,624.96,1,1.0,0,624.96,0,624.96,1.0,1749.282,2.799,19
26762,8192,3072,0,base,1205.796,1,1.0,0,1205.796,0,1205.796,1.0,3500.569,2.9031,19
26798,2048,3072,0,base,320.996,1,1.0,0,320.996,0,320.996,1.0,875.091,2.7262,19
26832,8192,3072,0,base,1211.592,1,1.0,0,1211.592,0,1211.592,1.0,3499.413,2.8883,19
26880,2048,3072,0,base,311.892,1,1.0,0,311.892,0,311.892,1.0,876.964,2.8118,19
26880,3072,3072,0,base,444.514,1,1.0,0,444.514,0,444.514,1.0,1320.765,2.9713,19
26880,3072,6144,0,base,846.459,1,1.0,0,846.459,0,846.459,1.0,2657.174,3.1392,19
26880,4096,3072,0,base,613.164,1,1.0,0,613.164,0,613.164,1.0,1748.674,2.8519,19
26880,8192,3072,0,base,1184.587,1,1.0,0,1184.587,0,1184.587,1.0,3491.793,2.9477,19
26944,3072,3072,0,base,480.442,1,1.0,0,480.442,0,480.442,1.0,1313.305,2.7335,19
26944,4096,3072,0,base,625.596,1,1.0,0,625.596,0,625.596,1.0,1750.79,2.7986,19
27002,3072,6144,0,base,884.659,1,1.0,0,884.659,0,884.659,1.0,2682.082,3.0318,19
27002,8192,3072,0,base,1235.432,1,1.0,0,1235.432,0,1235.432,1.0,3520.733,2.8498,19
27005,8192,3072,0,base,1231.772,1,1.0,0,1231.772,0,1231.772,1.0,3510.521,2.85,19
27008,2048,3072,0,base,312.796,1,1.0,0,312.796,0,312.796,1.0,880.023,2.8134,19
27008,3072,3072,0,base,456.274,1,1.0,0,456.274,0,456.274,1.0,1320.685,2.8945,19
27008,3072,6144,0,base,859.535,1,1.0,0,859.535,0,859.535,1.0,2681.755,3.12,19
27008,4096,3072,0,base,607.912,1,1.0,0,607.912,0,607.912,1.0,1755.623,2.888,19
27008,8192,3072,0,base,1183.103,1,1.0,0,1183.103,0,1183.103,1.0,3506.105,2.9635,19
27010,3072,3072,0,base,476.198,1,1.0,0,476.198,0,476.198,1.0,1313.941,2.7592,19
27010,4096,3072,0,base,622.012,1,1.0,0,622.012,0,622.012,1.0,1756.742,2.8243,19
27026,8192,3072,0,base,1217.052,1,1.0,0,1217.052,0,1217.052,1.0,3517.629,2.8903,19
27037,3072,3072,0,base,464.454,1,1.0,0,464.454,0,464.454,1.0,1322.461,2.8473,19
27037,4096,3072,0,base,622.828,1,1.0,0,622.828,0,622.828,1.0,1775.715,2.8511,19
27136,2048,3072,0,base,295.664,1,1.0,0,295.664,0,295.664,1.0,885.147,2.9938,19
27136,3072,3072,0,base,446.446,1,1.0,0,446.446,0,446.446,1.0,1327.821,2.9742,19
27136,3072,6144,0,base,865.503,1,1.0,0,865.503,0,865.503,1.0,2680.014,3.0965,19
27136,4096,3072,0,base,618.772,1,1.0,0,618.772,0,618.772,1.0,1763.843,2.8506,19
27136,8192,3072,0,base,1189.419,1,1.0,0,1189.419,0,1189.419,1.0,3526.877,2.9652,19
27167,3072,3072,0,base,473.026,1,1.0,0,473.026,0,473.026,1.0,1333.185,2.8184,19
27167,4096,3072,0,base,622.008,1,1.0,0,622.008,0,622.008,1.0,1767.411,2.8415,19
27168,3072,3072,0,base,466.778,1,1.0,0,466.778,0,466.778,1.0,1336.213,2.8626,19
27168,4096,3072,0,base,617.624,1,1.0,0,617.624,0,617.624,1.0,1772.031,2.8691,19
27179,3072,3072,0,base,470.802,1,1.0,0,470.802,0,470.802,1.0,1336.337,2.8384,19
27179,4096,3072,0,base,618.288,1,1.0,0,618.288,0,618.288,1.0,1770.771,2.864,19
27235,2048,3072,0,base,308.012,1,1.0,0,308.012,0,308.012,1.0,888.776,2.8855,19
27235,3072,3072,0,base,467.25,1,1.0,0,467.25,0,467.25,1.0,1331.681,2.85,19
27235,4096,3072,0,base,619.18,1,1.0,0,619.18,0,619.18,1.0,1776.895,2.8698,19
27239,2048,3072,0,base,311.764,1,1.0,0,311.764,0,311.764,1.0,887.887,2.8479,19
27239,3072,3072,0,base,458.762,1,1.0,0,458.762,0,458.762,1.0,1333.361,2.9064,19
27239,4096,3072,0,base,628.244,1,1.0,0,628.244,0,628.244,1.0,1780.167,2.8336,19
27239,8192,3072,0,base,1227.168,1,1.0,0,1227.168,0,1227.168,1.0,3556.074,2.8978,19
27240,8192,3072,0,base,1242.788,1,1.0,0,1242.788,0,1242.788,1.0,3550.13,2.8566,19
27241,8192,3072,0,base,1235.744,1,1.0,0,1235.744,0,1235.744,1.0,3546.078,2.8696,19
27246,2048,3072,0,base,324.708,1,1.0,0,324.708,0,324.708,1.0,889.675,2.7399,19
27246,3072,6144,0,base,882.079,1,1.0,0,882.079,0,882.079,1.0,2723.367,3.0874,19
27246,8192,3072,0,base,1234.552,1,1.0,0,1234.552,0,1234.552,1.0,3546.929,2.8731,19
27262,2048,3072,0,base,319.344,1,1.0,0,319.344,0,319.344,1.0,890.027,2.787,19
27262,3072,3072,0,base,472.442,1,1.0,0,472.442,0,472.442,1.0,1346.917,2.851,19
27262,4096,3072,0,base,626.028,1,1.0,0,626.028,0,626.028,1.0,1771.567,2.8299,19
27264,2048,3072,0,base,304.316,1,1.0,0,304.316,0,304.316,1.0,889.355,2.9225,19
27264,3072,3072,0,base,461.73,1,1.0,0,461.73,0,461.73,1.0,1326.945,2.8739,19
27264,3072,6144,0,base,857.791,1,1.0,0,857.791,0,857.791,1.0,2694.071,3.1407,19
27264,4096,3072,0,base,619.644,1,1.0,0,619.644,0,619.644,1.0,1783.551,2.8783,19
27264,8192,3072,0,base,1197.299,1,1.0,0,1197.299,0,1197.299,1.0,3551.51,2.9663,19
27270,8192,3072,0,base,1240.14,1,1.0,0,1240.14,0,1240.14,1.0,3568.75,2.8777,19
27272,8192,3072,0,base,1247.096,1,1.0,0,1247.096,0,1247.096,1.0,3555.794,2.8513,19
27284,8192,3072,0,base,1240.359,1,1.0,0,1240.359,0,1240.359,1.0,3562.398,2.8721,19
27309,8192,3072,0,base,1243.952,1,1.0,0,1243.952,0,1243.952,1.0,3569.766,2.8697,19
27392,2048,3072,0,base,307.076,1,1.0,0,307.076,0,307.076,1.0,894.819,2.914,19
27392,3072,3072,0,base,466.414,1,1.0,0,466.414,0,466.414,1.0,1344.697,2.8831,19
27392,3072,6144,0,base,876.683,1,1.0,0,876.683,0,876.683,1.0,2721.399,3.1042,19
27392,4096,3072,0,base,625.8,1,1.0,0,625.8,0,625.8,1.0,1789.839,2.8601,19
27392,8192,3072,0,base,1203.928,1,1.0,0,1203.928,0,1203.928,1.0,3572.918,2.9677,19
27400,8192,3072,0,base,1244.828,1,1.0,0,1244.828,0,1244.828,1.0,3583.298,2.8785,19
27450,8192,3072,0,base,1243.692,1,1.0,0,1243.692,0,1243.692,1.0,3583.702,2.8815,19
27494,2048,3072,0,base,309.08,1,1.0,0,309.08,0,309.08,1.0,899.208,2.9093,19
27520,2048,3072,0,base,311.48,1,1.0,0,311.48,0,311.48,1.0,900.631,2.8915,19
27520,3072,3072,0,base,471.022,1,1.0,0,471.022,0,471.022,1.0,1349.621,2.8653,19
27520,3072,6144,0,base,880.159,1,1.0,0,880.159,0,880.159,1.0,2732.187,3.1042,19
27520,4096,3072,0,base,618.784,1,1.0,0,618.784,0,618.784,1.0,1797.135,2.9043,19
27520,8192,3072,0,base,1211.244,1,1.0,0,1211.244,0,1211.244,1.0,3585.938,2.9605,19
27587,3072,6144,0,base,914.868,1,1.0,0,914.868,0,914.868,1.0,2764.676,3.0219,19
27587,8192,3072,0,base,1249.392,1,1.0,0,1249.392,0,1249.392,1.0,3597.23,2.8792,19
27648,2048,3072,0,base,306.292,1,1.0,0,306.292,0,306.292,1.0,901.575,2.9435,19
27648,3072,3072,0,base,468.338,1,1.0,0,468.338,0,468.338,1.0,1361.922,2.908,19
27648,3072,6144,0,base,875.871,1,1.0,0,875.871,0,875.871,1.0,2726.211,3.1126,19
27648,4096,3072,0,base,624.908,1,1.0,0,624.908,0,624.908,1.0,1798.591,2.8782,19
27648,8192,3072,0,base,1211.8,1,1.0,0,1211.8,0,1211.8,1.0,3589.582,2.9622,19
27656,8192,3072,0,base,1256.568,1,1.0,0,1256.568,0,1256.568,1.0,3596.451,2.8621,19
27666,2048,3072,0,base,323.32,1,1.0,0,323.32,0,323.32,1.0,903.928,2.7958,19
27666,3072,3072,0,base,493.582,1,1.0,0,493.582,0,493.582,1.0,1372.121,2.7799,19
27666,4096,3072,0,base,643.404,1,1.0,0,643.404,0,643.404,1.0,1802.847,2.802,19
27671,8192,3072,0,base,1253.032,1,1.0,0,1253.032,0,1253.032,1.0,3598.27,2.8717,19
27682,8192,3072,0,base,1258.964,1,1.0,0,1258.964,0,1258.964,1.0,3600.394,2.8598,19
27691,8192,3072,0,base,1286.472,1,1.0,0,1286.472,0,1286.472,1.0,3603.15,2.8008,19
27704,3072,6144,0,base,914.052,1,1.0,0,914.052,0,914.052,1.0,2754.939,3.014,19
27704,8192,3072,0,base,1235.588,1,1.0,0,1235.588,0,1235.588,1.0,3604.403,2.9172,19
27718,2048,3072,0,base,316.896,1,1.0,0,316.896,0,316.896,1.0,904.203,2.8533,19
27776,2048,3072,0,base,316.216,1,1.0,0,316.216,0,316.216,1.0,902.256,2.8533,19
27776,3072,3072,0,base,475.022,1,1.0,0,475.022,0,475.022,1.0,1354.153,2.8507,19
27776,3072,6144,0,base,883.631,1,1.0,0,883.631,0,883.631,1.0,2752.083,3.1145,19
27776,4096,3072,0,base,634.016,1,1.0,0,634.016,0,634.016,1.0,1811.043,2.8565,19
27776,8192,3072,0,base,1221.836,1,1.0,0,1221.836,0,1221.836,1.0,3609.762,2.9544,19
27904,2048,3072,0,base,305.0,1,1.0,0,305.0,0,305.0,1.0,907.312,2.9748,19
27904,3072,3072,0,base,468.81,1,1.0,0,468.81,0,468.81,1.0,1365.541,2.9128,19
27904,3072,6144,0,base,876.275,1,1.0,0,876.275,0,876.275,1.0,2758.367,3.1478,19
27904,4096,3072,0,base,640.148,1,1.0,0,640.148,0,640.148,1.0,1821.792,2.8459,19
27904,8192,3072,0,base,1225.508,1,1.0,0,1225.508,0,1225.508,1.0,3637.207,2.9679,19
27928,8192,3072,0,base,1266.608,1,1.0,0,1266.608,0,1266.608,1.0,3634.119,2.8692,19
27974,8192,3072,0,base,1271.216,1,1.0,0,1271.216,0,1271.216,1.0,3650.571,2.8717,19
27997,2048,3072,0,base,328.152,1,1.0,0,328.152,0,328.152,1.0,915.107,2.7887,19
27997,3072,3072,0,base,491.806,1,1.0,0,491.806,0,491.806,1.0,1374.778,2.7954,19
27997,4096,3072,0,base,645.224,1,1.0,0,645.224,0,645.224,1.0,1824.956,2.8284,19
28004,2048,3072,0,base,323.192,1,1.0,0,323.192,0,323.192,1.0,915.715,2.8333,19
28004,3072,3072,0,base,491.286,1,1.0,0,491.286,0,491.286,1.0,1372.442,2.7936,19
28004,3072,6144,0,base,920.724,1,1.0,0,920.724,0,920.724,1.0,2797.308,3.0382,19
28004,4096,3072,0,base,646.908,1,1.0,0,646.908,0,646.908,1.0,1837.172,2.8399,19
28004,8192,3072,0,base,1255.46,1,1.0,0,1255.46,0,1255.46,1.0,3651.607,2.9086,19
28006,2048,3072,0,base,312.688,1,1.0,0,312.688,0,312.688,1.0,915.376,2.9274,19
28007,8192,3072,0,base,1261.312,1,1.0,0,1261.312,0,1261.312,1.0,3653.399,2.8965,19
28017,3072,3072,0,base,492.746,1,1.0,0,492.746,0,492.746,1.0,1381.626,2.8039,19
28017,4096,3072,0,base,650.576,1,1.0,0,650.576,0,650.576,1.0,1833.928,2.8189,19
28030,3072,3072,0,base,474.434,1,1.0,0,474.434,0,474.434,1.0,1376.754,2.9019,19
28030,4096,3072,0,base,641.012,1,1.0,0,641.012,0,641.012,1.0,1834.68,2.8622,19
28032,2048,3072,0,base,296.496,1,1.0,0,296.496,0,296.496,1.0,914.728,3.0851,19
28032,3072,3072,0,base,465.566,1,1.0,0,465.566,0,465.566,1.0,1388.818,2.9831,19
28032,3072,6144,0,base,890.732,1,1.0,0,890.732,0,890.732,1.0,2774.616,3.115,19
28032,4096,3072,0,base,664.521,1,1.0,0,664.521,0,664.521,1.0,1829.728,2.7535,19
28032,8192,3072,0,base,1242.428,1,1.0,0,1242.428,0,1242.428,1.0,3639.879,2.9296,19
28036,2048,3072,0,base,316.412,1,1.0,0,316.412,0,316.412,1.0,916.34,2.896,19
28036,3072,3072,0,base,485.454,1,1.0,0,485.454,0,485.454,1.0,1383.542,2.85,19
28036,4096,3072,0,base,641.472,1,1.0,0,641.472,0,641.472,1.0,1836.56,2.863,19
28036,8192,3072,0,base,1260.972,1,1.0,0,1260.972,0,1260.972,1.0,3662.371,2.9044,19
28131,3072,3072,0,base,486.502,1,1.0,0,486.502,0,486.502,1.0,1380.414,2.8374,19
28131,4096,3072,0,base,640.924,1,1.0,0,640.924,0,640.924,1.0,1847.288,2.8822,19
28142,2048,3072,0,base,317.424,1,1.0,0,317.424,0,317.424,1.0,917.896,2.8917,19
28142,3072,3072,0,base,488.23,1,1.0,0,488.23,0,488.23,1.0,1384.998,2.8368,19
28142,4096,3072,0,base,648.352,1,1.0,0,648.352,0,648.352,1.0,1838.863,2.8362,19
28160,2048,3072,0,base,310.328,1,1.0,0,310.328,0,310.328,1.0,918.636,2.9602,19
28160,3072,3072,0,base,470.506,1,1.0,0,470.506,0,470.506,1.0,1385.69,2.9451,19
28160,3072,6144,0,base,891.148,1,1.0,0,891.148,0,891.148,1.0,2783.316,3.1233,19
28160,4096,3072,0,base,633.516,1,1.0,0,633.516,0,633.516,1.0,1842.448,2.9083,19
28160,8192,3072,0,base,1237.96,1,1.0,0,1237.96,0,1237.96,1.0,3680.527,2.9731,19
28198,2048,3072,0,base,331.444,1,1.0,0,331.444,0,331.444,1.0,923.496,2.7863,19
28205,2048,3072,0,base,321.608,1,1.0,0,321.608,0,321.608,1.0,921.584,2.8656,19
28249,2048,3072,0,base,316.168,1,1.0,0,316.168,0,316.168,1.0,923.572,2.9211,19
28288,2048,3072,0,base,310.768,1,1.0,0,310.768,0,310.768,1.0,928.336,2.9872,19
28288,3072,3072,0,base,464.138,1,1.0,0,464.138,0,464.138,1.0,1400.41,3.0172,19
28288,3072,6144,0,base,898.679,1,1.0,0,898.679,0,898.679,1.0,2807.768,3.1243,19
28288,4096,3072,0,base,643.316,1,1.0,0,643.316,0,643.316,1.0,1852.036,2.8789,19
28288,8192,3072,0,base,1246.096,1,1.0,0,1246.096,0,1246.096,1.0,3681.151,2.9541,19
28398,8192,3072,0,base,1289.653,1,1.0,0,1289.653,0,1289.653,1.0,3726.716,2.8897,19
28416,2048,3072,0,base,320.184,1,1.0,0,320.184,0,320.184,1.0,928.288,2.8992,19
28416,3072,3072,0,base,475.706,1,1.0,0,475.706,0,475.706,1.0,1401.498,2.9461,19
28416,3072,6144,0,base,904.788,1,1.0,0,904.788,0,904.788,1.0,2819.692,3.1164,19
28416,4096,3072,0,base,637.736,1,1.0,0,637.736,0,637.736,1.0,1854.208,2.9075,19
28416,8192,3072,0,base,1243.16,1,1.0,0,1243.16,0,1243.16,1.0,3693.956,2.9714,19
28438,8192,3072,0,base,1282.533,1,1.0,0,1282.533,0,1282.533,1.0,3698.595,2.8838,19
28440,8192,3072,0,base,1285.336,1,1.0,0,1285.336,0,1285.336,1.0,3718.132,2.8927,19
28494,2048,3072,0,base,332.748,1,1.0,0,332.748,0,332.748,1.0,928.444,2.7902,19
28544,2048,3072,0,base,310.584,1,1.0,0,310.584,0,310.584,1.0,929.068,2.9914,19
28544,3072,3072,0,base,476.882,1,1.0,0,476.882,0,476.882,1.0,1407.946,2.9524,19
28544,3072,6144,0,base,911.6,1,1.0,0,911.6,0,911.6,1.0,2824.828,3.0988,19
28544,4096,3072,0,base,638.768,1,1.0,0,638.768,0,638.768,1.0,1859.016,2.9103,19
28544,8192,3072,0,base,1248.7,1,1.0,0,1248.7,0,1248.7,1.0,3694.699,2.9588,19
28663,3072,3072,0,base,501.802,1,1.0,0,501.802,0,501.802,1.0,1406.402,2.8027,19
28663,3072,6144,0,base,923.588,1,1.0,0,923.588,0,923.588,1.0,2843.344,3.0786,19
28663,4096,3072,0,base,656.74,1,1.0,0,656.74,0,656.74,1.0,1864.532,2.8391,19
28663,8192,3072,0,base,1276.813,1,1.0,0,1276.813,0,1276.813,1.0,3719.8,2.9133,19
28672,2048,3072,0,base,315.08,1,1.0,0,315.08,0,315.08,1.0,928.448,2.9467,19
28672,3072,3072,0,base,466.71,1,1.0,0,466.71,0,466.71,1.0,1400.73,3.0013,19
28672,3072,6144,0,base,895.419,1,1.0,0,895.419,0,895.419,1.0,2831.596,3.1623,19
28672,4096,3072,0,base,640.832,1,1.0,0,640.832,0,640.832,1.0,1868.936,2.9164,19
28672,8192,3072,0,base,1255.948,1,1.0,0,1255.948,0,1255.948,1.0,3725.464,2.9663,19
28697,8192,3072,0,base,1289.012,1,1.0,0,1289.012,0,1289.012,1.0,3735.804,2.8982,19
28698,2048,3072,0,base,331.256,1,1.0,0,331.256,0,331.256,1.0,937.244,2.8294,19
28698,3072,3072,0,base,507.758,1,1.0,0,507.758,0,507.758,1.0,1408.95,2.7748,19
28698,4096,3072,0,base,661.864,1,1.0,0,661.864,0,661.864,1.0,1875.788,2.8341,19
28800,2048,3072,0,base,320.26,1,1.0,0,320.26,0,320.26,1.0,939.676,2.9341,19
28800,3072,3072,0,base,487.45,1,1.0,0,487.45,0,487.45,1.0,1414.734,2.9023,19
28800,3072,6144,0,base,922.384,1,1.0,0,922.384,0,922.384,1.0,2840.641,3.0797,19
28800,4096,3072,0,base,657.161,1,1.0,0,657.161,0,657.161,1.0,1873.352,2.8507,19
28800,8192,3072,0,base,1264.328,1,1.0,0,1264.328,0,1264.328,1.0,3744.036,2.9613,19
28928,2048,3072,0,base,326.228,1,1.0,0,326.228,0,326.228,1.0,940.556,2.8831,19
28928,3072,3072,0,base,498.858,1,1.0,0,498.858,0,498.858,1.0,1416.982,2.8404,19
28928,3072,6144,0,base,924.256,1,1.0,0,924.256,0,924.256,1.0,2859.189,3.0935,19
28928,4096,3072,0,base,656.301,1,1.0,0,656.301,0,656.301,1.0,1883.708,2.8702,19
28928,8192,3072,0,base,1267.168,1,1.0,0,1267.168,0,1267.168,1.0,3754.081,2.9626,19
28959,2048,3072,0,base,333.548,1,1.0,0,333.548,0,333.548,1.0,946.932,2.839,19
28959,3072,3072,0,base,505.271,1,1.0,0,505.271,0,505.271,1.0,1416.335,2.8031,19
28959,4096,3072,0,base,663.148,1,1.0,0,663.148,0,663.148,1.0,1896.24,2.8595,19
28984,3072,3072,0,base,501.578,1,1.0,0,501.578,0,501.578,1.0,1426.486,2.844,19
28984,4096,3072,0,base,671.053,1,1.0,0,671.053,0,671.053,1.0,1892.62,2.8204,19
28997,8192,3072,0,base,1297.161,1,1.0,0,1297.161,0,1297.161,1.0,3779.953,2.914,19
29003,2048,3072,0,base,338.484,1,1.0,0,338.484,0,338.484,1.0,947.012,2.7978,19
29003,3072,3072,0,base,505.331,1,1.0,0,505.331,0,505.331,1.0,1416.534,2.8032,19
29003,4096,3072,0,base,662.545,1,1.0,0,662.545,0,662.545,1.0,1892.68,2.8567,19
29003,8192,3072,0,base,1295.941,1,1.0,0,1295.941,0,1295.941,1.0,3770.652,2.9096,19
29004,3072,3072,0,base,511.234,1,1.0,0,511.234,0,511.234,1.0,1420.434,2.7784,19
29004,4096,3072,0,base,672.785,1,1.0,0,672.785,0,672.785,1.0,1895.32,2.8171,19
29008,3072,3072,0,base,492.526,1,1.0,0,492.526,0,492.526,1.0,1420.094,2.8833,19
29008,4096,3072,0,base,672.413,1,1.0,0,672.413,0,672.413,1.0,1897.456,2.8219,19
29013,2048,3072,0,base,326.708,1,1.0,0,326.708,0,326.708,1.0,951.464,2.9123,19
29035,2048,3072,0,base,330.568,1,1.0,0,330.568,0,330.568,1.0,948.744,2.87,19
29056,2048,3072,0,base,322.304,1,1.0,0,322.304,0,322.304,1.0,947.084,2.9385,19
29056,3072,3072,0,base,501.078,1,1.0,0,501.078,0,501.078,1.0,1430.054,2.854,19
29056,3072,6144,0,base,922.184,1,1.0,0,922.184,0,922.184,1.0,2875.181,3.1178,19
29056,4096,3072,0,base,664.881,1,1.0,0,664.881,0,664.881,1.0,1893.528,2.8479,19
29056,8192,3072,0,base,1273.508,1,1.0,0,1273.508,0,1273.508,1.0,3779.797,2.968,19
29107,8192,3072,0,base,1317.829,1,1.0,0,1317.829,0,1317.829,1.0,3788.005,2.8744,19
29184,2048,3072,0,base,326.704,1,1.0,0,326.704,0,326.704,1.0,949.54,2.9064,19
29184,3072,3072,0,base,497.898,1,1.0,0,497.898,0,497.898,1.0,1433.722,2.8795,19
29184,3072,6144,0,base,935.452,1,1.0,0,935.452,0,935.452,1.0,2883.869,3.0829,19
29184,4096,3072,0,base,658.332,1,1.0,0,658.332,0,658.332,1.0,1908.385,2.8988,19
29184,8192,3072,0,base,1273.284,1,1.0,0,1273.284,0,1273.284,1.0,3790.609,2.977,19
29225,3072,6144,0,base,972.241,1,1.0,0,972.241,0,972.241,1.0,2923.15,3.0066,19
29225,8192,3072,0,base,1314.917,1,1.0,0,1314.917,0,1314.917,1.0,3809.673,2.8973,19
29292,3072,3072,0,base,512.671,1,1.0,0,512.671,0,512.671,1.0,1433.266,2.7957,19
29292,4096,3072,0,base,666.321,1,1.0,0,666.321,0,666.321,1.0,1919.001,2.88,19
29298,3072,6144,0,base,967.524,1,1.0,0,967.524,0,967.524,1.0,2922.514,3.0206,19
29298,8192,3072,0,base,1304.869,1,1.0,0,1304.869,0,1304.869,1.0,3820.977,2.9282,19
29312,2048,3072,0,base,337.68,1,1.0,0,337.68,0,337.68,1.0,956.752,2.8333,19
29312,3072,3072,0,base,497.974,1,1.0,0,497.974,0,497.974,1.0,1440.795,2.8933,19
29312,3072,6144,0,base,933.32,1,1.0,0,933.32,0,933.32,1.0,2903.437,3.1109,19
29312,4096,3072,0,base,668.044,1,1.0,0,668.044,0,668.044,1.0,1912.028,2.8621,19
29312,8192,3072,0,base,1285.877,1,1.0,0,1285.877,0,1285.877,1.0,3811.001,2.9637,19
29338,2048,3072,0,base,336.86,1,1.0,0,336.86,0,336.86,1.0,957.768,2.8432,19
29440,2048,3072,0,base,333.548,1,1.0,0,333.548,0,333.548,1.0,958.048,2.8723,19
29440,3072,3072,0,base,500.498,1,1.0,0,500.498,0,500.498,1.0,1449.063,2.8952,19
29440,3072,6144,0,base,937.964,1,1.0,0,937.964,0,937.964,1.0,2918.862,3.1119,19
29440,4096,3072,0,base,649.796,1,1.0,0,649.796,0,649.796,1.0,1928.089,2.9672,19
29440,8192,3072,0,base,1292.125,1,1.0,0,1292.125,0,1292.125,1.0,3827.505,2.9622,19
29524,3072,3072,0,base,522.847,1,1.0,0,522.847,0,522.847,1.0,1455.475,2.7838,19
29524,4096,3072,0,base,669.909,1,1.0,0,669.909,0,669.909,1.0,1930.965,2.8824,19
29568,2048,3072,0,base,327.052,1,1.0,0,327.052,0,327.052,1.0,961.668,2.9404,19
29568,3072,3072,0,base,500.682,1,1.0,0,500.682,0,500.682,1.0,1461.695,2.9194,19
29568,3072,6144,0,base,934.364,1,1.0,0,934.364,0,934.364,1.0,2907.137,3.1114,19
29568,4096,3072,0,base,665.888,1,1.0,0,665.888,0,665.888,1.0,1922.177,2.8866,19
29568,8192,3072,0,base,1284.781,1,1.0,0,1284.781,0,1284.781,1.0,3833.505,2.9838,19
29658,8192,3072,0,base,1319.097,1,1.0,0,1319.097,0,1319.097,1.0,3856.954,2.9239,19
29662,8192,3072,0,base,1329.709,1,1.0,0,1329.709,0,1329.709,1.0,3862.386,2.9047,19
29696,2048,3072,0,base,328.968,1,1.0,0,328.968,0,328.968,1.0,963.024,2.9274,19
29696,3072,3072,0,base,490.046,1,1.0,0,490.046,0,490.046,1.0,1455.199,2.9695,19
29696,3072,6144,0,base,934.3,1,1.0,0,934.3,0,934.3,1.0,2922.43,3.1279,19
29696,4096,3072,0,base,670.129,1,1.0,0,670.129,0,670.129,1.0,1932.569,2.8839,19
29696,8192,3072,0,base,1292.753,1,1.0,0,1292.753,0,1292.753,1.0,3852.75,2.9803,19
29824,2048,3072,0,base,335.284,1,1.0,0,335.284,0,335.284,1.0,970.432,2.8944,19
29824,3072,3072,0,base,498.603,1,1.0,0,498.603,0,498.603,1.0,1461.875,2.9319,19
29824,3072,6144,0,base,949.116,1,1.0,0,949.116,0,949.116,1.0,2947.422,3.1054,19
29824,4096,3072,0,base,683.509,1,1.0,0,683.509,0,683.509,1.0,1946.197,2.8474,19
29824,8192,3072,0,base,1308.133,1,1.0,0,1308.133,0,1308.133,1.0,3869.078,2.9577,19
29835,8192,3072,0,base,1326.373,1,1.0,0,1326.373,0,1326.373,1.0,3880.25,2.9255,19
29898,3072,6144,0,base,985.965,1,1.0,0,985.965,0,985.965,1.0,2976.475,3.0188,19
29898,8192,3072,0,base,1324.633,1,1.0,0,1324.633,0,1324.633,1.0,3882.206,2.9308,19
29946,8192,3072,0,base,1334.501,1,1.0,0,1334.501,0,1334.501,1.0,3887.634,2.9132,19
29952,2048,3072,0,base,335.284,1,1.0,0,335.284,0,335.284,1.0,975.908,2.9107,19
29952,3072,3072,0,base,491.418,1,1.0,0,491.418,0,491.418,1.0,1471.191,2.9938,19
29952,3072,6144,0,base,946.852,1,1.0,0,946.852,0,946.852,1.0,2959.334,3.1254,19
29952,4096,3072,0,base,686.029,1,1.0,0,686.029,0,686.029,1.0,1955.381,2.8503,19
29952,8192,3072,0,base,1311.157,1,1.0,0,1311.157,0,1311.157,1.0,3894.27,2.9701,19
30000,2048,3072,0,base,337.452,1,1.0,0,337.452,0,337.452,1.0,979.288,2.902,19
30000,3072,3072,0,base,536.671,1,1.0,0,536.671,0,536.671,1.0,1481.915,2.7613,19
30000,3072,6144,0,base,994.361,1,1.0,0,994.361,0,994.361,1.0,2971.614,2.9885,19
30000,4096,3072,0,base,700.281,1,1.0,0,700.281,0,700.281,1.0,1970.305,2.8136,19
30000,8192,3072,0,base,1338.461,1,1.0,0,1338.461,0,1338.461,1.0,3894.298,2.9095,19
30001,2048,3072,0,base,341.144,1,1.0,0,341.144,0,341.144,1.0,979.937,2.8725,19
30001,3072,3072,0,base,529.427,1,1.0,0,529.427,0,529.427,1.0,1474.287,2.7847,19
30001,3072,6144,0,base,990.217,1,1.0,0,990.217,0,990.217,1.0,2993.658,3.0232,19
30001,4096,3072,0,base,704.165,1,1.0,0,704.165,0,704.165,1.0,1965.053,2.7906,19
30001,8192,3072,0,base,1339.369,1,1.0,0,1339.369,0,1339.369,1.0,3900.31,2.9121,19
30002,2048,3072,0,base,334.8,1,1.0,0,334.8,0,334.8,1.0,979.029,2.9242,19
30002,3072,3072,0,base,532.535,1,1.0,0,532.535,0,532.535,1.0,1474.079,2.768,19
30002,4096,3072,0,base,688.929,1,1.0,0,688.929,0,688.929,1.0,1968.137,2.8568,19
30002,8192,3072,0,base,1343.317,1,1.0,0,1343.317,0,1343.317,1.0,3907.99,2.9092,19
30003,2048,3072,0,base,349.553,1,1.0,0,349.553,0,349.553,1.0,984.896,2.8176,19
30003,8192,3072,0,base,1349.034,1,1.0,0,1349.034,0,1349.034,1.0,3918.975,2.905,19
30006,2048,3072,0,base,364.445,1,1.0,0,364.445,0,364.445,1.0,980.509,2.6904,19
30010,2048,3072,0,base,344.888,1,1.0,0,344.888,0,344.888,1.0,981.669,2.8463,19
30012,2048,3072,0,base,345.884,1,1.0,0,345.884,0,345.884,1.0,984.693,2.8469,19
30013,2048,3072,0,base,346.996,1,1.0,0,346.996,0,346.996,1.0,981.165,2.8276,19
30013,3072,3072,0,base,531.867,1,1.0,0,531.867,0,531.867,1.0,1484.235,2.7906,19
30013,4096,3072,0,base,686.08,1,1.0,0,686.08,0,686.08,1.0,1966.573,2.8664,19
30013,8192,3072,0,base,1335.077,1,1.0,0,1335.077,0,1335.077,1.0,3907.334,2.9267,19
30016,3072,3072,0,base,533.235,1,1.0,0,533.235,0,533.235,1.0,1472.635,2.7617,19
30016,4096,3072,0,base,684.193,1,1.0,0,684.193,0,684.193,1.0,1970.306,2.8798,19
30016,8192,3072,0,base,1345.853,1,1.0,0,1345.853,0,1345.853,1.0,3904.01,2.9008,19
30019,3072,6144,0,base,1000.069,1,1.0,0,1000.069,0,1000.069,1.0,2993.158,2.993,19
30019,8192,3072,0,base,1328.713,1,1.0,0,1328.713,0,1328.713,1.0,3918.354,2.949,19
30020,3072,3072,0,base,532.587,1,1.0,0,532.587,0,532.587,1.0,1475.183,2.7698,19
30020,4096,3072,0,base,692.013,1,1.0,0,692.013,0,692.013,1.0,1966.117,2.8412,19
30023,8192,3072,0,base,1343.281,1,1.0,0,1343.281,0,1343.281,1.0,3920.31,2.9185,19
30026,2048,3072,0,base,340.396,1,1.0,0,340.396,0,340.396,1.0,983.177,2.8883,19
30026,8192,3072,0,base,1339.941,1,1.0,0,1339.941,0,1339.941,1.0,3909.15,2.9174,19
30027,3072,6144,0,base,1001.829,1,1.0,0,1001.829,0,1001.829,1.0,2994.57,2.9891,19
30027,8192,3072,0,base,1318.233,1,1.0,0,1318.233,0,1318.233,1.0,3915.962,2.9706,19
30029,2048,3072,0,base,342.148,1,1.0,0,342.148,0,342.148,1.0,981.105,2.8675,19
30034,2048,3072,0,base,336.276,1,1.0,0,336.276,0,336.276,1.0,979.909,2.914,19
30042,2048,3072,0,base,338.38,1,1.0,0,338.38,0,338.38,1.0,977.661,2.8892,19
30045,2048,3072,0,base,334.76,1,1.0,0,334.76,0,334.76,1.0,980.637,2.9294,19
30045,3072,3072,0,base,521.651,1,1.0,0,521.651,0,521.651,1.0,1477.279,2.8319,19
30045,4096,3072,0,base,691.533,1,1.0,0,691.533,0,691.533,1.0,1975.073,2.8561,19
30047,8192,3072,0,base,1343.105,1,1.0,0,1343.105,0,1343.105,1.0,3895.422,2.9003,19
30048,2048,3072,0,base,347.28,1,1.0,0,347.28,0,347.28,1.0,978.185,2.8167,19
30048,3072,3072,0,base,522.183,1,1.0,0,522.183,0,522.183,1.0,1473.759,2.8223,19
30048,4096,3072,0,base,692.633,1,1.0,0,692.633,0,692.633,1.0,1958.117,2.8271,19
30051,3072,3072,0,base,524.799,1,1.0,0,524.799,0,524.799,1.0,1474.611,2.8099,19
30051,4096,3072,0,base,683.696,1,1.0,0,683.696,0,683.696,1.0,1973.665,2.8868,19
30052,3072,3072,0,base,526.822,1,1.0,0,526.822,0,526.822,1.0,1471.887,2.7939,19
30052,4096,3072,0,base,693.381,1,1.0,0,693.381,0,693.381,1.0,1988.666,2.8681,19
30061,2048,3072,0,base,345.748,1,1.0,0,345.748,0,345.748,1.0,977.369,2.8268,19
30063,8192,3072,0,base,1349.225,1,1.0,0,1349.225,0,1349.225,1.0,3896.926,2.8883,19
30080,2048,3072,0,base,333.224,1,1.0,0,333.224,0,333.224,1.0,978.737,2.9372,19
30080,3072,3072,0,base,508.835,1,1.0,0,508.835,0,508.835,1.0,1469.943,2.8888,19
30080,3072,6144,0,base,961.0,1,1.0,0,961.0,0,961.0,1.0,2976.21,3.097,19
30080,4096,3072,0,base,680.197,1,1.0,0,680.197,0,680.197,1.0,1960.029,2.8816,19
30080,8192,3072,0,base,1314.713,1,1.0,0,1314.713,0,1314.713,1.0,3897.426,2.9645,19
30089,2048,3072,0,base,345.276,1,1.0,0,345.276,0,345.276,1.0,978.365,2.8336,19
30096,2048,3072,0,base,346.336,1,1.0,0,346.336,0,346.336,1.0,980.961,2.8324,19
30102,3072,3072,0,base,526.059,1,1.0,0,526.059,0,526.059,1.0,1476.147,2.8061,19
30102,4096,3072,0,base,690.293,1,1.0,0,690.293,0,690.293,1.0,1970.066,2.854,19
30103,3072,3072,0,base,533.339,1,1.0,0,533.339,0,533.339,1.0,1474.811,2.7652,19
30103,4096,3072,0,base,694.493,1,1.0,0,694.493,0,694.493,1.0,1971.837,2.8392,19
30104,3072,3072,0,base,528.87,1,1.0,0,528.87,0,528.87,1.0,1473.459,2.786,19
30104,4096,3072,0,base,696.253,1,1.0,0,696.253,0,696.253,1.0,1970.269,2.8298,19
30109,2048,3072,0,base,346.225,1,1.0,0,346.225,0,346.225,1.0,979.709,2.8297,19
30109,3072,3072,0,base,522.163,1,1.0,0,522.163,0,522.163,1.0,1478.295,2.8311,19
30109,4096,3072,0,base,689.685,1,1.0,0,689.685,0,689.685,1.0,1971.005,2.8578,19
30112,2048,3072,0,base,346.125,1,1.0,0,346.125,0,346.125,1.0,980.253,2.8321,19
30113,2048,3072,0,base,335.944,1,1.0,0,335.944,0,335.944,1.0,978.757,2.9134,19
30116,2048,3072,0,base,349.273,1,1.0,0,349.273,0,349.273,1.0,981.713,2.8107,19
30117,3072,3072,0,base,520.767,1,1.0,0,520.767,0,520.767,1.0,1474.851,2.8321,19
30117,4096,3072,0,base,689.869,1,1.0,0,689.869,0,689.869,1.0,1973.469,2.8606,19
30129,3072,3072,0,base,529.551,1,1.0,0,529.551,0,529.551,1.0,1480.627,2.796,19
30129,4096,3072,0,base,686.552,1,1.0,0,686.552,0,686.552,1.0,1971.857,2.8721,19
30208,2048,3072,0,base,329.948,1,1.0,0,329.948,0,329.948,1.0,985.273,2.9861,19
30208,3072,3072,0,base,522.207,1,1.0,0,522.207,0,522.207,1.0,1478.775,2.8318,19
30208,3072,6144,0,base,963.684,1,1.0,0,963.684,0,963.684,1.0,2984.282,3.0967,19
30208,4096,3072,0,base,686.069,1,1.0,0,686.069,0,686.069,1.0,1968.701,2.8695,19
30208,8192,3072,0,base,1313.769,1,1.0,0,1313.769,0,1313.769,1.0,3920.403,2.9841,19
30237,2048,3072,0,base,343.029,1,1.0,0,343.029,0,343.029,1.0,989.336,2.8841,19
30240,2048,3072,0,base,352.852,1,1.0,0,352.852,0,352.852,1.0,986.189,2.7949,19
30243,2048,3072,0,base,344.652,1,1.0,0,344.652,0,344.652,1.0,986.761,2.8631,19
30244,2048,3072,0,base,353.656,1,1.0,0,353.656,0,353.656,1.0,989.033,2.7966,19
30247,2048,3072,0,base,351.744,1,1.0,0,351.744,0,351.744,1.0,988.221,2.8095,19
30263,3072,3072,0,base,535.855,1,1.0,0,535.855,0,535.855,1.0,1490.755,2.782,19
30263,4096,3072,0,base,694.517,1,1.0,0,694.517,0,694.517,1.0,1985.706,2.8591,19
30294,3072,6144,0,base,999.7,1,1.0,0,999.7,0,999.7,1.0,3024.719,3.0256,19
30294,8192,3072,0,base,1328.017,1,1.0,0,1328.017,0,1328.017,1.0,3945.487,2.971,19
30327,8192,3072,0,base,1343.057,1,1.0,0,1343.057,0,1343.057,1.0,3945.035,2.9374,19
30336,2048,3072,0,base,343.457,1,1.0,0,343.457,0,343.457,1.0,991.301,2.8862,19
30336,3072,3072,0,base,523.867,1,1.0,0,523.867,0,523.867,1.0,1487.915,2.8403,19
30336,3072,6144,0,base,969.824,1,1.0,0,969.824,0,969.824,1.0,3007.191,3.1008,19
30336,4096,3072,0,base,689.685,1,1.0,0,689.685,0,689.685,1.0,1983.382,2.8758,19
30336,8192,3072,0,base,1333.033,1,1.0,0,1333.033,0,1333.033,1.0,3943.499,2.9583,19
30386,3072,3072,0,base,526.147,1,1.0,0,526.147,0,526.147,1.0,1501.903,2.8545,19
30386,4096,3072,0,base,689.729,1,1.0,0,689.729,0,689.729,1.0,1993.65,2.8905,19
30418,3072,3072,0,base,529.247,1,1.0,0,529.247,0,529.247,1.0,1506.007,2.8456,19
30418,4096,3072,0,base,690.961,1,1.0,0,690.961,0,690.961,1.0,1995.786,2.8884,19
30445,3072,6144,0,base,1004.645,1,1.0,0,1004.645,0,1004.645,1.0,3046.011,3.0319,19
30445,8192,3072,0,base,1338.105,1,1.0,0,1338.105,0,1338.105,1.0,3968.455,2.9657,19
30448,3072,6144,0,base,1016.185,1,1.0,0,1016.185,0,1016.185,1.0,3032.919,2.9846,19
30448,8192,3072,0,base,1332.025,1,1.0,0,1332.025,0,1332.025,1.0,3959.171,2.9723,19
30464,2048,3072,0,base,338.824,1,1.0,0,338.824,0,338.824,1.0,995.853,2.9391,19
30464,3072,3072,0,base,515.715,1,1.0,0,515.715,0,515.715,1.0,1502.079,2.9126,19
30464,3072,6144,0,base,977.017,1,1.0,0,977.017,0,977.017,1.0,3029.387,3.1007,19
30464,4096,3072,0,base,679.301,1,1.0,0,679.301,0,679.301,1.0,1999.694,2.9438,19
30464,8192,3072,0,base,1333.937,1,1.0,0,1333.937,0,1333.937,1.0,3963.807,2.9715,19
30473,2048,3072,0,base,351.557,1,1.0,0,351.557,0,351.557,1.0,999.977,2.8444,19
30480,2048,3072,0,base,349.896,1,1.0,0,349.896,0,349.896,1.0,996.869,2.849,19
30482,8192,3072,0,base,1355.75,1,1.0,0,1355.75,0,1355.75,1.0,3982.079,2.9372,19
30483,3072,6144,0,base,1011.073,1,1.0,0,1011.073,0,1011.073,1.0,3047.871,3.0145,19
30483,8192,3072,0,base,1346.333,1,1.0,0,1346.333,0,1346.333,1.0,3984.103,2.9592,19
30484,3072,6144,0,base,1009.929,1,1.0,0,1009.929,0,1009.929,1.0,3047.343,3.0174,19
30484,8192,3072,0,base,1336.429,1,1.0,0,1336.429,0,1336.429,1.0,3964.243,2.9663,19
30486,2048,3072,0,base,351.149,1,1.0,0,351.149,0,351.149,1.0,993.148,2.8283,19
30487,2048,3072,0,base,354.26,1,1.0,0,354.26,0,354.26,1.0,994.341,2.8068,19
30494,2048,3072,0,base,350.621,1,1.0,0,350.621,0,350.621,1.0,993.749,2.8343,19
30506,3072,6144,0,base,1010.725,1,1.0,0,1010.725,0,1010.725,1.0,3037.719,3.0055,19
30506,8192,3072,0,base,1341.053,1,1.0,0,1341.053,0,1341.053,1.0,3959.843,2.9528,19
30507,8192,3072,0,base,1345.817,1,1.0,0,1345.817,0,1345.817,1.0,3965.107,2.9462,19
30508,3072,6144,0,base,1009.477,1,1.0,0,1009.477,0,1009.477,1.0,3032.495,3.004,19
30508,8192,3072,0,base,1340.461,1,1.0,0,1340.461,0,1340.461,1.0,3960.547,2.9546,19
30529,3072,6144,0,base,1006.821,1,1.0,0,1006.821,0,1006.821,1.0,3038.103,3.0175,19
30529,8192,3072,0,base,1350.433,1,1.0,0,1350.433,0,1350.433,1.0,3962.271,2.9341,19
30535,8192,3072,0,base,1348.294,1,1.0,0,1348.294,0,1348.294,1.0,3966.983,2.9422,19
30552,3072,6144,0,base,1015.057,1,1.0,0,1015.057,0,1015.057,1.0,3047.555,3.0023,19
30552,8192,3072,0,base,1349.245,1,1.0,0,1349.245,0,1349.245,1.0,3963.371,2.9375,19
30575,3072,6144,0,base,1012.805,1,1.0,0,1012.805,0,1012.805,1.0,3052.675,3.0141,19
30575,8192,3072,0,base,1343.745,1,1.0,0,1343.745,0,1343.745,1.0,3978.763,2.961,19
30592,2048,3072,0,base,336.068,1,1.0,0,336.068,0,336.068,1.0,995.737,2.9629,19
30592,3072,3072,0,base,508.615,1,1.0,0,508.615,0,508.615,1.0,1498.876,2.947,19
30592,3072,6144,0,base,974.512,1,1.0,0,974.512,0,974.512,1.0,3022.975,3.102,19
30592,4096,3072,0,base,687.869,1,1.0,0,687.869,0,687.869,1.0,1997.358,2.9037,19
30592,8192,3072,0,base,1330.037,1,1.0,0,1330.037,0,1330.037,1.0,3963.527,2.98,19
30599,3072,6144,0,base,1015.021,1,1.0,0,1015.021,0,1015.021,1.0,3054.803,3.0096,19
30599,8192,3072,0,base,1343.029,1,1.0,0,1343.029,0,1343.029,1.0,3984.383,2.9667,19
30600,3072,6144,0,base,1010.845,1,1.0,0,1010.845,0,1010.845,1.0,3050.891,3.0182,19
30600,8192,3072,0,base,1352.386,1,1.0,0,1352.386,0,1352.386,1.0,3979.979,2.9429,19
30622,3072,6144,0,base,1014.365,1,1.0,0,1014.365,0,1014.365,1.0,3056.339,3.0131,19
30622,8192,3072,0,base,1345.021,1,1.0,0,1345.021,0,1345.021,1.0,3987.251,2.9645,19
30632,3072,6144,0,base,1013.133,1,1.0,0,1013.133,0,1013.133,1.0,3056.959,3.0173,19
30632,8192,3072,0,base,1342.521,1,1.0,0,1342.521,0,1342.521,1.0,3989.039,2.9713,19
30658,3072,6144,0,base,1014.509,1,1.0,0,1014.509,0,1014.509,1.0,3063.792,3.02,19
30658,8192,3072,0,base,1354.841,1,1.0,0,1354.841,0,1354.841,1.0,3998.255,2.9511,19
30720,2048,3072,0,base,347.032,1,1.0,0,347.032,0,347.032,1.0,997.345,2.8739,19
30720,3072,3072,0,base,517.291,1,1.0,0,517.291,0,517.291,1.0,1508.828,2.9168,19
30720,3072,6144,0,base,971.405,1,1.0,0,971.405,0,971.405,1.0,3027.199,3.1163,19
30720,4096,3072,0,base,690.937,1,1.0,0,690.937,0,690.937,1.0,2018.374,2.9212,19
30720,8192,3072,0,base,1345.885,1,1.0,0,1345.885,0,1345.885,1.0,3996.164,2.9692,19
30741,3072,6144,0,base,1017.889,1,1.0,0,1017.889,0,1017.889,1.0,3067.28,3.0134,19
30741,8192,3072,0,base,1327.713,1,1.0,0,1327.713,0,1327.713,1.0,4004.544,3.0161,19
30755,8192,3072,0,base,1351.465,1,1.0,0,1351.465,0,1351.465,1.0,4013.584,2.9698,19
30760,2048,3072,0,base,371.205,1,1.0,0,371.205,0,371.205,1.0,1006.293,2.7109,19
30765,3072,3072,0,base,542.671,1,1.0,0,542.671,0,542.671,1.0,1516.404,2.7943,19
30765,4096,3072,0,base,712.309,1,1.0,0,712.309,0,712.309,1.0,2019.778,2.8355,19
30800,3072,6144,0,base,1012.129,1,1.0,0,1012.129,0,1012.129,1.0,3061.815,3.0251,19
30800,8192,3072,0,base,1354.429,1,1.0,0,1354.429,0,1354.429,1.0,4010.928,2.9613,19
30801,8192,3072,0,base,1361.89,1,1.0,0,1361.89,0,1361.89,1.0,4023.776,2.9546,19
30804,3072,6144,0,base,1025.517,1,1.0,0,1025.517,0,1025.517,1.0,3077.0,3.0004,19
30804,8192,3072,0,base,1347.397,1,1.0,0,1347.397,0,1347.397,1.0,4019.876,2.9834,19
30805,3072,6144,0,base,1023.649,1,1.0,0,1023.649,0,1023.649,1.0,3067.412,2.9965,19
30805,8192,3072,0,base,1357.429,1,1.0,0,1357.429,0,1357.429,1.0,4026.428,2.9662,19
30828,8192,3072,0,base,1369.514,1,1.0,0,1369.514,0,1369.514,1.0,4016.976,2.9331,19
30830,3072,6144,0,base,1023.785,1,1.0,0,1023.785,0,1023.785,1.0,3072.463,3.0011,19
30830,8192,3072,0,base,1350.961,1,1.0,0,1350.961,0,1350.961,1.0,4007.131,2.9661,19
30833,8192,3072,0,base,1360.849,1,1.0,0,1360.849,0,1360.849,1.0,4004.415,2.9426,19
30834,3072,6144,0,base,1017.401,1,1.0,0,1017.401,0,1017.401,1.0,3063.923,3.0115,19
30834,8192,3072,0,base,1347.885,1,1.0,0,1347.885,0,1347.885,1.0,4006.328,2.9723,19
30835,8192,3072,0,base,1368.946,1,1.0,0,1368.946,0,1368.946,1.0,4008.988,2.9285,19
30836,3072,6144,0,base,1020.389,1,1.0,0,1020.389,0,1020.389,1.0,3063.54,3.0023,19
30836,8192,3072,0,base,1355.041,1,1.0,0,1355.041,0,1355.041,1.0,3998.639,2.9509,19
30837,8192,3072,0,base,1364.466,1,1.0,0,1364.466,0,1364.466,1.0,4002.244,2.9332,19
30838,3072,6144,0,base,1013.601,1,1.0,0,1013.601,0,1013.601,1.0,3063.732,3.0226,19
30838,8192,3072,0,base,1335.153,1,1.0,0,1335.153,0,1335.153,1.0,4003.055,2.9982,19
30839,3072,6144,0,base,1013.157,1,1.0,0,1013.157,0,1013.157,1.0,3062.447,3.0227,19
30839,8192,3072,0,base,1331.957,1,1.0,0,1331.957,0,1331.957,1.0,4000.964,3.0038,19
30840,8192,3072,0,base,1356.478,1,1.0,0,1356.478,0,1356.478,1.0,4015.696,2.9604,19
30841,3072,6144,0,base,1015.625,1,1.0,0,1015.625,0,1015.625,1.0,3070.468,3.0232,19
30841,8192,3072,0,base,1361.953,1,1.0,0,1361.953,0,1361.953,1.0,4004.407,2.9402,19
30842,8192,3072,0,base,1367.322,1,1.0,0,1367.322,0,1367.322,1.0,4017.508,2.9382,19
30843,3072,6144,0,base,1020.137,1,1.0,0,1020.137,0,1020.137,1.0,3072.687,3.012,19
30843,8192,3072,0,base,1353.721,1,1.0,0,1353.721,0,1353.721,1.0,4012.328,2.9639,19
30844,3072,6144,0,base,1021.365,1,1.0,0,1021.365,0,1021.365,1.0,3073.324,3.009,19
30844,8192,3072,0,base,1348.986,1,1.0,0,1348.986,0,1348.986,1.0,4005.54,2.9693,19
30848,2048,3072,0,base,348.736,1,1.0,0,348.736,0,348.736,1.0,1005.449,2.8831,19
30848,3072,3072,0,base,518.683,1,1.0,0,518.683,0,518.683,1.0,1519.067,2.9287,19
30848,3072,6144,0,base,981.557,1,1.0,0,981.557,0,981.557,1.0,3052.995,3.1104,19
30848,4096,3072,0,base,702.625,1,1.0,0,702.625,0,702.625,1.0,2025.278,2.8824,19
30848,8192,3072,0,base,1344.305,1,1.0,0,1344.305,0,1344.305,1.0,4005.616,2.9797,19
30868,8192,3072,0,base,1361.25,1,1.0,0,1361.25,0,1361.25,1.0,4021.044,2.9539,19
30883,8192,3072,0,base,1355.038,1,1.0,0,1355.038,0,1355.038,1.0,4025.484,2.9708,19
30913,3072,6144,0,base,1025.957,1,1.0,0,1025.957,0,1025.957,1.0,3091.688,3.0135,19
30913,8192,3072,0,base,1343.793,1,1.0,0,1343.793,0,1343.793,1.0,4030.636,2.9994,19
30976,2048,3072,0,base,361.801,1,1.0,0,361.801,0,361.801,1.0,1006.317,2.7814,19
30976,3072,3072,0,base,517.531,1,1.0,0,517.531,0,517.531,1.0,1531.684,2.9596,19
30976,3072,6144,0,base,990.321,1,1.0,0,990.321,0,990.321,1.0,3071.151,3.1012,19
30976,4096,3072,0,base,705.349,1,1.0,0,705.349,0,705.349,1.0,2032.022,2.8809,19
30976,8192,3072,0,base,1350.061,1,1.0,0,1350.061,0,1350.061,1.0,4035.88,2.9894,19
31001,2048,3072,0,base,368.973,1,1.0,0,368.973,0,368.973,1.0,1012.549,2.7442,19
31001,3072,3072,0,base,545.635,1,1.0,0,545.635,0,545.635,1.0,1527.136,2.7988,19
31001,3072,6144,0,base,1020.329,1,1.0,0,1020.329,0,1020.329,1.0,3102.944,3.0411,19
31001,4096,3072,0,base,714.609,1,1.0,0,714.609,0,714.609,1.0,2041.062,2.8562,19
31001,8192,3072,0,base,1358.661,1,1.0,0,1358.661,0,1358.661,1.0,4058.764,2.9873,19
31003,2048,3072,0,base,374.065,1,1.0,0,374.065,0,374.065,1.0,1012.081,2.7056,19
31007,3072,6144,0,base,1020.293,1,1.0,0,1020.293,0,1020.293,1.0,3097.948,3.0363,19
31007,8192,3072,0,base,1342.781,1,1.0,0,1342.781,0,1342.781,1.0,4053.74,3.0189,19
31008,8192,3072,0,base,1365.558,1,1.0,0,1365.558,0,1365.558,1.0,4040.932,2.9592,19
31010,3072,6144,0,base,1028.677,1,1.0,0,1028.677,0,1028.677,1.0,3098.356,3.012,19
31010,8192,3072,0,base,1341.281,1,1.0,0,1341.281,0,1341.281,1.0,4053.032,3.0218,19
31013,3072,6144,0,base,1031.137,1,1.0,0,1031.137,0,1031.137,1.0,3100.756,3.0071,19
31013,8192,3072,0,base,1357.994,1,1.0,0,1357.994,0,1357.994,1.0,4034.044,2.9706,19
31016,8192,3072,0,base,1373.23,1,1.0,0,1373.23,0,1373.23,1.0,4026.376,2.932,19
31033,2048,3072,0,base,372.269,1,1.0,0,372.269,0,372.269,1.0,1010.689,2.7149,19
31033,3072,3072,0,base,533.011,1,1.0,0,533.011,0,533.011,1.0,1521.151,2.8539,19
31033,3072,6144,0,base,1019.965,1,1.0,0,1019.965,0,1019.965,1.0,3086.596,3.0262,19
31033,4096,3072,0,base,729.874,1,1.0,0,729.874,0,729.874,1.0,2037.474,2.7915,19
31033,8192,3072,0,base,1365.685,1,1.0,0,1365.685,0,1365.685,1.0,4030.34,2.9511,19
31038,3072,6144,0,base,1024.969,1,1.0,0,1024.969,0,1024.969,1.0,3088.792,3.0135,19
31038,8192,3072,0,base,1351.029,1,1.0,0,1351.029,0,1351.029,1.0,4030.608,2.9834,19
31041,3072,3072,0,base,536.163,1,1.0,0,536.163,0,536.163,1.0,1516.135,2.8278,19
31041,3072,6144,0,base,1027.197,1,1.0,0,1027.197,0,1027.197,1.0,3090.472,3.0086,19
31041,4096,3072,0,base,717.529,1,1.0,0,717.529,0,717.529,1.0,2032.05,2.832,19
31041,8192,3072,0,base,1360.57,1,1.0,0,1360.57,0,1360.57,1.0,4035.236,2.9658,19
31042,3072,6144,0,base,1023.013,1,1.0,0,1023.013,0,1023.013,1.0,3087.687,3.0182,19
31042,8192,3072,0,base,1349.389,1,1.0,0,1349.389,0,1349.389,1.0,4028.272,2.9853,19
31043,3072,3072,0,base,532.111,1,1.0,0,532.111,0,532.111,1.0,1520.052,2.8566,19
31043,3072,6144,0,base,1025.381,1,1.0,0,1025.381,0,1025.381,1.0,3091.16,3.0146,19
31043,4096,3072,0,base,724.045,1,1.0,0,724.045,0,724.045,1.0,2034.454,2.8098,19
31043,8192,3072,0,base,1382.95,1,1.0,0,1382.95,0,1382.95,1.0,4036.188,2.9185,19
31044,3072,6144,0,base,1031.501,1,1.0,0,1031.501,0,1031.501,1.0,3087.964,2.9937,19
31044,8192,3072,0,base,1359.637,1,1.0,0,1359.637,0,1359.637,1.0,4030.532,2.9644,19
31045,3072,6144,0,base,1032.533,1,1.0,0,1032.533,0,1032.533,1.0,3092.98,2.9955,19
31045,8192,3072,0,base,1353.825,1,1.0,0,1353.825,0,1353.825,1.0,4032.872,2.9789,19
31046,3072,6144,0,base,1033.853,1,1.0,0,1033.853,0,1033.853,1.0,3104.884,3.0032,19
31046,8192,3072,0,base,1349.981,1,1.0,0,1349.981,0,1349.981,1.0,4042.16,2.9942,19
31047,3072,6144,0,base,1032.901,1,1.0,0,1032.901,0,1032.901,1.0,3095.952,2.9973,19
31047,8192,3072,0,base,1345.601,1,1.0,0,1345.601,0,1345.601,1.0,4039.412,3.0019,19
31048,3072,6144,0,base,1032.557,1,1.0,0,1032.557,0,1032.557,1.0,3098.54,3.0008,19
31048,8192,3072,0,base,1346.025,1,1.0,0,1346.025,0,1346.025,1.0,4038.252,3.0001,19
31049,3072,6144,0,base,1029.161,1,1.0,0,1029.161,0,1029.161,1.0,3099.928,3.0121,19
31049,8192,3072,0,base,1347.713,1,1.0,0,1347.713,0,1347.713,1.0,4035.728,2.9945,19
31050,3072,6144,0,base,1033.381,1,1.0,0,1033.381,0,1033.381,1.0,3096.436,2.9964,19
31050,8192,3072,0,base,1360.702,1,1.0,0,1360.702,0,1360.702,1.0,4037.68,2.9674,19
31051,8192,3072,0,base,1359.926,1,1.0,0,1359.926,0,1359.926,1.0,4047.0,2.9759,19
31052,3072,6144,0,base,1035.685,1,1.0,0,1035.685,0,1035.685,1.0,3093.68,2.9871,19
31052,8192,3072,0,base,1346.845,1,1.0,0,1346.845,0,1346.845,1.0,4045.908,3.004,19
31053,8192,3072,0,base,1364.87,1,1.0,0,1364.87,0,1364.87,1.0,4056.72,2.9722,19
31054,3072,6144,0,base,1036.882,1,1.0,0,1036.882,0,1036.882,1.0,3104.228,2.9938,19
31054,8192,3072,0,base,1363.406,1,1.0,0,1363.406,0,1363.406,1.0,4051.352,2.9715,19
31055,8192,3072,0,base,1376.59,1,1.0,0,1376.59,0,1376.59,1.0,4056.036,2.9464,19
31056,3072,6144,0,base,1034.697,1,1.0,0,1034.697,0,1034.697,1.0,3081.356,2.978,19
31056,8192,3072,0,base,1359.57,1,1.0,0,1359.57,0,1359.57,1.0,4036.992,2.9693,19
31057,8192,3072,0,base,1362.449,1,1.0,0,1362.449,0,1362.449,1.0,4050.604,2.973,19
31058,3072,6144,0,base,1037.853,1,1.0,0,1037.853,0,1037.853,1.0,3107.14,2.9938,19
31058,8192,3072,0,base,1348.221,1,1.0,0,1348.221,0,1348.221,1.0,4055.244,3.0078,19
31059,8192,3072,0,base,1361.381,1,1.0,0,1361.381,0,1361.381,1.0,4048.648,2.9739,19
31060,3072,6144,0,base,1033.625,1,1.0,0,1033.625,0,1033.625,1.0,3096.996,2.9962,19
31060,8192,3072,0,base,1360.062,1,1.0,0,1360.062,0,1360.062,1.0,4030.68,2.9636,19
31061,8192,3072,0,base,1365.27,1,1.0,0,1365.27,0,1365.27,1.0,4032.676,2.9538,19
31062,3072,6144,0,base,1037.653,1,1.0,0,1037.653,0,1037.653,1.0,3088.732,2.9767,19
31062,8192,3072,0,base,1352.693,1,1.0,0,1352.693,0,1352.693,1.0,4030.296,2.9795,19
31063,8192,3072,0,base,1358.61,1,1.0,0,1358.61,0,1358.61,1.0,4029.44,2.9659,19
31064,3072,6144,0,base,1026.429,1,1.0,0,1026.429,0,1026.429,1.0,3093.088,3.0134,19
31064,8192,3072,0,base,1361.813,1,1.0,0,1361.813,0,1361.813,1.0,4030.836,2.9599,19
31065,8192,3072,0,base,1367.998,1,1.0,0,1367.998,0,1367.998,1.0,4037.476,2.9514,19
31066,3072,6144,0,base,1026.677,1,1.0,0,1026.677,0,1026.677,1.0,3095.06,3.0146,19
31066,8192,3072,0,base,1361.09,1,1.0,0,1361.09,0,1361.09,1.0,4045.576,2.9723,19
31068,8192,3072,0,base,1369.722,1,1.0,0,1369.722,0,1369.722,1.0,4025.056,2.9386,19
31104,2048,3072,0,base,355.573,1,1.0,0,355.573,0,355.573,1.0,1008.929,2.8375,19
31104,3072,3072,0,base,522.167,1,1.0,0,522.167,0,522.167,1.0,1523.423,2.9175,19
31104,3072,6144,0,base,989.265,1,1.0,0,989.265,0,989.265,1.0,3072.376,3.1057,19
31104,4096,3072,0,base,707.673,1,1.0,0,707.673,0,707.673,1.0,2029.77,2.8682,19
31104,8192,3072,0,base,1355.922,1,1.0,0,1355.922,0,1355.922,1.0,4028.016,2.9707,19
31144,3072,6144,0,base,1027.301,1,1.0,0,1027.301,0,1027.301,1.0,3102.384,3.0199,19
31144,8192,3072,0,base,1358.185,1,1.0,0,1358.185,0,1358.185,1.0,4042.832,2.9766,19
31160,8192,3072,0,base,1370.437,1,1.0,0,1370.437,0,1370.437,1.0,4047.08,2.9531,19
31183,3072,6144,0,base,1035.289,1,1.0,0,1035.289,0,1035.289,1.0,3096.184,2.9906,19
31183,8192,3072,0,base,1362.838,1,1.0,0,1362.838,0,1362.838,1.0,4057.432,2.9772,19
31184,8192,3072,0,base,1365.698,1,1.0,0,1365.698,0,1365.698,1.0,4044.788,2.9617,19
31188,3072,6144,0,base,1033.217,1,1.0,0,1033.217,0,1033.217,1.0,3115.68,3.0155,19
31188,8192,3072,0,base,1360.802,1,1.0,0,1360.802,0,1360.802,1.0,4067.088,2.9887,19
31189,3072,6144,0,base,1037.901,1,1.0,0,1037.901,0,1037.901,1.0,3106.276,2.9928,19
31189,8192,3072,0,base,1353.249,1,1.0,0,1353.249,0,1353.249,1.0,4050.332,2.993,19
31213,3072,6144,0,base,1033.473,1,1.0,0,1033.473,0,1033.473,1.0,3115.532,3.0146,19
31213,8192,3072,0,base,1351.345,1,1.0,0,1351.345,0,1351.345,1.0,4067.46,3.0099,19
31216,8192,3072,0,base,1357.209,1,1.0,0,1357.209,0,1357.209,1.0,4054.988,2.9877,19
31217,3072,6144,0,base,1034.977,1,1.0,0,1034.977,0,1034.977,1.0,3113.008,3.0078,19
31217,8192,3072,0,base,1354.985,1,1.0,0,1354.985,0,1354.985,1.0,4064.984,3.0,19
31218,8192,3072,0,base,1375.058,1,1.0,0,1375.058,0,1375.058,1.0,4067.477,2.958,19
31219,3072,6144,0,base,1036.169,1,1.0,0,1036.169,0,1036.169,1.0,3103.388,2.9951,19
31219,8192,3072,0,base,1347.45,1,1.0,0,1347.45,0,1347.45,1.0,4072.608,3.0225,19
31220,8192,3072,0,base,1366.698,1,1.0,0,1366.698,0,1366.698,1.0,4074.985,2.9816,19
31221,3072,6144,0,base,1029.669,1,1.0,0,1029.669,0,1029.669,1.0,3109.692,3.0201,19
31221,8192,3072,0,base,1365.805,1,1.0,0,1365.805,0,1365.805,1.0,4069.396,2.9795,19
31222,3072,6144,0,base,1027.157,1,1.0,0,1027.157,0,1027.157,1.0,3104.112,3.022,19
31222,8192,3072,0,base,1357.57,1,1.0,0,1357.57,0,1357.57,1.0,4069.16,2.9974,19
31223,8192,3072,0,base,1378.734,1,1.0,0,1378.734,0,1378.734,1.0,4054.952,2.9411,19
31224,3072,6144,0,base,1035.285,1,1.0,0,1035.285,0,1035.285,1.0,3111.028,3.005,19
31224,8192,3072,0,base,1368.362,1,1.0,0,1368.362,0,1368.362,1.0,4064.756,2.9705,19
31225,8192,3072,0,base,1379.998,1,1.0,0,1379.998,0,1379.998,1.0,4061.648,2.9432,19
31226,3072,6144,0,base,1034.589,1,1.0,0,1034.589,0,1034.589,1.0,3095.948,2.9924,19
31226,8192,3072,0,base,1362.582,1,1.0,0,1362.582,0,1362.582,1.0,4059.74,2.9794,19
31227,3072,6144,0,base,1028.893,1,1.0,0,1028.893,0,1028.893,1.0,3101.244,3.0142,19
31227,8192,3072,0,base,1351.702,1,1.0,0,1351.702,0,1351.702,1.0,4059.056,3.0029,19
31232,2048,3072,0,base,353.521,1,1.0,0,353.521,0,353.521,1.0,1013.517,2.8669,19
31232,3072,3072,0,base,525.047,1,1.0,0,525.047,0,525.047,1.0,1524.836,2.9042,19
31232,3072,6144,0,base,988.733,1,1.0,0,988.733,0,988.733,1.0,3079.68,3.1148,19
31232,4096,3072,0,base,706.109,1,1.0,0,706.109,0,706.109,1.0,2038.362,2.8868,19
31232,8192,3072,0,base,1353.269,1,1.0,0,1353.269,0,1353.269,1.0,4045.204,2.9892,19
31274,8192,3072,0,base,1365.414,1,1.0,0,1365.414,0,1365.414,1.0,4061.664,2.9747,19
31288,3072,3072,0,base,541.931,1,1.0,0,541.931,0,541.931,1.0,1540.248,2.8421,19
31288,4096,3072,0,base,715.353,1,1.0,0,715.353,0,715.353,1.0,2048.022,2.863,19
31352,3072,3072,0,base,534.743,1,1.0,0,534.743,0,534.743,1.0,1539.7,2.8793,19
31352,4096,3072,0,base,713.749,1,1.0,0,713.749,0,713.749,1.0,2057.355,2.8825,19
31360,2048,3072,0,base,346.189,1,1.0,0,346.189,0,346.189,1.0,1019.025,2.9436,19
31360,3072,3072,0,base,523.187,1,1.0,0,523.187,0,523.187,1.0,1532.016,2.9282,19
31360,3072,6144,0,base,989.233,1,1.0,0,989.233,0,989.233,1.0,3098.16,3.1319,19
31360,4096,3072,0,base,708.789,1,1.0,0,708.789,0,708.789,1.0,2048.326,2.8899,19
31360,8192,3072,0,base,1363.814,1,1.0,0,1363.814,0,1363.814,1.0,4068.496,2.9832,19
31363,2048,3072,0,base,359.381,1,1.0,0,359.381,0,359.381,1.0,1017.537,2.8314,19
31363,3072,3072,0,base,543.775,1,1.0,0,543.775,0,543.775,1.0,1536.524,2.8257,19
31363,4096,3072,0,base,723.657,1,1.0,0,723.657,0,723.657,1.0,2060.01,2.8467,19
31392,3072,6144,0,base,1033.097,1,1.0,0,1033.097,0,1033.097,1.0,3104.576,3.0051,19
31392,8192,3072,0,base,1374.154,1,1.0,0,1374.154,0,1374.154,1.0,4073.565,2.9644,19
31393,8192,3072,0,base,1374.77,1,1.0,0,1374.77,0,1374.77,1.0,4077.32,2.9658,19
31488,2048,3072,0,base,354.084,1,1.0,0,354.084,0,354.084,1.0,1025.105,2.8951,19
31488,3072,3072,0,base,543.231,1,1.0,0,543.231,0,543.231,1.0,1542.688,2.8398,19
31488,3072,6144,0,base,1007.757,1,1.0,0,1007.757,0,1007.757,1.0,3117.296,3.0933,19
31488,4096,3072,0,base,715.349,1,1.0,0,715.349,0,715.349,1.0,2065.606,2.8875,19
31488,8192,3072,0,base,1362.357,1,1.0,0,1362.357,0,1362.357,1.0,4090.913,3.0028,19
31616,2048,3072,0,base,357.892,1,1.0,0,357.892,0,357.892,1.0,1031.569,2.8823,19
31616,3072,3072,0,base,540.115,1,1.0,0,540.115,0,540.115,1.0,1559.604,2.8875,19
31616,3072,6144,0,base,1015.253,1,1.0,0,1015.253,0,1015.253,1.0,3131.244,3.0842,19
31616,4096,3072,0,base,720.713,1,1.0,0,720.713,0,720.713,1.0,2070.267,2.8725,19
31616,8192,3072,0,base,1350.505,1,1.0,0,1350.505,0,1350.505,1.0,4101.033,3.0367,19
31631,2048,3072,0,base,355.592,1,1.0,0,355.592,0,355.592,1.0,1029.593,2.8954,19
31726,2048,3072,0,base,354.752,1,1.0,0,354.752,0,354.752,1.0,1030.001,2.9034,19
31726,3072,3072,0,base,560.451,1,1.0,0,560.451,0,560.451,1.0,1565.32,2.793,19
31726,4096,3072,0,base,722.545,1,1.0,0,722.545,0,722.545,1.0,2088.487,2.8905,19
31744,2048,3072,0,base,355.285,1,1.0,0,355.285,0,355.285,1.0,1033.169,2.908,19
31744,3072,3072,0,base,544.551,1,1.0,0,544.551,0,544.551,1.0,1564.76,2.8735,19
31744,3072,6144,0,base,1009.121,1,1.0,0,1009.121,0,1009.121,1.0,3130.696,3.1024,19
31744,4096,3072,0,base,727.042,1,1.0,0,727.042,0,727.042,1.0,2074.627,2.8535,19
31744,8192,3072,0,base,1348.593,1,1.0,0,1348.593,0,1348.593,1.0,4127.081,3.0603,19
31758,3072,3072,0,base,554.639,1,1.0,0,554.639,0,554.639,1.0,1568.268,2.8275,19
31758,4096,3072,0,base,733.293,1,1.0,0,733.293,0,733.293,1.0,2085.651,2.8442,19
31796,2048,3072,0,base,353.333,1,1.0,0,353.333,0,353.333,1.0,1038.657,2.9396,19
31812,3072,3072,0,base,564.207,1,1.0,0,564.207,0,564.207,1.0,1566.24,2.776,19
31812,4096,3072,0,base,737.994,1,1.0,0,737.994,0,737.994,1.0,2089.859,2.8318,19
31859,2048,3072,0,base,362.101,1,1.0,0,362.101,0,362.101,1.0,1038.893,2.8691,19
31872,2048,3072,0,base,350.537,1,1.0,0,350.537,0,350.537,1.0,1037.669,2.9602,19
31872,3072,3072,0,base,540.475,1,1.0,0,540.475,0,540.475,1.0,1573.876,2.912,19
31872,3072,6144,0,base,1018.053,1,1.0,0,1018.053,0,1018.053,1.0,3153.669,3.0977,19
31872,4096,3072,0,base,730.457,1,1.0,0,730.457,0,730.457,1.0,2086.159,2.856,19
31872,8192,3072,0,base,1365.465,1,1.0,0,1365.465,0,1365.465,1.0,4145.613,3.036,19
31917,2048,3072,0,base,370.149,1,1.0,0,370.149,0,370.149,1.0,1039.385,2.808,19
31970,3072,3072,0,base,562.883,1,1.0,0,562.883,0,562.883,1.0,1571.864,2.7925,19
31970,4096,3072,0,base,738.206,1,1.0,0,738.206,0,738.206,1.0,2106.987,2.8542,19
31992,8192,3072,0,base,1404.238,1,1.0,0,1404.238,0,1404.238,1.0,4172.006,2.971,19
31997,2048,3072,0,base,368.781,1,1.0,0,368.781,0,368.781,1.0,1036.993,2.812,19
31997,3072,3072,0,base,560.027,1,1.0,0,560.027,0,560.027,1.0,1573.556,2.8098,19
31997,4096,3072,0,base,748.717,1,1.0,0,748.717,0,748.717,1.0,2100.175,2.805,19
31998,2048,3072,0,base,360.876,1,1.0,0,360.876,0,360.876,1.0,1041.329,2.8856,19
31999,3072,3072,0,base,554.951,1,1.0,0,554.951,0,554.951,1.0,1573.76,2.8359,19
31999,4096,3072,0,base,736.065,1,1.0,0,736.065,0,736.065,1.0,2099.819,2.8528,19
32000,2048,3072,0,base,348.941,1,1.0,0,348.941,0,348.941,1.0,1040.205,2.981,19
32000,3072,3072,0,base,552.479,1,1.0,0,552.479,0,552.479,1.0,1571.788,2.845,19
32000,3072,6144,0,base,1018.329,1,1.0,0,1018.329,0,1018.329,1.0,3157.321,3.1005,19
32000,4096,3072,0,base,728.65,1,1.0,0,728.65,0,728.65,1.0,2095.119,2.8753,19
32000,8192,3072,0,base,1371.87,1,1.0,0,1371.87,0,1371.87,1.0,4148.101,3.0237,19
32001,2048,3072,0,base,372.093,1,1.0,0,372.093,0,372.093,1.0,1041.233,2.7983,19
32001,3072,3072,0,base,559.131,1,1.0,0,559.131,0,559.131,1.0,1570.368,2.8086,19
32001,3072,6144,0,base,1052.666,1,1.0,0,1052.666,0,1052.666,1.0,3184.761,3.0254,19
32001,4096,3072,0,base,744.034,1,1.0,0,744.034,0,744.034,1.0,2107.747,2.8329,19
32001,8192,3072,0,base,1402.778,1,1.0,0,1402.778,0,1402.778,1.0,4149.681,2.9582,19
32002,2048,3072,0,base,366.225,1,1.0,0,366.225,0,366.225,1.0,1041.618,2.8442,19
32002,3072,3072,0,base,564.543,1,1.0,0,564.543,0,564.543,1.0,1567.924,2.7773,19
32002,3072,6144,0,base,1050.589,1,1.0,0,1050.589,0,1050.589,1.0,3183.629,3.0303,19
32002,4096,3072,0,base,744.85,1,1.0,0,744.85,0,744.85,1.0,2094.663,2.8122,19
32002,8192,3072,0,base,1390.97,1,1.0,0,1390.97,0,1390.97,1.0,4152.505,2.9853,19
32003,2048,3072,0,base,372.521,1,1.0,0,372.521,0,372.521,1.0,1042.657,2.7989,19
32003,3072,6144,0,base,1061.634,1,1.0,0,1061.634,0,1061.634,1.0,3181.849,2.9971,19
32003,8192,3072,0,base,1381.118,1,1.0,0,1381.118,0,1381.118,1.0,4155.949,3.0091,19
32004,8192,3072,0,base,1397.022,1,1.0,0,1397.022,0,1397.022,1.0,4157.162,2.9757,19
32005,2048,3072,0,base,362.297,1,1.0,0,362.297,0,362.297,1.0,1044.125,2.882,19
32005,3072,3072,0,base,560.447,1,1.0,0,560.447,0,560.447,1.0,1570.232,2.8017,19
32005,4096,3072,0,base,731.565,1,1.0,0,731.565,0,731.565,1.0,2102.883,2.8745,19
32005,8192,3072,0,base,1388.122,1,1.0,0,1388.122,0,1388.122,1.0,4160.449,2.9972,19
32006,2048,3072,0,base,372.341,1,1.0,0,372.341,0,372.341,1.0,1042.049,2.7986,19
32006,3072,3072,0,base,563.663,1,1.0,0,563.663,0,563.663,1.0,1566.628,2.7794,19
32006,4096,3072,0,base,730.294,1,1.0,0,730.294,0,730.294,1.0,2103.375,2.8802,19
32006,8192,3072,0,base,1400.878,1,1.0,0,1400.878,0,1400.878,1.0,4162.366,2.9713,19
32007,2048,3072,0,base,371.413,1,1.0,0,371.413,0,371.413,1.0,1044.594,2.8125,19
32007,3072,6144,0,base,1066.141,1,1.0,0,1066.141,0,1066.141,1.0,3195.133,2.9969,19
32007,8192,3072,0,base,1394.114,1,1.0,0,1394.114,0,1394.114,1.0,4158.097,2.9826,19
32008,2048,3072,0,base,371.333,1,1.0,0,371.333,0,371.333,1.0,1045.821,2.8164,19
32008,3072,3072,0,base,553.739,1,1.0,0,553.739,0,553.739,1.0,1571.952,2.8388,19
32008,4096,3072,0,base,737.249,1,1.0,0,737.249,0,737.249,1.0,2097.867,2.8455,19
32009,2048,3072,0,base,359.673,1,1.0,0,359.673,0,359.673,1.0,1043.229,2.9005,19
32011,2048,3072,0,base,371.669,1,1.0,0,371.669,0,371.669,1.0,1042.885,2.806,19
32011,3072,3072,0,base,563.463,1,1.0,0,563.463,0,563.463,1.0,1580.089,2.8042,19
32011,4096,3072,0,base,732.865,1,1.0,0,732.865,0,732.865,1.0,2103.407,2.8701,19
32011,8192,3072,0,base,1395.49,1,1.0,0,1395.49,0,1395.49,1.0,4166.146,2.9854,19
32014,3072,3072,0,base,564.875,1,1.0,0,564.875,0,564.875,1.0,1572.496,2.7838,19
32014,3072,6144,0,base,1062.557,1,1.0,0,1062.557,0,1062.557,1.0,3188.089,3.0004,19
32014,4096,3072,0,base,745.806,1,1.0,0,745.806,0,745.806,1.0,2103.867,2.8209,19
32014,8192,3072,0,base,1384.102,1,1.0,0,1384.102,0,1384.102,1.0,4165.457,3.0095,19
32015,2048,3072,0,base,370.281,1,1.0,0,370.281,0,370.281,1.0,1044.949,2.822,19
32015,3072,3072,0,base,555.039,1,1.0,0,555.039,0,555.039,1.0,1580.244,2.8471,19
32015,4096,3072,0,base,739.266,1,1.0,0,739.266,0,739.266,1.0,2105.099,2.8476,19
32015,8192,3072,0,base,1396.342,1,1.0,0,1396.342,0,1396.342,1.0,4178.986,2.9928,19
32017,2048,3072,0,base,362.929,1,1.0,0,362.929,0,362.929,1.0,1048.517,2.889,19
32019,2048,3072,0,base,359.869,1,1.0,0,359.869,0,359.869,1.0,1048.582,2.9138,19
32019,3072,3072,0,base,556.623,1,1.0,0,556.623,0,556.623,1.0,1585.16,2.8478,19
32019,4096,3072,0,base,736.026,1,1.0,0,736.026,0,736.026,1.0,2107.823,2.8638,19
32024,2048,3072,0,base,431.122,1,1.0,0,431.122,0,431.122,1.0,1046.766,2.428,19
32026,3072,3072,0,base,558.371,1,1.0,0,558.371,0,558.371,1.0,1578.54,2.827,19
32026,4096,3072,0,base,743.646,1,1.0,0,743.646,0,743.646,1.0,2116.055,2.8455,19
32030,3072,3072,0,base,540.087,1,1.0,0,540.087,0,540.087,1.0,1576.688,2.9193,19
32030,4096,3072,0,base,732.837,1,1.0,0,732.837,0,732.837,1.0,2108.447,2.8771,19
32031,8192,3072,0,base,1417.622,1,1.0,0,1417.622,0,1417.622,1.0,4176.47,2.9461,19
32032,3072,3072,0,base,562.531,1,1.0,0,562.531,0,562.531,1.0,1574.768,2.7994,19
32032,4096,3072,0,base,739.701,1,1.0,0,739.701,0,739.701,1.0,2101.591,2.8411,19
32032,8192,3072,0,base,1396.29,1,1.0,0,1396.29,0,1396.29,1.0,4163.993,2.9822,19
32034,8192,3072,0,base,1385.982,1,1.0,0,1385.982,0,1385.982,1.0,4175.042,3.0123,19
32035,8192,3072,0,base,1395.614,1,1.0,0,1395.614,0,1395.614,1.0,4193.158,3.0045,19
32036,8192,3072,0,base,1405.246,1,1.0,0,1405.246,0,1405.246,1.0,4174.914,2.9709,19
32038,3072,3072,0,base,560.531,1,1.0,0,560.531,0,560.531,1.0,1571.72,2.804,19
32038,4096,3072,0,base,736.29,1,1.0,0,736.29,0,736.29,1.0,2110.623,2.8666,19
32038,8192,3072,0,base,1391.874,1,1.0,0,1391.874,0,1391.874,1.0,4171.37,2.9969,19
32039,8192,3072,0,base,1383.654,1,1.0,0,1383.654,0,1383.654,1.0,4157.701,3.0049,19
32040,3072,3072,0,base,563.691,1,1.0,0,563.691,0,563.691,1.0,1570.08,2.7854,19
32040,4096,3072,0,base,737.373,1,1.0,0,737.373,0,737.373,1.0,2102.975,2.852,19
32041,2048,3072,0,base,372.069,1,1.0,0,372.069,0,372.069,1.0,1042.637,2.8023,19
32043,2048,3072,0,base,374.597,1,1.0,0,374.597,0,374.597,1.0,1042.565,2.7832,19
32043,3072,3072,0,base,563.447,1,1.0,0,563.447,0,563.447,1.0,1566.532,2.7803,19
32043,4096,3072,0,base,732.346,1,1.0,0,732.346,0,732.346,1.0,2129.407,2.9077,19
32044,3072,3072,0,base,544.959,1,1.0,0,544.959,0,544.959,1.0,1573.284,2.887,19
32044,4096,3072,0,base,731.893,1,1.0,0,731.893,0,731.893,1.0,2132.192,2.9133,19
32050,3072,3072,0,base,553.415,1,1.0,0,553.415,0,553.415,1.0,1574.76,2.8455,19
32050,4096,3072,0,base,734.141,1,1.0,0,734.141,0,734.141,1.0,2099.619,2.86,19
32064,2048,3072,0,base,366.265,1,1.0,0,366.265,0,366.265,1.0,1040.922,2.842,19
32064,3072,3072,0,base,555.715,1,1.0,0,555.715,0,555.715,1.0,1571.464,2.8278,19
32064,4096,3072,0,base,747.562,1,1.0,0,747.562,0,747.562,1.0,2097.027,2.8052,19
32070,3072,3072,0,base,548.723,1,1.0,0,548.723,0,548.723,1.0,1567.464,2.8566,19
32070,4096,3072,0,base,734.353,1,1.0,0,734.353,0,734.353,1.0,2105.207,2.8667,19
32070,8192,3072,0,base,1395.81,1,1.0,0,1395.81,0,1395.81,1.0,4163.49,2.9828,19
32123,2048,3072,0,base,367.209,1,1.0,0,367.209,0,367.209,1.0,1043.841,2.8426,19
32125,2048,3072,0,base,371.653,1,1.0,0,371.653,0,371.653,1.0,1044.457,2.8103,19
32128,2048,3072,0,base,355.084,1,1.0,0,355.084,0,355.084,1.0,1044.673,2.942,19
32128,3072,3072,0,base,549.431,1,1.0,0,549.431,0,549.431,1.0,1574.164,2.8651,19
32128,3072,6144,0,base,1023.813,1,1.0,0,1023.813,0,1023.813,1.0,3175.573,3.1017,19
32128,4096,3072,0,base,729.794,1,1.0,0,729.794,0,729.794,1.0,2095.663,2.8716,19
32128,8192,3072,0,base,1388.414,1,1.0,0,1388.414,0,1388.414,1.0,4166.657,3.001,19
32129,3072,3072,0,base,561.771,1,1.0,0,561.771,0,561.771,1.0,1578.452,2.8098,19
32129,4096,3072,0,base,740.089,1,1.0,0,740.089,0,740.089,1.0,2110.703,2.852,19
32131,3072,3072,0,base,556.619,1,1.0,0,556.619,0,556.619,1.0,1577.944,2.8349,19
32131,4096,3072,0,base,733.725,1,1.0,0,733.725,0,733.725,1.0,2109.499,2.8751,19
32158,3072,3072,0,base,552.795,1,1.0,0,552.795,0,552.795,1.0,1574.564,2.8484,19
32158,4096,3072,0,base,742.601,1,1.0,0,742.601,0,742.601,1.0,2106.011,2.836,19
32159,3072,3072,0,base,559.471,1,1.0,0,559.471,0,559.471,1.0,1577.432,2.8195,19
32159,4096,3072,0,base,735.749,1,1.0,0,735.749,0,735.749,1.0,2115.395,2.8752,19
32159,8192,3072,0,base,1394.902,1,1.0,0,1394.902,0,1394.902,1.0,4173.446,2.9919,19
32164,2048,3072,0,base,372.441,1,1.0,0,372.441,0,372.441,1.0,1047.598,2.8128,19
32166,3072,3072,0,base,552.087,1,1.0,0,552.087,0,552.087,1.0,1581.876,2.8653,19
32166,4096,3072,0,base,741.181,1,1.0,0,741.181,0,741.181,1.0,2128.343,2.8716,19
32192,3072,3072,0,base,552.895,1,1.0,0,552.895,0,552.895,1.0,1589.285,2.8745,19
32192,4096,3072,0,base,744.494,1,1.0,0,744.494,0,744.494,1.0,2109.871,2.834,19
32240,3072,3072,0,base,546.203,1,1.0,0,546.203,0,546.203,1.0,1579.776,2.8923,19
32240,4096,3072,0,base,741.478,1,1.0,0,741.478,0,741.478,1.0,2123.203,2.8635,19
32244,2048,3072,0,base,360.472,1,1.0,0,360.472,0,360.472,1.0,1047.734,2.9066,19
32244,3072,3072,0,base,557.495,1,1.0,0,557.495,0,557.495,1.0,1583.932,2.8412,19
32244,3072,6144,0,base,1056.857,1,1.0,0,1056.857,0,1056.857,1.0,3212.51,3.0397,19
32244,4096,3072,0,base,750.706,1,1.0,0,750.706,0,750.706,1.0,2128.111,2.8348,19
32244,8192,3072,0,base,1401.498,1,1.0,0,1401.498,0,1401.498,1.0,4197.842,2.9953,19
32247,8192,3072,0,base,1396.35,1,1.0,0,1396.35,0,1396.35,1.0,4199.79,3.0077,19
32254,3072,3072,0,base,579.511,1,1.0,0,579.511,0,579.511,1.0,1591.092,2.7456,19
32254,4096,3072,0,base,730.878,1,1.0,0,730.878,0,730.878,1.0,2122.947,2.9047,19
32256,2048,3072,0,base,362.793,1,1.0,0,362.793,0,362.793,1.0,1050.325,2.8951,19
32256,3072,3072,0,base,545.039,1,1.0,0,545.039,0,545.039,1.0,1585.664,2.9093,19
32256,3072,6144,0,base,1029.765,1,1.0,0,1029.765,0,1029.765,1.0,3190.165,3.098,19
32256,4096,3072,0,base,730.882,1,1.0,0,730.882,0,730.882,1.0,2122.151,2.9036,19
32256,8192,3072,0,base,1376.042,1,1.0,0,1376.042,0,1376.042,1.0,4185.954,3.042,19
32264,8192,3072,0,base,1412.51,1,1.0,0,1412.51,0,1412.51,1.0,4197.326,2.9715,19
32273,3072,3072,0,base,563.587,1,1.0,0,563.587,0,563.587,1.0,1585.304,2.8129,19
32273,4096,3072,0,base,742.313,1,1.0,0,742.313,0,742.313,1.0,2130.196,2.8697,19
32285,8192,3072,0,base,1417.71,1,1.0,0,1417.71,0,1417.71,1.0,4199.366,2.9621,19
32308,2048,3072,0,base,367.929,1,1.0,0,367.929,0,367.929,1.0,1056.386,2.8712,19
32308,3072,3072,0,base,566.035,1,1.0,0,566.035,0,566.035,1.0,1594.62,2.8172,19
32308,4096,3072,0,base,742.834,1,1.0,0,742.834,0,742.834,1.0,2131.943,2.87,19
32382,2048,3072,0,base,367.037,1,1.0,0,367.037,0,367.037,1.0,1057.374,2.8808,19
32384,2048,3072,0,base,361.509,1,1.0,0,361.509,0,361.509,1.0,1055.314,2.9192,19
32384,3072,3072,0,base,538.731,1,1.0,0,538.731,0,538.731,1.0,1596.437,2.9633,19
32384,3072,6144,0,base,1033.525,1,1.0,0,1033.525,0,1033.525,1.0,3210.653,3.1065,19
32384,4096,3072,0,base,730.893,1,1.0,0,730.893,0,730.893,1.0,2127.02,2.9102,19
32384,8192,3072,0,base,1391.018,1,1.0,0,1391.018,0,1391.018,1.0,4207.894,3.025,19
32406,3072,3072,0,base,569.351,1,1.0,0,569.351,0,569.351,1.0,1595.289,2.8019,19
32406,4096,3072,0,base,747.057,1,1.0,0,747.057,0,747.057,1.0,2136.895,2.8604,19
32415,2048,3072,0,base,358.72,1,1.0,0,358.72,0,358.72,1.0,1055.654,2.9428,19
32415,3072,3072,0,base,571.119,1,1.0,0,571.119,0,571.119,1.0,1596.253,2.795,19
32415,4096,3072,0,base,741.434,1,1.0,0,741.434,0,741.434,1.0,2132.367,2.876,19
32416,2048,3072,0,base,362.517,1,1.0,0,362.517,0,362.517,1.0,1052.785,2.9041,19
32416,3072,3072,0,base,568.819,1,1.0,0,568.819,0,568.819,1.0,1586.412,2.789,19
32416,4096,3072,0,base,739.233,1,1.0,0,739.233,0,739.233,1.0,2129.356,2.8805,19
32435,2048,3072,0,base,369.813,1,1.0,0,369.813,0,369.813,1.0,1051.83,2.8442,19
32436,3072,3072,0,base,569.275,1,1.0,0,569.275,0,569.275,1.0,1589.024,2.7913,19
32436,4096,3072,0,base,743.853,1,1.0,0,743.853,0,743.853,1.0,2126.955,2.8594,19
32465,2048,3072,0,base,376.773,1,1.0,0,376.773,0,376.773,1.0,1053.326,2.7957,19
32465,3072,3072,0,base,565.767,1,1.0,0,565.767,0,565.767,1.0,1593.265,2.8161,19
32465,4096,3072,0,base,747.742,1,1.0,0,747.742,0,747.742,1.0,2137.123,2.8581,19
32474,2048,3072,0,base,357.937,1,1.0,0,357.937,0,357.937,1.0,1052.046,2.9392,19
32475,3072,3072,0,base,560.283,1,1.0,0,560.283,0,560.283,1.0,1591.864,2.8412,19
32475,4096,3072,0,base,746.166,1,1.0,0,746.166,0,746.166,1.0,2134.659,2.8608,19
32480,3072,3072,0,base,562.095,1,1.0,0,562.095,0,562.095,1.0,1592.74,2.8336,19
32480,4096,3072,0,base,745.446,1,1.0,0,745.446,0,745.446,1.0,2126.835,2.8531,19
32483,2048,3072,0,base,374.197,1,1.0,0,374.197,0,374.197,1.0,1051.421,2.8098,19
32484,3072,3072,0,base,562.991,1,1.0,0,562.991,0,562.991,1.0,1587.228,2.8193,19
32484,4096,3072,0,base,745.39,1,1.0,0,745.39,0,745.39,1.0,2128.959,2.8562,19
32487,3072,3072,0,base,560.199,1,1.0,0,560.199,0,560.199,1.0,1594.009,2.8454,19
32487,4096,3072,0,base,739.046,1,1.0,0,739.046,0,739.046,1.0,2127.079,2.8781,19
32512,2048,3072,0,base,356.341,1,1.0,0,356.341,0,356.341,1.0,1054.594,2.9595,19
32512,3072,3072,0,base,539.039,1,1.0,0,539.039,0,539.039,1.0,1593.984,2.9571,19
32512,3072,6144,0,base,1034.713,1,1.0,0,1034.713,0,1034.713,1.0,3202.629,3.0952,19
32512,4096,3072,0,base,737.11,1,1.0,0,737.11,0,737.11,1.0,2121.624,2.8783,19
32512,8192,3072,0,base,1384.262,1,1.0,0,1384.262,0,1384.262,1.0,4210.894,3.042,19
32547,8192,3072,0,base,1409.822,1,1.0,0,1409.822,0,1409.822,1.0,4225.455,2.9972,19
32548,8192,3072,0,base,1408.094,1,1.0,0,1408.094,0,1408.094,1.0,4227.814,3.0025,19
32553,8192,3072,0,base,1404.686,1,1.0,0,1404.686,0,1404.686,1.0,4229.034,3.0107,19
32638,3072,3072,0,base,569.455,1,1.0,0,569.455,0,569.455,1.0,1599.273,2.8084,19
32638,4096,3072,0,base,749.658,1,1.0,0,749.658,0,749.658,1.0,2138.068,2.8521,19
32640,2048,3072,0,base,351.432,1,1.0,0,351.432,0,351.432,1.0,1059.458,3.0147,19
32640,3072,3072,0,base,549.039,1,1.0,0,549.039,0,549.039,1.0,1596.953,2.9086,19
32640,3072,6144,0,base,1035.941,1,1.0,0,1035.941,0,1035.941,1.0,3228.913,3.1169,19
32640,4096,3072,0,base,743.882,1,1.0,0,743.882,0,743.882,1.0,2141.12,2.8783,19
32640,8192,3072,0,base,1364.854,1,1.0,0,1364.854,0,1364.854,1.0,4228.223,3.0979,19
32692,2048,3072,0,base,369.549,1,1.0,0,369.549,0,369.549,1.0,1062.138,2.8741,19
32707,3072,3072,0,base,558.911,1,1.0,0,558.911,0,558.911,1.0,1607.049,2.8753,19
32707,4096,3072,0,base,747.01,1,1.0,0,747.01,0,747.01,1.0,2157.532,2.8882,19
32768,2048,3072,0,base,357.089,1,1.0,0,357.089,0,357.089,1.0,1064.746,2.9817,19
32768,3072,3072,0,base,545.147,1,1.0,0,545.147,0,545.147,1.0,1603.209,2.9409,19
32768,3072,6144,0,base,1023.921,1,1.0,0,1023.921,0,1023.921,1.0,3237.514,3.1619,19
32768,4096,3072,0,base,738.737,1,1.0,0,738.737,0,738.737,1.0,2145.576,2.9044,19
32768,8192,3072,0,base,1372.922,1,1.0,0,1372.922,0,1372.922,1.0,4246.486,3.093,19
32896,2048,3072,0,base,376.669,1,1.0,0,376.669,0,376.669,1.0,1069.606,2.8396,19
32896,3072,3072,0,base,565.335,1,1.0,0,565.335,0,565.335,1.0,1626.953,2.8779,19
32896,3072,6144,0,base,1054.361,1,1.0,0,1054.361,0,1054.361,1.0,3254.09,3.0863,19
32896,4096,3072,0,base,746.938,1,1.0,0,746.938,0,746.938,1.0,2153.216,2.8827,19
32896,8192,3072,0,base,1389.31,1,1.0,0,1389.31,0,1389.31,1.0,4271.499,3.0745,19
33024,2048,3072,0,base,373.245,1,1.0,0,373.245,0,373.245,1.0,1073.681,2.8766,19
33024,3072,3072,0,base,563.099,1,1.0,0,563.099,0,563.099,1.0,1624.921,2.8857,19
33024,3072,6144,0,base,1054.841,1,1.0,0,1054.841,0,1054.841,1.0,3261.018,3.0915,19
33024,4096,3072,0,base,746.078,1,1.0,0,746.078,0,746.078,1.0,2165.564,2.9026,19
33024,8192,3072,0,base,1390.89,1,1.0,0,1390.89,0,1390.89,1.0,4291.471,3.0854,19
