M,N,K,o_kid,hint_mode,o_us,o_slow,oracle_kid,oracle_us,prod_kid,prod_lib,prod_is_default,prod_us,prod_slow,default_us,default_slow,o_vs_default,o_vs_prod,n_ok
129,64,128,6,base,17.232,1.1643,17,14.8,7,default,1,15.336,1.0362,15.336,1.0362,1.1236,1.1236,15
232,64,128,6,base,15.56,1.0536,16,14.768,7,default,1,15.664,1.0607,15.664,1.0607,0.9934,0.9934,15
334,64,128,6,base,16.128,1.0824,15,14.9,7,default,1,15.484,1.0392,15.484,1.0392,1.0416,1.0416,15
337,64,128,6,base,15.908,1.0474,12,15.188,7,default,1,16.068,1.0579,16.068,1.0579,0.99,0.99,15
951,64,128,6,nt_a,15.636,1.0254,13,15.248,7,default,1,15.648,1.0262,15.648,1.0262,0.9992,0.9992,15
1314,64,128,6,nt_a,15.988,1.0431,17,15.328,7,default,1,15.644,1.0206,15.644,1.0206,1.022,1.022,15
1608,64,128,6,nt_a,15.22,1.0096,18,15.076,7,default,1,15.356,1.0186,15.356,1.0186,0.9911,0.9911,15
2532,64,128,6,nt_a,15.652,1.041,9,15.036,7,default,1,15.592,1.037,15.592,1.037,1.0038,1.0038,15
2731,64,128,6,nt_a,15.18,1.0117,12,15.004,7,default,1,15.424,1.028,15.424,1.028,0.9842,0.9842,15
2858,64,128,6,nt_a,15.56,1.021,17,15.24,7,default,1,15.7,1.0302,15.7,1.0302,0.9911,0.9911,15
3109,64,128,6,nt_a,15.736,1.0438,8,15.076,7,default,1,15.572,1.0329,15.572,1.0329,1.0105,1.0105,15
3350,64,128,6,nt_a,15.932,1.0707,9,14.88,7,default,1,15.116,1.0159,15.116,1.0159,1.054,1.054,15
3417,64,128,6,nt_a,15.7,1.0334,10,15.192,7,default,1,16.048,1.0563,16.048,1.0563,0.9783,0.9783,15
3615,64,128,6,nt_a,15.72,1.0427,12,15.076,7,default,1,15.624,1.0363,15.624,1.0363,1.0061,1.0061,15
3814,64,128,6,nt_a,15.58,1.0258,7,15.188,7,default,1,15.188,1.0,15.188,1.0,1.0258,1.0258,15
3940,64,128,6,nt_a,15.896,1.0663,12,14.908,7,default,1,15.384,1.0319,15.384,1.0319,1.0333,1.0333,15
5147,64,128,11,nt_a,15.196,1.0056,10,15.112,7,default,1,15.384,1.018,15.384,1.018,0.9878,0.9878,15
5249,64,128,11,nt_a,14.476,1.0,11,14.476,7,default,1,15.4,1.0638,15.4,1.0638,0.94,0.94,15
5914,64,128,11,nt_a,16.04,1.055,10,15.204,7,default,1,15.464,1.0171,15.464,1.0171,1.0372,1.0372,15
6475,64,128,11,nt_a,15.456,1.0348,10,14.936,7,default,1,15.6,1.0445,15.6,1.0445,0.9908,0.9908,15
6491,64,128,11,nt_a,15.272,1.0486,12,14.564,7,default,1,15.248,1.047,15.248,1.047,1.0016,1.0016,15
6698,64,128,11,nt_a,15.56,1.0248,12,15.184,7,default,1,16.344,1.0764,16.344,1.0764,0.952,0.952,15
6786,64,128,11,nt_a,15.464,1.0222,12,15.128,7,default,1,15.156,1.0019,15.156,1.0019,1.0203,1.0203,15
7536,64,128,11,nt_a,15.936,1.0498,5,15.18,7,default,1,15.38,1.0132,15.38,1.0132,1.0362,1.0362,15
8073,64,128,11,nt_a,15.428,1.0324,17,14.944,7,default,1,15.272,1.0219,15.272,1.0219,1.0102,1.0102,15
8215,64,128,3,nt_a,inf,,15,15.064,7,default,1,15.208,1.0096,15.208,1.0096,,,15
8590,64,128,3,nt_a,inf,,13,15.088,7,default,1,15.548,1.0305,15.548,1.0305,,,15
8881,64,128,3,nt_a,inf,,12,15.056,7,default,1,15.604,1.0364,15.604,1.0364,,,15
8993,64,128,3,nt_a,inf,,17,15.004,7,default,1,15.324,1.0213,15.324,1.0213,,,15
9343,64,128,3,nt_a,inf,,15,14.996,7,default,1,15.404,1.0272,15.404,1.0272,,,15
9376,64,128,3,nt_a,inf,,10,15.092,7,default,1,15.272,1.0119,15.272,1.0119,,,15
9389,64,128,3,nt_a,inf,,13,15.052,7,default,1,15.536,1.0322,15.536,1.0322,,,15
9686,64,128,3,nt_a,inf,,15,14.696,7,default,1,15.284,1.04,15.284,1.04,,,15
9967,64,128,3,nt_a,inf,,11,15.216,7,default,1,15.248,1.0021,15.248,1.0021,,,15
10017,64,128,3,nt_a,inf,,17,14.728,7,default,1,15.012,1.0193,15.012,1.0193,,,15
10040,64,128,3,nt_a,inf,,7,15.056,7,default,1,15.056,1.0,15.056,1.0,,,15
10064,64,128,3,nt_a,inf,,11,15.056,7,default,1,15.172,1.0077,15.172,1.0077,,,15
10345,64,128,3,nt_a,inf,,6,14.992,7,default,1,15.808,1.0544,15.808,1.0544,,,15
10555,64,128,3,nt_a,inf,,11,15.096,7,default,1,15.592,1.0329,15.592,1.0329,,,15
10791,64,128,3,nt_a,inf,,17,15.284,7,default,1,15.424,1.0092,15.424,1.0092,,,15
11308,64,128,3,nt_a,inf,,11,15.22,7,default,1,15.756,1.0352,15.756,1.0352,,,15
11427,64,128,3,nt_a,inf,,16,14.92,7,default,1,15.556,1.0426,15.556,1.0426,,,15
11473,64,128,3,nt_a,inf,,6,14.876,7,default,1,15.576,1.0471,15.576,1.0471,,,15
11476,64,128,3,nt_a,inf,,12,15.184,7,default,1,15.404,1.0145,15.404,1.0145,,,15
11632,64,128,3,nt_a,inf,,12,15.208,7,default,1,15.7,1.0324,15.7,1.0324,,,15
11949,64,128,3,nt_a,inf,,16,15.252,7,default,1,16.248,1.0653,16.248,1.0653,,,15
12033,64,128,3,nt_a,inf,,18,15.284,7,default,1,15.688,1.0264,15.688,1.0264,,,15
12070,64,128,3,nt_a,inf,,18,15.296,7,default,1,16.272,1.0638,16.272,1.0638,,,15
12346,64,128,3,nt_a,inf,,12,15.052,7,default,1,15.816,1.0508,15.816,1.0508,,,15
12422,64,128,3,nt_a,inf,,17,15.0,7,default,1,15.716,1.0477,15.716,1.0477,,,15
12443,64,128,3,nt_a,inf,,12,15.148,7,default,1,15.536,1.0256,15.536,1.0256,,,15
12661,64,128,3,nt_a,inf,,12,15.024,7,default,1,16.056,1.0687,16.056,1.0687,,,15
12684,64,128,3,nt_a,inf,,10,14.808,7,default,1,15.84,1.0697,15.84,1.0697,,,15
12952,64,128,3,nt_a,inf,,10,15.284,7,default,1,15.404,1.0079,15.404,1.0079,,,15
13349,64,128,3,nt_a,inf,,5,15.2,7,default,1,15.628,1.0282,15.628,1.0282,,,15
13778,64,128,3,nt_a,inf,,13,15.32,7,default,1,15.504,1.012,15.504,1.012,,,15
14584,64,128,3,nt_a,inf,,17,15.052,7,default,1,15.572,1.0345,15.572,1.0345,,,15
15292,64,128,3,nt_a,inf,,11,15.208,7,default,1,15.764,1.0366,15.764,1.0366,,,15
15325,64,128,3,nt_a,inf,,18,15.176,7,default,1,15.58,1.0266,15.58,1.0266,,,15
16044,64,128,3,nt_a,inf,,11,15.12,7,default,1,15.352,1.0153,15.352,1.0153,,,15
16763,64,128,1,nt_a,inf,,11,15.068,7,default,1,15.632,1.0374,15.632,1.0374,,,15
17179,64,128,1,nt_a,inf,,18,15.208,7,default,1,15.62,1.0271,15.62,1.0271,,,15
17299,64,128,1,nt_a,inf,,13,15.14,7,default,1,15.484,1.0227,15.484,1.0227,,,15
17516,64,128,1,nt_a,inf,,18,15.3,7,default,1,15.608,1.0201,15.608,1.0201,,,15
18756,64,128,1,nt_a,inf,,16,14.792,7,default,1,15.504,1.0481,15.504,1.0481,,,15
19034,64,128,1,nt_a,inf,,5,15.304,7,default,1,15.732,1.028,15.732,1.028,,,15
19201,64,128,1,nt_a,inf,,10,15.436,7,default,1,16.284,1.0549,16.284,1.0549,,,15
20055,64,128,1,nt_a,inf,,11,15.104,7,default,1,15.532,1.0283,15.532,1.0283,,,15
20703,64,128,1,nt_a,inf,,16,15.212,7,default,1,15.912,1.046,15.912,1.046,,,15
21284,64,128,1,nt_a,inf,,11,15.456,7,default,1,15.96,1.0326,15.96,1.0326,,,15
21476,64,128,1,nt_a,inf,,18,15.096,7,default,1,16.012,1.0607,16.012,1.0607,,,15
23133,64,128,1,nt_a,inf,,8,15.216,7,default,1,15.664,1.0294,15.664,1.0294,,,15
24191,64,128,11,nt_a,15.536,1.0115,18,15.36,7,default,1,16.496,1.074,16.496,1.074,0.9418,0.9418,15
25000,64,128,1,nt_a,inf,,13,15.172,7,default,1,16.38,1.0796,16.38,1.0796,,,15
25953,64,128,1,nt_a,inf,,18,15.352,7,default,1,16.0,1.0422,16.0,1.0422,,,15
27009,64,128,1,nt_a,inf,,13,15.392,7,default,1,16.42,1.0668,16.42,1.0668,,,15
27947,64,128,1,nt_a,inf,,11,15.292,7,default,1,16.544,1.0819,16.544,1.0819,,,15
28700,64,128,1,nt_a,inf,,16,15.504,7,default,1,16.912,1.0908,16.912,1.0908,,,15
29058,64,128,1,nt_a,inf,,13,15.432,7,default,1,17.288,1.1203,17.288,1.1203,,,15
29267,64,128,1,nt_a,inf,,11,15.236,7,default,1,17.232,1.131,17.232,1.131,,,15
29465,64,128,1,nt_a,inf,,18,15.424,7,default,1,17.42,1.1294,17.42,1.1294,,,15
29500,64,128,1,nt_a,inf,,11,15.192,7,default,1,17.292,1.1382,17.292,1.1382,,,15
29973,64,128,1,nt_a,inf,,18,15.432,7,default,1,17.164,1.1122,17.164,1.1122,,,15
30663,64,128,1,nt_a,inf,,18,15.136,7,default,1,17.352,1.1464,17.352,1.1464,,,15
31357,64,128,1,nt_a,inf,,18,14.98,7,default,1,17.276,1.1533,17.276,1.1533,,,15
33024,64,128,3,nt_a,inf,,16,15.144,7,default,1,18.012,1.1894,18.012,1.1894,,,15
193,128,4608,8,base,22.333,1.127,6,19.816,7,default,1,25.616,1.2927,25.616,1.2927,0.8718,0.8718,19
246,128,4608,8,base,22.136,1.1028,6,20.072,7,default,1,25.772,1.284,25.772,1.284,0.8589,0.8589,19
1910,128,4608,8,nt_a,22.728,1.0,8,22.728,7,default,1,26.192,1.1524,26.192,1.1524,0.8677,0.8677,19
2008,128,4608,8,nt_a,22.828,1.0,8,22.828,7,default,1,25.944,1.1365,25.944,1.1365,0.8799,0.8799,19
2315,128,4608,13,nt_a,27.076,1.0813,5,25.04,7,default,1,26.476,1.0574,26.476,1.0574,1.0227,1.0227,19
2360,128,4608,13,nt_a,27.172,1.0864,5,25.012,7,default,1,25.932,1.0368,25.932,1.0368,1.0478,1.0478,19
2490,128,4608,13,nt_a,27.304,1.0811,5,25.256,7,default,1,25.836,1.023,25.836,1.023,1.0568,1.0568,19
2916,128,4608,13,nt_a,27.617,1.1114,5,24.848,7,default,1,25.924,1.0433,25.924,1.0433,1.0653,1.0653,19
3013,128,4608,13,nt_a,27.156,1.0759,5,25.24,7,default,1,26.484,1.0493,26.484,1.0493,1.0254,1.0254,19
3031,128,4608,13,nt_a,26.856,1.0497,5,25.584,7,default,1,25.64,1.0022,25.64,1.0022,1.0474,1.0474,19
3079,128,4608,13,nt_a,27.328,1.0839,5,25.212,7,default,1,26.676,1.0581,26.676,1.0581,1.0244,1.0244,19
3098,128,4608,13,nt_a,27.16,1.0906,5,24.904,7,default,1,26.608,1.0684,26.608,1.0684,1.0207,1.0207,19
3144,128,4608,13,nt_a,27.088,1.0835,5,25.0,7,default,1,26.172,1.0469,26.172,1.0469,1.035,1.035,19
3764,128,4608,12,nt_a,30.94,1.2131,5,25.504,7,default,1,26.828,1.0519,26.828,1.0519,1.1533,1.1533,19
3894,128,4608,12,nt_a,31.116,1.2264,5,25.372,7,default,1,26.836,1.0577,26.836,1.0577,1.1595,1.1595,19
3933,128,4608,12,nt_a,30.832,1.2033,5,25.624,7,default,1,26.768,1.0447,26.768,1.0447,1.1518,1.1518,19
4134,128,4608,17,nt_a,102.949,3.6234,3,28.412,7,default,1,38.341,1.3494,38.341,1.3494,2.6851,2.6851,19
4272,128,4608,12,nt_a,31.112,1.0986,3,28.32,7,default,1,38.285,1.3518,38.285,1.3518,0.8127,0.8127,19
4469,128,4608,12,nt_a,31.405,1.0933,3,28.724,7,default,1,38.913,1.3547,38.913,1.3547,0.8071,0.8071,19
5343,128,4608,12,nt_a,31.408,1.0798,3,29.088,7,default,1,39.029,1.3417,39.029,1.3417,0.8047,0.8047,19
5996,128,4608,12,nt_a,31.36,1.0832,3,28.952,7,default,1,38.901,1.3436,38.901,1.3436,0.8062,0.8062,19
6679,128,4608,12,nt_a,31.624,1.0824,3,29.216,7,default,1,38.948,1.3331,38.948,1.3331,0.812,0.812,19
6950,128,4608,12,nt_a,31.36,1.0505,3,29.852,7,default,1,39.129,1.3107,39.129,1.3107,0.8015,0.8015,19
7090,128,4608,12,nt_a,31.632,1.0749,3,29.428,7,default,1,39.525,1.3431,39.525,1.3431,0.8003,0.8003,19
7903,128,4608,12,nt_a,32.08,1.0759,3,29.816,7,default,1,39.581,1.3275,39.581,1.3275,0.8105,0.8105,19
8212,128,4608,17,nt_a,109.322,3.4048,2,32.108,7,default,1,50.933,1.5863,50.933,1.5863,2.1464,2.1464,19
8563,128,4608,17,nt_a,110.054,3.395,2,32.417,7,default,1,51.209,1.5797,51.209,1.5797,2.1491,2.1491,19
9016,128,4608,17,nt_a,109.561,3.3898,2,32.321,7,default,1,50.557,1.5642,50.557,1.5642,2.1671,2.1671,19
9058,128,4608,17,nt_a,109.429,3.3716,2,32.456,7,default,1,51.009,1.5716,51.009,1.5716,2.1453,2.1453,19
9194,128,4608,17,nt_a,109.498,3.3733,2,32.46,7,default,1,51.309,1.5807,51.309,1.5807,2.1341,2.1341,19
9740,128,4608,17,nt_a,110.13,3.4096,2,32.3,7,default,1,50.821,1.5734,50.821,1.5734,2.167,2.167,19
9984,128,4608,17,nt_a,73.401,2.3187,2,31.656,7,default,1,51.249,1.6189,51.249,1.6189,1.4323,1.4323,19
10159,128,4608,17,nt_a,110.217,3.3472,2,32.928,7,default,1,51.221,1.5555,51.221,1.5555,2.1518,2.1518,19
10274,128,4608,17,nt_a,109.878,3.3954,2,32.36,7,default,1,50.849,1.5713,50.849,1.5713,2.1609,2.1609,19
10485,128,4608,17,nt_a,110.122,3.3767,2,32.612,7,default,1,51.209,1.5702,51.209,1.5702,2.1504,2.1504,19
10517,128,4608,17,nt_a,110.17,3.3748,2,32.644,7,default,1,51.273,1.5706,51.273,1.5706,2.1487,2.1487,19
10627,128,4608,17,nt_a,109.73,3.3303,2,32.948,7,default,1,51.157,1.5526,51.157,1.5526,2.145,2.145,19
10745,128,4608,17,nt_a,110.31,3.3618,2,32.812,7,default,1,51.037,1.5554,51.037,1.5554,2.1614,2.1614,19
10796,128,4608,17,nt_a,110.17,3.2925,2,33.46,7,default,1,51.533,1.5401,51.533,1.5401,2.1379,2.1379,19
10801,128,4608,17,nt_a,109.993,3.3493,2,32.841,7,default,1,51.413,1.5655,51.413,1.5655,2.1394,2.1394,19
11296,128,4608,17,nt_a,110.126,3.3603,2,32.772,7,default,1,50.465,1.5399,50.465,1.5399,2.1822,2.1822,19
11581,128,4608,17,nt_a,110.53,3.338,2,33.113,7,default,1,51.033,1.5412,51.033,1.5412,2.1659,2.1659,19
11745,128,4608,17,nt_a,110.477,3.3093,2,33.384,7,default,1,51.897,1.5545,51.897,1.5545,2.1288,2.1288,19
12018,128,4608,17,nt_a,111.022,3.3403,2,33.237,7,default,1,51.857,1.5602,51.857,1.5602,2.1409,2.1409,19
12047,128,4608,17,nt_a,110.198,3.3116,2,33.276,7,default,1,51.825,1.5574,51.825,1.5574,2.1264,2.1264,19
12123,128,4608,17,nt_a,110.958,3.3469,2,33.152,7,default,1,51.621,1.5571,51.621,1.5571,2.1495,2.1495,19
12601,128,4608,17,nt_a,109.909,3.3041,2,33.264,7,default,1,63.437,1.9071,63.437,1.9071,1.7326,1.7326,19
12806,128,4608,17,nt_a,110.501,3.2902,2,33.585,7,default,1,63.421,1.8884,63.421,1.8884,1.7424,1.7424,19
15186,128,4608,17,nt_a,111.698,3.2852,2,34.001,7,default,1,63.689,1.8732,63.689,1.8732,1.7538,1.7538,19
15305,128,4608,17,nt_a,111.326,3.2596,2,34.153,7,default,1,63.737,1.8662,63.737,1.8662,1.7466,1.7466,19
16142,128,4608,17,nt_a,111.902,3.2681,2,34.24,7,default,1,63.621,1.8581,63.621,1.8581,1.7589,1.7589,19
16258,128,4608,17,nt_a,111.694,3.2405,2,34.468,7,default,1,63.709,1.8483,63.709,1.8483,1.7532,1.7532,19
16304,128,4608,17,nt_a,112.25,3.2744,2,34.281,7,default,1,62.985,1.8373,62.985,1.8373,1.7822,1.7822,19
16874,128,4608,0,nt_a,41.921,1.0,0,41.921,7,default,1,75.553,1.8023,75.553,1.8023,0.5548,0.5548,19
17743,128,4608,0,nt_a,42.385,1.0,0,42.385,7,default,1,76.117,1.7959,76.117,1.7959,0.5568,0.5568,19
18086,128,4608,0,nt_a,42.997,1.0,0,42.997,7,default,1,76.069,1.7692,76.069,1.7692,0.5652,0.5652,19
18188,128,4608,0,nt_a,42.645,1.0,0,42.645,7,default,1,75.781,1.777,75.781,1.777,0.5627,0.5627,19
18571,128,4608,0,nt_a,42.633,1.0,0,42.633,7,default,1,75.793,1.7778,75.793,1.7778,0.5625,0.5625,19
18858,128,4608,0,nt_a,41.801,1.0,0,41.801,7,default,1,75.465,1.8054,75.465,1.8054,0.5539,0.5539,19
18930,128,4608,0,nt_a,43.413,1.0,0,43.413,7,default,1,75.821,1.7465,75.821,1.7465,0.5726,0.5726,19
19194,128,4608,0,nt_a,42.341,1.0,0,42.341,7,default,1,75.565,1.7847,75.565,1.7847,0.5603,0.5603,19
19908,128,4608,0,nt_a,42.773,1.0,0,42.773,7,default,1,75.789,1.7719,75.789,1.7719,0.5644,0.5644,19
20636,128,4608,0,nt_a,43.857,1.0,0,43.857,7,default,1,87.701,1.9997,87.701,1.9997,0.5001,0.5001,19
21233,128,4608,0,nt_a,43.833,1.0,0,43.833,7,default,1,87.901,2.0054,87.901,2.0054,0.4987,0.4987,19
21491,128,4608,0,nt_a,43.589,1.0,0,43.589,7,default,1,88.041,2.0198,88.041,2.0198,0.4951,0.4951,19
23207,128,4608,0,nt_a,44.037,1.0,0,44.037,7,default,1,88.701,2.0143,88.701,2.0143,0.4965,0.4965,19
23220,128,4608,0,nt_a,43.257,1.0,0,43.257,7,default,1,88.153,2.0379,88.153,2.0379,0.4907,0.4907,19
23688,128,4608,0,nt_a,44.253,1.0,0,44.253,7,default,1,87.697,1.9817,87.697,1.9817,0.5046,0.5046,19
24561,128,4608,0,nt_a,45.137,1.0,0,45.137,7,default,1,89.573,1.9845,89.573,1.9845,0.5039,0.5039,19
24592,128,4608,0,nt_a,44.589,1.0,0,44.589,7,default,1,98.061,2.1992,98.061,2.1992,0.4547,0.4547,19
25481,128,4608,0,nt_a,46.025,1.0,0,46.025,7,default,1,99.69,2.166,99.69,2.166,0.4617,0.4617,19
26687,128,4608,0,nt_a,45.437,1.0,0,45.437,7,default,1,100.089,2.2028,100.089,2.2028,0.454,0.454,19
27417,128,4608,0,nt_a,45.441,1.0,0,45.441,7,default,1,100.589,2.2136,100.589,2.2136,0.4517,0.4517,19
27849,128,4608,0,nt_a,45.673,1.0,0,45.673,7,default,1,99.889,2.1871,99.889,2.1871,0.4572,0.4572,19
28866,128,4608,0,nt_a,46.313,1.0,0,46.313,7,default,1,111.858,2.4153,111.858,2.4153,0.414,0.414,19
29596,128,4608,0,nt_a,46.144,1.0,0,46.144,7,default,1,111.713,2.421,111.713,2.421,0.4131,0.4131,19
30091,128,4608,0,nt_a,46.261,1.0,0,46.261,7,default,1,112.662,2.4354,112.662,2.4354,0.4106,0.4106,19
31156,128,4608,0,nt_a,46.808,1.0,0,46.808,7,default,1,113.078,2.4157,113.078,2.4157,0.414,0.414,19
31253,128,4608,0,nt_a,46.82,1.0,0,46.82,7,default,1,112.698,2.407,112.698,2.407,0.4155,0.4155,19
31749,128,4608,0,nt_a,46.425,1.0,0,46.425,7,default,1,112.418,2.4215,112.418,2.4215,0.413,0.413,19
33024,128,4608,17,nt_a,149.61,2.4529,2,60.993,7,default,1,123.778,2.0294,123.778,2.0294,1.2087,1.2087,19
137,2048,8192,12,base,46.725,1.2117,7,38.56,7,default,1,38.56,1.0,38.56,1.0,1.2117,1.2117,19
161,2048,8192,2,base,45.981,1.184,7,38.837,7,default,1,38.837,1.0,38.837,1.0,1.184,1.184,19
190,2048,8192,18,base,43.985,1.1452,5,38.408,7,default,1,38.669,1.0068,38.669,1.0068,1.1375,1.1375,19
360,2048,8192,0,base,63.825,1.4965,3,42.649,7,default,1,60.189,1.4113,60.189,1.4113,1.0604,1.0604,19
1230,2048,8192,0,base,67.481,1.0,0,67.481,7,default,1,126.753,1.8783,126.753,1.8783,0.5324,0.5324,19
1437,2048,8192,0,base,67.417,1.0,0,67.417,7,default,1,147.514,2.1881,147.514,2.1881,0.457,0.457,19
1520,2048,8192,0,base,67.509,1.0,0,67.509,7,default,1,147.822,2.1897,147.822,2.1897,0.4567,0.4567,19
1699,2048,8192,0,base,68.165,1.0,0,68.165,7,default,1,170.142,2.496,170.142,2.496,0.4006,0.4006,19
1867,2048,8192,0,base,68.665,1.0,0,68.665,7,default,1,192.538,2.804,192.538,2.804,0.3566,0.3566,19
1918,2048,8192,0,base,69.681,1.0,0,69.681,7,default,1,193.535,2.7774,193.535,2.7774,0.36,0.36,19
1971,2048,8192,0,base,69.645,1.0,0,69.645,7,default,1,192.375,2.7622,192.375,2.7622,0.362,0.362,19
2020,2048,8192,0,base,69.549,1.0,0,69.549,7,default,1,195.798,2.8153,195.798,2.8153,0.3552,0.3552,19
2626,2048,8192,0,base,102.718,1.0803,2,95.081,7,default,1,258.628,2.7201,258.628,2.7201,0.3972,0.3972,19
3382,2048,8192,0,base,104.389,1.0,0,104.389,7,default,1,327.945,3.1416,327.945,3.1416,0.3183,0.3183,19
3401,2048,8192,0,base,104.158,1.0,0,104.158,7,default,1,334.953,3.2158,334.953,3.2158,0.311,0.311,19
3576,2048,8192,0,base,104.154,1.0,0,104.154,7,default,1,331.721,3.1849,331.721,3.1849,0.314,0.314,19
3585,2048,8192,0,base,104.637,1.0,0,104.637,7,default,1,346.649,3.3129,346.649,3.3129,0.3019,0.3019,19
4230,2048,8192,0,base,147.91,1.0,0,147.91,7,default,1,392.454,2.6533,392.454,2.6533,0.3769,0.3769,19
4288,2048,8192,0,base,148.986,1.0,0,148.986,7,default,1,394.522,2.648,394.522,2.648,0.3776,0.3776,19
4644,2048,8192,0,base,149.19,1.0,0,149.19,7,default,1,435.526,2.9193,435.526,2.9193,0.3426,0.3426,19
4830,2048,8192,0,base,148.334,1.0,0,148.334,7,default,1,440.63,2.9705,440.63,2.9705,0.3366,0.3366,19
5142,2048,8192,0,base,154.774,1.0,0,154.774,7,default,1,480.503,3.1045,480.503,3.1045,0.3221,0.3221,19
5208,2048,8192,0,base,150.006,1.0,0,150.006,7,default,1,479.383,3.1958,479.383,3.1958,0.3129,0.3129,19
5628,2048,8192,0,base,153.322,1.0,0,153.322,7,default,1,502.927,3.2802,502.927,3.2802,0.3049,0.3049,19
5776,2048,8192,0,base,162.01,1.0,0,162.01,7,default,1,524.052,3.2347,524.052,3.2347,0.3091,0.3091,19
5873,2048,8192,0,base,156.626,1.0,0,156.626,7,default,1,524.619,3.3495,524.619,3.3495,0.2986,0.2986,19
6382,2048,8192,0,base,192.647,1.0,0,192.647,7,default,1,569.168,2.9545,569.168,2.9545,0.3385,0.3385,19
6451,2048,8192,0,base,195.895,1.0,0,195.895,7,default,1,590.224,3.013,590.224,3.013,0.3319,0.3319,19
7153,2048,8192,0,base,211.639,1.0,0,211.639,7,default,1,635.945,3.0049,635.945,3.0049,0.3328,0.3328,19
7740,2048,8192,0,base,207.383,1.0,0,207.383,7,default,1,701.886,3.3845,701.886,3.3845,0.2955,0.2955,19
8547,2048,8192,0,base,242.54,1.0,0,242.54,7,default,1,768.979,3.1705,768.979,3.1705,0.3154,0.3154,19
8985,2048,8192,0,base,249.972,1.0,0,249.972,7,default,1,812.572,3.2507,812.572,3.2507,0.3076,0.3076,19
9130,2048,8192,0,base,250.492,1.0,0,250.492,7,default,1,812.908,3.2452,812.908,3.2452,0.3081,0.3081,19
9291,2048,8192,0,base,251.247,1.0,0,251.247,7,default,1,834.804,3.3226,834.804,3.3226,0.301,0.301,19
9544,2048,8192,0,base,272.896,1.0,0,272.896,7,default,1,856.808,3.1397,856.808,3.1397,0.3185,0.3185,19
9624,2048,8192,0,base,258.435,1.0,0,258.435,7,default,1,856.072,3.3125,856.072,3.3125,0.3019,0.3019,19
9626,2048,8192,0,base,268.592,1.0,0,268.592,7,default,1,857.056,3.1909,857.056,3.1909,0.3134,0.3134,19
9771,2048,8192,0,base,277.4,1.0,0,277.4,7,default,1,878.877,3.1683,878.877,3.1683,0.3156,0.3156,19
9989,2048,8192,0,base,264.532,1.0,0,264.532,7,default,1,901.177,3.4067,901.177,3.4067,0.2935,0.2935,19
10364,2048,8192,0,base,306.0,1.0,0,306.0,7,default,1,923.061,3.0165,923.061,3.0165,0.3315,0.3315,19
10447,2048,8192,0,base,309.196,1.0,0,309.196,7,default,1,925.277,2.9925,925.277,2.9925,0.3342,0.3342,19
10567,2048,8192,0,base,306.793,1.0,0,306.793,7,default,1,946.642,3.0856,946.642,3.0856,0.3241,0.3241,19
10596,2048,8192,0,base,308.36,1.0,0,308.36,7,default,1,946.513,3.0695,946.513,3.0695,0.3258,0.3258,19
10736,2048,8192,0,base,295.24,1.0,0,295.24,7,default,1,946.158,3.2047,946.158,3.2047,0.312,0.312,19
10817,2048,8192,0,base,313.14,1.0,0,313.14,7,default,1,967.206,3.0887,967.206,3.0887,0.3238,0.3238,19
11121,2048,8192,0,base,318.264,1.0,0,318.264,7,default,1,990.002,3.1106,990.002,3.1106,0.3215,0.3215,19
11590,2048,8192,0,base,327.117,1.0,0,327.117,7,default,1,1034.683,3.163,1034.683,3.163,0.3162,0.3162,19
12333,2048,8192,0,base,354.261,1.0,0,354.261,7,default,1,1102.116,3.111,1102.116,3.111,0.3214,0.3214,19
12349,2048,8192,0,base,349.337,1.0,0,349.337,7,default,1,1102.524,3.156,1102.524,3.156,0.3169,0.3169,19
12959,2048,8192,0,base,364.437,1.0,0,364.437,7,default,1,1147.289,3.1481,1147.289,3.1481,0.3177,0.3177,19
13164,2048,8192,0,base,378.209,1.0,0,378.209,7,default,1,1167.289,3.0864,1167.289,3.0864,0.324,0.324,19
13518,2048,8192,0,base,366.761,1.0,0,366.761,7,default,1,1192.881,3.2525,1192.881,3.2525,0.3075,0.3075,19
14314,2048,8192,0,base,376.493,1.0,0,376.493,7,default,1,1258.358,3.3423,1258.358,3.3423,0.2992,0.2992,19
14746,2048,8192,0,base,413.518,1.0,0,413.518,7,default,1,1300.343,3.1446,1300.343,3.1446,0.318,0.318,19
15161,2048,8192,0,base,426.314,1.0,0,426.314,7,default,1,1345.603,3.1564,1345.603,3.1564,0.3168,0.3168,19
15579,2048,8192,0,base,426.154,1.0,0,426.154,7,default,1,1371.092,3.2174,1371.092,3.2174,0.3108,0.3108,19
15928,2048,8192,0,base,435.334,1.0,0,435.334,7,default,1,1419.328,3.2603,1419.328,3.2603,0.3067,0.3067,19
16485,2048,8192,0,base,477.899,1.0,0,477.899,7,default,1,1466.737,3.0691,1466.737,3.0691,0.3258,0.3258,19
16615,2048,8192,0,base,462.811,1.0,0,462.811,7,default,1,1463.365,3.1619,1463.365,3.1619,0.3163,0.3163,19
16643,2048,8192,0,base,468.047,1.0,0,468.047,7,default,1,1486.721,3.1764,1486.721,3.1764,0.3148,0.3148,19
17047,2048,8192,0,base,481.915,1.0,0,481.915,7,default,1,1507.058,3.1272,1507.058,3.1272,0.3198,0.3198,19
17130,2048,8192,0,base,469.827,1.0,0,469.827,7,default,1,1508.866,3.2115,1508.866,3.2115,0.3114,0.3114,19
17611,2048,8192,0,base,489.575,1.0,0,489.575,7,default,1,1555.878,3.178,1555.878,3.178,0.3147,0.3147,19
19345,2048,8192,0,base,534.932,1.0,0,534.932,7,default,1,1711.636,3.1997,1711.636,3.1997,0.3125,0.3125,19
19463,2048,8192,0,base,538.052,1.0,0,538.052,7,default,1,1731.569,3.2182,1731.569,3.2182,0.3107,0.3107,19
19558,2048,8192,0,base,544.648,1.0,0,544.648,7,default,1,1739.585,3.194,1739.585,3.194,0.3131,0.3131,19
20112,2048,8192,0,base,547.72,1.0,0,547.72,7,default,1,1778.073,3.2463,1778.073,3.2463,0.308,0.308,19
20200,2048,8192,0,base,558.964,1.0,0,558.964,7,default,1,1775.761,3.1769,1775.761,3.1769,0.3148,0.3148,19
20710,2048,8192,0,base,589.184,1.0,0,589.184,7,default,1,1822.894,3.0939,1822.894,3.0939,0.3232,0.3232,19
20979,2048,8192,0,base,590.861,1.0,0,590.861,7,default,1,1843.707,3.1204,1843.707,3.1204,0.3205,0.3205,19
21824,2048,8192,0,base,614.517,1.0,0,614.517,7,default,1,1927.984,3.1374,1927.984,3.1374,0.3187,0.3187,19
23819,2048,8192,0,base,677.442,1.0,0,677.442,7,default,1,2125.358,3.1373,2125.358,3.1373,0.3187,0.3187,19
24538,2048,8192,0,base,686.514,1.0,0,686.514,7,default,1,2189.391,3.1891,2189.391,3.1891,0.3136,0.3136,19
25323,2048,8192,0,base,722.306,1.0,0,722.306,7,default,1,2249.745,3.1147,2249.745,3.1147,0.3211,0.3211,19
25359,2048,8192,0,base,742.743,1.0,0,742.743,7,default,1,2264.593,3.049,2264.593,3.049,0.328,0.328,19
26014,2048,8192,0,base,752.339,1.0,0,752.339,7,default,1,2318.489,3.0817,2318.489,3.0817,0.3245,0.3245,19
26029,2048,8192,0,base,755.807,1.0,0,755.807,7,default,1,2321.269,3.0712,2321.269,3.0712,0.3256,0.3256,19
26715,2048,8192,0,base,781.499,1.0,0,781.499,7,default,1,2383.43,3.0498,2383.43,3.0498,0.3279,0.3279,19
26722,2048,8192,0,base,790.035,1.0,0,790.035,7,default,1,2382.694,3.0159,2382.694,3.0159,0.3316,0.3316,19
27572,2048,8192,0,base,805.487,1.0,0,805.487,7,default,1,2454.743,3.0475,2454.743,3.0475,0.3281,0.3281,19
29191,2048,8192,0,base,866.964,1.0,0,866.964,7,default,1,2607.949,3.0081,2607.949,3.0081,0.3324,0.3324,19
30112,2048,8192,0,base,880.489,1.0,0,880.489,7,default,1,2657.21,3.0179,2657.21,3.0179,0.3314,0.3314,19
30911,2048,8192,0,base,912.809,1.0,0,912.809,7,default,1,2750.704,3.0134,2750.704,3.0134,0.3318,0.3318,19
32182,2048,8192,0,base,938.834,1.0,0,938.834,7,default,1,2866.749,3.0535,2866.749,3.0535,0.3275,0.3275,19
33024,2048,8192,0,base,944.41,1.0,0,944.41,7,default,1,2907.538,3.0787,2907.538,3.0787,0.3248,0.3248,19
55,2112,768,8,base,15.384,1.0409,18,14.78,7,default,1,15.604,1.0558,15.604,1.0558,0.9859,0.9859,19
236,2112,768,7,base,15.664,1.0395,3,15.068,7,default,1,15.664,1.0395,15.664,1.0395,1.0,1.0,19
335,2112,768,18,base,15.304,1.0,18,15.304,7,default,1,17.048,1.1139,17.048,1.1139,0.8977,0.8977,19
406,2112,768,18,base,15.312,1.0,18,15.312,7,default,1,17.128,1.1186,17.128,1.1186,0.894,0.894,19
929,2112,768,17,base,63.357,3.7748,3,16.784,7,default,1,23.148,1.3792,23.148,1.3792,2.737,2.737,19
1409,2112,768,0,base,20.508,1.0552,3,19.436,7,default,1,28.296,1.4558,28.296,1.4558,0.7248,0.7248,19
1762,2112,768,0,base,20.624,1.0,0,20.624,7,default,1,32.889,1.5947,32.889,1.5947,0.6271,0.6271,19
2211,2112,768,17,base,116.122,4.9287,3,23.56,7,default,1,38.177,1.6204,38.177,1.6204,3.0417,3.0417,19
2661,2112,768,17,base,126.67,5.0846,2,24.912,7,default,1,43.497,1.746,43.497,1.746,2.9122,2.9122,19
3092,2112,768,0,base,27.22,1.0,0,27.22,7,default,1,46.069,1.6924,46.069,1.6924,0.5909,0.5909,19
3545,2112,768,0,base,27.524,1.0,0,27.524,7,default,1,51.269,1.8627,51.269,1.8627,0.5369,0.5369,19
3782,2112,768,0,base,28.176,1.0,0,28.176,7,default,1,54.141,1.9215,54.141,1.9215,0.5204,0.5204,19
3994,2112,768,0,base,34.716,1.0483,3,33.116,7,default,1,56.229,1.6979,56.229,1.6979,0.6174,0.6174,19
4004,2112,768,0,base,34.869,1.0322,3,33.781,7,default,1,57.809,1.7113,57.809,1.7113,0.6032,0.6032,19
4262,2112,768,0,base,35.621,1.0431,3,34.149,7,default,1,60.917,1.7839,60.917,1.7839,0.5847,0.5847,19
4544,2112,768,0,base,35.236,1.0364,2,34.0,7,default,1,63.453,1.8662,63.453,1.8662,0.5553,0.5553,19
4572,2112,768,0,base,35.017,1.0323,2,33.92,7,default,1,61.721,1.8196,61.721,1.8196,0.5673,0.5673,19
4630,2112,768,0,base,35.128,1.0409,2,33.748,7,default,1,63.957,1.8951,63.957,1.8951,0.5493,0.5493,19
5614,2112,768,0,base,36.073,1.0,0,36.073,7,default,1,75.185,2.0843,75.185,2.0843,0.4798,0.4798,19
5780,2112,768,0,base,42.285,1.0604,1,39.877,7,default,1,78.709,1.9738,78.709,1.9738,0.5372,0.5372,19
5842,2112,768,0,base,41.853,1.0803,1,38.741,7,default,1,76.337,1.9705,76.337,1.9705,0.5483,0.5483,19
6246,2112,768,0,base,42.317,1.0,0,42.317,7,default,1,80.597,1.9046,80.597,1.9046,0.525,0.525,19
6334,2112,768,0,base,42.553,1.0,0,42.553,7,default,1,82.457,1.9378,82.457,1.9378,0.5161,0.5161,19
6490,2112,768,0,base,42.181,1.0,0,42.181,7,default,1,82.573,1.9576,82.573,1.9576,0.5108,0.5108,19
6807,2112,768,0,base,43.137,1.0,0,43.137,7,default,1,86.837,2.0131,86.837,2.0131,0.4968,0.4968,19
6889,2112,768,0,base,43.397,1.0,0,43.397,7,default,1,88.125,2.0307,88.125,2.0307,0.4924,0.4924,19
7071,2112,768,0,base,43.693,1.0,0,43.693,7,default,1,90.581,2.0731,90.581,2.0731,0.4824,0.4824,19
7146,2112,768,0,base,43.785,1.0,0,43.785,7,default,1,89.749,2.0498,89.749,2.0498,0.4879,0.4879,19
7682,2112,768,0,base,50.421,1.0479,1,48.117,7,default,1,96.521,2.006,96.521,2.006,0.5224,0.5224,19
8758,2112,768,0,base,51.601,1.0,0,51.601,7,default,1,107.485,2.083,107.485,2.083,0.4801,0.4801,19
8904,2112,768,0,base,52.808,1.0,0,52.808,7,default,1,111.354,2.1086,111.354,2.1086,0.4742,0.4742,19
9058,2112,768,0,base,51.569,1.0,0,51.569,7,default,1,112.418,2.18,112.418,2.18,0.4587,0.4587,19
9109,2112,768,0,base,50.501,1.0,0,50.501,7,default,1,109.101,2.1604,109.101,2.1604,0.4629,0.4629,19
9261,2112,768,0,base,50.673,1.0,0,50.673,7,default,1,112.082,2.2119,112.082,2.2119,0.4521,0.4521,19
9314,2112,768,0,base,51.249,1.0,0,51.249,7,default,1,111.902,2.1835,111.902,2.1835,0.458,0.458,19
9488,2112,768,0,base,50.981,1.0,0,50.981,7,default,1,116.378,2.2828,116.378,2.2828,0.4381,0.4381,19
9536,2112,768,0,base,50.921,1.0,0,50.921,7,default,1,117.726,2.3119,117.726,2.3119,0.4325,0.4325,19
9574,2112,768,0,base,51.449,1.0,0,51.449,7,default,1,117.478,2.2834,117.478,2.2834,0.4379,0.4379,19
9614,2112,768,0,base,56.673,1.0251,1,55.284,7,default,1,116.742,2.1117,116.742,2.1117,0.4855,0.4855,19
10198,2112,768,0,base,57.657,1.0,0,57.657,7,default,1,122.974,2.1329,122.974,2.1329,0.4689,0.4689,19
10235,2112,768,0,base,58.149,1.0,0,58.149,7,default,1,124.842,2.1469,124.842,2.1469,0.4658,0.4658,19
10468,2112,768,0,base,57.736,1.0,0,57.736,7,default,1,127.914,2.2155,127.914,2.2155,0.4514,0.4514,19
10570,2112,768,0,base,57.769,1.0,0,57.769,7,default,1,126.013,2.1813,126.013,2.1813,0.4584,0.4584,19
10596,2112,768,0,base,57.641,1.0,0,57.641,7,default,1,129.102,2.2398,129.102,2.2398,0.4465,0.4465,19
10702,2112,768,0,base,57.565,1.0,0,57.565,7,default,1,130.442,2.266,130.442,2.266,0.4413,0.4413,19
10709,2112,768,0,base,58.981,1.0,0,58.981,7,default,1,129.97,2.2036,129.97,2.2036,0.4538,0.4538,19
10755,2112,768,0,base,57.841,1.0,0,57.841,7,default,1,128.81,2.227,128.81,2.227,0.449,0.449,19
11404,2112,768,0,base,58.665,1.0,0,58.665,7,default,1,136.81,2.3321,136.81,2.3321,0.4288,0.4288,19
11709,2112,768,0,base,64.497,1.0,0,64.497,7,default,1,139.858,2.1684,139.858,2.1684,0.4612,0.4612,19
11738,2112,768,0,base,64.357,1.0113,1,63.637,7,default,1,140.19,2.203,140.19,2.203,0.4591,0.4591,19
12005,2112,768,0,base,64.505,1.0,0,64.505,7,default,1,143.246,2.2207,143.246,2.2207,0.4503,0.4503,19
12045,2112,768,0,base,65.549,1.0,0,65.549,7,default,1,143.574,2.1903,143.574,2.1903,0.4566,0.4566,19
12208,2112,768,0,base,64.501,1.0,0,64.501,7,default,1,147.762,2.2909,147.762,2.2909,0.4365,0.4365,19
12380,2112,768,0,base,64.277,1.0,0,64.277,7,default,1,149.206,2.3213,149.206,2.3213,0.4308,0.4308,19
12421,2112,768,0,base,64.469,1.0,0,64.469,7,default,1,148.514,2.3037,148.514,2.3037,0.4341,0.4341,19
12506,2112,768,0,base,65.689,1.0,0,65.689,7,default,1,150.554,2.2919,150.554,2.2919,0.4363,0.4363,19
12808,2112,768,0,base,65.685,1.0,0,65.685,7,default,1,154.05,2.3453,154.05,2.3453,0.4264,0.4264,19
12936,2112,768,0,base,64.645,1.0,0,64.645,7,default,1,153.262,2.3708,153.262,2.3708,0.4218,0.4218,19
14751,2112,768,0,base,71.341,1.0,0,71.341,7,default,1,174.951,2.4523,174.951,2.4523,0.4078,0.4078,19
15457,2112,768,0,base,79.513,1.0,0,79.513,7,default,1,181.715,2.2853,181.715,2.2853,0.4376,0.4376,19
15547,2112,768,0,base,79.749,1.0,0,79.749,7,default,1,184.895,2.3184,184.895,2.3184,0.4313,0.4313,19
16620,2112,768,0,base,80.877,1.0,0,80.877,7,default,1,194.475,2.4046,194.475,2.4046,0.4159,0.4159,19
17329,2112,768,0,base,86.205,1.0,0,86.205,7,default,1,200.663,2.3277,200.663,2.3277,0.4296,0.4296,19
17748,2112,768,0,base,86.029,1.0,0,86.029,7,default,1,207.603,2.4132,207.603,2.4132,0.4144,0.4144,19
18049,2112,768,0,base,86.169,1.0,0,86.169,7,default,1,207.567,2.4088,207.567,2.4088,0.4151,0.4151,19
18226,2112,768,0,base,86.897,1.0,0,86.897,7,default,1,209.563,2.4116,209.563,2.4116,0.4147,0.4147,19
19048,2112,768,0,base,86.277,1.0,0,86.277,7,default,1,221.491,2.5672,221.491,2.5672,0.3895,0.3895,19
19273,2112,768,0,base,92.601,1.0,0,92.601,7,default,1,223.719,2.4159,223.719,2.4159,0.4139,0.4139,19
20138,2112,768,0,base,93.95,1.0,0,93.95,7,default,1,233.632,2.4868,233.632,2.4868,0.4021,0.4021,19
20177,2112,768,0,base,93.906,1.0,0,93.906,7,default,1,229.847,2.4476,229.847,2.4476,0.4086,0.4086,19
20599,2112,768,0,base,93.689,1.0,0,93.689,7,default,1,235.696,2.5157,235.696,2.5157,0.3975,0.3975,19
21708,2112,768,0,base,101.59,1.0,0,101.59,7,default,1,256.804,2.5279,256.804,2.5279,0.3956,0.3956,19
21950,2112,768,0,base,102.205,1.0,0,102.205,7,default,1,254.239,2.4875,254.239,2.4875,0.402,0.402,19
22134,2112,768,0,base,101.817,1.0,0,101.817,7,default,1,258.64,2.5402,258.64,2.5402,0.3937,0.3937,19
23290,2112,768,0,base,107.829,1.0,0,107.829,7,default,1,268.815,2.493,268.815,2.493,0.4011,0.4011,19
23522,2112,768,0,base,106.89,1.0,0,106.89,7,default,1,276.288,2.5848,276.288,2.5848,0.3869,0.3869,19
23879,2112,768,0,base,107.446,1.0,0,107.446,7,default,1,288.6,2.686,288.6,2.686,0.3723,0.3723,19
24708,2112,768,0,base,108.562,1.0,0,108.562,7,default,1,295.836,2.7251,295.836,2.7251,0.367,0.367,19
25909,2112,768,0,base,115.654,1.0,0,115.654,7,default,1,309.376,2.675,309.376,2.675,0.3738,0.3738,19
26431,2112,768,0,base,115.022,1.0,0,115.022,7,default,1,310.201,2.6969,310.201,2.6969,0.3708,0.3708,19
27497,2112,768,0,base,123.23,1.0,0,123.23,7,default,1,329.645,2.675,329.645,2.675,0.3738,0.3738,19
28829,2112,768,0,base,127.418,1.0,0,127.418,7,default,1,321.921,2.5265,321.921,2.5265,0.3958,0.3958,19
28951,2112,768,0,base,129.174,1.0,0,129.174,7,default,1,344.789,2.6692,344.789,2.6692,0.3746,0.3746,19
29756,2112,768,0,base,129.758,1.0,0,129.758,7,default,1,353.213,2.7221,353.213,2.7221,0.3674,0.3674,19
29887,2112,768,0,base,128.097,1.0,0,128.097,7,default,1,358.725,2.8004,358.725,2.8004,0.3571,0.3571,19
29918,2112,768,0,base,130.546,1.0,0,130.546,7,default,1,356.601,2.7316,356.601,2.7316,0.3661,0.3661,19
29919,2112,768,0,base,130.262,1.0,0,130.262,7,default,1,363.317,2.7891,363.317,2.7891,0.3585,0.3585,19
31278,2112,768,0,base,136.446,1.0,0,136.446,7,default,1,369.925,2.7111,369.925,2.7111,0.3688,0.3688,19
33024,2112,768,0,base,144.106,1.0,0,144.106,7,default,1,397.342,2.7573,397.342,2.7573,0.3627,0.3627,19
10,4352,2304,8,nt_b,16.076,1.0,8,16.076,7,default,1,18.14,1.1284,18.14,1.1284,0.8862,0.8862,19
23,4352,2304,13,nt_b,18.368,1.1406,8,16.104,7,default,1,18.208,1.1307,18.208,1.1307,1.0088,1.0088,19
171,4352,2304,18,base,20.988,1.022,3,20.537,7,default,1,25.376,1.2357,25.376,1.2357,0.8271,0.8271,19
254,4352,2304,17,base,59.849,2.5899,2,23.108,7,default,1,31.937,1.382,31.937,1.382,1.874,1.874,19
319,4352,2304,17,base,60.413,2.5946,2,23.284,7,default,1,32.113,1.3792,32.113,1.3792,1.8813,1.8813,19
419,4352,2304,17,base,60.461,2.5314,2,23.884,7,default,1,38.497,1.6118,38.497,1.6118,1.5706,1.5706,19
836,4352,2304,0,base,30.804,1.0,0,30.804,7,default,1,62.505,2.0291,62.505,2.0291,0.4928,0.4928,19
887,4352,2304,0,base,30.196,1.0,0,30.196,7,default,1,62.129,2.0575,62.129,2.0575,0.486,0.486,19
1419,4352,2304,0,base,41.965,1.0,0,41.965,7,default,1,90.086,2.1467,90.086,2.1467,0.4658,0.4658,19
1741,4352,2304,0,base,43.829,1.0,0,43.829,7,default,1,108.63,2.4785,108.63,2.4785,0.4035,0.4035,19
1998,4352,2304,0,base,57.765,1.0337,2,55.881,7,default,1,123.077,2.2025,123.077,2.2025,0.4693,0.4693,19
2250,4352,2304,0,base,57.848,1.0318,2,56.068,7,default,1,135.266,2.4125,135.266,2.4125,0.4277,0.4277,19
2632,4352,2304,0,base,58.637,1.0,0,58.637,7,default,1,156.646,2.6715,156.646,2.6715,0.3743,0.3743,19
2652,4352,2304,0,base,59.089,1.0,0,59.089,7,default,1,161.642,2.7356,161.642,2.7356,0.3656,0.3656,19
3232,4352,2304,0,base,72.993,1.0,0,72.993,7,default,1,195.146,2.6735,195.146,2.6735,0.374,0.374,19
3234,4352,2304,0,base,72.181,1.0,0,72.181,7,default,1,191.979,2.6597,191.979,2.6597,0.376,0.376,19
3304,4352,2304,0,base,71.733,1.0,0,71.733,7,default,1,197.723,2.7564,197.723,2.7564,0.3628,0.3628,19
3322,4352,2304,0,base,72.429,1.0,0,72.429,7,default,1,202.723,2.7989,202.723,2.7989,0.3573,0.3573,19
3603,4352,2304,0,base,73.105,1.0,0,73.105,7,default,1,212.847,2.9115,212.847,2.9115,0.3435,0.3435,19
3745,4352,2304,0,base,73.945,1.0,0,73.945,7,default,1,223.363,3.0207,223.363,3.0207,0.3311,0.3311,19
3756,4352,2304,0,base,74.965,1.0,0,74.965,7,default,1,222.395,2.9666,222.395,2.9666,0.3371,0.3371,19
4000,4352,2304,0,base,87.209,1.0,0,87.209,7,default,1,237.795,2.7267,237.795,2.7267,0.3667,0.3667,19
4877,4352,2304,0,base,101.805,1.0,0,101.805,7,default,1,283.6,2.7857,283.6,2.7857,0.359,0.359,19
4932,4352,2304,0,base,102.785,1.0,0,102.785,7,default,1,285.92,2.7817,285.92,2.7817,0.3595,0.3595,19
4949,4352,2304,0,base,100.825,1.0,0,100.825,7,default,1,287.456,2.851,287.456,2.851,0.3508,0.3508,19
5265,4352,2304,0,base,101.969,1.0,0,101.969,7,default,1,305.824,2.9992,305.824,2.9992,0.3334,0.3334,19
5351,4352,2304,0,base,103.286,1.0,0,103.286,7,default,1,307.96,2.9816,307.96,2.9816,0.3354,0.3354,19
5581,4352,2304,0,base,104.05,1.0,0,104.05,7,default,1,319.881,3.0743,319.881,3.0743,0.3253,0.3253,19
6054,4352,2304,0,base,116.086,1.0,0,116.086,7,default,1,346.857,2.9879,346.857,2.9879,0.3347,0.3347,19
6490,4352,2304,0,base,118.978,1.0,0,118.978,7,default,1,366.329,3.079,366.329,3.079,0.3248,0.3248,19
6568,4352,2304,0,base,121.546,1.0,0,121.546,7,default,1,373.085,3.0695,373.085,3.0695,0.3258,0.3258,19
6877,4352,2304,0,base,134.478,1.0,0,134.478,7,default,1,386.674,2.8754,386.674,2.8754,0.3478,0.3478,19
6930,4352,2304,0,base,133.118,1.0,0,133.118,7,default,1,391.99,2.9447,391.99,2.9447,0.3396,0.3396,19
7441,4352,2304,0,base,133.294,1.0,0,133.294,7,default,1,418.074,3.1365,418.074,3.1365,0.3188,0.3188,19
8695,4352,2304,0,base,162.702,1.0,0,162.702,7,default,1,495.791,3.0472,495.791,3.0472,0.3282,0.3282,19
8863,4352,2304,0,base,163.138,1.0,0,163.138,7,default,1,503.035,3.0835,503.035,3.0835,0.3243,0.3243,19
9213,4352,2304,0,base,164.638,1.0,0,164.638,7,default,1,522.335,3.1726,522.335,3.1726,0.3152,0.3152,19
9596,4352,2304,0,base,164.65,1.0,0,164.65,7,default,1,540.26,3.2813,540.26,3.2813,0.3048,0.3048,19
10706,4352,2304,0,base,193.939,1.0,0,193.939,7,default,1,599.677,3.0921,599.677,3.0921,0.3234,0.3234,19
10818,4352,2304,0,base,199.603,1.0,0,199.603,7,default,1,604.629,3.0292,604.629,3.0292,0.3301,0.3301,19
10871,4352,2304,0,base,190.743,1.0,0,190.743,7,default,1,611.649,3.2067,611.649,3.2067,0.3118,0.3118,19
10900,4352,2304,0,base,200.611,1.0,0,200.611,7,default,1,612.537,3.0534,612.537,3.0534,0.3275,0.3275,19
11111,4352,2304,0,base,197.287,1.0,0,197.287,7,default,1,622.781,3.1567,622.781,3.1567,0.3168,0.3168,19
11159,4352,2304,0,base,202.879,1.0,0,202.879,7,default,1,621.585,3.0638,621.585,3.0638,0.3264,0.3264,19
11282,4352,2304,0,base,197.475,1.0,0,197.475,7,default,1,630.485,3.1927,630.485,3.1927,0.3132,0.3132,19
11462,4352,2304,0,base,198.639,1.0,0,198.639,7,default,1,643.853,3.2413,643.853,3.2413,0.3085,0.3085,19
11533,4352,2304,0,base,214.795,1.0,0,214.795,7,default,1,645.869,3.0069,645.869,3.0069,0.3326,0.3326,19
11538,4352,2304,0,base,211.807,1.0,0,211.807,7,default,1,644.021,3.0406,644.021,3.0406,0.3289,0.3289,19
11601,4352,2304,0,base,209.639,1.0,0,209.639,7,default,1,649.669,3.099,649.669,3.099,0.3227,0.3227,19
11629,4352,2304,0,base,219.975,1.0,0,219.975,7,default,1,649.649,2.9533,649.649,2.9533,0.3386,0.3386,19
12427,4352,2304,0,base,228.679,1.0,0,228.679,7,default,1,695.018,3.0393,695.018,3.0393,0.329,0.329,19
12942,4352,2304,0,base,226.467,1.0,0,226.467,7,default,1,721.082,3.184,721.082,3.184,0.3141,0.3141,19
12955,4352,2304,0,base,226.907,1.0,0,226.907,7,default,1,721.854,3.1813,721.854,3.1813,0.3143,0.3143,19
13771,4352,2304,0,base,250.675,1.0,0,250.675,7,default,1,763.471,3.0457,763.471,3.0457,0.3283,0.3283,19
14822,4352,2304,0,base,266.968,1.0,0,266.968,7,default,1,823.98,3.0864,823.98,3.0864,0.324,0.324,19
16414,4352,2304,0,base,303.876,1.0,0,303.876,7,default,1,906.773,2.984,906.773,2.984,0.3351,0.3351,19
16564,4352,2304,0,base,301.212,1.0,0,301.212,7,default,1,910.933,3.0242,910.933,3.0242,0.3307,0.3307,19
17418,4352,2304,0,base,312.261,1.0,0,312.261,7,default,1,957.562,3.0665,957.562,3.0665,0.3261,0.3261,19
17726,4352,2304,0,base,318.756,1.0,0,318.756,7,default,1,975.886,3.0615,975.886,3.0615,0.3266,0.3266,19
17824,4352,2304,0,base,323.625,1.0,0,323.625,7,default,1,984.866,3.0432,984.866,3.0432,0.3286,0.3286,19
18423,4352,2304,0,base,329.065,1.0,0,329.065,7,default,1,1011.231,3.073,1011.231,3.073,0.3254,0.3254,19
18876,4352,2304,0,base,342.117,1.0,0,342.117,7,default,1,1032.683,3.0185,1032.683,3.0185,0.3313,0.3313,19
18933,4352,2304,0,base,353.261,1.0,0,353.261,7,default,1,1034.879,2.9295,1034.879,2.9295,0.3414,0.3414,19
19033,4352,2304,0,base,342.141,1.0,0,342.141,7,default,1,1042.763,3.0478,1042.763,3.0478,0.3281,0.3281,19
19234,4352,2304,0,base,356.129,1.0,0,356.129,7,default,1,1053.347,2.9578,1053.347,2.9578,0.3381,0.3381,19
19393,4352,2304,0,base,364.437,1.0,0,364.437,7,default,1,1064.255,2.9203,1064.255,2.9203,0.3424,0.3424,19
19610,4352,2304,0,base,351.309,1.0,0,351.309,7,default,1,1073.1,3.0546,1073.1,3.0546,0.3274,0.3274,19
19673,4352,2304,0,base,350.481,1.0,0,350.481,7,default,1,1075.087,3.0675,1075.087,3.0675,0.326,0.326,19
20640,4352,2304,0,base,369.233,1.0,0,369.233,7,default,1,1130.12,3.0607,1130.12,3.0607,0.3267,0.3267,19
20672,4352,2304,0,base,375.373,1.0,0,375.373,7,default,1,1130.684,3.0122,1130.684,3.0122,0.332,0.332,19
21275,4352,2304,0,base,397.814,1.0,0,397.814,7,default,1,1154.116,2.9011,1154.116,2.9011,0.3447,0.3447,19
22320,4352,2304,0,base,409.258,1.0,0,409.258,7,default,1,1216.609,2.9727,1216.609,2.9727,0.3364,0.3364,19
23393,4352,2304,0,base,428.566,1.0,0,428.566,7,default,1,1271.814,2.9676,1271.814,2.9676,0.337,0.337,19
23460,4352,2304,0,base,440.21,1.0,0,440.21,7,default,1,1266.222,2.8764,1266.222,2.8764,0.3477,0.3477,19
26159,4352,2304,0,base,492.399,1.0,0,492.399,7,default,1,1390.104,2.8231,1390.104,2.8231,0.3542,0.3542,19
26442,4352,2304,0,base,496.235,1.0,0,496.235,7,default,1,1411.404,2.8442,1411.404,2.8442,0.3516,0.3516,19
26833,4352,2304,0,base,502.267,1.0,0,502.267,7,default,1,1430.237,2.8476,1430.237,2.8476,0.3512,0.3512,19
28995,4352,2304,0,base,533.16,1.0,0,533.16,7,default,1,1536.338,2.8816,1536.338,2.8816,0.347,0.347,19
29559,4352,2304,0,base,541.864,1.0,0,541.864,7,default,1,1565.202,2.8886,1565.202,2.8886,0.3462,0.3462,19
29624,4352,2304,0,base,549.928,1.0,0,549.928,7,default,1,1566.822,2.8491,1566.822,2.8491,0.351,0.351,19
31473,4352,2304,0,base,584.256,1.0,0,584.256,7,default,1,1673.476,2.8643,1673.476,2.8643,0.3491,0.3491,19
32083,4352,2304,0,base,596.005,1.0,0,596.005,7,default,1,1692.132,2.8391,1692.132,2.8391,0.3522,0.3522,19
32929,4352,2304,0,base,613.053,1.0,0,613.053,7,default,1,1747.661,2.8507,1747.661,2.8507,0.3508,0.3508,19
33024,4352,2304,0,base,598.901,1.0,0,598.901,7,default,1,1760.741,2.94,1760.741,2.94,0.3401,0.3401,19
1029,4352,6144,17,base,313.808,4.0796,2,76.921,7,default,1,165.846,2.1561,165.846,2.1561,1.8922,1.8922,19
1178,4352,6144,17,base,311.032,4.0414,2,76.961,7,default,1,183.459,2.3838,183.459,2.3838,1.6954,1.6954,19
1294,4352,6144,17,base,327.545,4.1919,2,78.137,7,default,1,198.243,2.5371,198.243,2.5371,1.6522,1.6522,19
1312,4352,6144,17,base,328.237,4.1732,2,78.653,7,default,1,195.59,2.4867,195.59,2.4867,1.6782,1.6782,19
1843,4352,6144,0,base,87.005,1.0,0,87.005,7,default,1,291.94,3.3554,291.94,3.3554,0.298,0.298,19
2470,4352,6144,0,base,120.178,1.0,0,120.178,7,default,1,370.329,3.0815,370.329,3.0815,0.3245,0.3245,19
2780,4352,6144,0,base,123.953,1.0,0,123.953,7,default,1,416.062,3.3566,416.062,3.3566,0.2979,0.2979,19
2838,4352,6144,14,base,178.439,1.2133,2,147.074,7,default,1,416.186,2.8298,416.186,2.8298,0.4287,0.4287,19
2892,4352,6144,0,base,152.37,1.0,0,152.37,7,default,1,428.178,2.8101,428.178,2.8101,0.3559,0.3559,19
3060,4352,6144,0,base,152.866,1.0,0,152.866,7,default,1,448.515,2.934,448.515,2.934,0.3408,0.3408,19
3718,4352,6144,0,base,159.826,1.0,0,159.826,7,default,1,528.14,3.3045,528.14,3.3045,0.3026,0.3026,19
3949,4352,6144,0,base,189.915,1.0,0,189.915,7,default,1,561.644,2.9573,561.644,2.9573,0.3381,0.3381,19
4378,4352,6144,0,base,200.579,1.0,0,200.579,7,default,1,629.149,3.1367,629.149,3.1367,0.3188,0.3188,19
4868,4352,6144,0,base,229.455,1.0,0,229.455,7,default,1,697.37,3.0392,697.37,3.0392,0.329,0.329,19
4996,4352,6144,0,base,240.919,1.0,0,240.919,7,default,1,712.058,2.9556,712.058,2.9556,0.3383,0.3383,19
5088,4352,6144,0,base,225.475,1.0,0,225.475,7,default,1,726.003,3.2199,726.003,3.2199,0.3106,0.3106,19
5711,4352,6144,0,base,254.128,1.0,0,254.128,7,default,1,812.867,3.1987,812.867,3.1987,0.3126,0.3126,19
5960,4352,6144,0,base,266.98,1.0,0,266.98,7,default,1,846.46,3.1705,846.46,3.1705,0.3154,0.3154,19
6318,4352,6144,0,base,276.448,1.0,0,276.448,7,default,1,894.729,3.2365,894.729,3.2365,0.309,0.309,19
6468,4352,6144,0,base,293.04,1.0,0,293.04,7,default,1,912.941,3.1154,912.941,3.1154,0.321,0.321,19
6850,4352,6144,0,base,326.613,1.0,0,326.613,7,default,1,962.39,2.9466,962.39,2.9466,0.3394,0.3394,19
7161,4352,6144,0,base,333.069,1.0,0,333.069,7,default,1,1011.795,3.0378,1011.795,3.0378,0.3292,0.3292,19
7239,4352,6144,0,base,338.961,1.0,0,338.961,7,default,1,1028.275,3.0336,1028.275,3.0336,0.3296,0.3296,19
7723,4352,6144,0,base,355.449,1.0,0,355.449,7,default,1,1093.388,3.0761,1093.388,3.0761,0.3251,0.3251,19
7825,4352,6144,0,base,361.709,1.0,0,361.709,7,default,1,1123.244,3.1054,1123.244,3.1054,0.322,0.322,19
7862,4352,6144,0,base,369.477,1.0,0,369.477,7,default,1,1112.94,3.0122,1112.94,3.0122,0.332,0.332,19
7876,4352,6144,0,base,368.773,1.0,0,368.773,7,default,1,1119.444,3.0356,1119.444,3.0356,0.3294,0.3294,19
8696,4352,6144,0,base,418.346,1.0,0,418.346,7,default,1,1228.029,2.9354,1228.029,2.9354,0.3407,0.3407,19
8714,4352,6144,0,base,419.842,1.0,0,419.842,7,default,1,1230.282,2.9303,1230.282,2.9303,0.3413,0.3413,19
9218,4352,6144,0,base,427.906,1.0,0,427.906,7,default,1,1295.871,3.0284,1295.871,3.0284,0.3302,0.3302,19
9486,4352,6144,0,base,434.722,1.0,0,434.722,7,default,1,1327.715,3.0542,1327.715,3.0542,0.3274,0.3274,19
9528,4352,6144,0,base,430.582,1.0,0,430.582,7,default,1,1344.467,3.1224,1344.467,3.1224,0.3203,0.3203,19
9542,4352,6144,0,base,432.19,1.0,0,432.19,7,default,1,1347.047,3.1168,1347.047,3.1168,0.3208,0.3208,19
9889,4352,6144,0,base,459.25,1.0,0,459.25,7,default,1,1397.672,3.0434,1397.672,3.0434,0.3286,0.3286,19
9912,4352,6144,0,base,458.143,1.0,0,458.143,7,default,1,1402.768,3.0619,1402.768,3.0619,0.3266,0.3266,19
10122,4352,6144,0,base,475.511,1.0,0,475.511,7,default,1,1432.853,3.0133,1432.853,3.0133,0.3319,0.3319,19
10806,4352,6144,0,base,498.855,1.0,0,498.855,7,default,1,1516.598,3.0402,1516.598,3.0402,0.3289,0.3289,19
10881,4352,6144,0,base,505.275,1.0,0,505.275,7,default,1,1535.73,3.0394,1535.73,3.0394,0.329,0.329,19
11065,4352,6144,0,base,514.727,1.0,0,514.727,7,default,1,1554.114,3.0193,1554.114,3.0193,0.3312,0.3312,19
11074,4352,6144,0,base,497.783,1.0,0,497.783,7,default,1,1571.694,3.1574,1571.694,3.1574,0.3167,0.3167,19
11119,4352,6144,0,base,512.447,1.0,0,512.447,7,default,1,1570.527,3.0648,1570.527,3.0648,0.3263,0.3263,19
11153,4352,6144,0,base,514.683,1.0,0,514.683,7,default,1,1569.955,3.0503,1569.955,3.0503,0.3278,0.3278,19
11231,4352,6144,0,base,510.447,1.0,0,510.447,7,default,1,1581.587,3.0984,1581.587,3.0984,0.3227,0.3227,19
11400,4352,6144,0,base,524.044,1.0,0,524.044,7,default,1,1603.583,3.06,1603.583,3.06,0.3268,0.3268,19
13533,4352,6144,0,base,632.281,1.0,0,632.281,7,default,1,1906.224,3.0148,1906.224,3.0148,0.3317,0.3317,19
13593,4352,6144,0,base,629.937,1.0,0,629.937,7,default,1,1903.499,3.0217,1903.499,3.0217,0.3309,0.3309,19
14245,4352,6144,0,base,641.153,1.0,0,641.153,7,default,1,2004.265,3.126,2004.265,3.126,0.3199,0.3199,19
14501,4352,6144,0,base,677.762,1.0,0,677.762,7,default,1,2038.413,3.0076,2038.413,3.0076,0.3325,0.3325,19
14833,4352,6144,0,base,678.989,1.0,0,678.989,7,default,1,2085.642,3.0717,2085.642,3.0717,0.3256,0.3256,19
15408,4352,6144,0,base,788.444,1.0,0,788.444,7,default,1,2146.519,2.7225,2146.519,2.7225,0.3673,0.3673,19
15841,4352,6144,0,base,722.586,1.0,0,722.586,7,default,1,2215.064,3.0655,2215.064,3.0655,0.3262,0.3262,19
16575,4352,6144,0,base,780.939,1.0,0,780.939,7,default,1,2331.73,2.9858,2331.73,2.9858,0.3349,0.3349,19
16834,4352,6144,0,base,779.955,1.0,0,779.955,7,default,1,2354.162,3.0183,2354.162,3.0183,0.3313,0.3313,19
17371,4352,6144,0,base,807.692,1.0,0,807.692,7,default,1,2439.919,3.0209,2439.919,3.0209,0.331,0.331,19
17431,4352,6144,0,base,814.516,1.0,0,814.516,7,default,1,2435.623,2.9903,2435.623,2.9903,0.3344,0.3344,19
17477,4352,6144,0,base,816.16,1.0,0,816.16,7,default,1,2459.315,3.0133,2459.315,3.0133,0.3319,0.3319,19
17565,4352,6144,0,base,819.084,1.0,0,819.084,7,default,1,2459.623,3.0029,2459.623,3.0029,0.333,0.333,19
17735,4352,6144,0,base,820.376,1.0,0,820.376,7,default,1,2494.644,3.0409,2494.644,3.0409,0.3289,0.3289,19
17850,4352,6144,0,base,824.748,1.0,0,824.748,7,default,1,2516.76,3.0516,2516.76,3.0516,0.3277,0.3277,19
19089,4352,6144,0,base,876.713,1.0,0,876.713,7,default,1,2672.406,3.0482,2672.406,3.0482,0.3281,0.3281,19
19525,4352,6144,0,base,900.621,1.0,0,900.621,7,default,1,2740.339,3.0427,2740.339,3.0427,0.3287,0.3287,19
20965,4352,6144,0,base,958.01,1.0,0,958.01,7,default,1,2952.018,3.0814,2952.018,3.0814,0.3245,0.3245,19
21079,4352,6144,0,base,977.282,1.0,0,977.282,7,default,1,2967.251,3.0362,2967.251,3.0362,0.3294,0.3294,19
21417,4352,6144,0,base,988.978,1.0,0,988.978,7,default,1,3003.183,3.0367,3003.183,3.0367,0.3293,0.3293,19
21508,4352,6144,0,base,999.298,1.0,0,999.298,7,default,1,3032.548,3.0347,3032.548,3.0347,0.3295,0.3295,19
21861,4352,6144,0,base,1009.227,1.0,0,1009.227,7,default,1,3070.308,3.0422,3070.308,3.0422,0.3287,0.3287,19
22900,4352,6144,0,base,1054.383,1.0,0,1054.383,7,default,1,3215.722,3.0499,3215.722,3.0499,0.3279,0.3279,19
24358,4352,6144,0,base,1126.804,1.0,0,1126.804,7,default,1,3417.845,3.0332,3417.845,3.0332,0.3297,0.3297,19
24463,4352,6144,0,base,1128.004,1.0,0,1128.004,7,default,1,3427.445,3.0385,3427.445,3.0385,0.3291,0.3291,19
24495,4352,6144,0,base,1127.096,1.0,0,1127.096,7,default,1,3427.813,3.0413,3427.813,3.0413,0.3288,0.3288,19
25310,4352,6144,0,base,1168.249,1.0,0,1168.249,7,default,1,3540.879,3.0309,3540.879,3.0309,0.3299,0.3299,19
25638,4352,6144,0,base,1187.621,1.0,0,1187.621,7,default,1,3577.055,3.0119,3577.055,3.0119,0.332,0.332,19
25683,4352,6144,0,base,1184.421,1.0,0,1184.421,7,default,1,3591.64,3.0324,3591.64,3.0324,0.3298,0.3298,19
25776,4352,6144,0,base,1195.509,1.0,0,1195.509,7,default,1,3588.407,3.0016,3588.407,3.0016,0.3332,0.3332,19
25868,4352,6144,0,base,1203.181,1.0,0,1203.181,7,default,1,3608.752,2.9993,3608.752,2.9993,0.3334,0.3334,19
26035,4352,6144,0,base,1209.493,1.0,0,1209.493,7,default,1,3648.072,3.0162,3648.072,3.0162,0.3315,0.3315,19
27543,4352,6144,0,base,1249.658,1.0,0,1249.658,7,default,1,3839.96,3.0728,3839.96,3.0728,0.3254,0.3254,19
28451,4352,6144,0,base,1290.051,1.0,0,1290.051,7,default,1,3977.293,3.0831,3977.293,3.0831,0.3244,0.3244,19
28549,4352,6144,0,base,1295.995,1.0,0,1295.995,7,default,1,3997.053,3.0842,3997.053,3.0842,0.3242,0.3242,19
28758,4352,6144,0,base,1287.07,1.0,0,1287.07,7,default,1,4007.862,3.1139,4007.862,3.1139,0.3211,0.3211,19
31749,4352,6144,0,base,1402.796,1.0,0,1402.796,7,default,1,4429.152,3.1574,4429.152,3.1574,0.3167,0.3167,19
32646,4352,6144,0,base,1424.133,1.0,0,1424.133,7,default,1,4560.861,3.2026,4560.861,3.2026,0.3123,0.3123,19
33024,4352,6144,0,base,1370.588,1.0,0,1370.588,7,default,1,4579.25,3.3411,4579.25,3.3411,0.2993,0.2993,19
216,6144,1024,17,base,29.6,1.7266,2,17.144,7,default,1,20.12,1.1736,20.12,1.1736,1.4712,1.4712,19
272,6144,1024,17,base,36.116,2.0322,2,17.772,7,default,1,22.405,1.2606,22.405,1.2606,1.612,1.612,19
1053,6144,1024,0,base,31.745,1.0,0,31.745,7,default,1,46.317,1.459,46.317,1.459,0.6854,0.6854,19
1096,6144,1024,0,base,30.564,1.0,0,30.564,7,default,1,46.041,1.5064,46.041,1.5064,0.6639,0.6639,19
1405,6144,1024,0,base,39.813,1.0816,2,36.809,7,default,1,56.228,1.5276,56.228,1.5276,0.7081,0.7081,19
1439,6144,1024,0,base,39.928,1.0889,2,36.668,7,default,1,56.697,1.5462,56.697,1.5462,0.7042,0.7042,19
1494,6144,1024,0,base,39.429,1.0831,2,36.404,7,default,1,57.961,1.5921,57.961,1.5921,0.6803,0.6803,19
1821,6144,1024,0,base,40.032,1.0,0,40.032,7,default,1,68.725,1.7167,68.725,1.7167,0.5825,0.5825,19
1892,6144,1024,0,base,39.961,1.0,0,39.961,7,default,1,71.157,1.7807,71.157,1.7807,0.5616,0.5616,19
2064,6144,1024,0,base,47.853,1.0358,2,46.201,7,default,1,75.429,1.6326,75.429,1.6326,0.6344,0.6344,19
2475,6144,1024,0,base,48.145,1.0,0,48.145,7,default,1,91.313,1.8966,91.313,1.8966,0.5272,0.5272,19
2554,6144,1024,14,base,63.869,1.33,0,48.021,7,default,1,91.145,1.8981,91.145,1.8981,0.7007,0.7007,19
2572,6144,1024,0,base,48.317,1.0,0,48.317,7,default,1,93.049,1.9258,93.049,1.9258,0.5193,0.5193,19
2845,6144,1024,0,base,56.557,1.0203,2,55.432,7,default,1,101.954,1.8392,101.954,1.8392,0.5547,0.5547,19
3394,6144,1024,0,base,64.093,1.0,0,64.093,7,default,1,118.786,1.8533,118.786,1.8533,0.5396,0.5396,19
4005,6144,1024,0,base,66.069,1.0,0,66.069,7,default,1,136.762,2.07,136.762,2.07,0.4831,0.4831,19
4044,6144,1024,0,base,66.329,1.0,0,66.329,7,default,1,143.302,2.1605,143.302,2.1605,0.4629,0.4629,19
4295,6144,1024,0,base,74.145,1.0,0,74.145,7,default,1,144.798,1.9529,144.798,1.9529,0.5121,0.5121,19
4416,6144,1024,0,base,74.005,1.0,0,74.005,7,default,1,145.65,1.9681,145.65,1.9681,0.5081,0.5081,19
4991,6144,1024,14,base,112.858,1.3731,0,82.189,7,default,1,167.558,2.0387,167.558,2.0387,0.6735,0.6735,19
5241,6144,1024,14,base,114.162,1.3422,0,85.053,7,default,1,177.002,2.0811,177.002,2.0811,0.645,0.645,19
5327,6144,1024,0,base,82.933,1.0,0,82.933,7,default,1,181.059,2.1832,181.059,2.1832,0.458,0.458,19
5342,6144,1024,0,base,82.773,1.0,0,82.773,7,default,1,178.739,2.1594,178.739,2.1594,0.4631,0.4631,19
5638,6144,1024,0,base,91.593,1.0,0,91.593,7,default,1,194.903,2.1279,194.903,2.1279,0.4699,0.4699,19
5737,6144,1024,0,base,91.697,1.0,0,91.697,7,default,1,193.531,2.1105,193.531,2.1105,0.4738,0.4738,19
6595,6144,1024,0,base,98.825,1.0,0,98.825,7,default,1,217.819,2.2041,217.819,2.2041,0.4537,0.4537,19
6658,6144,1024,0,base,100.061,1.0,0,100.061,7,default,1,218.027,2.1789,218.027,2.1789,0.4589,0.4589,19
8079,6144,1024,0,base,116.842,1.0,0,116.842,7,default,1,271.804,2.3263,271.804,2.3263,0.4299,0.4299,19
8471,6144,1024,0,base,124.338,1.0,0,124.338,7,default,1,281.292,2.2623,281.292,2.2623,0.442,0.442,19
8633,6144,1024,0,base,125.054,1.0,0,125.054,7,default,1,292.36,2.3379,292.36,2.3379,0.4277,0.4277,19
8872,6144,1024,0,base,133.534,1.0,0,133.534,7,default,1,289.684,2.1694,289.684,2.1694,0.461,0.461,19
9061,6144,1024,0,base,131.626,1.0,0,131.626,7,default,1,299.464,2.2751,299.464,2.2751,0.4395,0.4395,19
9147,6144,1024,0,base,132.298,1.0,0,132.298,7,default,1,303.808,2.2964,303.808,2.2964,0.4355,0.4355,19
9249,6144,1024,0,base,133.278,1.0,0,133.278,7,default,1,305.24,2.2903,305.24,2.2903,0.4366,0.4366,19
9353,6144,1024,0,base,132.742,1.0,0,132.742,7,default,1,311.424,2.3461,311.424,2.3461,0.4262,0.4262,19
9368,6144,1024,0,base,133.638,1.0,0,133.638,7,default,1,312.52,2.3386,312.52,2.3386,0.4276,0.4276,19
9465,6144,1024,0,base,132.698,1.0,0,132.698,7,default,1,311.645,2.3485,311.645,2.3485,0.4258,0.4258,19
9524,6144,1024,0,base,140.258,1.0,0,140.258,7,default,1,314.177,2.24,314.177,2.24,0.4464,0.4464,19
9579,6144,1024,0,base,140.314,1.0,0,140.314,7,default,1,319.097,2.2742,319.097,2.2742,0.4397,0.4397,19
9900,6144,1024,0,base,140.434,1.0,0,140.434,7,default,1,330.364,2.3525,330.364,2.3525,0.4251,0.4251,19
9965,6144,1024,0,base,142.182,1.0,0,142.182,7,default,1,330.341,2.3234,330.341,2.3234,0.4304,0.4304,19
10034,6144,1024,0,base,141.014,1.0,0,141.014,7,default,1,326.829,2.3177,326.829,2.3177,0.4315,0.4315,19
10043,6144,1024,0,base,140.758,1.0,0,140.758,7,default,1,334.129,2.3738,334.129,2.3738,0.4213,0.4213,19
10114,6144,1024,0,base,141.65,1.0,0,141.65,7,default,1,332.649,2.3484,332.649,2.3484,0.4258,0.4258,19
10742,6144,1024,0,base,150.45,1.0,0,150.45,7,default,1,348.633,2.3173,348.633,2.3173,0.4315,0.4315,19
11054,6144,1024,0,base,158.09,1.0,0,158.09,7,default,1,362.365,2.2921,362.365,2.2921,0.4363,0.4363,19
12073,6144,1024,0,base,170.27,1.0,0,170.27,7,default,1,392.47,2.305,392.47,2.305,0.4338,0.4338,19
13460,6144,1024,0,base,184.607,1.0,0,184.607,7,default,1,436.65,2.3653,436.65,2.3653,0.4228,0.4228,19
13783,6144,1024,0,base,194.331,1.0,0,194.331,7,default,1,452.615,2.3291,452.615,2.3291,0.4294,0.4294,19
13812,6144,1024,0,base,192.55,1.0,0,192.55,7,default,1,446.726,2.3201,446.726,2.3201,0.431,0.431,19
15751,6144,1024,0,base,219.635,1.0,0,219.635,7,default,1,511.075,2.3269,511.075,2.3269,0.4298,0.4298,19
15958,6144,1024,0,base,224.311,1.0,0,224.311,7,default,1,510.859,2.2775,510.859,2.2775,0.4391,0.4391,19
17529,6144,1024,0,base,238.879,1.0,0,238.879,7,default,1,557.228,2.3327,557.228,2.3327,0.4287,0.4287,19
18040,6144,1024,0,base,256.228,1.0,0,256.228,7,default,1,578.624,2.2582,578.624,2.2582,0.4428,0.4428,19
18188,6144,1024,0,base,254.188,1.0,0,254.188,7,default,1,575.893,2.2656,575.893,2.2656,0.4414,0.4414,19
18393,6144,1024,0,base,259.4,1.0,0,259.4,7,default,1,589.693,2.2733,589.693,2.2733,0.4399,0.4399,19
18997,6144,1024,0,base,263.108,1.0,0,263.108,7,default,1,599.781,2.2796,599.781,2.2796,0.4387,0.4387,19
19288,6144,1024,0,base,278.36,1.0,0,278.36,7,default,1,608.577,2.1863,608.577,2.1863,0.4574,0.4574,19
19705,6144,1024,0,base,278.008,1.0,0,278.008,7,default,1,624.545,2.2465,624.545,2.2465,0.4451,0.4451,19
19857,6144,1024,0,base,275.532,1.0,0,275.532,7,default,1,634.601,2.3032,634.601,2.3032,0.4342,0.4342,19
20179,6144,1024,0,base,290.308,1.0,0,290.308,7,default,1,639.613,2.2032,639.613,2.2032,0.4539,0.4539,19
20540,6144,1024,0,base,290.588,1.0,0,290.588,7,default,1,650.057,2.237,650.057,2.237,0.447,0.447,19
21070,6144,1024,0,base,296.672,1.0,0,296.672,7,default,1,668.734,2.2541,668.734,2.2541,0.4436,0.4436,19
21555,6144,1024,0,base,307.608,1.0,0,307.608,7,default,1,681.978,2.217,681.978,2.217,0.4511,0.4511,19
23168,6144,1024,0,base,324.701,1.0,0,324.701,7,default,1,727.822,2.2415,727.822,2.2415,0.4461,0.4461,19
23279,6144,1024,0,base,323.309,1.0,0,323.309,7,default,1,736.807,2.279,736.807,2.279,0.4388,0.4388,19
23333,6144,1024,0,base,336.209,1.0,0,336.209,7,default,1,740.255,2.2018,740.255,2.2018,0.4542,0.4542,19
24790,6144,1024,0,base,356.793,1.0,0,356.793,7,default,1,786.455,2.2042,786.455,2.2042,0.4537,0.4537,19
25909,6144,1024,0,base,368.749,1.0,0,368.749,7,default,1,821.796,2.2286,821.796,2.2286,0.4487,0.4487,19
26310,6144,1024,0,base,379.234,1.0,0,379.234,7,default,1,836.988,2.2071,836.988,2.2071,0.4531,0.4531,19
26453,6144,1024,0,base,375.525,1.0,0,375.525,7,default,1,838.092,2.2318,838.092,2.2318,0.4481,0.4481,19
26934,6144,1024,0,base,378.626,1.0,0,378.626,7,default,1,856.464,2.262,856.464,2.262,0.4421,0.4421,19
27062,6144,1024,0,base,379.862,1.0,0,379.862,7,default,1,857.508,2.2574,857.508,2.2574,0.443,0.443,19
29085,6144,1024,0,base,415.026,1.0,0,415.026,7,default,1,924.373,2.2273,924.373,2.2273,0.449,0.449,19
30526,6144,1024,0,base,435.65,1.0,0,435.65,7,default,1,976.834,2.2422,976.834,2.2422,0.446,0.446,19
31245,6144,1024,0,base,459.355,1.0,0,459.355,7,default,1,989.014,2.1531,989.014,2.1531,0.4645,0.4645,19
33024,6144,1024,0,base,467.383,1.0,0,467.383,7,default,1,1040.459,2.2261,1040.459,2.2261,0.4492,0.4492,19
65,6400,512,7,base,15.38,1.0381,10,14.816,7,default,1,15.38,1.0381,15.38,1.0381,1.0,1.0,19
107,6400,512,12,base,15.424,1.0377,18,14.864,7,default,1,15.292,1.0288,15.292,1.0288,1.0086,1.0086,19
197,6400,512,17,base,16.56,1.0734,13,15.428,7,default,1,15.668,1.0156,15.668,1.0156,1.0569,1.0569,19
256,6400,512,17,base,15.892,1.0336,18,15.376,7,default,1,15.596,1.0143,15.596,1.0143,1.019,1.019,19
1567,6400,512,0,base,31.92,1.1363,18,28.092,7,default,1,35.129,1.2505,35.129,1.2505,0.9087,0.9087,19
1735,6400,512,0,base,31.788,1.0787,18,29.468,7,default,1,35.385,1.2008,35.385,1.2008,0.8984,0.8984,19
1744,6400,512,0,base,30.72,1.0161,18,30.232,7,default,1,34.728,1.1487,34.728,1.1487,0.8846,0.8846,19
2038,6400,512,14,base,46.637,1.4335,18,32.533,7,default,1,38.725,1.1903,38.725,1.1903,1.2043,1.2043,19
2057,6400,512,0,base,36.408,1.1193,18,32.528,7,default,1,39.56,1.2162,39.56,1.2162,0.9203,0.9203,19
2549,6400,512,14,base,47.249,1.2984,0,36.389,7,default,1,45.648,1.2545,45.648,1.2545,1.0351,1.0351,19
2660,6400,512,14,base,55.353,1.431,18,38.681,7,default,1,47.373,1.2247,47.373,1.2247,1.1685,1.1685,19
2984,6400,512,0,base,42.657,1.0286,18,41.473,7,default,1,51.489,1.2415,51.489,1.2415,0.8285,0.8285,19
3152,6400,512,0,base,42.652,1.0,0,42.652,7,default,1,53.58,1.2562,53.58,1.2562,0.796,0.796,19
3461,6400,512,0,base,48.181,1.0368,18,46.473,7,default,1,58.549,1.2599,58.549,1.2599,0.8229,0.8229,19
3710,6400,512,14,base,64.221,1.3334,18,48.165,7,default,1,62.825,1.3044,62.825,1.3044,1.0222,1.0222,19
3957,6400,512,14,base,71.237,1.4003,18,50.873,7,default,1,64.569,1.2692,64.569,1.2692,1.1033,1.1033,19
4265,6400,512,0,base,54.276,1.0,0,54.276,7,default,1,70.341,1.296,70.341,1.296,0.7716,0.7716,19
4266,6400,512,0,base,54.133,1.0,0,54.133,7,default,1,71.409,1.3191,71.409,1.3191,0.7581,0.7581,19
4602,6400,512,14,base,80.353,1.389,18,57.849,7,default,1,74.885,1.2945,74.885,1.2945,1.073,1.073,19
4632,6400,512,0,base,59.741,1.0407,18,57.405,7,default,1,74.945,1.3056,74.945,1.3056,0.7971,0.7971,19
4658,6400,512,0,base,59.521,1.0206,18,58.321,7,default,1,76.637,1.3141,76.637,1.3141,0.7767,0.7767,19
4752,6400,512,0,base,59.577,1.0049,18,59.289,7,default,1,79.125,1.3346,79.125,1.3346,0.7529,0.7529,19
4858,6400,512,14,base,80.797,1.3668,18,59.113,7,default,1,79.801,1.35,79.801,1.35,1.0125,1.0125,19
4863,6400,512,14,base,82.121,1.3973,18,58.773,7,default,1,80.821,1.3752,80.821,1.3752,1.0161,1.0161,19
5145,6400,512,14,base,81.621,1.3233,18,61.681,7,default,1,85.033,1.3786,85.033,1.3786,0.9599,0.9599,19
6237,6400,512,0,base,71.301,1.0,0,71.301,7,default,1,100.438,1.4086,100.438,1.4086,0.7099,0.7099,19
6658,6400,512,0,base,77.057,1.0101,18,76.285,7,default,1,108.682,1.4247,108.682,1.4247,0.709,0.709,19
6811,6400,512,0,base,77.833,1.0149,18,76.693,7,default,1,111.294,1.4512,111.294,1.4512,0.6994,0.6994,19
7737,6400,512,0,base,83.425,1.0,0,83.425,7,default,1,123.946,1.4857,123.946,1.4857,0.6731,0.6731,19
7883,6400,512,0,base,88.666,1.0146,18,87.385,7,default,1,128.17,1.4667,128.17,1.4667,0.6918,0.6918,19
8148,6400,512,0,base,88.641,1.0,0,88.641,7,default,1,133.426,1.5052,133.426,1.5052,0.6643,0.6643,19
9086,6400,512,0,base,94.681,1.0,0,94.681,7,default,1,145.962,1.5416,145.962,1.5416,0.6487,0.6487,19
9468,6400,512,0,base,100.541,1.0,0,100.541,7,default,1,153.318,1.5249,153.318,1.5249,0.6558,0.6558,19
9894,6400,512,0,base,106.953,1.0141,18,105.466,7,default,1,158.778,1.5055,158.778,1.5055,0.6736,0.6736,19
10136,6400,512,0,base,106.418,1.0,0,106.418,7,default,1,161.634,1.5189,161.634,1.5189,0.6584,0.6584,19
10153,6400,512,0,base,106.893,1.0,0,106.893,7,default,1,162.574,1.5209,162.574,1.5209,0.6575,0.6575,19
10173,6400,512,0,base,106.002,1.0,0,106.002,7,default,1,162.998,1.5377,162.998,1.5377,0.6503,0.6503,19
10578,6400,512,0,base,112.11,1.0,0,112.11,7,default,1,168.63,1.5042,168.63,1.5042,0.6648,0.6648,19
10846,6400,512,0,base,112.989,1.0,0,112.989,7,default,1,171.199,1.5152,171.199,1.5152,0.66,0.66,19
10886,6400,512,0,base,112.689,1.0,0,112.689,7,default,1,170.318,1.5114,170.318,1.5114,0.6616,0.6616,19
10907,6400,512,0,base,112.138,1.0,0,112.138,7,default,1,172.774,1.5407,172.774,1.5407,0.649,0.649,19
11029,6400,512,0,base,112.886,1.0,0,112.886,7,default,1,176.487,1.5634,176.487,1.5634,0.6396,0.6396,19
11102,6400,512,0,base,113.494,1.0,0,113.494,7,default,1,175.151,1.5433,175.151,1.5433,0.648,0.648,19
11469,6400,512,0,base,117.966,1.0,0,117.966,7,default,1,183.994,1.5597,183.994,1.5597,0.6411,0.6411,19
11526,6400,512,0,base,118.73,1.0,0,118.73,7,default,1,180.139,1.5172,180.139,1.5172,0.6591,0.6591,19
11573,6400,512,0,base,118.698,1.0,0,118.698,7,default,1,180.355,1.5194,180.355,1.5194,0.6581,0.6581,19
11604,6400,512,0,base,118.566,1.0,0,118.566,7,default,1,184.199,1.5536,184.199,1.5536,0.6437,0.6437,19
11877,6400,512,0,base,124.486,1.0,0,124.486,7,default,1,184.963,1.4858,184.963,1.4858,0.673,0.673,19
12108,6400,512,0,base,124.382,1.0,0,124.382,7,default,1,190.246,1.5295,190.246,1.5295,0.6538,0.6538,19
12216,6400,512,0,base,125.841,1.0,0,125.841,7,default,1,190.603,1.5146,190.603,1.5146,0.6602,0.6602,19
12353,6400,512,0,base,123.894,1.0,0,123.894,7,default,1,189.839,1.5323,189.839,1.5323,0.6526,0.6526,19
12358,6400,512,0,base,123.786,1.0,0,123.786,7,default,1,191.498,1.547,191.498,1.547,0.6464,0.6464,19
12665,6400,512,0,base,129.378,1.0,0,129.378,7,default,1,195.387,1.5102,195.387,1.5102,0.6622,0.6622,19
12784,6400,512,0,base,129.93,1.0,0,129.93,7,default,1,198.447,1.5273,198.447,1.5273,0.6547,0.6547,19
12969,6400,512,0,base,130.666,1.0,0,130.666,7,default,1,202.043,1.5463,202.043,1.5463,0.6467,0.6467,19
14352,6400,512,0,base,145.982,1.0,0,145.982,7,default,1,219.027,1.5004,219.027,1.5004,0.6665,0.6665,19
14724,6400,512,0,base,147.894,1.0,0,147.894,7,default,1,227.367,1.5374,227.367,1.5374,0.6505,0.6505,19
16169,6400,512,0,base,159.626,1.0,0,159.626,7,default,1,248.476,1.5566,248.476,1.5566,0.6424,0.6424,19
16336,6400,512,0,base,159.442,1.0,0,159.442,7,default,1,249.548,1.5651,249.548,1.5651,0.6389,0.6389,19
16871,6400,512,0,base,165.118,1.0,0,165.118,7,default,1,258.584,1.5661,258.584,1.5661,0.6385,0.6385,19
16894,6400,512,0,base,165.53,1.0,0,165.53,7,default,1,257.815,1.5575,257.815,1.5575,0.642,0.642,19
18450,6400,512,0,base,182.799,1.0,0,182.799,7,default,1,281.272,1.5387,281.272,1.5387,0.6499,0.6499,19
19052,6400,512,0,base,189.415,1.0,0,189.415,7,default,1,294.624,1.5554,294.624,1.5554,0.6429,0.6429,19
20013,6400,512,0,base,194.958,1.0,0,194.958,7,default,1,301.532,1.5466,301.532,1.5466,0.6466,0.6466,19
20322,6400,512,0,base,200.379,1.0,0,200.379,7,default,1,305.624,1.5252,305.624,1.5252,0.6556,0.6556,19
21165,6400,512,0,base,207.511,1.0,0,207.511,7,default,1,321.965,1.5516,321.965,1.5516,0.6445,0.6445,19
24962,6400,512,0,base,245.672,1.0,0,245.672,7,default,1,375.477,1.5284,375.477,1.5284,0.6543,0.6543,19
26440,6400,512,0,base,255.52,1.0,0,255.52,7,default,1,397.429,1.5554,397.429,1.5554,0.6429,0.6429,19
26704,6400,512,0,base,259.224,1.0,0,259.224,7,default,1,401.47,1.5487,401.47,1.5487,0.6457,0.6457,19
26893,6400,512,0,base,265.708,1.0,0,265.708,7,default,1,399.718,1.5043,399.718,1.5043,0.6647,0.6647,19
27038,6400,512,0,base,264.356,1.0,0,264.356,7,default,1,402.525,1.5227,402.525,1.5227,0.6567,0.6567,19
27129,6400,512,0,base,262.975,1.0,0,262.975,7,default,1,404.018,1.5363,404.018,1.5363,0.6509,0.6509,19
27209,6400,512,0,base,264.776,1.0,0,264.776,7,default,1,406.31,1.5345,406.31,1.5345,0.6517,0.6517,19
27399,6400,512,0,base,267.032,1.0,0,267.032,7,default,1,408.474,1.5297,408.474,1.5297,0.6537,0.6537,19
28476,6400,512,0,base,276.412,1.0,0,276.412,7,default,1,429.798,1.5549,429.798,1.5549,0.6431,0.6431,19
29553,6400,512,0,base,290.28,1.0,0,290.28,7,default,1,440.246,1.5166,440.246,1.5166,0.6594,0.6594,19
29865,6400,512,0,base,288.192,1.0,0,288.192,7,default,1,443.975,1.5406,443.975,1.5406,0.6491,0.6491,19
30490,6400,512,0,base,298.288,1.0,0,298.288,7,default,1,453.651,1.5208,453.651,1.5208,0.6575,0.6575,19
30746,6400,512,0,base,302.605,1.0,0,302.605,7,default,1,457.143,1.5107,457.143,1.5107,0.6619,0.6619,19
30858,6400,512,0,base,300.576,1.0,0,300.576,7,default,1,458.775,1.5263,458.775,1.5263,0.6552,0.6552,19
31398,6400,512,0,base,307.3,1.0,0,307.3,7,default,1,466.819,1.5191,466.819,1.5191,0.6583,0.6583,19
31459,6400,512,0,base,306.325,1.0,0,306.325,7,default,1,466.671,1.5235,466.671,1.5235,0.6564,0.6564,19
32597,6400,512,0,base,315.413,1.0,0,315.413,7,default,1,484.115,1.5349,484.115,1.5349,0.6515,0.6515,19
33024,6400,512,0,base,317.201,1.0,0,317.201,7,default,1,488.895,1.5413,488.895,1.5413,0.6488,0.6488,19
86,20480,2048,9,base,28.588,1.0604,3,26.96,7,default,1,34.917,1.2951,34.917,1.2951,0.8188,0.8188,19
127,20480,2048,12,base,35.428,1.2877,3,27.512,7,default,1,40.349,1.4666,40.349,1.4666,0.8781,0.8781,19
232,20480,2048,17,base,103.622,2.8809,2,35.969,7,default,1,67.653,1.8809,67.653,1.8809,1.5317,1.5317,19
238,20480,2048,17,base,104.281,2.8848,2,36.148,7,default,1,67.089,1.8559,67.089,1.8559,1.5544,1.5544,19
259,20480,2048,0,base,40.209,1.0,0,40.209,7,default,1,76.189,1.8948,76.189,1.8948,0.5277,0.5277,19
297,20480,2048,0,base,40.713,1.0,0,40.713,7,default,1,78.433,1.9265,78.433,1.9265,0.5191,0.5191,19
1010,20480,2048,0,base,82.421,1.0,0,82.421,7,default,1,237.435,2.8808,237.435,2.8808,0.3471,0.3471,19
1323,20480,2048,0,base,108.014,1.0,0,108.014,7,default,1,311.625,2.885,311.625,2.885,0.3466,0.3466,19
1366,20480,2048,0,base,110.038,1.0,0,110.038,7,default,1,322.112,2.9273,322.112,2.9273,0.3416,0.3416,19
1971,20480,2048,0,base,157.39,1.0,0,157.39,7,default,1,452.054,2.8722,452.054,2.8722,0.3482,0.3482,19
2334,20480,2048,0,base,180.207,1.0,0,180.207,7,default,1,530.544,2.9441,530.544,2.9441,0.3397,0.3397,19
2559,20480,2048,0,base,195.967,1.0,0,195.967,7,default,1,567.336,2.8951,567.336,2.8951,0.3454,0.3454,19
2573,20480,2048,0,base,212.083,1.0,0,212.083,7,default,1,580.553,2.7374,580.553,2.7374,0.3653,0.3653,19
2637,20480,2048,0,base,211.043,1.0,0,211.043,7,default,1,594.489,2.8169,594.489,2.8169,0.355,0.355,19
2645,20480,2048,0,base,205.415,1.0,0,205.415,7,default,1,597.193,2.9072,597.193,2.9072,0.344,0.344,19
2841,20480,2048,0,base,225.175,1.0,0,225.175,7,default,1,633.749,2.8145,633.749,2.8145,0.3553,0.3553,19
2886,20480,2048,0,base,224.483,1.0,0,224.483,7,default,1,644.277,2.87,644.277,2.87,0.3484,0.3484,19
2916,20480,2048,0,base,225.915,1.0,0,225.915,7,default,1,650.209,2.8781,650.209,2.8781,0.3474,0.3474,19
2939,20480,2048,0,base,228.831,1.0,0,228.831,7,default,1,653.682,2.8566,653.682,2.8566,0.3501,0.3501,19
3754,20480,2048,0,base,291.944,1.0,0,291.944,7,default,1,828.144,2.8367,828.144,2.8367,0.3525,0.3525,19
4168,20480,2048,0,base,322.013,1.0,0,322.013,7,default,1,922.281,2.8641,922.281,2.8641,0.3491,0.3491,19
4446,20480,2048,0,base,332.609,1.0,0,332.609,7,default,1,973.178,2.9259,973.178,2.9259,0.3418,0.3418,19
4512,20480,2048,0,base,351.721,1.0,0,351.721,7,default,1,997.226,2.8353,997.226,2.8353,0.3527,0.3527,19
5053,20480,2048,0,base,390.606,1.0,0,390.606,7,default,1,1123.836,2.8772,1123.836,2.8772,0.3476,0.3476,19
5190,20480,2048,0,base,405.75,1.0,0,405.75,7,default,1,1151.897,2.8389,1151.897,2.8389,0.3522,0.3522,19
7046,20480,2048,0,base,560.98,1.0,0,560.98,7,default,1,1561.207,2.783,1561.207,2.783,0.3593,0.3593,19
7050,20480,2048,0,base,553.752,1.0,0,553.752,7,default,1,1558.739,2.8149,1558.739,2.8149,0.3553,0.3553,19
7184,20480,2048,0,base,566.668,1.0,0,566.668,7,default,1,1591.179,2.808,1591.179,2.808,0.3561,0.3561,19
7250,20480,2048,0,base,580.124,1.0,0,580.124,7,default,1,1601.443,2.7605,1601.443,2.7605,0.3623,0.3623,19
8061,20480,2048,0,base,645.065,1.0,0,645.065,7,default,1,1781.454,2.7617,1781.454,2.7617,0.3621,0.3621,19
8262,20480,2048,0,base,667.158,1.0,0,667.158,7,default,1,1820.99,2.7295,1820.99,2.7295,0.3664,0.3664,19
8431,20480,2048,0,base,664.17,1.0,0,664.17,7,default,1,1853.103,2.7901,1853.103,2.7901,0.3584,0.3584,19
9124,20480,2048,0,base,728.782,1.0,0,728.782,7,default,1,2012.913,2.762,2012.913,2.762,0.3621,0.3621,19
9442,20480,2048,0,base,759.935,1.0,0,759.935,7,default,1,2081.286,2.7388,2081.286,2.7388,0.3651,0.3651,19
9588,20480,2048,0,base,763.131,1.0,0,763.131,7,default,1,2106.754,2.7607,2106.754,2.7607,0.3622,0.3622,19
9663,20480,2048,0,base,778.839,1.0,0,778.839,7,default,1,2127.375,2.7315,2127.375,2.7315,0.3661,0.3661,19
9721,20480,2048,0,base,785.971,1.0,0,785.971,7,default,1,2139.591,2.7222,2139.591,2.7222,0.3673,0.3673,19
10388,20480,2048,0,base,829.86,1.0,0,829.86,7,default,1,2304.793,2.7773,2304.793,2.7773,0.3601,0.3601,19
10414,20480,2048,0,base,853.5,1.0,0,853.5,7,default,1,2298.057,2.6925,2298.057,2.6925,0.3714,0.3714,19
10523,20480,2048,0,base,848.096,1.0,0,848.096,7,default,1,2338.622,2.7575,2338.622,2.7575,0.3626,0.3626,19
10965,20480,2048,0,base,889.457,1.0,0,889.457,7,default,1,2422.931,2.7241,2422.931,2.7241,0.3671,0.3671,19
11376,20480,2048,0,base,920.301,1.0,0,920.301,7,default,1,2492.516,2.7084,2492.516,2.7084,0.3692,0.3692,19
11405,20480,2048,0,base,928.33,1.0,0,928.33,7,default,1,2496.616,2.6894,2496.616,2.6894,0.3718,0.3718,19
11494,20480,2048,0,base,930.482,1.0,0,930.482,7,default,1,2543.173,2.7332,2543.173,2.7332,0.3659,0.3659,19
11553,20480,2048,0,base,941.269,1.0,0,941.269,7,default,1,2571.781,2.7322,2571.781,2.7322,0.366,0.366,19
11652,20480,2048,0,base,946.214,1.0,0,946.214,7,default,1,2556.901,2.7022,2556.901,2.7022,0.3701,0.3701,19
12003,20480,2048,0,base,963.702,1.0,0,963.702,7,default,1,2628.022,2.727,2628.022,2.727,0.3667,0.3667,19
13559,20480,2048,0,base,1085.16,1.0,0,1085.16,7,default,1,2968.863,2.7359,2968.863,2.7359,0.3655,0.3655,19
15044,20480,2048,0,base,1183.009,1.0,0,1183.009,7,default,1,3299.872,2.7894,3299.872,2.7894,0.3585,0.3585,19
15114,20480,2048,0,base,1190.802,1.0,0,1190.802,7,default,1,3308.776,2.7786,3308.776,2.7786,0.3599,0.3599,19
15207,20480,2048,0,base,1193.917,1.0,0,1193.917,7,default,1,3339.701,2.7973,3339.701,2.7973,0.3575,0.3575,19
15502,20480,2048,0,base,1231.438,1.0,0,1231.438,7,default,1,3402.081,2.7627,3402.081,2.7627,0.362,0.362,19
15705,20480,2048,0,base,1237.162,1.0,0,1237.162,7,default,1,3439.506,2.7802,3439.506,2.7802,0.3597,0.3597,19
17125,20480,2048,0,base,1327.983,1.0,0,1327.983,7,default,1,3751.918,2.8253,3751.918,2.8253,0.3539,0.3539,19
17278,20480,2048,0,base,1327.919,1.0,0,1327.919,7,default,1,3768.479,2.8379,3768.479,2.8379,0.3524,0.3524,19
17736,20480,2048,0,base,1344.008,1.0,0,1344.008,7,default,1,3878.156,2.8855,3878.156,2.8855,0.3466,0.3466,19
17838,20480,2048,0,base,1361.784,1.0,0,1361.784,7,default,1,3903.309,2.8663,3903.309,2.8663,0.3489,0.3489,19
18195,20480,2048,0,base,1392.412,1.0,0,1392.412,7,default,1,3978.022,2.8569,3978.022,2.8569,0.35,0.35,19
19191,20480,2048,0,base,1424.349,1.0,0,1424.349,7,default,1,4197.613,2.947,4197.613,2.947,0.3393,0.3393,19
19464,20480,2048,0,base,1458.725,1.0,0,1458.725,7,default,1,4269.966,2.9272,4269.966,2.9272,0.3416,0.3416,19
20694,20480,2048,0,base,1541.27,1.0,0,1541.27,7,default,1,4536.514,2.9434,4536.514,2.9434,0.3397,0.3397,19
20852,20480,2048,0,base,1540.567,1.0,0,1540.567,7,default,1,4565.818,2.9637,4565.818,2.9637,0.3374,0.3374,19
21353,20480,2048,0,base,1569.439,1.0,0,1569.439,7,default,1,4674.972,2.9788,4674.972,2.9788,0.3357,0.3357,19
22025,20480,2048,0,base,1649.048,1.0,0,1649.048,7,default,1,4811.202,2.9176,4811.202,2.9176,0.3428,0.3428,19
23385,20480,2048,0,base,1739.177,1.0,0,1739.177,7,default,1,5110.45,2.9384,5110.45,2.9384,0.3403,0.3403,19
23801,20480,2048,0,base,1787.138,1.0,0,1787.138,7,default,1,5212.348,2.9166,5212.348,2.9166,0.3429,0.3429,19
24532,20480,2048,0,base,1822.967,1.0,0,1822.967,7,default,1,5355.914,2.938,5355.914,2.938,0.3404,0.3404,19
27450,20480,2048,0,base,2049.482,1.0,0,2049.482,7,default,1,5990.743,2.9231,5990.743,2.9231,0.3421,0.3421,19
27833,20480,2048,0,base,2082.118,1.0,0,2082.118,7,default,1,6073.844,2.9171,6073.844,2.9171,0.3428,0.3428,19
28627,20480,2048,0,base,2121.483,1.0,0,2121.483,7,default,1,6280.036,2.9602,6280.036,2.9602,0.3378,0.3378,19
29061,20480,2048,0,base,2175.332,1.0,0,2175.332,7,default,1,6342.837,2.9158,6342.837,2.9158,0.343,0.343,19
29173,20480,2048,0,base,2156.035,1.0,0,2156.035,7,default,1,6398.982,2.9679,6398.982,2.9679,0.3369,0.3369,19
29324,20480,2048,0,base,2185.176,1.0,0,2185.176,7,default,1,6397.122,2.9275,6397.122,2.9275,0.3416,0.3416,19
29859,20480,2048,0,base,2221.136,1.0,0,2221.136,7,default,1,6525.203,2.9378,6525.203,2.9378,0.3404,0.3404,19
29886,20480,2048,0,base,2214.525,1.0,0,2214.525,7,default,1,6513.139,2.9411,6513.139,2.9411,0.34,0.34,19
29967,20480,2048,0,base,2227.585,1.0,0,2227.585,7,default,1,6528.332,2.9307,6528.332,2.9307,0.3412,0.3412,19
30077,20480,2048,0,base,2247.049,1.0,0,2247.049,7,default,1,6553.612,2.9165,6553.612,2.9165,0.3429,0.3429,19
31995,20480,2048,0,base,2407.139,1.0,0,2407.139,7,default,1,6975.142,2.8977,6975.142,2.8977,0.3451,0.3451,19
33024,20480,2048,0,base,2432.952,1.0,0,2432.952,7,default,1,7145.633,2.937,7145.633,2.937,0.3405,0.3405,19
73,20480,6400,9,base,61.437,1.1397,3,53.905,7,default,1,89.905,1.6678,89.905,1.6678,0.6834,0.6834,19
89,20480,6400,9,base,61.601,1.1485,3,53.637,7,default,1,86.085,1.605,86.085,1.605,0.7156,0.7156,19
109,20480,6400,12,base,82.405,1.5225,3,54.125,7,default,1,102.077,1.886,102.077,1.886,0.8073,0.8073,19
132,20480,6400,14,base,80.457,1.413,2,56.941,7,default,1,127.306,2.2357,127.306,2.2357,0.632,0.632,19
186,20480,6400,14,base,81.821,1.4065,2,58.173,7,default,1,162.334,2.7906,162.334,2.7906,0.504,0.504,19
232,20480,6400,17,base,314.509,4.1432,2,75.909,7,default,1,193.951,2.555,193.951,2.555,1.6216,1.6216,19
257,20480,6400,0,base,83.197,1.0,0,83.197,7,default,1,216.251,2.5993,216.251,2.5993,0.3847,0.3847,19
305,20480,6400,0,base,83.489,1.0,0,83.489,7,default,1,256.332,3.0702,256.332,3.0702,0.3257,0.3257,19
1540,20480,6400,0,base,366.109,1.0,0,366.109,7,default,1,1127.0,3.0783,1127.0,3.0783,0.3249,0.3249,19
2487,20480,6400,0,base,556.76,1.0,0,556.76,7,default,1,1748.426,3.1404,1748.426,3.1404,0.3184,0.3184,19
2503,20480,6400,0,base,545.328,1.0,0,545.328,7,default,1,1758.666,3.225,1758.666,3.225,0.3101,0.3101,19
2582,20480,6400,0,base,580.065,1.0,0,580.065,7,default,1,1818.651,3.1353,1818.651,3.1353,0.319,0.319,19
2694,20480,6400,0,base,592.401,1.0,0,592.401,7,default,1,1888.052,3.1871,1888.052,3.1871,0.3138,0.3138,19
3547,20480,6400,0,base,769.035,1.0,0,769.035,7,default,1,2457.544,3.1956,2457.544,3.1956,0.3129,0.3129,19
3678,20480,6400,0,base,819.688,1.0,0,819.688,7,default,1,2546.517,3.1067,2546.517,3.1067,0.3219,0.3219,19
3690,20480,6400,0,base,832.376,1.0,0,832.376,7,default,1,2564.346,3.0808,2564.346,3.0808,0.3246,0.3246,19
4004,20480,6400,0,base,895.637,1.0,0,895.637,7,default,1,2763.368,3.0854,2763.368,3.0854,0.3241,0.3241,19
4198,20480,6400,0,base,914.353,1.0,0,914.353,7,default,1,2896.002,3.1673,2896.002,3.1673,0.3157,0.3157,19
4899,20480,6400,0,base,1075.896,1.0,0,1075.896,7,default,1,3380.326,3.1419,3380.326,3.1419,0.3183,0.3183,19
5133,20480,6400,0,base,1122.752,1.0,0,1122.752,7,default,1,3526.24,3.1407,3526.24,3.1407,0.3184,0.3184,19
5520,20480,6400,0,base,1190.802,1.0,0,1190.802,7,default,1,3773.903,3.1692,3773.903,3.1692,0.3155,0.3155,19
5898,20480,6400,0,base,1258.955,1.0,0,1258.955,7,default,1,4029.607,3.2008,4029.607,3.2008,0.3124,0.3124,19
6460,20480,6400,0,base,1331.512,1.0,0,1331.512,7,default,1,4402.357,3.3063,4402.357,3.3063,0.3025,0.3025,19
8607,20480,6400,0,base,1795.746,1.0,0,1795.746,7,default,1,5840.882,3.2526,5840.882,3.2526,0.3074,0.3074,19
8749,20480,6400,0,base,1772.454,1.0,0,1772.454,7,default,1,5930.943,3.3462,5930.943,3.3462,0.2988,0.2988,19
9193,20480,6400,0,base,1860.023,1.0,0,1860.023,7,default,1,6238.488,3.354,6238.488,3.354,0.2982,0.2982,19
9678,20480,6400,0,base,1975.709,1.0,0,1975.709,7,default,1,6564.889,3.3228,6564.889,3.3228,0.301,0.301,19
9798,20480,6400,0,base,1992.401,1.0,0,1992.401,7,default,1,6664.07,3.3447,6664.07,3.3447,0.299,0.299,19
9860,20480,6400,0,base,2005.998,1.0,0,2005.998,7,default,1,6692.098,3.336,6692.098,3.336,0.2998,0.2998,19
9982,20480,6400,0,base,2012.466,1.0,0,2012.466,7,default,1,6747.188,3.3527,6747.188,3.3527,0.2983,0.2983,19
10232,20480,6400,0,base,2074.063,1.0,0,2074.063,7,default,1,6937.466,3.3449,6937.466,3.3449,0.299,0.299,19
10315,20480,6400,0,base,2088.295,1.0,0,2088.295,7,default,1,7002.979,3.3534,7002.979,3.3534,0.2982,0.2982,19
11060,20480,6400,0,base,2239.201,1.0,0,2239.201,7,default,1,7493.486,3.3465,7493.486,3.3465,0.2988,0.2988,19
11093,20480,6400,0,base,2258.349,1.0,0,2258.349,7,default,1,7509.535,3.3252,7509.535,3.3252,0.3007,0.3007,19
11305,20480,6400,0,base,2282.622,1.0,0,2282.622,7,default,1,7650.585,3.3517,7650.585,3.3517,0.2984,0.2984,19
11320,20480,6400,0,base,2302.69,1.0,0,2302.69,7,default,1,7659.865,3.3265,7659.865,3.3265,0.3006,0.3006,19
11448,20480,6400,0,base,2342.915,1.0,0,2342.915,7,default,1,7737.854,3.3027,7737.854,3.3027,0.3028,0.3028,19
11847,20480,6400,0,base,2392.087,1.0,0,2392.087,7,default,1,8021.13,3.3532,8021.13,3.3532,0.2982,0.2982,19
12290,20480,6400,0,base,2517.437,1.0,0,2517.437,7,default,1,8313.967,3.3026,8313.967,3.3026,0.3028,0.3028,19
12387,20480,6400,0,base,2523.757,1.0,0,2523.757,7,default,1,8383.244,3.3217,8383.244,3.3217,0.301,0.301,19
12682,20480,6400,0,base,2573.094,1.0,0,2573.094,7,default,1,8573.043,3.3318,8573.043,3.3318,0.3001,0.3001,19
13258,20480,6400,0,base,2687.312,1.0,0,2687.312,7,default,1,8967.797,3.3371,8967.797,3.3371,0.2997,0.2997,19
14095,20480,6400,0,base,2856.135,1.0,0,2856.135,7,default,1,9513.913,3.331,9513.913,3.331,0.3002,0.3002,19
15318,20480,6400,0,base,3065.941,1.0,0,3065.941,7,default,1,10342.745,3.3734,10342.745,3.3734,0.2964,0.2964,19
15397,20480,6400,0,base,3125.322,1.0,0,3125.322,7,default,1,10407.182,3.33,10407.182,3.33,0.3003,0.3003,19
15417,20480,6400,0,base,3104.69,1.0,0,3104.69,7,default,1,10417.134,3.3553,10417.134,3.3553,0.298,0.298,19
15674,20480,6400,0,base,3203.479,1.0,0,3203.479,7,default,1,10590.565,3.306,10590.565,3.306,0.3025,0.3025,19
15769,20480,6400,0,base,3171.331,1.0,0,3171.331,7,default,1,10665.434,3.3631,10665.434,3.3631,0.2973,0.2973,19
16237,20480,6400,0,base,3296.881,1.0,0,3296.881,7,default,1,10978.847,3.3301,10978.847,3.3301,0.3003,0.3003,19
16369,20480,6400,0,base,3310.705,1.0,0,3310.705,7,default,1,11058.684,3.3403,11058.684,3.3403,0.2994,0.2994,19
16441,20480,6400,0,base,3318.773,1.0,0,3318.773,7,default,1,11096.716,3.3436,11096.716,3.3436,0.2991,0.2991,19
17030,20480,6400,0,base,3419.575,1.0,0,3419.575,7,default,1,11492.483,3.3608,11492.483,3.3608,0.2975,0.2975,19
17221,20480,6400,0,base,3464.491,1.0,0,3464.491,7,default,1,11620.532,3.3542,11620.532,3.3542,0.2981,0.2981,19
17468,20480,6400,0,base,3500.028,1.0,0,3500.028,7,default,1,11793.127,3.3694,11793.127,3.3694,0.2968,0.2968,19
17471,20480,6400,0,base,3494.508,1.0,0,3494.508,7,default,1,11783.919,3.3721,11783.919,3.3721,0.2965,0.2965,19
18178,20480,6400,0,base,3706.251,1.0,0,3706.251,7,default,1,12272.206,3.3112,12272.206,3.3112,0.302,0.302,19
19268,20480,6400,0,base,3929.075,1.0,0,3929.075,7,default,1,13013.026,3.312,13013.026,3.312,0.3019,0.3019,19
20138,20480,6400,0,base,4100.013,1.0,0,4100.013,7,default,1,13584.93,3.3134,13584.93,3.3134,0.3018,0.3018,19
20995,20480,6400,0,base,4267.175,1.0,0,4267.175,7,default,1,14172.147,3.3212,14172.147,3.3212,0.3011,0.3011,19
21023,20480,6400,0,base,4264.095,1.0,0,4264.095,7,default,1,14198.679,3.3298,14198.679,3.3298,0.3003,0.3003,19
21358,20480,6400,0,base,4335.3,1.0,0,4335.3,7,default,1,14411.355,3.3242,14411.355,3.3242,0.3008,0.3008,19
21909,20480,6400,0,base,4402.462,1.0,0,4402.462,7,default,1,14796.276,3.3609,14796.276,3.3609,0.2975,0.2975,19
22022,20480,6400,0,base,4463.446,1.0,0,4463.446,7,default,1,14852.942,3.3277,14852.942,3.3277,0.3005,0.3005,19
22246,20480,6400,0,base,4487.175,1.0,0,4487.175,7,default,1,14995.192,3.3418,14995.192,3.3418,0.2992,0.2992,19
22301,20480,6400,0,base,4549.2,1.0,0,4549.2,7,default,1,15044.424,3.307,15044.424,3.307,0.3024,0.3024,19
23451,20480,6400,0,base,4752.067,1.0,0,4752.067,7,default,1,15823.476,3.3298,15823.476,3.3298,0.3003,0.3003,19
27917,20480,6400,0,base,5694.917,1.0,0,5694.917,7,default,1,18813.004,3.3035,18813.004,3.3035,0.3027,0.3027,19
28228,20480,6400,0,base,5741.554,1.0,0,5741.554,7,default,1,19043.128,3.3167,19043.128,3.3167,0.3015,0.3015,19
28729,20480,6400,0,base,5916.76,1.0,0,5916.76,7,default,1,19362.964,3.2726,19362.964,3.2726,0.3056,0.3056,19
29586,20480,6400,0,base,6017.666,1.0,0,6017.666,7,default,1,19964.187,3.3176,19964.187,3.3176,0.3014,0.3014,19
29746,20480,6400,0,base,6056.715,1.0,0,6056.715,7,default,1,20070.876,3.3138,20070.876,3.3138,0.3018,0.3018,19
30109,20480,6400,0,base,6108.895,1.0,0,6108.895,7,default,1,20305.632,3.3239,20305.632,3.3239,0.3008,0.3008,19
30341,20480,6400,0,base,6211.001,1.0,0,6211.001,7,default,1,20464.218,3.2948,20464.218,3.2948,0.3035,0.3035,19
31344,20480,6400,0,base,6372.451,1.0,0,6372.451,7,default,1,21100.516,3.3112,21100.516,3.3112,0.302,0.302,19
32126,20480,6400,0,base,6541.018,1.0,0,6541.018,7,default,1,21650.9,3.31,21650.9,3.31,0.3021,0.3021,19
32627,20480,6400,0,base,6756.773,1.0,0,6756.773,7,default,1,21983.344,3.2535,21983.344,3.2535,0.3074,0.3074,19
33024,20480,6400,0,base,6511.41,1.0,0,6511.41,7,default,1,22226.516,3.4135,22226.516,3.4135,0.293,0.293,19
164,32768,2176,2,base,39.493,1.0,2,39.493,7,default,1,108.725,2.7531,108.725,2.7531,0.3632,0.3632,19
183,32768,2176,2,base,40.073,1.0,2,40.073,7,default,1,116.902,2.9172,116.902,2.9172,0.3428,0.3428,19
250,32768,2176,14,base,58.761,1.335,0,44.017,7,default,1,154.802,3.5169,154.802,3.5169,0.3796,0.3796,19
332,32768,2176,0,base,59.369,1.0,0,59.369,7,default,1,193.991,3.2676,193.991,3.2676,0.306,0.306,19
945,32768,2176,0,base,130.202,1.0,0,130.202,7,default,1,555.92,4.2697,555.92,4.2697,0.2342,0.2342,19
973,32768,2176,0,base,130.334,1.0,0,130.334,7,default,1,564.228,4.3291,564.228,4.3291,0.231,0.231,19
1012,32768,2176,0,base,130.43,1.0,0,130.43,7,default,1,593.673,4.5517,593.673,4.5517,0.2197,0.2197,19
1304,32768,2176,0,base,174.463,1.0,0,174.463,7,default,1,749.611,4.2967,749.611,4.2967,0.2327,0.2327,19
1447,32768,2176,0,base,196.579,1.0,0,196.579,7,default,1,830.12,4.2228,830.12,4.2228,0.2368,0.2368,19
1582,32768,2176,0,base,213.727,1.0,0,213.727,7,default,1,902.218,4.2214,902.218,4.2214,0.2369,0.2369,19
1735,32768,2176,0,base,235.296,1.0,0,235.296,7,default,1,988.039,4.1991,988.039,4.1991,0.2381,0.2381,19
2051,32768,2176,0,base,286.908,1.0,0,286.908,7,default,1,1157.297,4.0337,1157.297,4.0337,0.2479,0.2479,19
2199,32768,2176,0,base,296.936,1.0,0,296.936,7,default,1,1236.174,4.1631,1236.174,4.1631,0.2402,0.2402,19
2664,32768,2176,0,base,347.985,1.0,0,347.985,7,default,1,1458.434,4.1911,1458.434,4.1911,0.2386,0.2386,19
3067,32768,2176,0,base,393.258,1.0,0,393.258,7,default,1,1668.325,4.2423,1668.325,4.2423,0.2357,0.2357,19
3082,32768,2176,0,base,405.158,1.0,0,405.158,7,default,1,1668.077,4.1171,1668.077,4.1171,0.2429,0.2429,19
3714,32768,2176,0,base,501.951,1.0,0,501.951,7,default,1,2022.362,4.029,2022.362,4.029,0.2482,0.2482,19
4012,32768,2176,0,base,538.228,1.0,0,538.228,7,default,1,2170.48,4.0326,2170.48,4.0326,0.248,0.248,19
4329,32768,2176,0,base,573.572,1.0,0,573.572,7,default,1,2331.095,4.0642,2331.095,4.0642,0.2461,0.2461,19
4459,32768,2176,0,base,577.653,1.0,0,577.653,7,default,1,2391.628,4.1403,2391.628,4.1403,0.2415,0.2415,19
4681,32768,2176,0,base,621.241,1.0,0,621.241,7,default,1,2512.85,4.0449,2512.85,4.0449,0.2472,0.2472,19
4824,32768,2176,0,base,626.413,1.0,0,626.413,7,default,1,2595.851,4.144,2595.851,4.144,0.2413,0.2413,19
4841,32768,2176,0,base,638.162,1.0,0,638.162,7,default,1,2588.135,4.0556,2588.135,4.0556,0.2466,0.2466,19
5477,32768,2176,0,base,716.895,1.0,0,716.895,7,default,1,2939.528,4.1004,2939.528,4.1004,0.2439,0.2439,19
5853,32768,2176,0,base,789.64,1.0,0,789.64,7,default,1,3131.459,3.9657,3131.459,3.9657,0.2522,0.2522,19
6149,32768,2176,0,base,841.004,1.0,0,841.004,7,default,1,3294.117,3.9169,3294.117,3.9169,0.2553,0.2553,19
6268,32768,2176,0,base,841.801,1.0,0,841.801,7,default,1,3346.926,3.9759,3346.926,3.9759,0.2515,0.2515,19
6442,32768,2176,0,base,871.785,1.0,0,871.785,7,default,1,3428.219,3.9324,3428.219,3.9324,0.2543,0.2543,19
6529,32768,2176,0,base,886.209,1.0,0,886.209,7,default,1,3487.096,3.9348,3487.096,3.9348,0.2541,0.2541,19
6704,32768,2176,0,base,904.661,1.0,0,904.661,7,default,1,3505.121,3.8745,3505.121,3.8745,0.2581,0.2581,19
6779,32768,2176,0,base,910.521,1.0,0,910.521,7,default,1,3607.414,3.9619,3607.414,3.9619,0.2524,0.2524,19
7559,32768,2176,0,base,1016.379,1.0,0,1016.379,7,default,1,4008.868,3.9443,4008.868,3.9443,0.2535,0.2535,19
7802,32768,2176,0,base,1038.508,1.0,0,1038.508,7,default,1,4130.742,3.9776,4130.742,3.9776,0.2514,0.2514,19
8360,32768,2176,0,base,1119.257,1.0,0,1119.257,7,default,1,4425.758,3.9542,4425.758,3.9542,0.2529,0.2529,19
9196,32768,2176,0,base,1204.386,1.0,0,1204.386,7,default,1,4856.993,4.0328,4856.993,4.0328,0.248,0.248,19
9281,32768,2176,0,base,1223.89,1.0,0,1223.89,7,default,1,4878.681,3.9862,4878.681,3.9862,0.2509,0.2509,19
9503,32768,2176,0,base,1246.291,1.0,0,1246.291,7,default,1,4991.718,4.0053,4991.718,4.0053,0.2497,0.2497,19
9662,32768,2176,0,base,1250.019,1.0,0,1250.019,7,default,1,5075.504,4.0603,5075.504,4.0603,0.2463,0.2463,19
9808,32768,2176,0,base,1267.927,1.0,0,1267.927,7,default,1,5072.788,4.0009,5072.788,4.0009,0.2499,0.2499,19
10393,32768,2176,0,base,1325.316,1.0,0,1325.316,7,default,1,5453.966,4.1152,5453.966,4.1152,0.243,0.243,19
10418,32768,2176,0,base,1337.728,1.0,0,1337.728,7,default,1,5476.954,4.0942,5476.954,4.0942,0.2442,0.2442,19
10652,32768,2176,0,base,1356.077,1.0,0,1356.077,7,default,1,5594.624,4.1256,5594.624,4.1256,0.2424,0.2424,19
11186,32768,2176,0,base,1395.477,1.0,0,1395.477,7,default,1,5878.088,4.2122,5878.088,4.2122,0.2374,0.2374,19
11312,32768,2176,0,base,1409.509,1.0,0,1409.509,7,default,1,5831.067,4.1369,5831.067,4.1369,0.2417,0.2417,19
11505,32768,2176,0,base,1425.465,1.0,0,1425.465,7,default,1,6035.934,4.2344,6035.934,4.2344,0.2362,0.2362,19
11513,32768,2176,0,base,1405.973,1.0,0,1405.973,7,default,1,6033.034,4.291,6033.034,4.291,0.233,0.233,19
11798,32768,2176,0,base,1465.514,1.0,0,1465.514,7,default,1,6187.753,4.2222,6187.753,4.2222,0.2368,0.2368,19
12194,32768,2176,0,base,1507.067,1.0,0,1507.067,7,default,1,6387.532,4.2384,6387.532,4.2384,0.2359,0.2359,19
12506,32768,2176,0,base,1522.707,1.0,0,1522.707,7,default,1,6552.146,4.303,6552.146,4.303,0.2324,0.2324,19
13517,32768,2176,0,base,1669.861,1.0,0,1669.861,7,default,1,7079.418,4.2395,7079.418,4.2395,0.2359,0.2359,19
13558,32768,2176,0,base,1685.113,1.0,0,1685.113,7,default,1,7099.794,4.2132,7099.794,4.2132,0.2373,0.2373,19
14789,32768,2176,0,base,1812.531,1.0,0,1812.531,7,default,1,7738.184,4.2693,7738.184,4.2693,0.2342,0.2342,19
14832,32768,2176,0,base,1827.799,1.0,0,1827.799,7,default,1,7646.583,4.1835,7646.583,4.1835,0.239,0.239,19
15124,32768,2176,0,base,1874.244,1.0,0,1874.244,7,default,1,7922.723,4.2272,7922.723,4.2272,0.2366,0.2366,19
15668,32768,2176,0,base,1926.661,1.0,0,1926.661,7,default,1,8206.303,4.2593,8206.303,4.2593,0.2348,0.2348,19
15761,32768,2176,0,base,1944.429,1.0,0,1944.429,7,default,1,8249.687,4.2427,8249.687,4.2427,0.2357,0.2357,19
16531,32768,2176,0,base,2052.871,1.0,0,2052.871,7,default,1,8637.589,4.2076,8637.589,4.2076,0.2377,0.2377,19
17166,32768,2176,0,base,2148.712,1.0,0,2148.712,7,default,1,8946.17,4.1635,8946.17,4.1635,0.2402,0.2402,19
18574,32768,2176,0,base,2305.05,1.0,0,2305.05,7,default,1,9676.329,4.1979,9676.329,4.1979,0.2382,0.2382,19
18576,32768,2176,0,base,2301.322,1.0,0,2301.322,7,default,1,9530.499,4.1413,9530.499,4.1413,0.2415,0.2415,19
18680,32768,2176,0,base,2313.303,1.0,0,2313.303,7,default,1,9734.282,4.208,9734.282,4.208,0.2376,0.2376,19
19146,32768,2176,0,base,2370.999,1.0,0,2370.999,7,default,1,9985.969,4.2117,9985.969,4.2117,0.2374,0.2374,19
19730,32768,2176,0,base,2467.725,1.0,0,2467.725,7,default,1,10306.938,4.1767,10306.938,4.1767,0.2394,0.2394,19
19738,32768,2176,0,base,2438.752,1.0,0,2438.752,7,default,1,10307.954,4.2267,10307.954,4.2267,0.2366,0.2366,19
19850,32768,2176,0,base,2439.573,1.0,0,2439.573,7,default,1,10373.156,4.252,10373.156,4.252,0.2352,0.2352,19
20499,32768,2176,0,base,2550.706,1.0,0,2550.706,7,default,1,10716.781,4.2015,10716.781,4.2015,0.238,0.238,19
20694,32768,2176,0,base,2565.142,1.0,0,2565.142,7,default,1,10818.018,4.2173,10818.018,4.2173,0.2371,0.2371,19
20820,32768,2176,0,base,2581.571,1.0,0,2581.571,7,default,1,10878.679,4.214,10878.679,4.214,0.2373,0.2373,19
20942,32768,2176,0,base,2598.147,1.0,0,2598.147,7,default,1,10946.268,4.2131,10946.268,4.2131,0.2374,0.2374,19
21012,32768,2176,0,base,2593.999,1.0,0,2593.999,7,default,1,10986.653,4.2354,10986.653,4.2354,0.2361,0.2361,19
21998,32768,2176,0,base,2742.433,1.0,0,2742.433,7,default,1,11495.532,4.1917,11495.532,4.1917,0.2386,0.2386,19
22427,32768,2176,0,base,2779.146,1.0,0,2779.146,7,default,1,11700.063,4.2099,11700.063,4.2099,0.2375,0.2375,19
22572,32768,2176,0,base,2814.538,1.0,0,2814.538,7,default,1,11761.1,4.1787,11761.1,4.1787,0.2393,0.2393,19
22624,32768,2176,0,base,2769.498,1.0,0,2769.498,7,default,1,11589.462,4.1847,11589.462,4.1847,0.239,0.239,19
22703,32768,2176,0,base,2804.73,1.0,0,2804.73,7,default,1,11827.361,4.2169,11827.361,4.2169,0.2371,0.2371,19
22835,32768,2176,0,base,2818.646,1.0,0,2818.646,7,default,1,11895.686,4.2204,11895.686,4.2204,0.2369,0.2369,19
23352,32768,2176,0,base,2895.175,1.0,0,2895.175,7,default,1,12165.01,4.2018,12165.01,4.2018,0.238,0.238,19
23363,32768,2176,0,base,2891.36,1.0,0,2891.36,7,default,1,12191.915,4.2167,12191.915,4.2167,0.2372,0.2372,19
24069,32768,2176,0,base,2984.489,1.0,0,2984.489,7,default,1,12565.832,4.2104,12565.832,4.2104,0.2375,0.2375,19
24178,32768,2176,0,base,2992.301,1.0,0,2992.301,7,default,1,12633.405,4.222,12633.405,4.222,0.2369,0.2369,19
25447,32768,2176,0,base,3155.539,1.0,0,3155.539,7,default,1,13296.439,4.2137,13296.439,4.2137,0.2373,0.2373,19
26010,32768,2176,0,base,3252.573,1.0,0,3252.573,7,default,1,13585.795,4.1769,13585.795,4.1769,0.2394,0.2394,19
26811,32768,2176,0,base,3345.162,1.0,0,3345.162,7,default,1,14003.434,4.1862,14003.434,4.1862,0.2389,0.2389,19
27718,32768,2176,0,base,3462.976,1.0,0,3462.976,7,default,1,14481.905,4.1819,14481.905,4.1819,0.2391,0.2391,19
27876,32768,2176,0,base,3479.436,1.0,0,3479.436,7,default,1,14520.862,4.1733,14520.862,4.1733,0.2396,0.2396,19
28202,32768,2176,0,base,3522.2,1.0,0,3522.2,7,default,1,14687.9,4.1701,14687.9,4.1701,0.2398,0.2398,19
29380,32768,2176,0,base,3666.947,1.0,0,3666.947,7,default,1,15309.969,4.1751,15309.969,4.1751,0.2395,0.2395,19
29803,32768,2176,0,base,3715.876,1.0,0,3715.876,7,default,1,15505.464,4.1728,15505.464,4.1728,0.2396,0.2396,19
29964,32768,2176,0,base,3707.687,1.0,0,3707.687,7,default,1,15637.218,4.2175,15637.218,4.2175,0.2371,0.2371,19
30028,32768,2176,0,base,3746.596,1.0,0,3746.596,7,default,1,15666.571,4.1815,15666.571,4.1815,0.2391,0.2391,19
30077,32768,2176,0,base,3699.115,1.0,0,3699.115,7,default,1,15703.383,4.2452,15703.383,4.2452,0.2356,0.2356,19
30684,32768,2176,0,base,3812.497,1.0,0,3812.497,7,default,1,16029.276,4.2044,16029.276,4.2044,0.2378,0.2378,19
33000,32768,2176,0,base,4127.01,1.0,0,4127.01,7,default,1,17217.466,4.1719,17217.466,4.1719,0.2397,0.2397,19
33024,32768,2176,0,base,4020.696,1.0,0,4020.696,7,default,1,16956.81,4.2174,16956.81,4.2174,0.2371,0.2371,19
176,36864,18432,14,base,351.129,1.0,14,351.129,7,default,1,733.263,2.0883,733.263,2.0883,0.4789,0.4789,19
291,36864,18432,14,base,555.88,1.0767,0,516.304,7,default,1,1259.855,2.4401,1259.855,2.4401,0.4412,0.4412,19
424,36864,18432,14,base,750.927,1.1871,0,632.586,7,default,1,1799.179,2.8442,1799.179,2.8442,0.4174,0.4174,19
1275,36864,18432,0,base,1548.591,1.0,0,1548.591,7,default,1,4755.403,3.0708,4755.403,3.0708,0.3256,0.3256,19
1598,36864,18432,0,base,1955.901,1.0,0,1955.901,7,default,1,6760.689,3.4566,6760.689,3.4566,0.2893,0.2893,19
1620,36864,18432,0,base,1961.445,1.0,0,1961.445,7,default,1,6759.437,3.4462,6759.437,3.4462,0.2902,0.2902,19
1885,36864,18432,0,base,2259.222,1.0,0,2259.222,7,default,1,7746.092,3.4287,7746.092,3.4287,0.2917,0.2917,19
2068,36864,18432,0,base,2661.784,1.0,0,2661.784,7,default,1,8502.547,3.1943,8502.547,3.1943,0.3131,0.3131,19
2804,36864,18432,0,base,3434.511,1.0,0,3434.511,7,default,1,10390.415,3.0253,10390.415,3.0253,0.3305,0.3305,19
3223,36864,18432,0,base,4103.894,1.0,0,4103.894,7,default,1,13053.403,3.1807,13053.403,3.1807,0.3144,0.3144,19
3240,36864,18432,0,base,4110.19,1.0,0,4110.19,7,default,1,12473.367,3.0347,12473.367,3.0347,0.3295,0.3295,19
3373,36864,18432,0,base,4279.132,1.0,0,4279.132,7,default,1,13597.371,3.1776,13597.371,3.1776,0.3147,0.3147,19
3386,36864,18432,0,base,4271.996,1.0,0,4271.996,7,default,1,14327.598,3.3538,14327.598,3.3538,0.2982,0.2982,19
3632,36864,18432,0,base,4584.612,1.0,0,4584.612,7,default,1,15001.016,3.272,15001.016,3.272,0.3056,0.3056,19
3655,36864,18432,0,base,4578.193,1.0,0,4578.193,7,default,1,15025.681,3.282,15025.681,3.282,0.3047,0.3047,19
3892,36864,18432,0,base,4548.148,1.0,0,4548.148,7,default,1,16323.556,3.5891,16323.556,3.5891,0.2786,0.2786,19
3968,36864,18432,0,base,4378.07,1.0,0,4378.07,7,default,1,15244.984,3.4821,15244.984,3.4821,0.2872,0.2872,19
4036,36864,18432,0,base,4598.245,1.0,0,4598.245,7,default,1,16796.08,3.6527,16796.08,3.6527,0.2738,0.2738,19
4282,36864,18432,0,base,5442.993,1.0,0,5442.993,7,default,1,17803.954,3.271,17803.954,3.271,0.3057,0.3057,19
4413,36864,18432,0,base,5636.832,1.0,0,5636.832,7,default,1,18480.812,3.2786,18480.812,3.2786,0.305,0.305,19
4503,36864,18432,0,base,5748.738,1.0,0,5748.738,7,default,1,18326.382,3.1879,18326.382,3.1879,0.3137,0.3137,19
5153,36864,18432,0,base,6555.41,1.0,0,6555.41,7,default,1,21258.418,3.2429,21258.418,3.2429,0.3084,0.3084,19
5202,36864,18432,0,base,6548.366,1.0,0,6548.366,7,default,1,21045.082,3.2138,21045.082,3.2138,0.3112,0.3112,19
5332,36864,18432,0,base,6711.416,1.0,0,6711.416,7,default,1,21824.359,3.2518,21824.359,3.2518,0.3075,0.3075,19
5608,36864,18432,0,base,7055.329,1.0,0,7055.329,7,default,1,20357.892,2.8855,20357.892,2.8855,0.3466,0.3466,19
5744,36864,18432,0,base,7094.558,1.0,0,7094.558,7,default,1,23344.481,3.2905,23344.481,3.2905,0.3039,0.3039,19
6809,36864,18432,0,base,8595.028,1.0,0,8595.028,7,default,1,26908.822,3.1307,26908.822,3.1307,0.3194,0.3194,19
7178,36864,18432,0,base,9211.778,1.0,0,9211.778,7,default,1,26086.469,2.8319,26086.469,2.8319,0.3531,0.3531,19
7402,36864,18432,0,base,9318.019,1.0,0,9318.019,7,default,1,29002.037,3.1125,29002.037,3.1125,0.3213,0.3213,19
7735,36864,18432,0,base,9771.69,1.0,0,9771.69,7,default,1,31688.053,3.2428,31688.053,3.2428,0.3084,0.3084,19
8442,36864,18432,0,base,10583.146,1.0,0,10583.146,7,default,1,31061.788,2.935,31061.788,2.935,0.3407,0.3407,19
8900,36864,18432,0,base,11202.015,1.0,0,11202.015,7,default,1,34473.378,3.0774,34473.378,3.0774,0.3249,0.3249,19
9115,36864,18432,0,base,11044.925,1.0,0,11044.925,7,default,1,36303.513,3.2869,36303.513,3.2869,0.3042,0.3042,19
9338,36864,18432,0,base,11695.634,1.0,0,11695.634,7,default,1,36020.456,3.0798,36020.456,3.0798,0.3247,0.3247,19
9820,36864,18432,0,base,12155.557,1.0,0,12155.557,7,default,1,38674.348,3.1816,38674.348,3.1816,0.3143,0.3143,19
9857,36864,18432,0,base,12510.978,1.0,0,12510.978,7,default,1,39153.964,3.1296,39153.964,3.1296,0.3195,0.3195,19
10072,36864,18432,0,base,12542.987,1.0,0,12542.987,7,default,1,39036.793,3.1122,39036.793,3.1122,0.3213,0.3213,19
10193,36864,18432,0,base,12069.088,1.0,0,12069.088,7,default,1,39063.194,3.2366,39063.194,3.2366,0.309,0.309,19
10249,36864,18432,0,base,12908.308,1.0,0,12908.308,7,default,1,37058.1,2.8709,37058.1,2.8709,0.3483,0.3483,19
10332,36864,18432,0,base,12941.525,1.0,0,12941.525,7,default,1,40523.65,3.1313,40523.65,3.1313,0.3194,0.3194,19
10764,36864,18432,0,base,13221.513,1.0,0,13221.513,7,default,1,38902.779,2.9424,38902.779,2.9424,0.3399,0.3399,19
10800,36864,18432,0,base,13227.085,1.0,0,13227.085,7,default,1,42680.199,3.2267,42680.199,3.2267,0.3099,0.3099,19
10941,36864,18432,0,base,13726.184,1.0,0,13726.184,7,default,1,43978.142,3.204,43978.142,3.204,0.3121,0.3121,19
11435,36864,18432,0,base,14418.174,1.0,0,14418.174,7,default,1,43373.777,3.0083,43373.777,3.0083,0.3324,0.3324,19
11508,36864,18432,0,base,14501.739,1.0,0,14501.739,7,default,1,42287.041,2.916,42287.041,2.916,0.3429,0.3429,19
11917,36864,18432,0,base,14938.122,1.0,0,14938.122,7,default,1,46884.048,3.1386,46884.048,3.1386,0.3186,0.3186,19
12001,36864,18432,0,base,14963.61,1.0,0,14963.61,7,default,1,46026.352,3.0759,46026.352,3.0759,0.3251,0.3251,19
12668,36864,18432,0,base,16068.639,1.0,0,16068.639,7,default,1,48605.954,3.0249,48605.954,3.0249,0.3306,0.3306,19
12856,36864,18432,0,base,16298.846,1.0,0,16298.846,7,default,1,51217.648,3.1424,51217.648,3.1424,0.3182,0.3182,19
12965,36864,18432,0,base,16387.339,1.0,0,16387.339,7,default,1,48976.915,2.9887,48976.915,2.9887,0.3346,0.3346,19
12983,36864,18432,0,base,16407.099,1.0,0,16407.099,7,default,1,51161.216,3.1182,51161.216,3.1182,0.3207,0.3207,19
13240,36864,18432,0,base,16146.431,1.0,0,16146.431,7,default,1,53060.034,3.2862,53060.034,3.2862,0.3043,0.3043,19
13429,36864,18432,0,base,16959.704,1.0,0,16959.704,7,default,1,51724.164,3.0498,51724.164,3.0498,0.3279,0.3279,19
14131,36864,18432,0,base,17625.502,1.0,0,17625.502,7,default,1,55848.548,3.1686,55848.548,3.1686,0.3156,0.3156,19
14702,36864,18432,0,base,18404.185,1.0,0,18404.185,7,default,1,56952.4,3.0945,56952.4,3.0945,0.3232,0.3232,19
15060,36864,18432,0,base,18933.701,1.0,0,18933.701,7,default,1,58743.161,3.1026,58743.161,3.1026,0.3223,0.3223,19
15139,36864,18432,0,base,19175.396,1.0,0,19175.396,7,default,1,57741.991,3.0113,57741.991,3.0113,0.3321,0.3321,19
15243,36864,18432,0,base,18600.263,1.0,0,18600.263,7,default,1,59748.897,3.2123,59748.897,3.2123,0.3113,0.3113,19
15767,36864,18432,0,base,20042.852,1.0,0,20042.852,7,default,1,60755.615,3.0313,60755.615,3.0313,0.3299,0.3299,19
18315,36864,18432,0,base,22127.511,1.0,0,22127.511,7,default,1,70650.764,3.1929,70650.764,3.1929,0.3132,0.3132,19
18829,36864,18432,0,base,24047.527,1.0,0,24047.527,7,default,1,72832.222,3.0287,72832.222,3.0287,0.3302,0.3302,19
19156,36864,18432,0,base,24100.76,1.0,0,24100.76,7,default,1,73942.237,3.068,73942.237,3.068,0.3259,0.3259,19
19975,36864,18432,0,base,25416.835,1.0,0,25416.835,7,default,1,71829.825,2.8261,71829.825,2.8261,0.3538,0.3538,19
20415,36864,18432,0,base,24422.449,1.0,0,24422.449,7,default,1,78889.473,3.2302,78889.473,3.2302,0.3096,0.3096,19
20560,36864,18432,0,base,25101.786,1.0,0,25101.786,7,default,1,78154.304,3.1135,78154.304,3.1135,0.3212,0.3212,19
21249,36864,18432,0,base,26968.514,1.0,0,26968.514,7,default,1,79990.396,2.9661,79990.396,2.9661,0.3371,0.3371,19
21345,36864,18432,0,base,27073.927,1.0,0,27073.927,7,default,1,81083.134,2.9949,81083.134,2.9949,0.3339,0.3339,19
23469,36864,18432,0,base,28861.825,1.0,0,28861.825,7,default,1,89155.613,3.089,89155.613,3.089,0.3237,0.3237,19
23519,36864,18432,0,base,28891.417,1.0,0,28891.417,7,default,1,87842.937,3.0405,87842.937,3.0405,0.3289,0.3289,19
23641,36864,18432,0,base,29896.428,1.0,0,29896.428,7,default,1,89633.604,2.9981,89633.604,2.9981,0.3335,0.3335,19
23953,36864,18432,0,base,30531.269,1.0,0,30531.269,7,default,1,90880.706,2.9766,90880.706,2.9766,0.3359,0.3359,19
24050,36864,18432,0,base,30470.476,1.0,0,30470.476,7,default,1,86129.639,2.8267,86129.639,2.8267,0.3538,0.3538,19
24866,36864,18432,0,base,31672.729,1.0,0,31672.729,7,default,1,93856.837,2.9633,93856.837,2.9633,0.3375,0.3375,19
25252,36864,18432,0,base,31987.858,1.0,0,31987.858,7,default,1,94070.99,2.9408,94070.99,2.9408,0.34,0.34,19
25471,36864,18432,0,base,32215.872,1.0,0,32215.872,7,default,1,96301.382,2.9893,96301.382,2.9893,0.3345,0.3345,19
26929,36864,18432,0,base,33576.409,1.0,0,33576.409,7,default,1,102499.947,3.0527,102499.947,3.0527,0.3276,0.3276,19
28011,36864,18432,0,base,35451.291,1.0,0,35451.291,7,default,1,105162.534,2.9664,105162.534,2.9664,0.3371,0.3371,19
30824,36864,18432,0,base,38747.748,1.0,0,38747.748,7,default,1,115990.587,2.9935,115990.587,2.9935,0.3341,0.3341,19
30941,36864,18432,0,base,38972.294,1.0,0,38972.294,7,default,1,116121.015,2.9796,116121.015,2.9796,0.3356,0.3356,19
31402,36864,18432,0,base,39569.323,1.0,0,39569.323,7,default,1,116562.398,2.9458,116562.398,2.9458,0.3395,0.3395,19
33024,36864,18432,0,base,39149.224,1.0,0,39149.224,7,default,1,120574.448,3.0799,120574.448,3.0799,0.3247,0.3247,19
